name,latitude,longitude
Abad,34.17094,73.49632
Abbowal,32.8855,74.19982
Abdullahpur,33.17761,73.692
Abdupur,33.03526,73.82144
Abhal,34.30888,73.46982
Achhimmunda,34.6023,73.78996
Achhla,33.9429,74.20207
Achhral,34.2624,73.54283
Adrad,33.57202,73.7774
Afghanabad,33.09003,73.62228
Afzalpur,33.06393,73.77817
Afzalpur Durrah,33.05266,73.77573
Aghar Colony,33.48802,73.89824
Agiwas,34.00335,74.07848
Agli Basti Baihk,34.83707,74.54378
Agwand,33.529,73.81741
Ahmadabad Colony,33.5943,73.9475
Ai,32.84974,74.23967
Aihal,33.64375,73.71704
Aima,32.9726,74.03379
Aima Bari,33.03425,73.69772
Aimallyas,33.00055,73.73023
Ain Ban,34.22388,73.89024
Ajror,33.54929,73.75226
Akali,33.55636,73.99458
Akhor Ban,33.79874,73.86628
Akhori,33.91862,74.15156
Akhrot Baihk,34.79678,74.62919
Akhruta,33.68792,73.74403
Akhruta,33.78965,73.9205
Akhruti,33.66374,73.90864
Akramabad,33.72323,73.89341
Alam,34.41125,73.57659
Alam Nagar,32.88896,74.18666
Alam-da-Gura,32.98821,74.22723
Alfa,34.25458,73.7334
Alghar,33.04158,73.80037
Alhar,33.91221,73.65951
Ali Baig,33.01172,73.86835
Ali Koh,34.3755,73.74255
Ali Sojal,33.85693,73.84314
Ali Sujal,33.8751,73.88084
Aliabad,34.7198,74.97127
Aliabad,33.93872,74.08201
Alkai,34.22034,73.76096
Alkar,33.45293,73.96622
Allah Dad Khan,33.18471,73.67373
Ambagai,33.05143,74.17261
Ambagai,33.0902,74.15501
Amban,33.30712,73.87287
Ambargara,33.03954,74.20639
Amber,33.1575,73.73743
Ambor,34.33129,73.47215
Ambriala,32.91397,74.2181
Amga,33.0893,74.0483
Amra Sawan,34.15655,73.80476
Amral,33.33006,74.00024
Amrutta,33.66749,73.91612
Anchhoha,33.39981,73.53075
Andah,33.39109,74.0047
Andarla Nar,33.49323,74.14237
Andhair Bela,34.70664,74.1224
Andra,33.17895,73.81672
Andra Bhaisnan,33.17956,73.82356
Andra Jattan,33.1783,73.80557
Andra Kalan,33.18063,73.81313
Andra Seri,34.14878,73.81298
Andraka,33.52785,73.66677
Andral,33.59528,73.64845
Andrar,33.38853,73.75861
Andrasiri,34.1195,73.70409
Androt,33.83414,73.65578
Androt,33.72138,73.77999
Andruth,33.60717,73.67441
Andruth,33.68308,73.93436
Andruth,33.51874,73.71842
Andwa,33.55287,73.79081
Angra,33.95417,74.25833
Anhari,33.75066,73.84065
Anjalkor,33.68605,73.73351
Annawali,34.00602,74.19572
Anshungi,34.5578,73.86181
Antanian,34.31163,73.83836
Anti,33.57132,73.71366
Anwar Sharif,34.28987,73.5291
Ara,34.025,74.175
Ara,33.06482,73.68069
Ara,33.19115,73.52039
Arak,33.06302,74.15404
Arangkel,34.80867,74.35031
Ararah,33.20906,73.84778
Ararah,33.19847,73.85831
Ararah Bensi,33.20584,73.85367
Ararah Town,33.21848,73.84469
Araunta,33.75199,73.88171
Ari,33.86215,74.15071
Ari Dhok,33.94677,74.26703
Ari Gala,33.5618,73.95698
Arial,33.09341,74.03639
Arja,33.97588,73.65537
Arja Bridge,33.97608,73.66166
Arkasi,34.92574,74.44495
Arlian,34.44203,73.59593
Arshadabad,32.89188,74.17836
Arshadabad,32.89347,74.17986
Aru Khethor,34.32331,73.50867
Asgharabad,34.31623,73.48536
Ashoba Dara,33.48764,73.80175
Ashraf Baihk,34.88535,74.63457
Ashrog,34.45102,73.47257
Asla Shamali,32.96781,74.17334
Athhmuqam,34.58887,73.91306
Athmuqam,34.57173,73.89724
Athruin,33.54799,73.86843
Athshal,34.30745,73.45091
Atian,33.33762,74.10695
Atkora,33.62051,73.63942
Atkot,34.47723,73.83
Atorban,33.93816,74.2454
Atrur,34.58325,73.79676
Atzalpur,33.07067,73.75045
Aukharian,34.75402,73.9924
Awan Patti,34.25411,73.64823
Awan-di-Ker,32.96644,74.21189
Awana,33.01934,73.71032
Ayubabad,33.082,73.62162
Azizabad,33.86075,73.66512
Azud Pattan,33.73281,73.61658
Bab-i-Alamgir,33.48709,74.10445
Baba Dittian,32.99462,73.99429
Babbail,33.65724,73.77074
Babbanwal,34.73023,74.12632
Babot,33.01916,74.22695
Babu Muhallah,34.3729,73.4744
Babun Baihk,34.89511,74.42703
Babun Baihk,34.7033,73.83754
Babyam,33.15046,73.65721
Bachruta,34.32205,73.83399
Badal,33.33541,74.01674
Badal Banni,33.45349,74.00481
Badar Awan,33.18202,73.81829
Badda Gura,32.94009,74.12842
Baddi Bari,33.67277,73.90435
Bade na Pai,33.0468,74.07117
Badhal Sharif,33.89323,73.99646
Badheri,33.52294,73.63347
Badherni,33.45677,73.87205
Badhral,33.32887,73.8961
Badill,33.49834,73.74523
Badoran Baihk,34.7674,74.0684
Badshahpur,33.10204,73.65265
Baduwala,32.89039,74.23913
Bagah,33.53207,73.72398
Bagal,34.41971,73.60638
Bagan,33.58063,73.90869
Bagantar Baihk,34.67808,73.90037
Bagawan,34.6423,73.76763
Bagchaga,33.05443,74.1993
Bagdon,34.61963,73.8508
Bagdur,34.18636,73.78925
Baggan,33.7685,73.67389
Bagginur,34.08566,73.79494
Bagh,34.26062,73.84557
Bagh,34.47964,73.49419
Bagh,33.98111,73.77608
Bagh,32.92119,74.21582
Bagh,32.9656,74.11143
Bagh Kardla,34.33731,73.52236
Baghai,34.43677,73.5931
Baghbanpur,33.75057,73.69718
Baghdari Nakka,33.94469,73.91399
Bagla,33.99002,73.61915
Bagla,34.07688,73.86605
Bagle,34.42861,73.66897
Baglian,33.53971,74.06146
Bagluta,33.99691,73.53373
Bagnad,34.42823,73.72844
Bagnu,34.40632,73.55297
Bagnu,34.05316,73.77979
Bagnu,34.37946,73.63153
Bagnu,34.53061,73.60197
Bagnun Bhaik,34.3661,73.66806
Bagnuwala Seri,34.8593,74.393
Bagnuwali Seri,34.91822,74.2181
Bagothi,33.19221,73.73093
Bagran,34.11111,73.83194
Bagron,34.53134,73.60034
Bagsar,33.0468,74.19195
Bagunu,34.38443,73.66602
Bahar Colony,33.16889,73.76906
Bahartan,34.07626,73.79786
Bahatta,34.06901,73.76757
Bahgrila,33.16395,73.87366
Bahi Chauk,33.50439,73.74727
Bahliwala,33.9482,74.06382
Bahndi,33.91022,73.73757
Bahndi,33.81213,73.7101
Bahndi Namb,33.8672,73.61599
Bai Dhara,33.89749,74.01482
Baig Ali,33.10342,73.88133
Baihk,34.77816,75.0877
Baihk,33.85538,73.66239
Baikh,33.87745,73.77212
Baikra,33.08955,73.53137
Bailgaran,34.44447,73.69214
Baili,34.32072,73.64
Bain,33.69411,73.9369
Bain,33.96309,74.12863
Baindar,33.82965,73.69943
Bains,33.03105,73.79471
Bains,33.19968,73.85765
Baira,33.05609,74.06351
Bairian Bazar,33.88412,73.66613
Baith,33.78376,73.56974
Baitran,33.72842,73.73939
Bajar,33.18751,73.80422
Bajjar,33.18889,73.80826
Bajla,34.32716,73.63563
Bajla,34.19528,73.53222
Bakhi,34.04572,73.80174
Bakka,34.25037,73.53237
Bakut,34.1216,73.88083
Bakwali,34.87304,74.1959
Bal,33.32382,73.61412
Bal Brahmanan,33.34396,73.95754
Bal Charkhian,33.3556,73.97433
Bala Gala,33.1424,73.74525
Bala Seri,34.75484,74.14137
Balak Phana Bandi,34.3759,73.45894
Balapir,34.3675,73.4663
Balari,33.87211,73.65857
Balawali Dhok,33.87545,74.21772
Balgpur,33.00426,73.80891
Bali,33.95917,73.53983
Baliala,33.75549,73.74543
Balian Poth,33.91222,73.80213
Baliari,33.92179,73.61793
Balimah,33.39914,73.56741
Baliyam,33.30056,73.50691
Balmi,33.42317,74.08099
Balsuri,34.45039,73.55481
Baluch,33.64548,73.81585
Baluha,33.79775,73.7556
Balwara,33.07699,73.87158
Bambli,33.93295,74.08281
Bamkot,34.40281,73.64001
Ban,34.5233,73.54884
Ban,33.89692,74.22445
Ban,34.4952,73.72689
Ban,34.42809,73.60554
Ban,34.41826,73.53675
Ban,34.38171,73.67906
Ban Chirran,32.92635,74.30773
Ban Jausa,33.8048,73.79068
Ban Khawra,34.23139,73.78681
Ban Kurman,33.12863,73.74623
Bana,33.30924,74.06258
Banala,33.50594,74.10816
Banamula,34.32192,73.82709
Banar ki Dhok,33.47225,73.8941
Banash,34.72588,74.97893
Banatian,33.15785,74.0663
Band,33.84591,73.73499
Band Baihk,34.8321,74.60789
Banda Buildhar,34.32733,73.8781
Banda Mahli,34.56534,73.54285
Bandi,33.88867,73.95957
Bandi,33.93498,73.75926
Bandi,34.45763,73.48445
Bandi,33.95289,73.54855
Bandi,33.85748,74.05216
Bandi,33.67558,73.60402
Bandi Abbaspur,33.81349,73.97736
Bandi Baihk,34.83545,74.61281
Bandi Bajaran,34.27845,73.62069
Bandi Bala,34.18556,73.85344
Bandi Bala,34.04612,73.8698
Bandi Chakkan,34.16638,73.85821
Bandi Faqir Muhammad,34.346,73.54327
Bandi Gorsian,34.22672,73.78919
Bandi Hajam,34.08822,73.89512
Bandi Mir Hamdani,34.39746,73.47053
Bandi Mohri,34.14593,73.77385
Bandi Saiyidan,34.13157,73.84422
Bandi Saman,34.37903,73.4509
Bandi Siftu,34.22917,73.63611
Bandi Sochian,34.20346,73.80903
Bandi Suleji,34.24356,73.82086
Bandia Baihk,34.79877,74.62731
Bandial,34.73977,74.06646
Bandiala,33.26399,73.53924
Bandian,34.75049,73.99098
Bandla,33.76111,73.63125
Bandor,33.16063,73.83571
Bandral,33.16293,73.78605
Bandral,33.15659,73.78522
Bandran Khalas,33.3146,73.96301
Bane,33.87831,74.23655
Bang,33.04458,74.05301
Bang,33.47306,73.9077
Bangang,33.365,74.08483
Bangang,33.36292,74.0696
Bangas Baihk,34.58639,73.70558
Banghore,33.95139,73.97093
Bangla Band,34.71074,74.95581
Bangora,33.09825,73.9957
Bangran,34.20191,73.79681
Banhatar,34.44128,73.61241
Banhera,33.52509,73.85065
Banhil,33.4626,73.61905
Bani,34.35515,73.69745
Bani,33.90286,74.13837
Bani,34.5248,73.86031
Bani,34.51904,73.82322
Bani,34.53487,73.81768
Bani Khetar,34.41386,73.66941
Bani Manhasan,34.04728,73.78505
Bani Nagala,33.43489,73.99518
Bani ni Baikh,33.87776,73.83026
Banian,32.81958,74.37401
Banian,34.23783,73.52886
Banibona,33.33843,74.08079
Banj Kheter,34.18622,73.80078
Banjaman,33.58564,73.87042
Banjor,33.55975,74.12047
Banjuta,33.67227,73.76157
Bank Yadar,34.45124,73.67686
Bankherwali,34.73161,74.04921
Banna Mera,33.24211,73.82829
Banni,34.04236,73.75355
Banni,34.33652,73.6097
Banni Langrial,34.11159,73.75936
Bano,33.51583,73.82237
Banri,34.87078,74.20176
Banri,34.81059,74.14413
Banri,34.52987,73.46148
Banrwali,34.78033,74.47901
Bant Guchha,34.19293,73.82814
Bantal,34.20472,73.92283
Bantar Dhok,33.97387,73.95149
Banth,33.11764,73.50604
Bantha,33.1664,74.01826
Banwah Baihk,34.53576,73.7458
Banwali,34.39804,73.60005
Banwali Baihk,34.67377,74.13508
Banyah,33.26228,73.9468
Bara,32.90372,74.23734
Bara,34.00261,74.00176
Bara Goth,34.81605,74.59562
Bara Khet,33.81688,74.00336
Bara Khetar,33.90322,73.61073
Bara-wala Khu,33.1071,73.65926
Barachhien,32.99715,73.98764
Barah,33.56639,74.04302
Baral,33.11303,73.61558
Baral,33.64427,73.68894
Barala,32.96804,74.3034
Barala,33.06427,73.69874
Barali,33.46505,73.87587
Barani Gakhri,32.94321,74.3097
Barasi,34.85884,74.21202
Barata Gala,33.29648,74.03529
Baratla,33.3441,73.90843
Barawan,34.70417,74.1875
Barban,33.16252,73.69665
Bardi,33.81329,73.60107
Barean Simari,34.43897,73.80896
Barhad,33.6316,73.98335
Barheng,32.92509,74.07577
Bari,34.47303,73.82079
Bari,34.06066,73.82368
Bari,33.73815,73.83779
Bari,34.42333,73.6101
Bari Ara,33.95797,74.20895
Bari Baihk,34.04945,73.89365
Bari Baihk,33.85749,74.17835
Bari Baihk,34.6299,73.74171
Bari Bakhi,33.96872,74.22325
Bari Chhaou,33.80773,73.96006
Bari Gohra,33.47921,73.68972
Bari Kot,33.96047,73.90711
Barian,34.42169,73.78937
Barian Orian Kalan,34.09237,73.87412
Bariari,34.37744,73.56298
Barihar,34.06333,73.56972
Barin,33.46692,73.55849
Barjah,33.16172,73.99557
Barjah,33.16617,73.97804
Barjamiali,34.73222,74.1139
Barjan,33.24029,73.87464
Barjun,33.12244,73.9819
Barjur,33.43867,73.7586
Barkatullah Baihk,34.88592,74.2126
Barmalah,32.85201,74.34639
Barmang Kalan,33.85404,73.80245
Barmang Khurd,33.85354,73.82031
Barmia,33.74303,73.91003
Barmiar,34.50097,73.55326
Barmoch,33.59085,74.0129
Barmoch,33.43568,74.06288
Barnala,32.87073,74.24659
Barnat,34.60527,73.79853
Baroh,33.15332,74.0971
Baroian,33.62874,73.78301
Barothan,33.43134,73.74558
Barry,33.39289,73.85064
Barsala,32.8203,74.37735
Barsala,34.13236,73.50456
Barsali,32.92665,74.09439
Barsali,33.00936,73.79605
Bart Baihk,34.7973,74.6161
Barth Dhok,33.90895,73.95465
Barthal,34.54037,73.80691
Baruli,33.96359,73.83219
Baruth,33.33717,74.03513
Barutha,33.36247,73.52417
Baruthian,33.57518,73.69669
Barutian,33.11779,73.95807
Basan Shan,33.93228,74.1064
Basantkot,34.43006,73.5351
Bashash,34.46556,73.4961
Basia,32.93466,74.16499
Basnara,34.28103,73.49341
Basota,33.5347,74.12665
Basti,33.86569,74.03983
Basuta,33.55446,73.74337
Basuti,34.05166,73.7664
Bat Bani,34.15357,73.7638
Bat Kalli,34.50574,73.55557
Bata,34.56096,73.86039
Batala,33.76756,73.83463
Batala Paddar,33.89367,73.77582
Batan,34.41335,73.62588
Batangan,34.46481,73.55535
Batangi,34.18309,73.86
Batangi,34.36924,73.40059
Batangi,34.5025,73.46947
Batbion,33.73986,73.62417
Batdarra,34.48947,73.57909
Baten,33.95912,74.23082
Batgran,34.62553,73.7604
Bathak,33.68925,73.81177
Bathroi,33.33779,73.66399
Batian,34.14493,73.76556
Batiyan da Gura,33.01712,74.1637
Batkanali Baihk,34.76057,73.82088
Batkut,34.26483,73.76064
Batla Darra,34.27698,73.68159
Batlian,34.37379,73.52861
Batlian,34.32288,73.86139
Batmang,34.42092,73.46915
Batnara,34.39,73.41646
Batnara,34.372,73.66404
Batnara,34.49567,73.54463
Batol,33.80684,74.00451
Bator,33.2883,73.80371
Batora,34.46517,73.51391
Batron,33.68636,73.62053
Batsir,34.13791,73.71815
Batta,33.9577,74.26854
Battal,34.47127,73.49074
Battal,33.68819,73.97307
Battal Bari,33.38844,74.02054
Battedhari,34.83842,74.29781
Baukan,33.01646,73.7197
Baurthian,33.55714,73.65948
Bavot,33.65974,73.59764
Bawarpaji,34.60752,73.89163
Bayan,34.35657,73.54613
Bayyara,33.86464,73.97523
Bazar,33.85125,73.68716
Bazzar Kot,33.97951,73.56951
Beari,34.41907,73.62582
Bedori,34.01202,74.17075
Bedori Dhak,33.99677,74.166
Bega Balama,33.10119,73.66651
Behgam,33.29283,73.5929
Behkan,33.76686,73.65184
Behkerabad,33.40942,73.51787
Behra,33.01048,74.24433
Behrampur,33.00606,73.5957
Bekri,34.46609,73.46361
Bela,33.16461,73.97587
Bela,34.91249,74.42619
Bela,34.4392,73.60582
Bela,33.3851,73.84059
Bela,34.31623,73.72192
Bela,34.60658,73.76274
Bela,34.17695,73.73256
Bela,32.97916,74.22007
Bela Chuner,33.72945,73.92249
Bela Darkoti,34.45685,73.49979
Bela Makri,34.38892,73.48543
Bela Nur Shah,34.36459,73.46206
Bela Nur Shah,34.34763,73.42108
Beli,34.26627,73.86095
Bera Kathera,33.39334,74.14941
Beran,34.01917,74.08571
Beri,33.6518,73.8417
Beri di Gal,33.80019,73.97755
Bert,34.6117,73.83967
Beruha,34.44954,73.80648
Besa,34.50761,73.50905
Besari,34.55042,73.56449
Betanian,33.04551,73.77128
Betran,33.71219,73.73567
Beyans,33.22308,73.93757
Bhabara,33.60213,73.97229
Bhabhian,34.56271,73.57719
Bhadot,33.15737,73.86931
Bhagera,33.80302,73.65973
Bhaghiana,33.89294,73.6829
Bhaghwal,32.90668,74.22895
Bhagrol,33.97563,73.79351
Bhahun,33.62286,73.9739
Bhai Baikh,33.88335,73.76514
Bhai Dhara,33.47413,74.15884
Bhaik,34.01433,73.88523
Bhajowal,33.39642,73.84624
Bhaler,34.27803,73.47914
Bhalewali,32.83559,74.40538
Bhalgran,33.85,73.6083
Bhalo Bari,33.27576,73.52027
Bhanakha,33.91014,73.70382
Bhanakha,33.80618,73.65444
Bhande Bhan,34.53523,73.51635
Bhangala,33.15116,73.52563
Bhango,33.74705,73.85442
Bhango,33.75306,73.85906
Bhanguin,33.92183,73.67532
Bhanguin Bazar,33.94083,73.66071
Bhaniti,33.77208,73.88201
Bhanna,34.15522,73.61935
Bhansi,33.2259,73.80068
Bhansi,33.21969,73.80588
Bhapura,33.59398,73.81327
Bharan Gala,33.79651,73.6983
Bhararian,33.54505,74.021
Bharat,34.8077,74.15919
Bhari,34.39033,73.73225
Bharida Maira,33.17401,73.84627
Bhariot,33.71829,73.85031
Bhart,34.41456,73.60879
Bharta,33.04127,73.65478
Bhartan,34.36988,73.62303
Bharthan,34.47921,73.77899
Bharthi,34.74641,74.16874
Bharti,34.89923,74.15696
Bharti,34.80679,74.12366
Bharuhian,33.53373,73.78656
Bharuz Baihk,34.52196,73.80577
Bhata Khetar,33.12002,74.15347
Bhata Kot,33.67234,73.93025
Bhatakot,33.4753,74.13207
Bhatea,33.74076,73.62209
Bhatean,34.44306,73.5118
Bhati,34.20611,73.89997
Bhattian,33.79257,73.59076
Bhebbar,33.09338,73.66022
Bhed,33.2338,73.98278
Bhedi,33.99022,74.09112
Bhedian,34.32674,73.62158
Bhemla,33.2358,73.93961
Bhemla,33.22105,73.92454
Bhensan da Gura,33.25567,73.81869
Bhent,34.50657,73.48188
Bher Gali,33.14986,73.54688
Bhera,33.15593,74.0523
Bheri,34.52631,73.57132
Bheth,33.25211,73.68079
Bhewa,34.51368,73.48031
Bhimbar District,32.97,74.07
Bhimber,32.97465,74.07846
Bhinakha,33.66557,73.77442
Bhingali Sharif,32.83269,74.316
Bhir,33.90749,74.09041
Bhiri,34.38746,73.70609
Bhittian,33.58071,73.8597
Bhont Kuhna,33.96685,73.80157
Bhosa Gala,33.87067,73.64744
Bhrand,33.53101,73.71323
Bhukan,34.79066,73.94571
Bhundana Jattan,33.0574,73.73616
Bhuria Mohri,34.56035,73.50332
Bhuria Nara,33.65374,73.68802
Bhurjali Baihk,34.7919,74.09744
Bhurjan,34.85741,74.21835
Bhurjanwali Baihk,35.01066,74.49954
Bhurjwan,34.78168,74.10014
Bhurka,33.94015,73.74301
Bhurka,33.17981,73.74237
Bhurota,33.43306,73.60005
Bhurze,34.45032,73.74968
Bhurzi,34.18619,73.96338
Bhusa,32.77036,74.37925
Bhuto Sial,32.99512,74.08406
Bhutti,34.04889,73.69167
Bialian,33.44217,73.87419
Biari,34.69333,73.88437
Biari,34.72568,73.92176
Bibbur,33.73768,73.66948
Bidar,33.0336,73.79513
Bijoran,33.02049,73.82616
Bilan Nar,33.65917,73.65953
Bilian,33.62769,73.68032
Billi Puhrian,33.37511,73.80339
Bindh,33.1847,73.99805
Bindi,33.12563,74.04466
Bindian,33.67945,73.81331
Bindian,33.34049,74.06809
Binian,34.14383,73.82477
Binsa,34.50814,73.49262
Binsar,34.09175,73.83027
Bintal,34.73752,74.17378
Biranwali Mohri,34.55694,73.46528
Biroti,33.12623,73.63011
Birpani,34.05184,73.75225
Biruwala Nar,34.30721,73.93433
Bisali,33.97647,74.0079
Bisari,33.70462,73.87252
Bisawali,34.6869,74.11132
Bishnai,34.51468,73.84152
Bishtidoba,34.00135,74.18817
Bisian,34.73518,73.9917
Bisian Bazar,34.09417,73.78903
Bisuta,33.67818,73.79744
Bisuti,33.96797,73.87511
Biswali,34.55285,73.76273
Blasaitho,34.15271,73.92359
Blatar,33.22735,73.61798
Bogal,34.42573,73.67978
Bogan,32.81319,74.34137
Boha Kalan,33.22293,73.78718
Bohi Chhatpur,32.85444,74.31576
Bohil,33.52176,74.11437
Boki Dhok,33.44016,73.83895
Bokra,33.6615,73.96233
Bon Chhattar,34.58924,73.92943
Bonni,33.85824,73.73194
Bor,34.68582,73.9856
Bor Bala,34.39675,73.49188
Bor Muzaffar Shah,34.39349,73.49195
Bora Jungal,33.01899,73.63101
Bore,32.98067,73.98605
Brahampura,33.67857,73.6795
Brahmi Seri,34.75346,74.15006
Brambia Post,32.89621,74.34234
Brani,34.16504,73.82441
Brehi Bar,33.5689,73.71409
Breih,33.40536,74.02992
Bringban,33.92331,74.1342
Bsuti,33.96271,73.88963
Buchian,34.50549,73.65617
Budan,33.40185,73.83689
Buddilat,34.44874,73.60313
Budhal,33.88959,74.00678
Budhan,33.08438,73.54356
Budhar,33.06488,73.67677
Budhia,33.925,74
Budhyar,33.19047,73.6121
Bugina,34.60044,73.93002
Buildhar,34.32918,73.87062
Bula,34.3985,73.4871
Buliah Jattan,33.3302,73.81437
Buliwala,33.97828,74.14214
Bun,34.08236,73.86883
Bun,34.07543,73.84605
Buna Gura,33.09824,74.17545
Buna Kot,33.22919,73.77628
Buna Nalla,33.38701,73.76881
Bund,34.42295,73.7645
Bungawali Mohri,34.77328,73.99802
Buni Kiri,33.70631,73.81343
Buni Sakran,33.19117,74.06218
Bunni,33.94984,74.18842
Buno Gura,32.92287,74.26339
Bur Janwala Baihk,34.84224,74.62077
Bura Pindi,33.063,73.64266
Burejal,32.77853,74.35489
Burhada,33.07291,73.92338
Buri Dinar,33.44794,73.83448
Burial,33.01976,73.78783
Burian Dulial,33.06063,73.65645
Burj Gala,33.15015,73.9747
Burjanwali,34.84704,74.29674
Burji,34.01558,74.19176
Burotian,33.25821,73.77956
Burujanwala,32.90282,74.16883
Buruta,33.33646,74.00946
Burzil,34.86667,75.11667
Busera,34.24283,73.50393
Chabni,34.67763,73.95867
Chachetar,33.44847,74.07005
Chachlar,33.49841,73.77445
Chadarhun,33.1478,74.01684
Chafar,33.82264,74.03021
Chaffar,33.79652,73.99814
Chaffar,33.81861,74.01389
Chafloti,33.36831,73.90978
Chagot,33.15477,74.00449
Chah Rani Darbar,32.94212,74.05589
Chahara,33.56196,73.85651
Chahawala,33.35445,73.94947
Chahi,33.13865,74.14515
Chair,34.39812,73.63076
Chak,34.11094,73.88541
Chak,33.78587,74.01638
Chak Abdul Khaliq,33.05147,73.62515
Chak Akka,33.0236,73.63726
Chak Andrar,34.06658,73.81314
Chak Bali,34.93155,74.07148
Chak Baliyan,33.05871,73.71439
Chak Batala,33.22263,73.81016
Chak Batala,33.08171,73.6019
Chak Beli Yar,32.813,74.3822
Chak Burjan,33.43088,73.56539
Chak Damni,33.84674,73.80227
Chak Darya,33.05019,73.66207
Chak Ganga,34.05649,73.79754
Chak Ghazi,33.12241,73.8128
Chak Ghian,33.21386,73.78729
Chak Hafizan,33.00968,73.73878
Chak Hama,34.17032,73.87441
Chak Haryam,33.17213,73.81695
Chak Jamal,33.02018,73.69336
Chak Khurd,32.91159,74.1422
Chak Lungah,33.03364,73.80527
Chak Mehun,33.04881,73.5183
Chak Mughlani,33.03253,73.78748
Chak Muqam,34.58689,73.90787
Chak Muqam,34.3268,73.82437
Chak Nalla,33.20568,73.53404
Chak Namb,34.09222,73.50718
Chak Nari,33.9627,73.76281
Chak Nasiruddin,33.02113,73.7059
Chak Nasru,33.54612,73.83622
Chak Nur,33.6055,73.76651
Chak One,34.77182,74.52114
Chak Pandit,32.81785,74.41346
Chak Pathanan,33.26161,73.70333
Chak Qazi,33.02611,73.7823
Chak Qazi,33.05041,73.67544
Chak Raja,33.06301,73.76606
Chak Sagher,33.06382,73.84821
Chak Sarian,33.9729,73.68977
Chak Thakra,33.0868,73.76246
Chak Two,34.76987,74.52605
Chakial Hardo,33.34784,73.51037
Chakias,33.84715,74.06976
Chakias Post,33.8354,74.0365
Chakkand,33.30618,73.58634
Chakker,33.03534,73.72603
Chakla,32.9015,74.39724
Chakli,34.15721,73.77495
Chakoha,33.05727,73.50625
Chakoli,33.9247,74.02993
Chakothi,34.11505,73.88351
Chakrali,33.53865,74.09957
Chakran,33.87143,74.08847
Chakria,34.46817,73.67166
Chaksawari,33.2641,73.7853
Chaksawāri,33.24635,73.78412
Chal,33.3658,73.94978
Chalhar,33.09752,74.13807
Chalka,33.60159,73.67959
Challar,33.76267,73.66125
Chalmari,34.55018,73.92635
Cham Kotli Nawab Khan,34.25186,73.55495
Chamak Gala,33.33702,73.52374
Chamat,32.99701,73.97979
Chamba,34.26111,73.69959
Chamba,33.163,73.74237
Chamba,32.9429,74.19731
Chamba Gali,33.61194,73.89188
Chamba Hilian,33.93192,73.59079
Chamba Kumar Bandi,34.19659,73.80552
Chamhatta,34.44676,73.53669
Chamkot,34.47427,73.67233
Chamkotli Azim Khan,34.26127,73.55349
Chamoli,33.6038,73.6244
Chamran,34.40726,73.65781
Chamrisargel,33.77589,73.71126
Chamror,33.4841,74.15641
Chamta,33.02013,74.00966
Chan Pathra,34.36334,73.68279
Chan Sehri,34.61818,73.76027
Chananian,34.29739,73.90681
Chanar,33.08261,74.13163
Chanat,34.74058,74.07926
Chanda,34.37608,73.55464
Chandabar,34.71602,74.08191
Chandera,34.2762,73.52509
Chang,33.20139,73.76725
Changan,34.71774,74.06499
Changar,33.10436,73.6061
Changarwali,33.26345,73.552
Changath,34.56279,73.8469
Changpur,33.41249,73.91055
Chanin,33.0001,74.27975
Chanlai,33.88366,74.13468
Chanoian,34.14536,73.83469
Chanwan,33.08001,73.76204
Chaomukh,33.29742,73.73625
Chapair,34.19971,73.9214
Chaphra Bar,33.88801,73.69701
Chapiran,34.28726,73.66153
Chappar,33.373,73.5871
Chapra,33.09795,73.86812
Chapran,32.99788,73.96128
Chapri Baihr,33.90732,74.23855
Char Biar,33.69226,73.88107
Charakki,32.89771,74.27324
Charakpura,34.25125,73.52432
Charangli,33.47693,73.86575
Charel,34.53194,73.57831
Charhoi,33.30185,73.95484
Charhun,33.90689,74.03617
Charnari,33.57935,74.00794
Charota,34.35672,73.44071
Charsadda,34.07666,73.87616
Charwaya,34.30692,73.49695
Chat,34.58315,73.80192
Chatakoi,33.90764,74.01171
Chathe,34.50138,73.62611
Chatiban,34.48343,73.87976
Chatta Katha Baihk,34.94041,74.48774
Chattuan,34.7301,74.16449
Chaudrian,33.46732,73.53567
Chauk Sahiban,33.31069,73.84997
Chauk Sainialan,33.29486,73.89878
Chauki,33.31376,74.08493
Chauki,33.12371,74.08001
Chauki,33.4702,73.94904
Chauki,33.99571,73.82107
Chauki,33.86716,73.73144
Chauki,33.53737,73.8823
Chauki,34.50439,73.57185
Chaukian,33.69918,73.80789
Chaumukh,33.34256,73.52446
Chawala,33.16797,73.95899
Chechian,33.08409,73.75367
Chechian,33.21548,73.74346
Chechiyan ki Mohra,33.09585,73.7332
Chehla Bandi,34.39314,73.46749
Chehlabandi,34.3973,73.4743
Cheri,34.6606,73.76503
Chhabrian Dattan,33.05779,73.7849
Chhabrian Gujran,33.06958,73.77518
Chhabrian Jattan,33.06352,73.78967
Chhacaniara,33.92373,74.2036
Chhaja,33.19134,73.62692
Chhaja Dhok,33.78225,73.6214
Chhakarian,34.51933,73.59577
Chhalar,33.74599,73.67832
Chhale,34.87859,74.21347
Chhaleri,33.97661,73.62538
Chhalkani,34.62224,73.73936
Chhalpani,34.44202,73.50691
Chhalpani,34.41682,73.49208
Chham,34.18565,73.91646
Chham,34.4725,73.77124
Chhamala,33.03979,73.64497
Chhambar,33.91294,73.99871
Chhambar,34.51999,73.57772
Chhamri,34.78379,74.22768
Chhana Karhali Dhok,33.46492,73.99383
Chhanch,34.33238,73.73474
Chhani,33.52329,73.73135
Chhani,33.01347,73.92648
Chhani,33.0675,73.71815
Chhani Chauk,33.51794,73.73785
Chhani Gujran,33.06086,73.60979
Chhani Malkani,33.02009,73.88903
Chhani Raiki,33.02191,73.87827
Chhani Sarsawah,33.61149,73.75296
Chhani Thothal,33.01964,73.87126
Chhanial,33.87752,74.11903
Chhaniwali,32.87397,74.30277
Chhanj,34.71305,74.13501
Chhanjal,33.87354,74.13236
Chhanjawali,34.98056,74.45139
Chhannai,33.02083,74.1
Chhapar,34.6072,73.81777
Chhaparoki,34.28986,73.67209
Chhappran,34.54537,73.47142
Chhapran,34.76361,73.94671
Chhapran,33.01188,73.95743
Chhapri,33.90162,73.74611
Chhapri,33.84998,73.684
Chhaprian,34.57467,73.74177
Chhaprian,33.87895,74.06566
Chhaprian,33.29327,74.08711
Chhaprian,33.99901,73.8936
Chhara,33.92249,74.00814
Chhara,33.91314,74.01332
Chhari,34.80646,74.1444
Chhari,34.2136,73.82333
Chhatar,33.94374,73.84478
Chhatar,33.29285,74.06964
Chhatar Domel,34.34045,73.45434
Chhatera Colony,33.80355,73.96098
Chhathewala Baihk,34.88742,74.2301
Chhatra,33.79556,73.98811
Chhatreri,33.65687,73.94951
Chhatrian,34.1722,73.94362
Chhatrora,33.9888,73.8314
Chhatrora,33.6462,73.59522
Chhatta,32.97646,74.1383
Chhattar,34.3412,73.45483
Chhattar No,34.02598,73.77201
Chhattargan,34.31486,73.81138
Chhatti,33.90116,73.94435
Chhatti,32.98938,74.20176
Chhattuanwali,34.77224,74.10669
Chhawa Bastian,33.10474,74.14227
Chhawa Bhainsan,33.11846,74.12607
Chhawa Kasbian,33.11535,74.13004
Chhe,33.54044,73.6964
Chhechhan,33.6709,73.62751
Chhel,32.99487,74.19627
Chhetran,33.51484,73.76241
Chhichhan,33.6587,73.62784
Chhichri,33.76252,73.8419
Chhil,34.39542,73.74908
Chhila,33.55108,73.63373
Chhirak Baihk,34.70789,73.80464
Chhoi,33.87915,74.04811
Chholai,34.51614,73.46362
Chhota Gala,33.81548,73.81733
Chhouan,34.5404,73.57445
Chhumb Garan,33.9655,73.85013
Chhun,34.45317,73.56833
Chhur,34.46092,73.5763
Chhuran,34.52479,73.80994
Chhutial,33.84911,73.97144
Chibban Khokhra,32.83009,74.32094
Chicharmanru,34.80192,74.48585
Chikar Nakka,34.4429,73.57515
Chikhri,33.92612,74.08316
Chikkri Batalion Head Quarter,33.8502,74.12264
Chikri,33.84797,74.12598
Chilehan,34.45832,73.65585
Chilehana,34.40504,73.76564
Chimbra,34.37584,73.66956
Chimian,34.48775,73.5879
Chimrial,32.79437,74.43431
Chinai,33.05414,74.09769
Chinakka,33.05321,74.11142
Chingali,34.0428,73.87525
Chini Dhakki,32.9625,74.13277
Chinikot,33.83116,74.04761
Chinioti,33.53133,74.02786
Chinyara,32.97037,74.24657
Chirala,33.97157,73.57412
Chiran,33.38439,73.96643
Chiran,34.41918,73.64251
Chirban,34.36552,73.71482
Chirial,33.4977,73.97999
Chirian,34.51957,73.88141
Chirian,32.97822,74.03792
Chirian,34.43485,73.55673
Chirikot Post,33.8392,74.06423
Chiruti,33.92186,73.69518
Chitial,34.31114,73.79681
Chitra,33.92433,73.78053
Chitta Pail,33.03604,74.02228
Chittapur,33.95831,74.07411
Chitti Dheri,33.01478,74.05575
Chittipari,34.75774,74.04915
Chittipas,34.50416,73.66164
Chitto Kar,34.52309,73.66687
Chittra,33.70351,73.84343
Chivo,34.46737,73.88082
Chobsar,34.54015,73.52296
Chogali,34.43068,73.74881
Chogrianda,33.34546,74.05832
Choha Nar,33.74831,73.98949
Chohan,33.23682,73.7234
Chohan Band,34.34114,73.72883
Chohas,33.48124,73.90751
Choian,33.06119,73.6501
Choki,33.99957,73.81836
Chokolni,34.53346,73.64442
Chomeri,33.42721,73.76473
Chor Dhakki,32.91922,74.18355
Chor Pari Baihk,34.85932,74.56432
Chorvi,34.17281,73.7507
Chota Gala,33.82944,73.80917
Chuana na Pali,33.03771,74.06811
Chuchianwala,33.18933,73.93895
Chula,33.2657,73.87628
Chulai,34.4359,73.78514
Chumula,34.29192,73.89926
Chunochhi,33.63337,73.86223
Chunrial,32.80736,74.41737
Chur,33.99258,73.68836
Chur Mughal,33.03824,73.69615
Chura,33.93409,73.78434
Chura,33.40237,73.50396
Chura,34.08599,73.80809
Chura Gala,33.71052,73.65285
Churakhi,33.24316,73.53848
Churiala,34.39813,73.53363
Churian Baihk,34.6981,73.85469
Churn,33.92918,73.61128
Churnath Baihk,34.71014,73.865
Colgaran,33.97334,73.92165
Dab,33.06942,73.76002
Dab,33.06061,74.12089
Dab,34.06708,73.75947
Daba,34.66107,73.77168
Daban,34.31921,73.56411
Dabbal,33.22577,73.56763
Dabban,34.07236,73.77675
Dabbar,34.28417,73.70082
Dabbi,33.71135,73.93082
Dabran,34.16123,73.76621
Dabran,34.54092,73.85791
Dabrial,34.52495,73.59083
Dabsi,33.5537,74.11304
Dachha,34.1741,73.53002
Dadam,32.98272,74.04081
Dadar Baihk,34.83699,74.54589
Daddal,33.58847,73.81857
Dadia,34.00393,73.79843
Dadial,33.31222,73.70346
Dadorat,34.5264,73.80328
Dadot,33.45935,74.16454
Dadra,33.1444,74.05156
Dadu Shah Haqqani,33.38009,73.53464
Daduwal,33.03766,73.62555
Dagala,33.54926,73.68169
Daghair,33.86598,73.67407
Dagi Chham,34.20023,73.94315
Dainyarbanj,34.65308,73.90076
Dak,34.93822,74.4949
Dak Baihk,34.87548,74.6025
Dak Baihk,34.83619,74.70086
Dakh,33.62042,73.60487
Dakhan,34.31485,73.66019
Dakhan,34.32056,73.66599
Dakhan na Mohra,33.63056,74.01389
Dakhankot,34.73832,74.01702
Dakhari,33.52848,73.89874
Daki Baihk,34.80114,74.60025
Dakiyan,33.05933,74.01844
Dakkhana Bazar,33.35188,74.13699
Dal,33.07475,74.14407
Dalda Company,32.95934,74.33037
Daleri,33.62326,73.96239
Dalli,33.02919,74.13235
Dallowali,34.00344,74.05919
Dalya,33.55004,73.67575
Dalyal,33.07346,73.65965
Daman Duba,34.10744,73.79286
Dameth,33.13587,73.95072
Damin,34.12065,73.78958
Damna,33.94921,73.64425
Damni Cher,33.8389,73.77724
Damot,33.03853,74.14528
Damral,33.15841,73.79214
Dan Gali Shah Khaki,33.36553,73.54379
Dana,33.91794,73.58879
Dana,34.79271,74.55236
Danah,33.99559,73.57515
Dandam,33.00699,74.04903
Dandbeh,34.14222,73.72778
Dandeot,33.50762,73.63573
Dandkiar,34.27107,73.8585
Dandli,33.53191,73.96826
Dandra,34.58871,73.91882
Dangal,33.47956,74.01377
Dangar Baihk,34.73679,74.16762
Dangar Halan,33.95998,74.25823
Dangitti,34.42216,73.59643
Dangwali,33.9744,74.06308
Danja,33.74088,73.67891
Danna,34.77539,74.04902
Danna,33.88368,74.15475
Danna,33.81405,73.88587
Danna,34.14085,73.74303
Danna,34.57863,73.84341
Danna,34.81367,74.48185
Danna,33.95685,74.17934
Danna,34.06517,73.77482
Danna,33.43558,73.96197
Danna,34.20316,73.8279
Danna,33.74925,73.76807
Danna,33.84899,73.71293
Danna,33.65885,73.71526
Danna,34.52148,73.60031
Danna,33.17032,74.07586
Danna,34.51306,73.60376
Danna,34.21648,73.88259
Danna,33.76279,73.75802
Danna,34.90421,74.19152
Danna,33.93269,74.01983
Danna,33.59081,73.72549
Danna,34.53052,73.80533
Danna Baihk,34.68817,73.91527
Danna Chachana,34.22405,73.86366
Danna Dhok,33.93231,73.98782
Danna Dhok,33.90694,73.93847
Danna Keria,33.87781,74.14519
Danna Khujian,34.00611,73.8325
Danna Kulali,33.89897,74.09137
Danna Mughlan,34.30084,73.50617
Danna Pathanan,34.30859,73.6229
Danna Shahbaz Khan,33.93521,74.09676
Dannawali,34.82221,74.2747
Danol,34.4869,73.47544
Dar,33.80784,73.67278
Dar,32.88457,74.2233
Dar,33.09834,73.6503
Dar Dhok,33.7913,73.62197
Dara,33.94157,74.03571
Dara,33.63699,73.77142
Dara,34.26156,73.76612
Dara,33.98539,74.03757
Dara,33.61784,73.99094
Dara,34.44111,73.72641
Dara,34.52962,73.50839
Dara Bhaik,34.34622,73.64627
Dara Danna,33.93432,74.20667
Dara Seri,34.39673,73.5098
Darang,34.1328,73.85707
Dararen,34.5057,73.56247
Dararj,33.4501,73.65282
Darat,33.12956,73.56234
Darbal,34.73349,74.95417
Dardkot,34.20531,73.82266
Darek,33.76114,73.72206
Darek,33.82621,73.78353
Darer,33.51167,73.91996
Darer,33.87506,73.81467
Dargoti,33.31333,74.01872
Darhal Gangan,33.14734,73.98545
Dariala,33.05291,74.08006
Darian Baihk,34.85187,74.62569
Dariyar,33.03572,74.03432
Darja,33.97289,74.24838
Darjan,33.23737,73.88452
Darkot,34.46603,73.57629
Darkut,33.31332,74.0416
Darlaia,33.00748,74.25488
Darlia,33.4274,73.8021
Darliah,33.38179,73.89074
Daro,34.35988,73.41954
Darota,33.8998,74.05845
Darra,34.10406,73.86187
Darra,34.21201,73.76225
Darra,34.04291,73.76323
Darra,34.18872,73.84315
Darra Forest,33.63693,73.75927
Darra Jabri,34.07578,73.88347
Daruchhian,33.65477,73.97623
Daruni,33.33467,73.66647
Darunian,33.78572,73.58922
Darunian,33.84843,73.67347
Darwan,34.46803,73.55889
Daryala,33.36034,73.86431
Dasia,33.44384,73.98906
Datoot,33.4844,74.1275
Datot Bazar,33.90601,73.6589
Dau Khan,34.26047,73.81007
Dear,33.99827,74.01366
Degwar Post,33.83476,74.07751
Degwar Tirwan,33.82976,74.07683
Deheriah Bambian,34.38147,73.47714
Dehri Baihk,34.75252,73.98748
Dehri Topi,33.90127,73.7772
Denga Bhurj,34.7998,74.02416
Deolian,34.43559,73.63659
Dera,33.94516,74.08565
Dera Batansri,34.36779,73.60717
Dera Col Munir,32.96881,73.80711
Dera Mohajran,32.96976,73.81155
Dera Nawab Khan,33.46536,73.80546
Derata,33.80051,73.63196
Dere-ki-Mai,33.37051,74.09461
Deri,33.77677,73.74731
Desah,33.71107,73.8564
Desah Churun,33.74477,73.86189
Devi Dhatar,34.11811,73.85436
Devi Gali,33.7708,73.875
Devi Gali,33.7739,73.85585
Dewa,32.90188,74.36181
Dewal,33.5599,73.70796
Dewra,32.82551,74.335
Deyar,33.63818,73.61874
Dhab,33.14222,73.50899
Dhadan Dhok,32.91286,74.34991
Dhak,34.04133,73.73069
Dhak,33.67486,73.86349
Dhak Beyari,33.97834,73.97904
Dhak Dhana,33.97572,74.17285
Dhaka,34.31156,73.52844
Dhakankot,34.72077,73.99071
Dhaki,33.27401,73.56136
Dhakkar,34.01493,74.10432
Dhakki,33.98898,74.18924
Dhakki,34.79287,74.3882
Dhal Dhok,33.87121,73.94148
Dhal Mahmud,32.99125,73.82513
Dhal Qazian,34.02158,73.7777
Dhali,32.94588,74.19487
Dhaliala,32.97644,73.80369
Dhalian,33.61668,73.77566
Dhalla,33.19142,73.81407
Dhalli,33.15886,74.10964
Dhamak,32.93009,74.19147
Dhamal,33.31851,73.9715
Dhamali,33.28426,73.69811
Dhaman,33.61321,73.8534
Dhaman Jan,34.38055,73.50042
Dhamawah,33.13026,73.90357
Dhamhol,33.50247,73.92792
Dhamial Bhatti,33.06298,73.52668
Dhamnal,33.40503,73.54702
Dhamnala,33.02775,74.17687
Dhamni,33.85927,73.79391
Dhan,33.89857,74.02255
Dhan,32.99679,74.32138
Dhan,33.7471,73.66321
Dhanabela,34.53756,73.84766
Dhanan,33.41044,73.99173
Dhanbhia,33.91531,73.62032
Dhand,34.02289,73.75912
Dhandar,32.91107,74.12131
Dhandi,33.90747,73.71403
Dhane,32.98305,74.27773
Dhang Road,33.52435,73.91418
Dhangi Sharif,33.94281,73.90356
Dhangri,33.21806,73.79414
Dhangri Bahadur,33.22275,73.7949
Dhangri Bala,33.23305,73.79282
Dhani,34.1672,73.81519
Dhani,34.431,73.69118
Dhani Bar,34.40637,73.47784
Dhani Saidan,34.3775,73.49062
Dhaniala,33.03694,73.67914
Dhaniar Ban,34.64121,73.91745
Dhaniat,34.63663,73.92989
Dhannan,33.41454,74.00517
Dhanni,34.32629,73.46864
Dhanni Ambor,34.34149,73.48952
Dhanwan,33.55706,73.98041
Dhar,33.43656,73.8987
Dhar,33.97572,73.83995
Dhara,33.95081,74.08238
Dhara,33.77637,73.62001
Dhara,33.79216,73.95926
Dhara,33.37685,74.03109
Dhara Gali,33.63328,73.67757
Dhara Khas,33.86995,74.04857
Dhara Pain,33.86567,74.05328
Dharat,33.32222,74.02462
Dhardarchh,33.69609,73.65087
Dhardarchh Kot,33.67463,73.6629
Dhare,33.93422,73.83027
Dhareri Piran,34.23792,73.68849
Dhari,33.82019,73.61508
Dhari Kot,33.84105,73.90671
Dharia,32.99143,74.07594
Dhariala,33.01674,74.21755
Dharian,33.98865,74.08162
Dharian,33.82941,73.93858
Dharian Baihk,34.82015,74.03517
Dhariun,33.60267,74.00636
Dhariwali Dhok,33.94235,73.97413
Dharlair,33.62525,73.62208
Dharmaola,33.79028,74.00556
Dharmsai,33.72153,73.95556
Dharmsal,33.8684,73.80874
Dharmsal,33.36857,74.16501
Dharnal,33.07104,73.7822
Dhayanwali,32.84296,74.36756
Dher,33.99746,73.55957
Dhera,33.68292,73.66772
Dhera,32.97293,74.27344
Dhera,32.92871,74.12442
Dherah,33.08311,74.14434
Dheri,34.49518,73.53342
Dheri,33.18943,73.51823
Dheri,34.23759,73.48799
Dheri,33.52153,73.85582
Dheri,34.26203,73.88853
Dheri,34.43781,73.54386
Dheri,32.95101,74.16814
Dheri,34.3805,73.4767
Dheri,33.33475,74.04331
Dheri,34.40704,73.53096
Dheri Baran,33.26389,73.77578
Dheri Chaudharian,33.13192,73.80147
Dheri Rampur,33.26175,73.76445
Dheri Sahibzadan,33.35298,74.05611
Dheri Syedan,34.3458,73.4965
Dheri Wattan,32.99197,73.99182
Dherian,33.12055,73.81646
Dherian,33.55093,74.04211
Dherian,34.45557,73.45957
Dherian,34.3659,73.4911
Dherian,33.22532,73.58258
Dhim,34.03713,73.90222
Dhip,33.70911,73.96202
Dhirkot,34.03917,73.57694
Dhlkot,34.03879,73.57916
Dhoda,34.3866,73.58445
Dhodil-da-Kotha,32.88387,74.23922
Dhok,32.9275,74.08875
Dhok,32.90129,74.30399
Dhok Allah Rakha,32.97354,73.97991
Dhok Anban,33.42883,73.84446
Dhok Awan,33.02593,73.63619
Dhok Awan,33.10472,73.64714
Dhok Bachhar,33.05536,73.50984
Dhok Bandi,33.87381,74.16963
Dhok Chachan,32.97088,73.9771
Dhok Chaudhrian,33.45292,73.54077
Dhok Chauntra,33.89634,74.23419
Dhok Dar,33.11949,73.6395
Dhok Dara,33.08219,73.81952
Dhok Daruna,33.41839,73.82194
Dhok Dilal,33.40628,73.50167
Dhok Gali,33.93366,74.14609
Dhok Ghakar,33.46169,73.51113
Dhok Hail,33.13233,73.52965
Dhok Halyan,33.11788,73.64644
Dhok Hasnal,33.46622,73.52559
Dhok Jaral,33.08074,73.78055
Dhok Jattan,33.17733,73.64073
Dhok Jhamra,33.11358,73.50132
Dhok Jhanga,33.98311,73.89531
Dhok Kakki,32.97597,73.97132
Dhok Keli,33.17746,73.85278
Dhok Khalil,33.19582,73.6071
Dhok Khangar,33.09424,73.61019
Dhok Khingriala,33.11304,73.52328
Dhok Kopri,33.45694,73.80216
Dhok Kumharan,33.24302,73.50391
Dhok Kumharan,33.14818,73.5345
Dhok Langa,33.08647,73.57087
Dhok Lissian,33.97551,74.08731
Dhok Maira,33.41974,73.52149
Dhok Mala,33.21534,73.50327
Dhok Malo,33.09943,73.54377
Dhok Manganiat,33.42719,73.81091
Dhok Maral,33.46583,73.50605
Dhok Mochhian,32.9797,73.97065
Dhok Mughal,33.15317,73.53395
Dhok Naiyan,33.00482,74.00357
Dhok Padhrali,33.06785,73.55433
Dhok Palri,33.21137,73.51785
Dhok Pantha,33.97097,74.19652
Dhok Poran,33.20085,73.94297
Dhok Rajgan,33.05585,73.6852
Dhok Sahi,33.0866,73.61284
Dhok Sapalan,33.96917,73.93456
Dhok Sarali,33.44675,73.526
Dhok Sathara,33.97079,74.10146
Dhok Satpir,33.91149,74.23189
Dhok Subal,33.47394,73.51665
Dhok Sudran,33.45766,73.54324
Dhok Tamma,33.09019,73.6124
Dhok Tarappar,33.11577,73.788
Dhok Tobar,33.87412,74.18331
Dhokawali,34.97263,74.46393
Dhoke Muqaddam,33.21085,73.5033
Dhorian,34.55808,73.4666
Dhral,32.99464,73.97931
Dhrar,34.80647,74.41971
Dhrarwali,34.902,74.40246
Dhrerwali,34.84572,74.27199
Dhubanwali,33.96727,74.14092
Dhudian,33.0194,73.81602
Dhuli Lower,33.93165,73.89371
Dhuli Upper,33.9332,73.92322
Dhum Gala,33.92448,73.9754
Dhupli,33.04093,73.9852
Dhurranwala,32.80272,74.32472
Dialla na Tho,33.02522,74.0129
Diar,33.3497,74.03835
Didnan,33.54478,73.63306
Dilewali,34.91685,74.07474
Dilli,34.12517,73.49708
Dillu Chak,33.03129,73.80984
Dilpai,34.56553,73.80366
Dimnian,34.1357,73.79496
Dina,33.03163,73.60381
Dinga,33.10116,73.94966
Dinga Kot,34.12429,73.54597
Dingo Buri,34.79669,73.99705
Dinguh,33.54334,73.68972
Dipad,33.89924,74.23696
Dirgan,34.51372,73.52758
Ditial,33.06495,73.80415
Diwan Sharif,33.76736,73.67332
Doarian Bala,34.73314,74.01892
Doarian Pain,34.72705,74.00745
Doarian Seri,34.72344,74.05669
Doba,34.54281,73.56991
Doba,33.98464,74.0733
Doba,34.43469,73.54069
Doba,33.98001,74.20272
Doba,33.94971,74.09693
Doba,34.35746,73.66846
Doba Bagnu,34.33512,73.70076
Doba Bedi Bisa,33.98777,74.07383
Dobang Baigan,34.07177,73.89634
Dobang Piran,34.0753,73.89764
Dobarwali,33.95635,74.23943
Dobera,33.85259,73.59321
Doberan,33.44819,73.50572
Doda Dhok,33.99589,73.90852
Doddar,34.7699,73.9474
Dode,34.21667,73.82828
Dodha Dhok,33.93304,73.95521
Dodwala Nala,34.26015,73.87237
Doga,34.62283,73.86942
Doga,34.78414,74.52194
Doga Baihk,34.75065,73.78868
Dogi Nardagian,34.22594,73.93334
Dogian,34.84501,74.35835
Dohartha,34.17841,73.87323
Dohgaban,34.75366,73.98911
Dokran,34.8857,74.40643
Dol Nakka,34.3672,73.4548
Dolari,34.16014,73.79263
Doliar,34.51392,73.60567
Dolman,33.98415,73.6812
Dolomar,34.2894,73.68934
Domail,34.5869,73.7977
Domail,34.81268,73.99439
Domail,34.69147,73.87834
Domail-Baihk,34.68579,73.86908
Domanda,33.34401,74.04391
Domas,33.35077,73.96163
Domel,34.534,73.62646
Domel,34.35187,73.46957
Domel,34.55182,73.48906
Domel,34.75846,75.18231
Domel Baihk,34.681,73.7307
Domel Baihk,34.76887,74.22966
Domel Baihk,34.76739,74.73355
Domel pari Wali Baihk,34.84111,74.70527
Domshi,34.28849,73.46671
Donakki Baikh,34.43017,73.54481
Donala Morian,34.2108,73.94464
Donari,34.97144,74.36028
Donasa,33.8495,73.87368
Dong,34.40066,73.42289
Dongi,32.8511,74.30107
Donkas Baihk,34.76773,74.63657
Donna,34.21002,73.75731
Dor,34.51198,73.51886
Dora,33.97752,74.24938
Dora Pari,34.33239,73.76053
Dora Tung,34.2639,73.93628
Doraban,34.76641,73.99779
Dore,32.98123,73.98251
Dori,34.61366,73.79467
Dori Mali,33.4856,74.17179
Dosangi,33.2207,73.9989
Dosehri,34.60424,73.81707
Dossa Halan,33.96073,74.26465
Dothan,33.81669,73.85439
Drag,34.19749,73.95941
Draik Pattar,34.46735,73.60605
Drar,34.4545,73.55287
Drauni,33.13122,74.05953
Drawen,34.40739,73.6348
Drig,34.56993,73.55566
Drig,34.76389,74.12238
Dronda,34.75102,73.93454
Duba Saiyidan,34.19134,73.93305
Dubal,33.16461,73.95694
Duben,32.89328,74.26051
Dudgai,34.68364,74.91402
Dudhakhata,34.52389,73.44944
Dudhali,34.54509,73.45886
Dudhgian,34.57001,73.79231
Dudhi,34.68724,74.08034
Dudhkasi,34.59367,73.7904
Dudhpathran Baihk,34.51416,73.77968
Dudhpura,34.22167,73.79099
Dudnial,34.70358,74.10615
Dugar,33.4072,73.79245
Dukola,33.93134,73.68568
Dulai,34.24808,73.48074
Dullah Brehmanan,33.33194,73.82052
Dullar,33.32252,73.78219
Dulur,34.55148,73.84788
Dum,33.07084,73.61828
Dumial,33.22745,73.78124
Dumnag Baihk,34.70072,73.77749
Dunari,34.53581,73.85607
Dunga Baihk,34.84185,74.13769
Dungalian,33.19967,73.86901
Dungi,33.40513,73.97931
Dungi,33.48572,73.85296
Dungidal,33.14183,74.1195
Dungs Pail,33.10801,74.00324
Duni Pathra,34.32854,73.90373
Duran da Gurha,32.94391,74.16138
Dusat,34.75884,74.13644
Dwarandi,33.74623,73.92982
Fafil,33.44866,73.9066
Fafrila,33.514,73.73113
Fafrila,33.82655,73.72777
Fagosh,33.46569,73.90606
Faizabad,33.4297,73.96932
Faizabad,33.54237,73.91641
Falak,34.4579,73.82284
Falowai,34.78889,74.5628
Faqirpura,34.78784,75.07769
Faruq Shahid Camp,33.86319,74.12256
Fateh Miran,34.21684,73.9342
Fatehpur,33.97627,73.54618
Fatehpur,33.63946,73.97287
Fatehpur,33.24224,73.52762
Fatehpur,33.4915,74.10552
Fatehpur,33.2109,73.75535
Fatehpur,33.19534,74.04031
Fazalabad,33.10668,73.75207
Feroz Ban,34.34446,73.74502
Fulowai Baihk,34.71424,74.78439
Fulowai Baihk,34.70329,74.83932
Gadari Kalan,33.2212,73.60625
Gadari Khurd,33.21021,73.60159
Gadbori,34.32629,73.92492
Gader,33.20956,73.69092
Gadiwali,33.91925,74.00371
Gadr Badshah,33.58663,73.78576
Gadrini,33.62829,73.71067
Gaga,33.92135,74.04205
Gaggan,34.55419,73.58127
Gaggar,33.30174,74.02098
Gahan,33.74657,73.88545
Gahotan,33.21598,73.97477
Gahr,33.37506,73.96678
Gahuri,34.71943,74.1243
Gai,33.08445,74.15441
Gai,33.27809,74.0175
Gai,34.39144,73.52882
Gai Dhareri,33.48411,74.14305
Gaidra,34.32048,73.76498
Gail,33.45043,74.15584
Gail,34.56229,73.82988
Gain,34.39155,73.53589
Gaipur,34.31697,73.84778
Gaiyan,33.1968,73.92146
Gaiyan,33.18853,73.92905
Gajiari,33.40436,74.01348
Gajjan,33.65987,73.88536
Gala,33.55965,73.71585
Gala,33.80974,73.66568
Gala,33.47509,74.04467
Gala Kanatta,33.68193,73.88
Gala Malot,33.9995,73.67825
Gala Saiyidan,33.48771,73.92625
Gale Samiat,33.57889,73.80909
Galetair Colony,33.40538,73.90349
Gali,34.61815,73.8163
Gali,33.90323,74.19185
Gali,34.22571,73.75369
Gali,34.19751,73.90765
Gali,34.53483,73.80109
Gali,34.60916,73.85759
Gali Baihk,34.70918,73.84727
Gali Baihk,34.81037,74.11625
Gali Baihk,34.8019,74.15827
Gali Danna,34.02657,73.86668
Gali Khetar,34.54482,73.58746
Galian,33.12322,73.52005
Galipakhlan,34.5059,73.54516
Galiwala Sank,33.95313,74.02508
Galloto,32.92831,74.21731
Galotian,33.5091,73.77227
Galuhin,33.57178,73.83856
Gam,33.79493,73.79702
Gam Kotli,33.65421,73.86085
Gama Town,33.40754,73.9709
Gambi Bera,33.36409,74.09874
Ganas,33.72267,73.74037
Ganchor,33.30254,73.62569
Ganda Pack,33.15849,73.51167
Ganday,33.02926,73.78194
Gandiari,33.08794,73.50714
Gangnara,33.56718,73.75335
Ganhas,33.20638,73.61096
Gani,33.78129,73.794
Gani,34.62434,73.75296
Ganja,34.55837,73.83634
Ganji Gali,33.89023,74.1184
Gankra,34.05583,73.81799
Ganoi,33.30212,73.78996
Ganor,33.30237,73.77958
Garadh,33.58833,73.99148
Garahat,34.67515,74.99936
Garan Domakkian,33.64955,73.77492
Garand,33.81928,73.66933
Garandori Baihk,34.7772,74.68045
Garang,33.98101,74.2185
Garang,34.35144,73.70217
Garang,34.12713,73.80224
Garang,33.99169,73.94198
Gareri,33.21222,73.69215
Garh,34.15215,73.53849
Garhan,33.12389,73.99702
Garhi Dopatta,34.22151,73.61584
Garhi Dupatta,34.2256,73.6154
Garhun,33.12225,74.00531
Garhuta,33.47788,73.78041
Garot,34.23248,73.48897
Garthan,34.26144,73.48494
Gaset Phali,33.07205,73.88995
Gasrur,33.25178,73.51629
Gatli,34.5728,73.88357
Gatri Dhara,33.54311,74.03733
Gatti Pathra,34.33643,73.92438
Gawa,33.06386,73.88834
Gawan,33.50706,73.96904
Gawandh,33.30487,73.82005
Gegan,34.74423,74.71062
Gegan,33.01377,73.82629
Geh,33.63209,73.59545
Gehi,33.64219,73.88437
Gehi,32.99937,74.20444
Gehi,34.21072,73.88355
Gehl,33.65051,73.87426
Gehl,34.50472,73.86736
Gehl,33.79044,73.63703
Gehl,33.9093,73.73019
Gehl,33.93027,73.62952
Gehl Chhaprian,33.9026,73.76323
Gehl Sachian,34.21023,73.79903
Gehlan,33.76223,73.86758
Ghadura,33.17783,73.84354
Ghagarban,34.00298,73.78482
Ghaian,32.98365,73.80325
Ghainan,34.53576,73.47317
Ghakkar,33.1127,74.10021
Ghalian,33.43587,73.7909
Ghambir,33.76813,73.96569
Ghar,34.23456,73.81929
Ghar Munda Sharif,34.17166,73.86191
Gharala,33.48178,73.53159
Gharata Par,33.7429,73.81974
Gharial Baihk,34.63618,73.79046
Gharou,33.61824,73.61389
Gharrund,33.19519,73.85683
Ghasipur,33.03708,73.79831
Ghasitpur,33.04493,73.78465
Ghasitpur,32.97934,73.81247
Ghasla,34.32935,73.83607
Ghatian,34.5318,73.59175
Ghazabad,33.98889,73.62105
Ghazi Camp,32.90888,74.31099
Ghazi Gora,33.01611,73.8885
Ghaziabad,33.70466,73.80217
Ghhuroi,33.29795,73.94155
Ghikot,34.29421,73.88612
Ghikot,34.06413,73.89346
Ghim,33.50867,74.14013
Ghogi,32.82494,74.38043
Ghoi,33.49577,73.51051
Ghol Basti,35.02019,74.14357
Ghora Nakka,34.48352,73.63163
Ghora Nar,34.25482,73.77922
Ghore Mar,33.89189,74.06206
Ghorenali,34.0806,73.77163
Ghori,34.25109,73.59996
Ghori Mar Dhok,33.90006,73.88615
Ghotar,34.41435,73.49695
Ghoulian,33.05063,74.21392
Ghulam Sar Jheel,34.65716,75.18889
Ghumman,33.02302,73.72838
Ghundi,33.82887,73.91646
Giain,33.38228,74.08615
Gidar,34.42839,73.5728
Gildheri,34.99129,74.15401
Gimba,33.49874,74.15475
Ginggal Dharah,33.76442,73.91551
Ginola,33.53477,73.9495
Giran,33.35056,74.08191
Giran,34.52598,73.57734
Gishat,34.7383,74.97521
Gita Nagri,34.26729,73.66234
Gitari,33.08509,74.07591
Gite na Nakka,33.0121,74.03399
Gitlan,33.90858,74.06902
Gnass,33.6224,73.71178
Gobri,34.62544,73.84675
Gochar,32.97717,73.97645
Godda,33.6119,73.66493
Gogan,34.3016,73.66009
Gohal,34.35848,73.59567
Goharabad Gharbi,34.18683,73.75763
Goharabad Sharqi,34.17862,73.77535
Gohira Mohra,33.36585,74.02821
Gohri,34.44064,73.56701
Goi,33.57392,74.02487
Gojra,33.40528,73.8657
Gola,33.25175,73.96712
Gonala,34.45859,73.46326
Gondi,34.45418,73.53925
Gopal,33.09249,73.93767
Gor,33.65026,73.74293
Gor Maidan,33.55614,74.01769
Gora,33.21913,73.76204
Gora,33.30519,73.55801
Gora Awan,33.04112,73.79094
Gora Bajar,33.1924,73.80738
Gora Mani Rami,33.18756,73.75312
Gora Nakka,33.04315,73.89175
Gorah,33.76218,73.69703
Gorakha,34.51519,73.59453
Goran Dhok,33.96781,74.26723
Gorha Gujran,33.17069,73.87746
Gori di Tekri,34.40923,73.56756
Gorian,33.01165,73.81464
Gorsi Dhok,33.9089,73.97189
Gorsian,33.02696,73.84726
Gorsian,33.12607,73.52232
Goshan,33.61888,73.73893
Goth,33.62712,73.72828
Gotha,34.32414,73.44924
Gotre,32.80414,74.41111
Gotrealo,32.91111,74.16667
Gotti Baihk,34.75978,73.94289
Gowaji,34.32879,73.86717
Gowalan Nar,33.67634,73.91603
Gowans,34.501,73.55443
Grala,33.79112,73.72892
Gran,33.87098,73.63707
Grandian Gali,33.48033,74.02653
Grang,34.12203,73.80152
Grangan,34.34776,73.69261
Gratnar,34.39851,73.73328
Gugdar,33.87579,74.02841
Guhmat,34.52664,73.469
Guhra Kanjal,33.01479,73.93914
Guhra Makka,33.05763,73.91687
Guj Nar,34.31413,73.87963
Gujar,34.5693,73.8512
Gujar Bandi,34.14555,73.85035
Gujar Mohri,34.78061,74.02325
Gujarbanr,34.76446,74.25512
Gujju Khakhran,34.42157,73.49013
Gujju Saidan,34.43033,73.49745
Gujra,34.35497,73.45892
Gujran da Dera,32.8214,74.31999
Gul Baihk,34.80393,74.6479
Gul Deri Baihk,35.03636,74.51097
Gulbahar,33.0267,73.88921
Gulbahar,32.90235,74.22196
Guldori,34.60511,73.83541
Guljur,33.49262,73.76193
Gulkot,33.75359,73.6375
Gulpur,33.43548,73.85653
Guma,33.10472,73.90595
Gumla,34.42603,73.59182
Gumot,34.94343,74.21738
Gundi Garan,34.14863,73.9287
Gur Gali Bazar,33.6429,73.75017
Gura,33.11557,74.07575
Gura,33.01436,74.238
Gura,33.09676,74.1139
Gura,33.14654,74.07815
Gura,33.2465,73.69146
Gura,33.13134,74.13316
Gura,33.06376,74.176
Gura Balial,33.32775,74.06643
Gura Gujrar,33.32194,74.13084
Gura Tailian,33.10519,74.08297
Guresinakka,34.74357,74.02819
Gurha,33.37233,74.00507
Gurha,33.50928,74.05727
Gurha,33.18326,73.50979
Gurha,32.87723,74.39799
Gurha,33.15324,73.97879
Gurha Bagran,32.95085,74.06866
Gurha Chaudrian,32.98787,73.98234
Gurha Gujral,32.92283,74.20795
Gurha Hiran,32.97674,74.10001
Gurha Jandi,32.96529,74.12205
Gurha Kalai,32.96866,74.10973
Gurha Lillian,32.98477,74.00312
Gurha Mughlan,32.96835,74.10371
Gurha Pheru,32.97381,74.19298
Gurha Rehman,32.99739,73.97134
Gurha Tarkhanan,32.98393,73.9882
Gurial,34.62457,73.76756
Gurian,34.491,73.49074
Gurikot,34.71567,74.9433
Gurikot Baihk,34.7173,74.93415
Guthria,33.76962,73.59874
Guthur,34.55721,73.94028
Gutili,34.5646,73.81326
Habib Baihk,34.98156,74.12988
Habib Dori,34.17324,73.83933
Habibabad,33.74547,73.79899
Had,33.75505,74.00345
Hadala,33.04608,73.60633
Hadora,34.3794,73.4526
Haiderabad,33.99919,74.06814
Hail,33.01694,74.26779
Hail,32.96607,74.24082
Haila,34.17148,73.72907
Haji,34.45054,73.84895
Haji Bal,33.89095,74.17294
Hajiabad,33.48517,73.76297
Hajian,34.30642,73.79672
Hajian,34.79671,74.13886
Hajipura,32.91665,74.18046
Hajira,33.77389,73.89438
Hajiwali,34.78419,74.42924
Hajlan,33.51833,73.65558
Hakan Dongan,34.52703,73.88905
Hakimabad,33.33623,73.65989
Hakiman,33.48396,74.00889
Hal,33.46099,73.58437
Hal,34.06135,73.78746
Halal,34.1225,73.63382
Halan Bazar,33.94529,73.66197
Halan Janubi,33.89981,74.11187
Halan Shamali,33.92466,74.09494
Halan Shamali,33.91297,74.10393
Halde,34.50341,73.71375
Haliar,33.53535,73.65132
Hallan,33.76619,73.79001
Halol,33.97111,73.75797
Hamidpur Colony,33.26946,73.78854
Hamma Mohr,33.93065,73.72929
Handi Piran,33.85628,74.10152
Handra,34.2227,73.81403
Hanjal Kot,33.68644,73.74113
Hanjanan,34.28969,73.87547
Hansala,33.98605,73.82404
Hanthi,34.76022,74.63772
Haran-da-Kas,33.24899,73.82236
Hardumba,33.96741,74.01525
Hare ni Ban,33.62624,73.92698
Hari,33.80837,73.75389
Hari Dhara,33.56202,74.05305
Hari Dori,33.91528,74.18563
Hari Gehl,33.94339,73.68502
Hari Ghel,33.94799,73.68728
Hariala,34.41714,73.42927
Hariala,34.48077,73.55183
Hariala,34.26394,73.72219
Hariala Gujaran,34.30232,73.62526
Harian,34.25099,73.63984
Harian da Gurha,32.97655,73.98719
Harin,33.04444,74.16831
Haripur,33.22899,73.99771
Harkarrian,33.82465,73.96115
Harnah,33.45191,73.85382
Harni Dhok,33.84076,73.58445
Harno,33.31111,73.51576
Haruta,33.84079,73.64981
Haryala Zamindaran,34.29375,73.63532
Hasan Galian,34.38372,73.43396
Hasanabad,34.33476,73.45744
Hasimar,34.34333,73.6309
Hassan Sir,34.33941,73.52498
Hatam Sar,34.09886,73.83623
Hatar Pari,34.12567,73.91658
Hath Lanja,33.83589,74.09995
Hatiala Topa,33.90841,73.78728
Hatian,34.81149,74.1285
Hatta Colony,33.38537,73.8266
Hattian Bala,34.1704,73.73379
Hattian Bala,34.1691,73.7432
Haua,33.52719,73.70371
Hawai,34.73234,74.09642
Hayal Pindra,33.36896,73.51549
Helian,33.62103,73.68431
Helmet,34.75272,74.65913
Hil,33.80825,73.68694
Hil,34.08722,73.52778
Hil,33.05114,73.83038
Hil,33.64906,73.58441
Hil,33.21872,73.68838
Hil,33.67595,73.61132
Hil,33.30527,73.60055
Hil,33.59486,73.66944
Hil Damna,33.78782,73.65176
Hil Kalan,33.50161,73.86225
Hil Khurd,33.51146,73.8776
Hil Siah,33.56646,73.79492
Hilian,33.80393,73.72089
Hill,32.96004,74.18415
Hill Chauk,33.90926,73.81142
Hill Colony,33.1426,73.62765
Hillan,33.51139,73.93109
Hillan,33.94773,74.23203
Hillan,33.54042,73.99595
Hillan Bald,33.96362,74.23961
Hillan Naroian,33.38107,74.13788
Hinduwali,32.87306,74.29001
Hir Kotli,34.43376,73.47719
Hitli Phangali,32.8271,74.31146
Hitti,33.51044,74.12698
Hod,33.75569,73.89728
Hokan Dangan,34.52935,73.86988
Hola,34.55515,73.47296
Hola,34.39937,73.52276
Hola,34.31741,73.85671
Holar,33.59442,73.61773
Holewali,34.99904,74.15386
Holian,34.28962,73.65198
Horan,33.23184,73.9565
Hotar,33.68236,73.60673
Hotar,33.89273,74.14867
Hotar,33.96706,73.7841
Hotar Pari,34.25401,73.61591
Hotreri,34.36624,73.56894
Hotreri,33.95815,73.74059
Hotriri,34.11767,73.76028
Hula,34.24643,73.78514
Hundi Piran,33.94549,74.24234
Hurna Maira,33.87701,73.70208
Husain Kot,33.81534,73.76256
Hussain Shah,33.92943,73.5688
Hussain ka Doba,34.08828,73.81856
Ibrahimabad,33.04114,73.87739
Iftikharabad,32.85095,74.40223
Ihugian,34.47884,73.45996
Ikhni,32.96646,74.3245
Imamgah,32.95634,74.25324
Iqbal Post,33.82795,74.11597
Iran Dharha,33.71263,73.83535
Irtakha,34.25607,73.65663
Ishqyeli,33.49424,73.92625
Islam Pura,33.67463,73.67884
Islamabad,32.928,74.25892
Islamabad,33.51266,73.7805
Islamgarh,33.19374,73.83199
Islamgarh,33.18969,73.83834
Islampur,33.24673,73.98193
Islampura,34.54107,73.85014
Jab,34.31142,73.89744
Jabar,33.12191,73.83566
Jabar,33.20437,73.74741
Jabar,33.15539,74.03252
Jabar,34.01617,74.17571
Jabari,34.92882,74.23696
Jabba,33.55747,73.81349
Jabba,34.74241,74.21373
Jabba,34.75112,73.93635
Jabba Baihk,34.90587,74.13153
Jabba Baihk,34.75004,73.99276
Jabban,34.42813,73.6335
Jabban,34.12196,73.91923
Jabbar,34.40926,73.77606
Jabbar,34.03162,73.82663
Jabbar,34.44516,73.79509
Jabbar,34.06522,73.83493
Jabbar,34.05638,73.75809
Jabbar Arlian,34.44925,73.58925
Jabbar Dhok,33.89863,73.95097
Jabbaran,33.33787,74.14104
Jabbewali Mohri,34.55656,73.44968
Jabbi,33.03488,73.87203
Jabbi,34.26164,73.94922
Jabbi,33.91276,74.13208
Jabbi,34.09747,73.81223
Jabbi,34.52658,73.74555
Jabbian,34.2083,73.51418
Jabbuta,33.8638,73.84882
Jabdalean,34.22431,73.77784
Jabid,34.24873,73.75516
Jabra,34.38116,73.53764
Jabra,34.50682,73.4684
Jabra Saiyidan,34.2051,73.8884
Jabran,33.51642,73.65151
Jabre,33.91885,73.8422
Jabri,34.725,74.1166
Jabri,34.42305,73.50289
Jabri,33.53037,73.7369
Jabri,34.39095,73.68506
Jabri,33.99759,74.08281
Jabri,34.53957,73.475
Jabri,34.21698,73.76093
Jabri Baihk,34.67425,73.83711
Jabri Dhok,33.95097,73.95117
Jabrian,34.58251,73.74691
Jada,33.15268,73.74308
Jagalpur,33.30178,74.09054
Jagiot,33.28999,73.73043
Jaglari,33.99317,73.72008
Jagram,33.17136,73.83975
Jahangir,33.01456,73.73485
Jahaniwala,33.89887,73.99709
Jahunja,32.9542,74.02014
Jair,33.48292,74.12027
Jakri Baihk,34.70754,73.85259
Jakrian,34.48306,73.50546
Jala Puth,33.48544,73.62382
Jalalabad,34.35965,73.47955
Jaleri,33.99808,73.66156
Jali Dadaian,34.31682,73.61831
Jalley,32.98942,73.98562
Jallin,32.98798,73.98143
Jallo,34.2939,73.51257
Jallo Chak,33.06636,73.63172
Jalo,34.31007,73.67277
Jalo Gujran,33.50191,73.69413
Jalo Piran,33.50998,73.68275
Jalpi,32.89478,74.22737
Jaluth,33.92027,73.66593
Jalwara,33.09567,73.90021
Jamal,33.19727,73.68724
Jamalpur,33.49346,73.88861
Jambheri,33.47156,73.76299
Jambiri,33.31415,74.11099
Jamgar Baihk,34.58312,73.71881
Jamia Islamia,34.3914,73.4773
Jamin,33.65247,73.94679
Jamin,33.08173,74.03984
Jamua,34.33229,73.89459
Jandala,33.07251,74.03409
Jandar Seri,34.79673,74.49957
Jandathi Bazar,33.92809,73.66488
Jandgaran,34.30222,73.51383
Jandgran Bala,34.35334,73.56725
Jandi Chauntra,33.05556,74.12755
Jandi Golla,33.39578,73.79545
Jandiala,34.25114,73.76474
Jandpir,32.8905,74.21981
Jandra,33.46842,73.57212
Jandrat Nalh,33.51292,74.06483
Jandri,34.80428,73.99793
Jandrian,34.62958,73.87151
Jandro,33.52611,74.07175
Jang,33.21956,73.58139
Jangal Pathar,34.73497,74.74304
Jangar,33.04656,74.02063
Jangian,33.0384,73.78701
Jangran Pine,34.34361,73.55302
Jangwal Thana,33.77641,73.69271
Jangwali Pari Baihk,34.8621,74.62687
Jangwan,33.20234,73.68067
Janial,33.09633,73.80154
Janjora,33.58274,73.97187
Janowai,34.7943,74.53459
Janubi Nakar,33.02933,73.91042
Janwal,33.00227,73.73717
Jar,33.24614,73.51942
Jarai,33.34389,73.79545
Jaral Kalan,33.14363,73.7908
Jarali,33.10368,74.00294
Jargi,34.43258,73.72536
Jari,34.55861,73.76975
Jari,33.05268,73.85098
Jarikass,33.10448,73.84323
Jaskul,34.12387,73.82792
Jasrota,33.06087,73.69222
Jat Baihk,34.67869,73.86173
Jata,33.28995,74.00403
Jate ni Gali,33.39835,74.09215
Jatha,34.25145,73.85728
Jattan di Gali,34.27603,73.66134
Jattan-da-Gura,32.95001,74.13402
Jattan-di-Ker,32.97753,74.22812
Jatti Dheri Chauk,33.18042,73.87667
Jauif Post,33.83228,74.08484
Jaur Jabbar,33.52496,73.9441
Jawa,34.19495,73.61915
Jawa Chil,33.84689,73.6631
Jethu,33.00534,73.8114
Jhala,33.92733,73.57498
Jhala,33.99898,73.64727
Jhamra,34.19611,73.51917
Jhamra,32.93573,74.15725
Jhamra,34.03746,73.86737
Jhamran,34.82323,74.19645
Jhanda,33.47901,73.82084
Jhanda,32.79099,74.3857
Jhanda Bagla,33.68331,73.7167
Jhanda Maira,33.209,73.5078
Jhandala Bazar,33.96874,73.64857
Jhandali,33.78461,73.81632
Jhang,33.00819,74.27528
Jhangi,33.70605,73.86015
Jhangral,33.21276,73.57843
Jhangri,34.4142,73.63232
Jhangri,34.46762,73.53602
Jhat Baihk,34.66656,73.78427
Jhawala,33.31916,73.76733
Jhawara,33.70608,73.94424
Jhawla,33.32389,73.94584
Jheri,33.88564,73.71711
Jhikka Gali,33.69479,73.62572
Jhing,34.45023,73.65053
Jhuggi,34.1616,73.95851
Jhugian,34.38355,73.58937
Jhugian,34.7777,73.99363
Jhuglan,34.52731,73.45903
Jhutban,34.21316,73.65952
Jigla,34.16964,73.75673
Jijua,33.10516,74.05053
Jilkhal,34.63872,73.73344
Jilla,32.95963,74.28748
Jillah,32.99687,73.91598
Jinu,33.59312,73.98579
Jirgi,34.42704,73.79945
Jodan di Gali,34.39997,73.57969
Jodar Nardajji,34.0163,73.85516
Joden di Gali,34.40871,73.55702
Joian,33.01692,73.80838
Jolanara,33.90573,73.67959
Joral,33.15731,73.75859
Joweli,33.70675,73.83052
Jubot,33.19014,73.79754
Judhal,33.20884,73.78041
Jugian,34.4769,73.69126
Jugian,34.57681,73.91182
Jumnni,33.20806,73.82568
Juna,33.3766,73.94026
Junction Nala,34.72195,75.16686
Jundila,33.00328,73.72075
Junga Dhok,33.91741,73.98909
Junganwali Baihk,34.27192,73.98878
Jungian Dhok,33.96881,74.2746
Jura,34.48839,73.83098
Jātlan,33.03654,73.84277
Kab,33.75591,73.60275
Kabutar Gala,33.03507,74.21854
Kacharban,33.92506,74.23045
Kachh,33.88432,73.72929
Kachha,33.16858,74.08482
Kachhah,34.50245,73.73876
Kadala,32.89637,74.15577
Kadrin,33.10583,74.13055
Kafalgarh,33.96586,73.70438
Kafar Mohri,33.84915,74.19309
Kahliar,33.33487,73.5328
Kahni,32.87757,74.41358
Kahskan Kopn,33.97725,74.02428
Kahuri,34.56884,73.83073
Kahuta,33.88406,74.10827
Kai,34.33586,73.73861
Kai Baihk,34.51978,73.68366
Kai Dhara,33.80956,73.89936
Kai Maira,33.17807,73.83856
Kai Nar,34.20027,73.75396
Kaian,34.52195,73.62572
Kaian,34.00871,74.08293
Kaian,34.54834,73.46781
Kaian,34.02426,74.12915
Kaian Baihk,34.50551,73.68035
Kaila,33.37007,74.10354
Kailari,33.98338,74.23599
Kailgiran,34.42855,73.7113
Kailgran,34.4299,73.6968
Kailli,34.49395,73.59755
Kaimar,33.6369,73.83035
Kain Dhara,33.86904,74.07226
Kainchi Kot,33.87292,73.89703
Kaind,33.21439,73.91673
Kaini,33.31579,73.91956
Kainthi,33.30687,74.0578
Kaira,33.66635,73.69813
Kaithan,33.87124,73.79368
Kajan,33.95981,74.21727
Kajeri,33.48997,74.0803
Kajlani,33.36069,73.88335
Kakarpathar,34.53576,73.79779
Kakhato,33.71695,73.91743
Kakliot,34.25435,73.50307
Kakota,33.80959,74.0319
Kakra,33.12251,73.85647
Kakra,33.88694,73.61573
Kakra Town,33.12558,73.87954
Kakrai,34.17694,73.69861
Kakrul,33.73622,73.65274
Kakuta,33.71716,73.94296
Kala,33.59948,73.63655
Kala Baihk,34.80907,74.59159
Kala Ban,33.74732,73.75139
Kala But,33.08671,73.90568
Kala Dab Tehra,33.23736,73.90776
Kala Deo,33.25889,74.00583
Kala Jabra,34.58364,73.54936
Kala Katha,33.99891,73.9627
Kala Khetar,33.93655,73.6165
Kala Kot,33.73139,73.80957
Kala Kot,33.0906,73.88913
Kala Pani,34.00634,73.93786
Kalaban,34.71432,74.05306
Kalah,33.53377,73.8756
Kalai,32.97746,74.29999
Kalak,33.48469,73.9607
Kalalot,34.83417,74.36697
Kalamula,33.95202,74.16221
Kalamula,33.94091,74.15524
Kalan,34.25969,73.80469
Kalan,33.79271,73.61117
Kalan,33.99377,74.04132
Kalanber,34.25557,73.89812
Kalanjar,33.5498,74.12326
Kalapaja,34.57603,73.84701
Kalar,34.3211,73.58723
Kalar,33.54443,73.72478
Kalarsar Baihk,34.5364,73.7264
Kalas,34.48898,73.56052
Kalas,33.02919,73.8238
Kalasan,34.50185,73.53863
Kalash,34.38983,73.51618
Kalawan,34.81244,74.15115
Kalawan,34.76399,73.99733
Kalawari,33.30447,73.69787
Kalbanj,34.46525,73.53062
Kale Jandar Utli Baihk,34.97296,74.28257
Kalejandar Baihk,34.98242,74.24156
Kalhar,33.5828,73.93424
Kalhar,32.98689,74.18303
Kalhar,33.27949,74.00602
Kali Khor,33.5025,74.03594
Kalial,33.04194,73.82759
Kalial,33.9506,73.73182
Kalial Bensi,33.16939,73.85173
Kalian,33.45683,73.50984
Kalian,34.34236,73.71068
Kalian Parian,33.07922,74.03317
Kalichh,33.07026,74.09213
Kalimullah Baihk,34.88717,74.63564
Kalior,34.59258,73.80346
Kalkor,34.61147,73.85091
Kallar,32.90396,74.26727
Kallar Gala,33.44134,74.17064
Kalpor,34.56201,73.88821
Kalpur,33.75882,73.83783
Kalra,33.1379,73.92372
Kalri,33.94877,73.76804
Kalri,33.05833,73.89722
Kalri,33.06612,73.89948
Kals,34.30601,73.64314
Kals,34.04921,73.88014
Kalsa,33.89197,74.10279
Kalsan,34.04233,73.81443
Kalthian,34.50662,73.49233
Kaluch,34.2906,73.54421
Kaluwal,33.03237,73.65176
Kaluwala,34.67904,73.90557
Kalyot,34.42975,73.59681
Kamakdori,35.02519,74.20468
Kamali Chner,32.88846,74.38595
Kamalpur,33.33197,73.59124
Kamam Baruti,32.94963,74.29339
Kamana,33.07223,74.06953
Kambili,33.64041,73.73465
Kamdiala,33.54926,73.64852
Kamila,33.12634,74.05504
Kammal,34.3777,73.4547
Kamotra,33.0351,73.90088
Kamroti,33.48575,74.02435
Kamu,34.56667,73.75058
Kamu Baihk,34.56278,73.73494
Kana Mohri,33.97771,73.78064
Kanahi,32.98738,74.24756
Kanas,33.81239,74.01129
Kanawali Dhok,33.93954,74.07183
Kanchhatar,34.3487,73.53103
Kanchri,33.82326,73.65089
Kandar,34.42872,73.52167
Kandar Gali,34.43616,73.51501
Kandar Kuzi,34.17708,73.90253
Kandiawaladanna,34.53648,73.44575
Kandoli,34.36278,73.60112
Kandora,34.78289,73.99692
Kandri Baihk,34.71551,73.78013
Kandul,34.58983,73.75744
Kandur Baihk,34.67643,73.86204
Kandyara,34.53395,73.58791
Kangar,33.40067,73.59618
Kangar,34.35096,73.42099
Kangar,33.40549,73.63869
Kangara,32.93974,74.18139
Kangaran,34.31323,73.50541
Kanger,33.48504,73.91275
Kanger,33.28078,73.55846
Kangiran,33.89711,74.15968
Kangra,33.02874,73.95713
Kangra,32.92843,74.17275
Kani,34.50487,73.68067
Kani na Pail,33.01166,74.10031
Kanial,33.22535,73.54987
Kaniari,34.67433,73.95238
Kaniat,33.56555,74.07459
Kaniat,33.28615,74.07349
Kanit Colony,33.45741,73.93023
Kanjhman,33.83986,73.70735
Kanjlor,32.91594,74.2617
Kanna,33.64722,74.00278
Kano,34.4022,73.56503
Kanora,33.35285,73.78383
Kansia,32.98238,73.97032
Kanuian,33.61103,73.92865
Kanur,34.41449,73.6899
Kanura,33.2872,73.93443
Kapar Gala,33.07472,74.1099
Kaparbat,34.31474,73.49462
Kapchhan,34.19456,73.85608
Kar,33.9433,74.1054
Kar Nambal,33.76666,73.59019
Kar Pota,33.99664,73.70326
Karachi Tangi Bazar,33.90058,73.67253
Karai da Khu,32.96,74.14986
Karania,33.74613,73.65552
Karanj,34.30072,73.61031
Karari,33.56546,73.97387
Karari Peli,33.33482,73.84846
Karathran,33.59971,73.61186
Karawali,34.92161,74.24068
Kardla Saiyidan,34.33718,73.53348
Kareali,32.93593,74.25781
Karela,33.43924,74.11642
Kargo,34.68613,73.89372
Karjai,33.40278,74.06095
Karka,34.45129,73.53689
Karke da Danna,34.41953,73.56384
Karko Patika,34.44215,73.52641
Karnah,34.41236,73.43126
Karnet,33.18475,73.87178
Karnota,33.96931,73.56597
Karnoti,33.55169,73.81876
Karoli,34.28536,73.55953
Karonwali,33.97058,73.66875
Karshan,34.4766,73.49082
Karthama,34.16106,73.83853
Kartot,33.45923,73.9619
Karun Dhara,33.9122,74.04544
Karunin,33.50768,73.85408
Kas,33.30607,74.12253
Kas,33.27627,74.01024
Kas Gujran,33.44304,73.90399
Kas Kalial,33.08608,73.76813
Kasa da Gura,33.07851,74.00558
Kasan,33.83705,74.02209
Kasgumma,33.11965,73.90185
Kashai,33.5776,74.06811
Kasi,34.50961,73.56549
Kasian,34.78226,74.17786
Kasri,34.67975,73.76087
Kassanwali Bhaik,34.03299,73.88013
Kassi,34.49419,73.66312
Kassian,33.96388,74.09558
Kata Bagsar,34.57891,73.84118
Katba,34.4881,73.63903
Katha,34.57917,73.8695
Katha,34.42904,73.77394
Katha Darar,34.51403,73.54036
Katha Gujran,34.28655,73.6106
Kathai,34.15405,73.8451
Kathala,33.01994,74.2983
Kathan,34.46297,73.75378
Kathana,33.0737,73.649
Kathar,33.4907,73.78193
Kathi,33.95367,73.87606
Kathiara,33.78884,73.90055
Kathiari,33.59517,73.73727
Kathili,34.2803,73.50943
Kathnan,33.62374,73.66033
Kathyali,34.61255,73.73634
Kathyan,33.21992,73.70684
Katial,33.09725,73.97734
Katianwali,33.94003,74.11847
Katlan,33.93978,74.13593
Katli Solhan,33.34041,73.93407
Katori,33.94557,74.18959
Katsa,33.91123,74.11102
Katsil,34.78301,74.2101
Kauri,34.71925,74.96213
Kedi,33.55202,73.71694
Kehala,33.62156,73.81629
Kehala,33.53097,73.84407
Kekani,33.54962,73.90658
Kel,34.82544,74.35336
Kelan,34.16173,73.77153
Keliot,33.77925,73.88618
Kelmetar,33.25281,73.87827
Kenhas,34.0112,73.82866
Kenur ki Mori,34.40323,73.65
Keri,32.95891,74.28868
Keri,33.98672,73.55462
Keri,33.48039,73.77597
Keri,33.60328,73.6968
Keri Jattan,32.96574,74.20617
Kern,34.49259,73.49251
Kethar,34.53969,73.46945
Kethian,34.40966,73.54613
Khabaia,34.50101,73.59987
Khad,33.44908,73.55205
Khad,33.06299,74.03047
Khad Bazar,33.91148,73.62047
Khad Brahmanan,33.3448,74.14565
Khad Gujran,33.45555,74.03819
Khad Telian,33.33841,74.15384
Khadal,33.24833,73.90954
Khadian,33.42243,73.94457
Khadora,33.0563,73.94331
Khagran,34.3483,73.4838
Khai,33.97339,73.63431
Khai Gala,33.84589,73.82722
Khai Garan,34.10161,73.84849
Khairuwala,32.83591,74.39134
Khait,34.31049,73.5825
Khait,34.36271,73.55079
Khait Gali,33.84119,73.91808
Khaitar,34.3897,73.6499
Khaiware,34.30407,73.89475
Khajuri,32.98283,74.23466
Khajuri,33.31278,73.50697
Khajurla,33.36046,73.99952
Khakhial Dhara,33.77156,73.95198
Khakhian,34.82442,74.32951
Khakhumar,34.06916,73.84577
Khalabat,33.1704,74.04342
Khalabet Jhil,32.88391,74.37014
Khaladar,34.61759,73.82837
Khalana Bazar,34.07102,73.8863
Khalana Khurd,34.08207,73.89053
Khali Daramman,33.84775,73.94599
Khali Daramman,33.86519,73.95499
Khali Ghatt,34.71096,73.7742
Khaliq abad,33.10984,73.81748
Khalr,33.66322,73.57516
Khamb,32.97698,74.06857
Khambah,33.63153,73.70092
Khambi,33.03208,73.9259
Khan Boki,33.03888,73.62834
Khan Dokan,34.49446,73.73558
Khan Mori,34.14594,73.91861
Khan dala Pathra,34.32366,73.75299
Khanabad,33.28925,73.76864
Khanarian,33.4375,73.97949
Khanda,34.17986,73.73671
Khandar,33.4832,74.1058
Khandar Nakka,33.16411,74.08877
Khandot,33.47704,73.52731
Khangal,33.26555,73.84887
Khani,33.15537,73.73789
Khaniara,33.28041,73.68984
Khanjeri,33.65759,73.79266
Khanna,34.30946,73.60543
Khanpur,33.04022,73.69524
Khanpur,33.24886,73.50863
Khanpur,33.30529,74.08393
Khapaddar,33.98347,73.53187
Khappi,34.33335,73.91164
Khara Maro,34.24245,73.98157
Kharal Abbasian,33.98706,73.84323
Kharal Maldialan,33.98182,73.86212
Kharala,33.49446,73.50166
Kharam Dhokranwala,34.85,74.34444
Kharanakka,33.94497,74.04959
Kharanj Nehri,33.74465,73.94286
Kharawa,33.52044,73.71997
Kharbuja,32.87516,74.24581
Kharhajanan,34.32162,73.89746
Khari,34.90121,74.18241
Khari,34.4043,73.61476
Khari,33.56562,73.64926
Khari Bandi,34.12656,73.85146
Khari Graiana,33.98906,73.8502
Khariala,34.33942,73.65242
Khariam,33.86624,73.66558
Kharigam,34.7818,74.15944
Khariot,33.19403,73.51781
Kharota,33.13715,73.70357
Kharranj,33.75833,73.94179
Kharri,33.15994,73.97673
Kharri Sharif,33.08341,73.76018
Kharsan Dhara,33.89403,74.04866
Kharton,33.62471,73.62976
Khas,33.67025,73.96205
Khashhal Gund,34.67912,74.98563
Khatan Bandi,34.4782,73.52712
Khathiar,33.59604,73.74685
Khatia Gali,34.69821,73.89796
Khatimbal,34.41791,73.71312
Khatir Nar,34.18308,73.89569
Khatrora,34.41846,73.65045
Khaulian,33.04691,74.22428
Khawa,32.89351,74.4027
Khawaja,34.04782,73.81098
Khawaja Muhallah,34.3746,73.4752
Khawaja Nar,34.77344,74.14881
Khawaja Seri,34.77253,74.14681
Khawas,33.45604,73.82591
Khawas,33.39748,73.90924
Khedar,34.35301,73.64978
Khela,34.35936,73.50079
Khera Baghla,33.16578,74.06238
Kheri,33.11613,74.05651
Kheri Bungalow,33.38971,73.55085
Kheri di Ban,33.27788,73.80506
Kherota,33.82975,73.7443
Khetar,34.38616,73.67731
Khetar,34.416,73.54002
Khetar,34.50376,73.50707
Khetar,34.45285,73.71662
Khhanian,34.45417,73.48716
Khiranwaliban,34.01699,74.21957
Khirik,33.84865,73.72835
Khithna,34.68555,74.14213
Khogrot,33.35238,74.02788
Khoi Kas,33.33645,73.51257
Khoja Trar,34.29504,73.72825
Khojak,33.00292,73.5274
Khokhar,33.03974,73.6195
Khokhar,33.00967,73.82395
Khokhar Aggar Khan,33.04196,73.71749
Khokhral,33.7955,73.5727
Khokhrian,34.43499,73.50453
Khole,34.40591,73.7341
Khole,34.44439,73.85456
Kholi Khulan,34.13991,73.75242
Khomang,34.43468,73.6559
Khon,34.55664,73.59648
Khor,33.76649,73.62816
Khor,33.37566,74.09595
Khore,33.23471,73.82943
Khori,33.50666,73.76037
Khori,33.89846,74.03536
Khori,34.3683,73.69414
Khori,33.84349,74.11098
Khori Dhara,33.6859,73.79224
Khorian,34.44549,73.50066
Khorian,34.24634,73.76355
Khorinat,33.99587,74.19847
Khotkohli,33.43398,73.8737
Khrabutt,33.92001,73.75262
Khrota,33.25234,73.57482
Khu,34.50894,73.49608
Khu,34.51454,73.57782
Khuala Takia,33.33937,74.10829
Khudian,34.74177,73.92982
Khudian,34.6925,73.77253
Khudri,34.28162,73.86942
Khui,33.95279,74.23337
Khui,34.47512,73.59561
Khuind,34.29628,73.70426
Khuiratta,33.35731,74.02785
Khukha,33.00704,73.54993
Khumal,33.15909,73.69665
Khumal,33.15125,73.72364
Khumni Dhok,33.83164,73.63588
Khun,34.26912,73.57524
Khun Bandi,34.2869,73.56957
Khun Bundwe,34.28023,73.56118
Khund,32.99598,74.23909
Khund,32.92877,74.16196
Khund,33.41375,73.57321
Khund Malkan,33.09858,73.50405
Khundi,33.84979,73.91533
Khunni,33.79613,73.80702
Khunni,33.69513,73.89602
Khuntal,33.99154,73.58279
Khurd,33.06588,73.6847
Khurdhidabad,33.91741,74.17493
Khuri,33.94693,74.11184
Khuri Channa,33.86302,73.8979
Khurian,34.11826,73.92497
Khushak Seri,34.73951,74.17851
Khwaja Bandi,34.02842,74.08403
Khwas,33.63236,73.91146
Khwas,33.63329,73.90013
Kian,34.55791,73.83239
Kian Sharif,34.58524,73.82099
Kiani,32.93739,74.26768
Kianthal,34.55792,73.80146
Kihala,33.63666,73.80536
Kiiwan,34.76902,73.94576
Kikian,34.10864,73.85737
Kikri,33.05452,73.8339
Kilan,34.05565,73.82842
Kilan,33.70892,73.79299
Kilanwali,34.84446,74.28879
Kilas,33.94463,74.12076
Kilawan,34.89612,74.19419
Kilawan,34.88942,74.16864
Kilawanwali,34.78578,74.10996
Kili Gabar,34.15757,73.86173
Kili Nokan,34.4595,73.5909
Kilianwali,33.87497,74.20304
Kilshah,34.67305,74.98188
Kilshahi Tabi,34.70397,74.98453
Kilwan,34.68814,73.89833
Kilwan,34.71659,73.92588
Kilwan Baihk,34.68016,73.78536
Kilwan Baihk,34.70385,73.85582
Kinari,34.82461,74.31659
Kindri,34.06442,73.8795
Kingu,34.71994,74.05071
Kini,33.56693,73.81491
Kiniati,33.74086,73.7907
Kinis,34.31663,73.91655
Kir Bara Mal,33.73166,73.8506
Kiran,33.92638,74.0614
Kiran Baik,34.36693,73.63952
Kirni,33.84079,74.14215
Kishangoti,34.78702,74.17321
Kloi Baihk,34.76013,74.68158
Knorah,33.28196,73.93691
Ko Gali,33.6494,73.6292
Kochhul,34.44024,73.58101
Koh Kot,33.87772,73.86189
Kohala,34.45323,73.45869
Kohali,33.47819,73.87634
Kohi Lao,33.31334,73.54512
Koi Lota,33.53877,73.79531
Koil,32.83842,74.33667
Kojian,34.25374,73.91833
Kojian,34.29671,73.75718
Kola,33.94409,73.94213
Kola,34.42209,73.65551
Kolala,33.67122,73.82923
Kolala,33.69802,73.71366
Kolban,34.39406,73.56659
Koli,34.41575,73.74819
Kombar,33.44791,74.02616
Komili,33.46274,73.8632
Komir Ki Gali,34.38372,73.57041
Komla,34.45658,73.67121
Komra Kalan,33.45417,73.99198
Kondarian,34.75795,73.98611
Kondi,34.67754,73.74596
Konkan,34.47616,73.60709
Kopra,34.44148,73.72378
Kopra,33.90809,74.25379
Kopra,33.99161,74.08601
Kopra Dheri,34.46534,73.65713
Kopra Lamba Wala,34.02737,74.01716
Kopra Topi,33.92879,73.75346
Kopri,33.97443,74.01375
Korian,34.61306,73.81763
Korwali Baihk,34.78046,74.73759
Kos,33.29627,74.02765
Kos,33.60661,73.74096
Kosarkot,34.29619,73.8829
Kot,34.41423,73.7252
Kot,33.85737,73.70263
Kot,32.90678,74.11665
Kot,34.3768,73.43597
Kot,33.58401,73.63811
Kot,33.03761,74.02834
Kot,33.72978,73.82626
Kot,33.83521,73.97275
Kot,33.95392,73.82864
Kot Jaimal,32.84567,74.30401
Kot Khanu Khan,33.28188,73.76294
Kot Ki Baikry,34.41614,73.73059
Kot Kotera,33.33157,74.10261
Kot Kotli,33.74107,73.70289
Kot Nar,33.63461,73.74803
Kot Nar,34.01092,74.12415
Kot Phagwati,33.7368,73.87095
Kot Trar,33.75957,73.70338
Kotehra,33.86005,73.69142
Kotehra,33.78133,73.78325
Kotehra Khanka,33.31235,73.98774
Kotehri,33.88494,73.73778
Kotehri,33.86311,73.87615
Kotehri Najam Khan,33.99368,73.79955
Kotehrian,33.78377,73.85179
Kotera,33.97818,73.73208
Kotha,33.05743,73.71951
Kotha Dakhlibal,33.05447,73.71424
Kotha Sowaria,33.04652,73.72647
Kotheri Qandi,33.99432,73.76406
Kothi Jamroz,33.02031,73.5188
Kothiali,34.54744,73.61633
Kothiali,34.98176,74.14785
Kothian,33.43302,73.82317
Kothian,33.92127,73.75922
Kothian,33.9251,73.74638
Kothiān,33.49872,73.94879
Kothra,33.01642,73.72497
Kothri Tuglo,33.93522,73.85873
Kotla,33.04154,74.18214
Kotla,33.41319,74.07926
Kotla,33.21865,73.96247
Kotla,33.56654,73.83762
Kotla,33.54065,73.93793
Kotla,33.12731,74.0176
Kotla Valley,34.02534,73.83055
Kotli,34.29932,73.46219
Kotli,33.90906,74.17628
Kotli,33.51836,73.9022
Kotli,33.50942,73.61931
Kotli,33.9112,74.16928
Kotli Gujjran,33.18871,74.0515
Kotli Jagir,33.56506,73.69563
Kotli Kalan,33.89767,73.72407
Kotli Sarsawa,33.30132,73.76579
Kotri Baihk,34.97484,74.52508
Kuchha,34.16791,73.7796
Kudiala,33.08151,74.06041
Kudtali,33.07984,74.0546
Kuh,33.72144,73.69857
Kuhi,33.79362,73.68847
Kuhian,33.83391,73.80752
Kuhl Bala,32.99197,73.93899
Kuhl Zer,32.99739,73.93518
Kui,33.48231,73.79823
Kuiliari Banni,33.79525,73.6721
Kukari,33.93054,74.15694
Kuko Dhara,33.92753,74.12985
Kukurmazar,34.29944,73.8453
Kula,34.44202,73.60305
Kula,33.60623,73.7932
Kuladhar,34.62276,73.81912
Kulah Athrain,33.53633,73.87391
Kulali,33.88764,74.09016
Kulan,34.02615,73.81369
Kulan,33.96946,74.12111
Kuledabar,34.56747,73.60192
Kulian,32.86969,74.22281
Kulian Chhappar,32.86557,74.31359
Kulimandal,34.27651,73.90463
Kulkhala,33.61913,73.785
Kumb,33.02558,74.1513
Kumgala,33.9215,74.16385
Kumhar Bandi,34.26888,73.55676
Kumhar Mohalla,33.13975,73.76282
Kumi,34.13088,73.88144
Kun Dhok,33.86303,73.6506
Kuna,34.17501,73.85237
Kunal,33.9327,73.56116
Kunali,34.77767,73.92902
Kund,34.37696,73.58031
Kund,33.89107,74.08692
Kund,33.09676,73.60894
Kund,33.24497,73.82468
Kund,33.13174,73.82331
Kund,34.32918,73.64857
Kund,33.00394,74.09446
Kund,33.51329,73.66635
Kund,33.35281,74.13009
Kund,33.0287,73.90077
Kund Baihk,34.8349,74.30834
Kunda,34.48646,73.67315
Kundal Shahi,34.55523,73.83997
Kundan Wali Baihk,34.7987,74.61945
Kundi,34.54006,73.60878
Kundian,34.82652,74.30604
Kundian,34.53753,73.4897
Kundian,34.69591,73.96887
Kundla,34.46047,73.53721
Kunjri,33.17112,73.76048
Kunwala Mohra,33.08575,73.74193
Kunyan,33.94351,74.19684
Kurhla,33.06189,73.58622
Kuri,33.80069,73.5825
Kurti,33.47619,73.91595
Kurungra,33.89421,73.70368
Kushyani Baikh,33.90333,73.8232
Kuta,34.39959,73.61447
Kuth Nar Baihk,34.26684,73.8965
Kuth Nari,34.27005,73.87833
Kuthian,33.50416,73.94811
Kuthnar,33.9823,74.12722
Kuti Dhak,33.03528,74.17909
Kutla,34.1384,73.85847
Kutla Rajwa,34.14514,73.87032
Kuttar,34.56003,73.78534
Lachial,33.6632,73.98441
Lachnahpura,33.20602,73.7694
Ladara,33.04504,74.11408
Lag Juna,34.51595,73.50564
Lagar Bala,33.57371,73.67482
Lagar Payan,33.57044,73.68032
Lagetur,33.68437,73.62858
Lagirat,33.88221,73.63576
Lagori,33.67845,73.64154
Lahuta,32.98266,74.21775
Lai,33.08396,74.04721
Lakar Mandi,32.98973,74.21882
Lakar Mandi,32.98121,74.21402
Lakho Chak,32.79132,74.40059
Lakhpur,32.95796,74.02787
Lakman,33.91163,74.1188
Lala,34.60072,73.9235
Lala Bhaik,34.27369,73.69994
Lalan ka Ban,34.0041,74.00858
Lali Sohawa,33.02485,73.82652
Lambi Bari,34.10077,73.75958
Lambi Mohri,34.56313,73.49654
Lambi Patti,33.12857,74.13851
Lamian Pattian,34.39002,73.43477
Lamnian,34.24039,73.7768
Langali,34.26873,73.63661
Langar,33.34431,74.10239
Langar Pari,33.15858,73.5442
Langarpura,34.32044,73.53798
Langer,33.06664,74.04892
Langer,33.06237,74.06143
Lani,34.48896,73.74708
Lar Baihk,34.59764,73.74736
Lar Guchhi,34.19933,73.84385
Lar ki Nag,34.38978,73.60293
Lari,34.03508,74.11352
Lari,34.48425,73.5367
Lari,34.59773,73.85014
Lari,34.43587,73.61324
Lari Mingal,34.59255,73.8558
Larianwala,34.81099,74.36394
Las,33.11231,73.81482
Las,33.62922,73.58818
Las,33.1895,73.50903
Lasan,34.46395,73.4547
Lasdana,33.92151,73.95348
Lashdat Baihk,34.73022,74.21826
Lassa,34.27177,73.67354
Lassa Jabra,34.14925,73.6482
Lassan,33.16914,73.98706
Lat,33.51284,73.85851
Lateri,33.4929,74.05988
Lathoki Baihk,34.83113,74.69916
Lathuki Baihk,34.87823,74.62717
Lawan Kot,33.79481,73.71717
Lawat Bala,34.70717,73.95835
Lawat Nala,34.70349,73.9541
Lawat Pain,34.68878,73.9733
Laya,34.28901,73.59195
Layana,33.7834,73.70026
Lehri,33.60296,73.95738
Lehri,33.73302,73.91252
Lehri,33.15294,73.55962
Leswa,34.46473,73.78744
Liaquatabad,33.2615,73.78882
Lilam,34.9444,74.46689
Lilam,34.88594,74.19942
Lillian Gurha,32.98945,73.99764
Lipa,34.30333,73.871
Lisan,33.59272,73.84155
Lobar,33.97914,73.70081
Logi Hathhan,33.06159,74.1675
Lohar Bela,33.93915,73.94278
Lohar Dhara,34.83684,74.33904
Lohar Nakka,34.55473,73.80549
Lohara,34.43215,73.82044
Loharan-da Gohra,32.93171,74.26308
Lohi Kamir,33.6273,73.85432
Lohian,33.87991,74.01838
Lola,33.81847,73.5977
Lower Plat,34.38409,73.45759
Lower Tandai,34.30178,73.53732
Lubgiran,34.3305,73.80677
Luddar Adhi Phalai,33.23557,73.77097
Ludhar,33.07777,73.6272
Lun Buta,34.5048,73.52217
Lunda,33.02114,73.51705
Lunda,33.01454,73.52797
Lunda,34.00694,74.21111
Lunda,34.88887,74.12459
Lunda Baihk,34.888,74.48213
Lundi,34.26888,73.72832
Lundi Nakka,34.55898,73.79023
Lunjgran Bazar,33.83139,73.69773
Lunkot,33.80429,73.59967
Machharban,34.56706,73.56343
Machharnala,34.48384,73.61773
Machhera,32.95038,74.14231
Machhiar,33.24862,73.80072
Machhit,33.11336,73.90035
Machhora,32.95183,74.05728
Machiara,34.50911,73.61637
Madar,34.46616,73.56294
Madarpur,33.73569,73.96451
Maddo Shahid,32.85297,74.3245
Maddu Kalas,33.0563,73.6179
Maghlura,32.93783,74.12019
Magra,34.54988,73.574
Magri,34.5369,73.58871
Magri,34.53544,73.51457
Mahajir Camp,33.44293,73.8474
Mahalla Liaquatabad,32.86479,74.36445
Maharaj Gimo Gund,34.2944,73.88023
Mahbubabad,33.02266,73.59839
Mahian,34.17135,73.513
Mahldarra,34.03474,73.79555
Mahli Baihk,34.58264,73.56912
Mahr,34.45486,73.76328
Mahra,33.78874,73.71053
Mahra Sadha,32.94205,74.06924
Mahri,34.77677,73.99722
Mahrian,33.51964,74.0109
Mahuri,33.53944,73.74327
Mai,33.17103,74.00948
Mai na Muqam,33.33002,74.02592
Maidan,34.4262,73.56444
Maidan,34.40895,73.64945
Maidan,34.31606,73.4512
Maidan,33.82209,73.70014
Maidan Wali Baihk,34.99601,74.51956
Mail,34.33189,73.71533
Maili,33.9285,74.18276
Maira,33.21655,73.82875
Maira,34.31608,73.54387
Maira,34.12604,73.87329
Maira,33.81342,73.72897
Maira,34.44987,73.59839
Maira,34.44445,73.47827
Maira,33.10148,73.54955
Maira,33.50611,74.08162
Maira,33.04747,73.71035
Maira,33.77846,73.86957
Maira,34.44417,73.45247
Maira Ghaz,33.04886,73.93461
Maira Kalan,34.33998,73.50957
Maira Umar Khan,34.13099,73.59555
Mairo Tanolian,34.35369,73.48633
Majhoi,34.25197,73.58734
Majhuma,33.28518,73.69047
Majuman Sharif,33.53263,73.91908
Majur,33.34983,73.53261
Majwal,33.3581,74.06716
Majwar,33.32394,74.07838
Majwari,33.40966,73.65087
Maka Wala Baila,34.4831,73.71973
Makhan Mohri,34.09596,73.7806
Makheran,34.55024,73.51819
Makhia,33.13164,73.71796
Makhianwala,34.00362,74.18081
Makhiaran,34.25905,73.86929
Makhlot,33.29485,73.51709
Makhni,33.95,74.25
Makhwalan,33.87049,73.73896
Maknat,34.21155,73.77711
Makral,33.49378,74.03051
Makrali,33.57438,73.93729
Makri,34.55353,73.4813
Mal,33.66137,73.76194
Mal Gogri,33.55206,74.00777
Malak,33.92312,73.89647
Malak Seri,34.7756,74.14742
Malak Souli,33.91309,74.14423
Maldehi,34.36886,73.55427
Maldeu,33.00794,73.61312
Malhal Kot,33.86197,73.80345
Malhar,33.53014,73.85963
Mali,34.5658,73.48093
Mali,33.55373,73.95663
Mali Baihk,34.81446,74.54829
Mali Sohbat,33.37812,73.54859
Maliar,33.41322,73.54131
Malik Mohra,33.16525,73.75608
Malikabad,33.06754,73.88324
Malkal,34.82294,74.30631
Malkal,33.43422,73.93216
Malni,33.0284,74.23704
Malot,33.23552,73.84969
Malot,32.96753,74.18721
Malpur,32.94262,74.1895
Malsi Bala,34.26732,73.60854
Malsi Pine,34.25668,73.59813
Maluk,33.34923,73.52248
Malukanwali,32.86036,74.36544
Malwana,33.05662,74.09911
Malwani,33.79729,73.72567
Malyan,34.43808,73.66625
Malyar,33.03581,73.58717
Mamnial,33.16521,73.83492
Manak Pattian,34.3477,73.4895
Manana,33.0999,74.11915
Manawar,32.79015,74.4191
Manda,33.99042,74.25198
Manda,33.04807,73.78826
Mandakuli,34.28515,73.92342
Mandal,34.29679,73.87053
Mandal,34.45635,73.56018
Mandala,32.88498,74.40277
Mandetar,33.41307,74.10159
Mandhal,33.29089,73.53544
Mandhar,33.84995,74.1626
Mandhoi,33.66453,73.9596
Mandhol,33.68066,73.9586
Mandhole,33.676,73.95069
Mandi,33.34387,73.69067
Mandi,33.51427,73.89171
Mandi,33.49469,73.90621
Mandigiri,33.50838,73.92216
Mandkaro,34.7428,74.13625
Mandli,33.59463,73.63659
Mandri,34.125,73.61972
Mandri,33.86998,73.62669
Mandri Da Bela,34.50183,73.72708
Maneah,34.33889,73.6375
Maneah,34.49091,73.63471
Mang,33.79871,73.63239
Mang Bajri,33.95446,73.68066
Mang Umar Khan,34.34418,73.51405
Mangenar,33.81852,73.97208
Mangla,33.13347,73.63622
Mangladian,33.82733,73.62229
Manglian da Gurha,32.92948,74.15608
Mangora,33.87535,73.976
Mangran,34.44592,73.4415
Mangriot,33.71097,73.75394
Mangula,33.07421,73.64458
Manhan,34.70512,73.93691
Manhar,33.77041,73.9937
Manianda,33.41706,73.51645
Manihal,32.98108,74.00624
Manil,33.4603,73.93472
Manil,33.56514,74.00709
Manjar,33.83885,73.60264
Manjarian,33.01325,74.29771
Manjharian,32.99638,74.29123
Manjhori,33.80369,73.74654
Manju Hotar,34.43983,73.70059
Manjuma,33.72225,73.81516
Manna,33.77452,73.63108
Manor,33.59538,73.79889
Manowa,33.76218,74.0013
Mansar,33.94515,74.13757
Mansehra,34.81481,73.99932
Mansu,33.41809,73.94171
Manuto,33.69187,73.76087
Maphu Baihk,34.7686,75.01811
March Kot,33.88417,73.97061
Marchi,34.58593,73.77879
Marchola,33.29407,73.69452
Marg,33.49615,74.13056
Margi,33.93915,74.27353
Marhal,33.16216,74.10922
Marhota,33.33251,74.0738
Mari,34.55429,73.76702
Marial,33.00669,73.89608
Marial,33.12903,73.93036
Marigala,33.38617,73.50584
Marka,33.795,73.83369
Marnat,34.78278,74.59031
Marnāt,34.78194,74.60139
Marwali,33.96073,74.00851
Maryali,33.3331,73.85365
Masru,34.65218,73.77048
Mast Garh,33.06411,74.10675
Matha Tikka,33.86733,74.1848
Matialan da Gurha,32.99424,74.00012
Matrian,33.40925,74.13951
Mattu,34.59893,73.75797
Matyal,33.04233,73.72927
Mauji,34.31459,73.8028
Maukrlala,32.89783,74.26004
Maula,33.22003,73.71304
Mawa Keneli,33.23317,73.83598
Mawa Maira,33.22518,73.83137
Meana Mohr,33.11673,74.09535
Mehi Kot,33.76528,73.97205
Mehlian,33.60174,73.70256
Mehlum,34.2682,73.52913
Mehmunpur,33.04356,73.78914
Mehra,33.95184,73.75359
Mehra,34.44284,73.67857
Mehra,34.45435,73.51953
Mehra Tandoliān,34.3667,73.4876
Mehri,33.17165,73.74504
Mehta Loosar,33.01223,73.59828
Mela,33.18999,74.03728
Mepnuabad,34.76667,75.03403
Mera,33.9435,74.23224
Mera,33.16025,73.86116
Mera,32.97955,74.0194
Mera,33.49686,74.08096
Mera Kandi,33.26129,73.8238
Meri,33.06532,73.7646
Mian Machh,34.61817,73.8904
Miana Chak,33.12393,73.50679
Miana Kalra,33.104,73.58203
Miana Kotah,33.01376,73.60265
Miana Potha,33.23594,73.54683
Miani Bandi,34.33037,73.51703
Miani Basti,33.87527,74.04714
Miara,33.04121,74.26508
Mikol,34.29894,73.91419
Mindal,33.59834,73.93519
Mingiran,34.45387,73.60774
Minhasa,34.0304,73.78027
Miniari,34.58796,73.89264
Minimarg Number One,34.7919,75.0805
Minjhar,33.61585,73.83893
Mir Bandi,34.3255,73.55773
Mir Chak,33.54148,73.86581
Mir Jali,34.2936,73.58627
Mir Shah da Dara,33.09533,73.85375
Mirakalsi,34.37824,73.71485
Miran Gala,33.81089,73.77708
Miran na Pail,33.01233,74.14224
Miranabad,33.08374,73.62855
Mirpur,34.44357,73.81598
Mirpura,34.5326,73.84269
Mitanwali Seri,34.81521,74.19033
Mithiret,33.01302,74.12033
Mithowal,32.93231,74.20292
Mitto,32.78234,74.33996
Mochian da Khu,33.05231,73.87714
Modern Jabot,33.08621,73.74162
Moh,33.62752,73.60395
Mohal,33.01378,73.61974
Mohanpur Dhok,33.1038,73.67264
Mohar,33.53189,74.01143
Mohbar,32.98504,73.82324
Mohian,34.2754,73.71507
Mohra,33.49589,74.05936
Mohra,33.366,73.93455
Mohra,33.06086,73.93919
Mohra,33.28796,74.07106
Mohra,33.94982,73.5915
Mohra,34.496,73.62518
Mohra Balidara,33.42477,74.16714
Mohra Bandili,33.4501,74.12992
Mohra Batila,33.42646,74.15171
Mohra Bhutia,33.32683,73.48742
Mohra Chachian,33.43445,73.50323
Mohra Chhota Nagal,33.40724,74.09872
Mohra Gai Nagal,33.40369,74.14145
Mohra Galetar,33.42522,74.0933
Mohra Gawar,33.35229,73.57206
Mohra Ghirot,33.46657,74.10599
Mohra Gulpera,33.20111,73.68412
Mohra Haripur,33.38127,74.17352
Mohra Harm,33.38916,74.17668
Mohra Hiran,33.42421,73.50355
Mohra Jangu,33.11137,73.88835
Mohra Kagial,33.46574,74.12339
Mohra Karim Bukksn,33.01054,73.68924
Mohra Khakharial,33.6349,73.94286
Mohra Khanum,33.21632,73.73424
Mohra Kotera,33.4783,74.08432
Mohra Kundi,33.41849,74.16987
Mohra Loharan,33.04436,73.82821
Mohra Majnan,33.45998,74.1325
Mohra Mariana,33.01294,74.01196
Mohra Niddi,33.39611,74.16098
Mohra Nihar,33.39467,74.13137
Mohra Paili,33.45788,74.10672
Mohra Palan,33.34468,74.01542
Mohra Paliari,33.49212,74.06812
Mohra Rinjal,33.40672,74.11688
Mohra Sadiq,34.08776,73.85311
Mohra Safi,33.35542,74.04112
Mohra Seri,33.4261,74.1433
Mohra Seri,33.46306,74.09493
Mohra Sharif,33.51625,74.12535
Mohra Sharif,33.65911,73.68256
Mohra Surtian Shah,33.0905,73.74855
Mohra Trikakot,33.42043,74.144
Mohradori,34.01403,74.22934
Mohri,34.5456,73.55979
Mohri,34.95846,74.38069
Mohri,34.52502,73.43999
Mohri,34.54374,73.72594
Mohri,33.53395,73.71543
Mohri,33.08215,73.85735
Mohri,33.09969,73.90393
Mohri,34.93078,74.45639
Mohri,33.92175,74.08624
Mohri,33.06866,73.8604
Mohri,34.36299,73.74415
Mohri Bahadarwali,34.18682,73.92792
Mohri Baihk,34.90322,74.22147
Mohri Baihk,34.70761,73.84001
Mohri Dhok,33.8606,73.9096
Mohri Farman Shah,33.91316,73.72732
Mohri Farman Shah,33.92451,73.73544
Mohri Melwan,33.93962,74.10792
Mohri Rahman,34.54438,73.69888
Mohrian,34.6278,73.86134
Mohrian,34.62374,73.86409
Mohsan Post,34.68523,73.92856
Moil,32.84033,74.34849
Moji,34.31999,73.8122
Molanwali,33.99994,74.07448
Momanpura,34.78853,75.09055
Mona Pind,33.00735,73.70852
Monda,33.17896,73.67352
Moori,34.3658,73.4618
Mor Ghat,32.98776,74.13713
Mora Ghrari,33.35896,73.93756
Morbed,34.3655,73.4483
Mori,34.76064,73.98738
Moriwali,35.00718,74.43837
Mormar,33.47331,73.54678
Mosundi,34.42574,73.53102
Mota,33.03845,73.65864
Mota Jand,33.14425,73.8551
Motarin,33.83721,73.83995
Motian,33.00973,73.71934
Motital,33.19145,73.9657
Motrial,32.89155,74.40971
Mud,34.11044,73.84994
Muftian,33.00515,73.7377
Muftian,33.02162,73.83011
Muftian Saiyidan,33.05599,73.69156
Mughal,33.00849,73.817
Mughalabad,33.06553,73.66435
Muhajir Colony,33.73606,73.94326
Muhajir Colony,33.63969,73.95162
Muhajir Colony,34.33678,73.47308
Muhajir Colony,33.14174,73.76958
Muhajir G-1 Sector,33.1441,73.76113
Muhalla Waris Ali Shah,34.44234,73.54479
Muhamad Khan Bela,34.71104,74.12759
Muhammad Gali,33.8648,74.00196
Muhammad Shaikh Chak,34.68758,74.97902
Muhammud Bela,34.19692,73.92671
Muhri,34.43448,73.56509
Muhri,34.025,74.16389
Muhri,34.01107,74.06235
Muhri,32.89472,74.39353
Muhri,34.02027,74.15667
Muhri,34.49771,73.61855
Muhri Said Ali Khan,33.90289,74.09077
Mujahidabad Bazar,33.87256,73.70619
Mukhal,32.96252,74.07051
Mule na Gura,33.01333,74.15271
Mullanwali Baihk,34.50651,73.45452
Mumial,33.48127,73.51386
Mundan,34.11797,73.68799
Mundhi,33.98479,73.98397
Mungarwan,34.68034,74.08303
Munhanwali,32.88285,74.35318
Mur Nar Baihk,34.6258,73.81703
Murgah,33.53962,74.14873
Murshadabad,33.73787,73.78083
Musa,34.17753,73.54746
Musagah Baihk,34.58228,73.59662
Mushtimba,34.10806,73.64584
Muttial Maira,33.8403,73.73995
Muzaffarābād,34.37002,73.47082
Nabun Phalwari,33.8857,74.08066
Nagai,34.78627,75.12231
Nagai,33.55015,73.8515
Nagaithal,33.743,73.7175
Nagan,34.50791,73.8266
Nagan,34.25304,73.75642
Naganari,33.92809,74.0405
Nagdar,34.67694,73.94205
Nageal,32.80968,74.41755
Nagei,34.43106,73.58181
Naghal,33.38818,73.92511
Nagial,33.05036,73.80497
Naglia,32.98056,74.20015
Nagni,34.10954,73.87051
Nagra,34.27537,73.5813
Nagri,34.24041,73.4858
Nagri,34.15254,73.66239
Nahan,33.83187,74.10376
Nai Abadi,33.06018,73.6783
Nai Gund,34.72795,74.96544
Nai Gund,34.72775,74.95818
Nai Gund Baihk,34.74168,74.95967
Naian di Gali,33.95758,74.1665
Nailan,33.50307,74.04955
Naili,34.17238,73.76813
Naili,33.58012,73.68871
Nailian,33.88817,73.64453
Nain Sukh,34.26063,73.68393
Nain Sukh,33.55022,73.77652
Nairian,33.73265,73.77515
Naiya na Kana,33.07138,74.00505
Najial,33.13258,73.8322
Nak,34.82433,74.2863
Nakar,33.85557,74.04323
Nakarkot,33.82298,74.04829
Nakarkot Post,33.82339,74.03869
Nakhnal,33.55235,74.09355
Nakka,33.609,73.66766
Nakka,32.97465,74.10296
Nakka,34.53298,73.4677
Nakka,34.41247,73.50431
Nakka,34.24776,73.81047
Nakka,33.20111,73.81676
Nakka,34.67698,73.92754
Nakka,34.44681,73.7296
Nakka Baihk,34.64358,73.75195
Nakka Mughlan,34.11622,73.87001
Nakka Palani,34.42985,73.61825
Nakka Shaikhan,34.29416,73.61789
Nakkai,34.14098,73.69917
Nakkar,32.90658,74.23074
Nakkar,33.72246,73.71126
Nakkar,33.76457,73.68376
Nakkar,33.83523,73.96115
Nakkar,33.78906,73.57347
Nakkar,33.77341,73.83486
Nakkar,33.92386,73.69606
Nakkar,33.71424,73.80164
Nakkewali,34.80396,74.13117
Nakodar,33.06934,73.63005
Nala,33.53161,73.83737
Nala,34.3249,73.64015
Nala Baihk,34.64897,73.78027
Nala Jhang,33.23324,73.51414
Nalai,34.13811,73.93642
Nale,34.45436,73.70477
Nale,33.68204,73.74955
Nali,33.759,73.73738
Nali,33.03009,74.29752
Nali,33.57937,73.78136
Nalian,34.11275,73.86506
Nalian,33.68236,73.75128
Nalian,34.40506,73.68879
Nalian,34.49797,73.5644
Nalid Saiyidan,33.91988,74.1003
Nalla,33.3327,73.87844
Nalla,34.5374,73.70577
Nalla,34.3942,73.4868
Nalla,33.40245,73.77274
Nalla Baihk,34.67155,73.75791
Nalla Kalas,34.50107,73.56231
Nalla Musalmanan,33.43959,73.52952
Nalla Musalmanan,33.46123,73.52267
Nalochhi,34.34635,73.458
Naloi,33.19308,73.7747
Nalwal,33.02464,74.02359
Namb,33.39145,73.51798
Namb,33.79248,73.70167
Namb,33.68006,73.66146
Namb,33.29823,73.86583
Namb,33.87885,73.68653
Namb Jagir,33.5513,73.69464
Namb Peprian,33.70709,73.71164
Nambal,33.70319,73.88612
Nambal,33.90615,73.64536
Nambal,34.36987,73.70464
Nambal,33.16418,73.94849
Nambal,33.4358,73.52403
Nambrala,33.9311,73.64435
Nametar,33.28269,73.84732
Nametar,33.46501,73.84686
Namjar,33.85675,73.95083
Namli Saiyidan,34.24571,73.49133
Nandal,34.29346,73.49561
Nanderi,33.58164,74.02582
Nandi,33.65434,73.64212
Nandi Chhanni,33.64758,73.64929
Nandpur,32.81785,74.31256
Nandrai,33.99515,73.77601
Nandran,34.15237,73.786
Nandwali,33.187,73.51264
Nanga Par,34.19439,73.94441
Nanga Tak,34.20336,73.85703
Nangimali Baihk,34.94313,74.44598
Nanur,34.42506,73.55509
Nar,33.79592,73.64928
Nar,33.3947,73.82969
Nar,33.54218,74.13127
Nar,33.87694,73.62061
Nar Haji,34.43319,73.83206
Nar Kumlen,33.71397,73.8889
Nar Mando,33.44835,73.77642
Nar Pula,33.77206,73.81782
Nar Sher Ali Khan,33.93678,73.9264
Nar Tarar,33.42553,74.1079
Nara,33.52665,74.13868
Nara,33.03949,74.10446
Narachh,33.44956,73.86257
Narai,34.12143,73.84618
Narail Baihk,34.78723,74.62372
Narakot,33.28824,73.97435
Narakot,33.97593,73.59237
Narali,33.52306,74.02692
Narali,33.52711,73.74104
Naran,34.36212,73.72819
Narat,34.19239,73.5766
Nardajian,34.19029,73.8779
Nardhar,34.09936,73.86974
Nari,33.8362,74.0866
Nari,33.66516,73.87562
Nari,34.3508,73.58344
Nari Shung Baihk,34.81236,75.09092
Narian,33.777,73.91927
Narian,33.89512,74.24669
Narian,34.23929,73.80551
Naril Baihk,34.88687,74.32509
Nariola,33.94959,73.79235
Narmah,33.24222,73.91151
Narmah,33.26154,73.92442
Narnah,33.50488,73.736
Narol,34.35437,73.47293
Narota,33.69525,73.95292
Narut,33.06035,74.07914
Narzab Baihk,34.76322,74.68856
Nasirabad,34.73202,74.96584
Nasrian,33.5452,73.74364
Natan Pattan,34.59799,73.76584
Natar,33.66599,73.97526
Natha Gala,33.76565,73.82767
Nathal,34.28348,73.67532
Nathei,33.28928,73.85344
Nathia Town,33.14579,73.78599
Nato Garang,34.13215,73.75563
Naugiran,34.1812,73.75899
Naugran,33.01026,73.80624
Naukot,34.44767,73.53239
Naukot,34.30459,73.90235
Naumanpura,33.97096,73.73743
Nausari,34.39706,73.71504
Nawali,33.99153,73.63509
Nawan,33.53699,73.659
Nawan,33.97041,74.2033
Nawan Chak,32.82133,74.39708
Nawin Thar,33.15971,73.93415
Naya Daura,33.00809,73.99502
Nazar,34.42501,73.70039
Nazar Hussain Shahid,34.1256,73.87818
Neki,33.40756,73.8585
Nela,34.26899,73.74469
Neri,34.07032,73.85626
Nerian,33.95602,74.01193
Nerian,34.34539,73.56596
Nerian,34.33178,73.59401
Nerian,34.80004,73.94855
Neropai,34.41078,73.59865
Neru Tek,34.70415,75.1378
New Afzalpur,33.46615,73.78829
New Jabbot,33.04438,73.8438
New Jhang,33.04993,73.61104
New Kalial,33.24634,73.76604
New Luddar,33.2353,73.75986
New Ludhar,33.0754,73.7651
New Mirpur City,33.14782,73.75187
New Pajora,33.14933,73.87306
New Palangi,33.85918,74.06392
New Seb,33.03523,73.83765
New Sultanpura,33.12917,73.60664
New Town,33.19608,73.82408
Newal,33.44161,74.0346
Niazpura,34.36568,73.52615
Niazpura,34.35707,73.45925
Nidhol,34.18056,73.71306
Nihala,33.11255,74.15025
Nihan,33.46913,73.93243
Nihani,33.47614,73.98309
Nihari,33.14955,73.95807
Nihari,33.13444,73.96918
Nika,33.03064,74.14154
Nike da Katha,33.91477,74.2567
Nikial,33.48224,74.0776
Nikian Orian,34.096,73.88253
Nikka Bazar,33.82562,73.62693
Nikka Gura,32.9362,74.12926
Nikki Jagisi,33.04688,73.57127
Nikrun,34.74513,74.67927
Nila Khar,34.27642,73.81278
Nilai,33.76073,73.64243
Nilfari,33.94622,74.12366
Nili Mahni,33.98737,74.2604
Niliwali,34.78212,74.46537
Nilpash,34.21501,73.80155
Nimali,34.5281,73.79134
Nirgal,33.44025,74.1438
Nisar Camp,34.3993,73.47474
Nkhra,33.69601,73.8868
Nogran,34.17966,73.76029
Norhat,33.62353,73.67184
Norsa,33.66116,73.81668
Nosadda,34.40397,73.7148
Notla,33.24484,73.58195
Nugazi,33.96354,74.05361
Nuhi Sarota,33.53842,73.82814
Nuhi Sarota,33.54753,73.82807
Nulah Zerian,33.39502,73.78042
Num Saiyidan,33.94151,73.57756
Numbi Paian,33.79415,73.95269
Numbl Bala,33.80239,73.94062
Numgala,33.92125,73.60058
Nun Bin Ziarat,34.19529,73.8952
Nur Behni,34.44468,73.48631
Nur Gala,34.01025,73.80529
Nur Gali,34.5134,73.43339
Nur Gali Baihk,34.50847,73.43881
Nur Kot,33.8555,73.884
Nura Serj,34.44563,73.51996
Nura Tekri,33.21056,74.01072
Nuri Nar Baihk,34.90448,74.0967
Nurpur,33.86392,74.02081
Nurpur,33.92735,74.16812
Nurpur,33.45304,73.94437
Olna,33.48915,74.16997
Ora,33.65147,73.73038
Orni,34.12412,73.7624
Orni,34.1656,73.95896
Owen,33.62508,73.57466
Pachhot,33.90107,73.66161
Pachhpai,34.44891,73.48783
Paddar,34.01193,73.7798
Paddar Gulsher,34.00743,73.77516
Padhal,33.94761,73.7075
Padhar,33.88289,74.03524
Pag Pine,34.42942,73.64666
Pagdam,34.46552,73.48287
Paghuri,33.00791,74.28795
Pagpaiyan,34.39583,73.63538
Pahl,33.46783,73.544
Pahl,34.1127,73.89808
Pail,33.08669,74.01272
Pail,33.18763,73.64102
Pail,34.13932,73.49376
Pailan,33.26141,74.00669
Pailan,33.32066,74.05394
Pailan Sagiam,33.41117,73.96021
Painth,33.1492,74.05981
Pair Gali,34.30522,73.59587
Pairiwali,34.8426,74.27148
Pajja,33.85047,73.66218
Pajja,34.82806,74.25556
Pajje,34.10641,73.7675
Pak Gali,33.89654,73.71827
Pakhlan,34.50849,73.54371
Pakhral,33.01464,73.79088
Pakhrat,34.37486,73.71979
Pakkho Nar,33.62125,73.87516
Pala Ranshan,34.46352,73.59368
Palai Khaga,33.09449,73.68683
Palak,33.32888,73.76675
Palal Kalan,33.25443,73.89831
Palal Khurd,33.26877,73.88809
Palana,33.42801,74.0322
Palang,33.64041,73.63172
Palang,33.00851,74.16732
Palang,33.53816,73.9466
Palangi,33.87592,74.03934
Palani,33.4523,74.13952
Palani,33.46772,74.16665
Palari,34.5999,73.80161
Palas,33.7906,74.02223
Palat Gala,33.56265,73.66838
Paldran,34.54251,73.47549
Palesia da Nar,34.18536,73.78417
Palet Paiah,33.54638,73.701
Palet Saidar,33.54267,73.68312
Palhad,33.47612,74.14386
Palhotar,34.28214,73.57767
Paliat Bala,33.55162,73.69948
Palina,33.28208,73.51088
Palir,33.29624,73.70109
Paliran,33.51556,73.68738
Palkari,33.17124,73.88248
Palkot,34.33386,73.57487
Pallandri,33.71527,73.68366
Palri,34.58042,73.89637
Palri Sikandral,33.2166,73.5195
Pamar,33.6837,73.85182
Pamot,33.21878,73.53495
Pana,33.67271,73.58171
Panag,33.4956,74.00438
Panag Sharif,33.50712,73.99515
Panah,34.45855,73.47851
Panakha,33.54753,73.86512
Panchaur,33.19479,73.57611
Pandi,33.85817,73.66956
Pandora,33.19194,73.75962
Pandora,33.27174,73.70955
Pandori,33.04593,74.23794
Pandori,33.09469,73.61719
Pandu,34.15441,73.89925
Pang Piran,33.51578,73.91565
Panhiari,33.06998,73.95995
Panial,33.50474,73.83393
Paniali,33.99784,73.72951
Paniali,33.66231,73.89555
Paniali,33.68376,73.69719
Paniali,34.17049,73.49729
Paniali,33.83575,73.89087
Panigiran Pain,34.44604,73.61997
Paniola,33.9208,73.68801
Panj Garan,34.44344,73.61918
Panj Pir,32.95933,74.26015
Panja Puran,33.96374,74.07012
Panjai Dhara,33.80141,74.02025
Panjal,33.60771,73.86813
Panjal,33.78585,73.93745
Panjal,34.07577,73.8124
Panjal,34.27288,73.8302
Panjan,33.29369,73.96614
Panjan Bala,33.27378,73.96075
Panjand,33.46349,73.60205
Panjar,33.47766,73.59435
Panjera,33.57471,73.82695
Panjeri,33.02287,73.91535
Panjgran,34.38844,73.4448
Panjkot,34.37714,73.69731
Panjkot,34.34987,73.72652
Panjnand,34.4761,73.63417
Panjoei,33.24895,73.90029
Panjur,34.46997,73.6472
Panjur Gali,34.45846,73.62695
Panjur Gali,34.49073,73.61845
Panjur Gali Nala,34.49363,73.63063
Panjuthi,34.2544,73.79495
Pankhri,34.02548,74.1054
Panlali,33.5646,73.99111
Panram,33.25143,73.76743
Panran,33.53679,73.6955
Pansiali,33.69851,73.91865
Pansiali,33.68215,73.89466
Pantar,33.95499,74.21457
Panthal,33.61381,73.72748
Pantian,33.17988,73.98446
Pappe Nar,33.77383,73.75867
Paprusa,34.31173,73.54464
Par,34.8743,74.22796
Par Batala,32.90104,74.31591
Par Kas,33.3402,73.91752
Para,34.18354,73.49533
Para,34.90347,74.4415
Para,33.04202,73.99858
Paraganwala,32.87914,74.37239
Parai,33.29031,73.86366
Parak,34.29836,73.55461
Parat,33.69263,73.67202
Parat,33.35269,73.93208
Parat,33.87829,73.74238
Parati,33.13671,74.06216
Parhan,32.89927,74.21986
Pari,33.36343,73.5126
Pari,34.60889,73.79587
Pari,34.37611,73.62319
Pari Bari,33.18131,73.50239
Pariat,33.81376,73.63665
Parla,34.44061,73.63066
Parli,34.72953,74.0189
Parnai,34.43459,73.81308
Parsa,34.21329,73.79046
Parthawan,34.24959,73.57307
Parthora,34.5202,73.46085
Parti,34.76916,74.04819
Parwali Mohri,34.5356,73.46244
Pasari,33.70687,73.90381
Pasari,33.97409,73.74534
Pashivari Highway Lodge,34.75106,75.00036
Pasi Bhagsaran,34.25231,73.62745
Paswal,33.04171,73.73981
Pat Kuchha,34.18859,73.8204
Pata Kot,33.69005,73.89602
Patan,33.88035,73.9593
Patan,33.01667,74.3
Patekka,34.45454,73.44963
Path,33.1838,74.06974
Patha,33.35944,74.13738
Patheri,33.36186,73.84589
Pathi,33.11501,73.76634
Pathial Nagri,34.30698,73.6905
Pathiali Bari,34.33035,73.6912
Pathra,34.50878,73.73212
Pathra,34.28116,73.83875
Pathra,34.54009,73.46252
Pathra,33.90496,74.04546
Pathra,34.55083,73.53262
Pathrewali Baihk,34.67855,74.11402
Pathri,34.27676,73.94109
Pathyali Nagri,34.29632,73.64486
Pati Mohra,33.82369,73.68739
Pati Raro,34.32265,73.47782
Patian,34.56368,73.79865
Patian,32.98808,74.27194
Patian,33.53085,73.64822
Patiara,33.5209,73.95151
Patika,34.44817,73.54192
Patla Pani,35.00468,74.43819
Patlapani,34.81634,73.9576
Patni,32.99904,74.30669
Patraro,32.89567,74.32702
Patrata,33.95811,73.72416
Patrati,33.90818,73.69409
Patti,33.62185,73.6537
Patti Mor,33.87483,73.9948
Patuchhi,33.65199,73.75674
Paur,33.51937,73.6957
Pehalian,34.48731,73.54368
Pehl,33.26389,73.6796
Pehltehar,34.47682,73.53887
Pel,33.49502,73.71897
Pel Karim Bakhsh,33.15176,73.66925
Penga,33.06152,74.20574
Penth,34.51003,73.48628
Pere,33.68952,73.64238
Peri,34.84468,74.32478
Perka,33.47226,73.79791
Peth,32.9704,74.02549
Petharwala,34.80624,74.34138
Phagia Number One,32.87185,74.37263
Phagla Number Two,32.85887,74.38236
Phago-da-Gura,32.95863,74.23096
Phagrot,33.03222,73.96952
Phagwan,34.22158,73.64628
Phagwari,33.55661,73.93182
Phagwari,33.81616,73.68635
Phagwati,33.73681,73.89418
Phakar,33.88915,73.84694
Phakar Nal,33.62566,73.86573
Phalan Chaudhrian,33.8636,74.08046
Phalari Bari,33.85346,73.63518
Phalatian,33.52636,73.67012
Phalgiran,33.85592,73.60836
Phaliala,33.10448,73.78597
Phalni,33.3644,74.14414
Phalwar,32.99567,74.15169
Phalyon,33.70097,73.66942
Phamran Ka Danna,34.33532,73.6643
Phangri,33.89274,73.98389
Pharan,33.82563,73.58349
Pharian da Mohra,33.09486,73.91658
Pharl,33.56383,73.64186
Pharwat,33.18138,73.79532
Phata Mohra,33.89888,73.64894
Phatt,34.33701,73.59432
Phaua,33.85532,73.6182
Phayan,33.75331,73.67297
Phegra,33.8933,73.6322
Phel,33.0653,73.92504
Pheri,33.46016,73.56578
Phero,33.25041,74.00313
Phetti,33.24616,73.67811
Phhajjar,33.87252,73.71744
Phiari,33.08783,73.87858
Phirian,33.54421,73.66219
Phirian Fateh Sepalan,33.5387,73.66942
Phohar Mora,33.49311,73.96817
Phothi Raigan,32.98185,74.02572
Phul Jhari,33.773,73.80461
Phulandi,33.60712,73.64769
Phular Kot,33.67191,73.77813
Phulban,33.85965,74.02471
Phumbel,33.18582,73.74072
Phunwat,33.7893,73.70375
Pial,33.37018,74.05697
Pichhli Basti Baihk,34.8414,74.55057
Pichwal,33.95703,73.7
Pihai,33.50489,73.7605
Pihan,34.50487,73.57461
Pilan,33.50563,73.68042
Pina Jata,33.046,73.58045
Pind,33.28059,73.74701
Pind,33.38161,73.50583
Pind Bainso,33.4686,73.51646
Pind Jatton,33.08412,74.11178
Pind Kalan,33.27596,73.76163
Pind Katli,33.59629,73.80405
Pind Khurd,33.28408,73.77916
Pind Mangralan,33.08729,74.10394
Pind Pail,33.2871,74.02673
Pind Rajwal,33.06385,73.70619
Pindi,32.94241,74.01749
Pindi Abdal,32.83407,74.29665
Pindi Sabharwal,33.0692,73.77009
Pindora,33.37391,73.50418
Pindora Hadora,33.37693,73.53096
Pindori,32.96128,74.0409
Pindori Mughlan,33.05461,73.72619
Pipal Colony,34.36971,73.48686
Pir Dingyara,32.95058,74.19011
Pir Gah Pass,33.18881,73.90728
Pir Gali,33.74535,73.7301
Pir Jamal,32.8784,74.35675
Pir Jamal,32.8725,74.34477
Pir Kalesar,33.36885,74.07236
Pir Kanthi Baihk,34.01067,73.90019
Pir Katangar Amdarut,33.49632,74.157
Pir Kot,33.82842,73.87767
Pir Kot,33.8404,73.86213
Pir Maungawali,32.88267,74.31515
Pir Nasora,33.41145,74.04012
Pir Pachhar,33.05608,73.60226
Pir Panjal,33.9554,74.08283
Pir Sacha,34.45444,73.52479
Pir Sahaba,34.36493,73.73337
Pir Shah Shuttar,32.97933,74.08392
Pir Shah Wasan,33.00287,73.58486
Pir Tajuddin,33.03547,73.91699
Piran,34.39541,73.66751
Piran,33.06461,74.07288
Piran Bandi,34.18014,73.86533
Pirinnian,33.64329,73.90459
Piruwala,32.89579,74.22019
Piterind,34.33957,73.42939
Pithanar,33.33021,74.13147
Pithorani,32.93897,74.16088
Plangri,33.14131,74.04424
Plate Baihk,34.79852,74.63521
Plawir,33.50785,73.69668
Plor,33.24143,73.61145
Pnintra,32.98062,74.24356
Polas Post,33.81195,74.0285
Police Chowki,33.92137,74.17279
Ponian,34.17417,73.81093
Popring,34.51539,73.56641
Poriala Chakora,33.03459,73.705
Posarian,33.4638,73.75676
Potai Bensi,33.1336,73.85318
Poth,33.94054,73.64403
Poth,33.83369,73.71903
Potha,33.34366,73.76207
Potha,33.17831,73.94576
Potha,33.94273,73.76138
Potha,33.17987,73.56423
Potha,33.53327,73.69574
Potha,33.11385,73.59692
Pothi,33.79549,74.01795
Pothi,33.81817,73.87376
Pothi,34.24228,73.50598
Pothi,32.98672,74.02289
Pothi,33.63293,73.7198
Pothi Chapprian,33.80694,73.88806
Pothi Chhaparian,33.79572,73.88781
Pothi Makwalan,33.87,73.74389
Potiyan,32.86874,74.32342
Prak,34.46772,73.54334
Prana Toll,32.9373,74.05934
Ptola,33.93368,73.62817
Puhti Baihk,34.50648,73.44316
Pujwalianwaladanna,34.55706,73.44897
Pullawali Baihk,34.81846,74.42808
Pulmunda,33.05522,73.78993
Pulodhar,34.87858,74.20679
Pulwan,33.16802,73.87243
Puna,33.18671,73.95179
Punja,33.97239,73.88792
Punjal,33.95221,74.06669
Punjpathar,34.54917,73.81372
Pura,33.72467,73.64719
Pura Dumial,33.23757,73.77978
Purana Daura,33.00851,73.98816
Purana Mehta,33.00147,73.60568
Puranagiran,34.46703,73.77623
Purani Ghagri,32.95215,74.3277
Purl,33.60746,73.93492
Purzan Baihk,34.68912,73.76651
Purzan Mohri,34.5643,73.50459
Pushkar Baihk,34.7698,74.6314
Pushwari,34.75335,74.99488
Pusrali,33.02439,73.73112
Putha,33.12303,73.89937
Puti Gali,33.43422,74.12482
Qadirabad,33.95754,73.82103
Qaimabad,33.57503,73.99008
Qaziabad,34.20879,73.78768
Qila Chhappar,32.86304,74.30347
Qila Padhar,32.86042,74.27527
Qilan,33.71202,73.79637
Qudarabad,32.93969,74.23206
Qurashi,34.62362,73.92789
Rachhar,34.77032,73.93402
Rachhyal,33.15036,73.74048
Rachial,33.05252,73.7998
Radbahl,33.41742,74.00494
Raepur,32.85288,74.33144
Rahmanabad,33.69129,73.83722
Rahunth Bhalan,33.96307,73.80938
Rahwali Mohri,34.5915,73.69849
Rai Kot,33.95177,73.95733
Raian,33.0161,73.82147
Raint,34.60751,73.79122
Raipur,32.98449,73.81226
Rair Ban,33.99397,73.88642
Rairban,34.03487,73.75004
Raisabad,33.23954,73.80366
Raishian,34.25874,73.81933
Raj Kot,34.52484,73.48347
Raj Puthi,34.10333,73.54556
Rajani Tinin,33.09401,74.06346
Rajdhan,33.37204,74.15156
Rajdhani,33.57377,73.74143
Rajdhani,33.37139,73.78454
Raje ka Bazar,34.02398,73.92655
Rajkhundo,34.35038,73.51981
Rajkot,34.43724,73.62019
Rajoyan,34.36952,73.53621
Rajpian,34.51784,73.47684
Rajpothi,33.92591,73.78103
Rajpur,34.05652,73.8765
Rajua,33.71494,73.76581
Rajur,33.48809,73.79436
Rakh,33.0972,73.82461
Rakh Rawan,33.00288,73.72517
Rakimal Baihk,34.75176,74.79488
Rakkar,33.70528,73.92028
Rakkar,33.70563,73.91693
Ram Singh ka Talab,33.18996,73.87091
Rami Kot,33.9367,73.8857
Ramilo,33.09676,74.08625
Ramkot,34.37167,73.40167
Ramlia,33.08774,74.08735
Rampur,33.21739,73.54594
Rampur Bandala,33.05951,74.19405
Rampura,34.34825,73.50327
Ramu da Garha,32.99636,73.97769
Randiam,33.00906,74.05398
Randiama ki Ker,33.0174,74.06343
Randoki,34.77831,74.23062
Randyam,32.9935,74.0457
Rangal Galai,34.04815,73.64165
Rangpur,33.0649,73.78273
Rani Town,33.35094,73.92164
Ranjha,33.04811,73.71573
Ranjot,33.50858,73.70646
Rankot,34.41088,73.52325
Rankot,34.42314,73.51492
Rankri Chuhanan,33.87223,74.10283
Rankri Khas,33.86506,74.10259
Ranri,34.53889,73.90177
Rant Lamikor,33.85329,73.69458
Raokri Pain,33.86188,74.09323
Rara,34.29233,73.4818
Raran,33.46877,73.53642
Rari Saiyidan,34.26679,73.67197
Rariala,32.92739,74.18415
Raruta,33.86673,73.59279
Rasania,33.70122,73.60751
Rashidabad,34.3509,73.4784
Rasnid Post,33.8341,74.1387
Rassa,33.00162,74.18904
Ratahi,33.61336,73.72013
Ratan Kara,34.47845,73.61545
Ratan Seri,34.43961,73.52106
Rathak Baihk,34.80086,75.05167
Ratial,33.03998,73.52698
Ratnoi,34.03409,73.81383
Ratta Pani,34.76796,74.28064
Rattapar Baihk,34.77246,74.02451
Ratua Mohra,33.14285,73.82726
Ratuah,33.15093,73.79359
Raufabad,33.7756,73.68248
Rauli,33.94804,73.71516
Rauli,33.49981,73.91668
Ravery,34.57672,73.56203
Rawala,33.9372,73.7057
Rawala Dhara,33.73824,73.76613
Rawalakot,33.85782,73.76043
Rawali,33.67838,73.84873
Rawata,34.5794,73.94686
Rawatra,33.17392,73.57573
Reali,34.43088,73.55514
Reather,33.08884,73.75831
Rechmonri,34.83874,74.30415
Rehana,33.04091,73.66714
Rehana,32.82868,74.34803
Rehara,33.83134,73.68203
Rehyanangala,33.54944,73.92703
Reki Tinin,33.10293,74.0616
Reli,34.51913,73.46825
Renala,33.98658,73.60532
Renswali,34.76007,74.19204
Reori,34.57734,73.5614
Rerah,33.93327,73.86686
Reran,33.96398,74.08458
Reshna,34.71225,74.07239
Rest House trarkhel,33.7621,73.7883
Retar,34.33146,73.43655
Rethla,33.4491,74.16703
Retra,34.80928,73.99143
Rettili,33.1633,73.54886
Reverian,34.54203,73.50552
Rewand,34.10721,73.92314
Rewari Baihk,34.73167,73.77989
Rhawara,33.52021,73.80249
Rhidot,34.09539,73.62018
Riala,33.99502,73.59259
Riali,34.39654,73.76833
Riali,34.51932,73.4912
Riali,34.31318,73.64323
Riali Bandi,34.47994,73.82193
Riasat Ali's home,33.97553,73.6624
Richh Mohri,34.68615,73.88078
Richhal,32.99593,73.98524
Richhanwali Baihk,34.0256,73.86929
Richhmar,34.36458,73.72401
Richpani,34.74856,74.03766
Rihala Dheri,34.34169,73.58708
Riji,33.91341,74.20658
Riknibagh,34.66606,74.98398
Ril,34.28657,73.46564
Rin Kaneti,34.29872,73.57266
Rin da Bagh,33.0258,74.30968
Rind Nalla,33.23096,73.50492
Rinja,34.20834,73.92997
Rinjata,34.3723,73.4826
Rinkora,34.47524,73.62874
Rohela,32.79551,74.33313
Romli,32.96351,74.23125
Ropheri Las,32.93492,74.07879
Ropri,33.3241,74.09416
Rudhan,33.81424,73.61248
Rugan,34.30666,73.51799
Rukh,33.94114,74.12724
Rumbal,33.04474,74.04512
Rumbli,33.65525,73.60787
Rumili,33.18146,73.61045
Sab,33.75072,73.61317
Sabbuna,33.67729,73.8254
Sabnin Baihk,34.82354,74.69125
Sabz Pir,33.13372,74.09562
Sabzkot,33.2655,73.97473
Sachian,34.46117,73.57146
Sadabad,33.06914,74.16459
Saddan,34.42611,73.50127
Saddiqabad,32.85624,74.23419
Sadha Dakkar,34.03331,74.1057
Sadheri,33.04956,74.15547
Sadwal,32.9155,74.20189
Safida,34.156,73.91206
Sagani,33.83792,73.67306
Sagar,33.01786,73.81327
Sagri,33.07002,73.6009
Sahai,33.9838,74.04932
Sahalian,32.8882,74.22843
Sahang,33.04466,73.82093
Saharpur,33.92551,73.86273
Sahawa,33.9513,73.5632
Sahib Than,34.26883,73.50671
Sahlian Maldial,33.92636,73.81669
Sahna Mehra,33.80028,73.70554
Sahra,33.91819,74.01461
Sahtian de Kothe,32.87864,74.23722
Saian,33.6212,73.76619
Said Batta,34.46998,73.45203
Saidan,34.39845,73.4721
Saidki,34.41638,73.68211
Saidki,34.49364,73.57543
Saidpur,33.33155,74.05504
Saidpur,34.49669,73.48684
Saidpur,33.56072,73.82855
Saidpura,34.30795,73.85987
Saidpura,34.44029,73.79541
Saila,33.51201,73.73901
Sailagali,34.45782,73.85505
Sain Bagh,34.19707,73.78818
Sain Manga Shah,33.75279,73.64068
Sain Sabat Shah,33.23275,73.85312
Sair,33.28454,74.05619
Sairhan,33.79203,73.67454
Sairi Suka,33.98523,73.92606
Sairla,32.97395,74.04879
Saiyid Hussain,33.01846,73.58374
Saiyidan,33.18795,73.76264
Saiyidan di Bandi,34.47521,73.65076
Sajani,33.50052,74.01212
Sajuni,33.49516,74.01669
Sakar,33.86445,74.20749
Sakarwali,33.97581,74.2107
Sakhara,33.59063,73.70359
Sakhara Karatot,33.56101,73.68092
Sakhi Sarmit,33.97222,73.84722
Sakian,33.94446,74.00219
Sakian,33.95066,74.11259
Sakrana,32.85718,74.40124
Salam,32.91456,74.14172
Salamabad,34.18045,73.66795
Salara,33.87271,74.05863
Salgran,33.49799,73.58555
Salhun Mohra,33.50942,74.15195
Salhuri,33.51797,74.04722
Salios,33.60596,73.63304
Salli,33.07658,73.51053
Samalian,33.56437,73.74308
Samani,33.08903,74.13585
Sambal,33.63135,73.71659
Sambal Nar,33.61265,73.68984
Sambal Phan,34.46795,73.44884
Sambaliari,33.91962,73.61658
Sambha,33.50471,73.64262
Samgam,34.89747,74.20582
Samhala,33.42131,73.88463
Samkan,32.9715,74.20258
Samlun,33.40287,73.8242
Samni,33.92535,73.88026
Samni,33.92538,73.85039
Samoi,33.2217,73.87996
Samothi,33.17318,73.51683
Samror,33.44059,73.97488
Samrot,33.56603,73.95388
Samunwala Kas,33.81877,74.01085
Samwal Sharif,33.08067,73.79606
San,33.81878,73.71843
San Khara Mar,33.95124,73.98901
Sanai,33.18363,74.03365
Sanari,33.69381,73.96385
Sanatha,33.18104,73.61802
Sanawali Baihk,35.02203,74.44847
Sanda,33.66783,73.6509
Sandar,33.21171,73.95201
Sandban,34.41192,73.55266
Sandgaran,34.32705,73.5028
Sandh,33.77169,73.5783
Sandhara,33.55007,74.06816
Sandok,34.52084,73.83785
Sandwal,33.51256,74.09436
Sandwal,33.54294,74.08549
Sangal,33.88859,74.04886
Sangal Khetar,33.92357,73.63309
Sangar,33.71332,73.73887
Sangar,33.01697,74.15642
Sangar Baihk,34.56885,73.45806
Sangar Bari,34.20376,73.90961
Sangar Seri,34.77011,74.26646
Sangarwari,33.9907,74.07268
Sangha,32.99965,74.14081
Sangher,33.9358,73.72428
Sanghot,33.15744,73.76153
Sangola,33.88812,73.78834
Sangri,34.48783,73.49424
Sangu,34.3013,73.71293
Sani,33.93741,73.93482
Saniah,33.33091,73.90882
Saniah,33.2655,73.95613
Sanja,33.0017,74.14049
Sanja,34.19636,73.90228
Sank,34.02881,74.03914
Sank di Dhok,33.88824,74.19134
Sankiya,33.09465,73.73918
Sanot,33.48808,73.86585
Sanwaia Pirnan,33.41886,73.67642
Sap Danna,34.46423,73.69843
Sapala,33.40744,73.95371
Saplah,33.40334,73.95972
Sar,34.01253,74.03317
Sar,33.08744,73.78682
Sar,34.60024,73.79776
Sar Baihk,34.6702,73.78061
Sar Baihk,34.79224,74.39291
Sar Dhok,33.97111,73.93854
Sar Kanja,34.08169,73.84668
Sarachha,33.91461,73.6912
Sarai,34.17818,73.78558
Saral,33.07397,74.16504
Saral Baihk,34.99182,74.11123
Saran,34.38174,73.52717
Saran,34.61861,73.81207
Saran,34.0629,73.86436
Saran,34.61494,73.9099
Saran,34.25796,73.67786
Saran Na Gora,33.32187,73.56372
Saranda,33.24467,73.8341
Sarar,34.32309,73.45061
Sarari,33.82022,73.91622
Sarat ki Mohra,33.09189,73.74591
Sarban,34.10618,73.82491
Sarda,33.49888,73.94935
Sardari,34.76322,74.62959
Sardari,32.85792,74.35763
Sardha Colony,33.51773,73.92073
Sardi,33.83976,73.62801
Saren,33.08125,74.02154
Sarhani Nar,34.20529,73.95018
Sarhota,33.44991,73.97455
Sarhota,33.47174,73.80312
Sari,34.47015,73.54847
Sari,33.96622,74.15198
Sari,34.21766,73.83845
Sari,34.78525,74.2237
Sari Mang,33.91777,73.9123
Sarian,34.54817,73.77699
Sarian,34.31409,73.7574
Sarian,34.77825,73.94409
Sarian,34.67968,74.14573
Sarian,34.49795,73.4828
Sarian,34.3724,73.43665
Sarian Baihk,34.51825,73.44172
Sarigian,34.25545,73.8229
Sarjiwar,34.03391,74.06942
Sark Chinari,34.15968,73.81555
Sarle,33.81406,73.58362
Sarli,34.37961,73.64527
Sarli Sacha,34.48076,73.65611
Sarli Sueha,34.48456,73.64959
Sarnela,33.12594,74.0289
Saroa,33.55923,73.8233
Saroali,33.48735,73.77037
Sarogah Baihk,34.88255,74.6502
Sarol,34.04232,73.77013
Sarsala,33.1037,74.11162
Sarsawah,33.56298,73.84801
Sarulian,33.11194,74.03584
Sarupa,34.22659,73.76905
Sarut,33.03401,74.12467
Saruya,33.04384,74.09218
Sarwali,34.09772,73.80282
Sarwali,34.92229,74.23082
Sat Piali,34.29963,73.59693
Sathar,32.90539,74.31098
Satran,34.5167,73.8002
Satwal,33.78475,73.98176
Sau Chak,33.07514,73.61134
Sauli Khas,33.90641,74.1339
Saunchal,33.57227,73.87728
Sawa,33.65485,73.95793
Sawan,34.2554,73.48888
Sawan Nar,34.57547,73.82482
Sawan Pathri,34.02284,74.05205
Sawar,33.58367,73.94357
Sayan,34.1698,73.50822
Seegar Gala,33.48913,74.10273
Sehara,32.91929,74.21631
Sehata,32.92346,74.22068
Sehlar,33.04608,73.90327
Sehni,33.56578,74.03118
Sehr,33.6681,73.71869
Sehr,33.84123,73.8979
Sehr Manal,33.46113,73.81722
Sehra,33.64249,73.96137
Sehra Mel,34.35669,73.41024
Sehrbagla,34.14067,73.76038
Sehutta,33.96734,73.66031
Seler,33.69183,73.68784
Sem,33.05594,73.77129
Sen Biroti,33.35919,73.62782
Sens,33.09045,73.85223
Sensa,33.51366,73.75479
Senth,34.35976,73.61963
Ser,33.06826,74.18335
Seranwali Baihk,34.30653,73.92213
Seri,33.53809,73.93831
Seri,34.32252,73.46406
Seri,32.97683,74.00528
Seri,34.82579,74.22313
Seri,34.53847,73.56465
Seri,34.63237,73.76286
Seri,33.31155,74.06521
Seri,34.49645,73.71457
Seri,34.72433,74.18247
Seri,34.00683,74.11645
Seri,34.29142,73.70749
Seri,33.42477,73.92028
Seri,33.67704,73.6915
Seri,33.95531,73.88684
Seri,34.73938,73.98246
Seri,34.05318,73.87809
Seri,34.72868,74.03052
Seri Bala,34.79611,74.56961
Seri Jagir,33.18645,73.67346
Seri Kalra,34.46763,73.4588
Serian,34.47883,73.58271
Serwala Baihk,34.8728,74.62348
Seryan,34.33513,73.55021
Sesar,33.99753,73.57018
Sever Matwali,34.02126,73.79314
Sewar Kalu,34.01471,73.78373
Shabela,34.50649,73.47319
Shadra,34.15493,73.49335
Shah Darra,34.15216,73.75581
Shah Gajan,33.51149,74.07296
Shah Kanja,34.05671,73.8934
Shah Khor,34.56035,73.5565
Shah Kot,34.56691,73.88914
Shah Nara,34.3715,73.4734
Shahbaz Khan,33.93556,74.10338
Shahda Sari,32.96353,74.02097
Shahdara,34.43157,73.66578
Shahdara,34.43209,73.65684
Shahdara,33.95137,74.05252
Shahid Gala,34.16084,73.93835
Shahid Gala,33.89863,73.83983
Shahid Gali,34.40962,73.42255
Shahid Nai Baihk,34.81604,74.36978
Shahkot,33.95606,74.22791
Shahlobut,34.73688,74.03623
Shahnagri,34.76245,74.23661
Shahpur,33.04539,73.85526
Shaikh Bela,34.81683,74.28829
Shaikh Bela,34.72889,74.04846
Shaikh Bela,34.71613,74.13371
Shairyan,34.41733,73.70466
Shakar,33.51096,73.62947
Shakiali,33.4942,73.93413
Shakrian Kundan,34.1759,73.65418
Shal,34.65644,73.77075
Shalabagh,34.32783,73.52405
Shalwatra,34.48568,73.88466
Shamspur,33.00697,73.69486
Sharda,34.79322,74.19197
Sharian,34.19578,73.77915
Shaukat Lines,34.3643,73.4704
Shawal,34.39842,73.43649
Sheihk Qureshian,33.02989,73.71613
Sheikhupur,33.08761,73.62536
Shekh Sauli,33.89602,74.13546
Shekhsar,32.86039,74.37254
Sher,34.26521,73.79548
Sher Shahid Post,33.83196,74.11943
Sheranwala,32.90277,74.17739
Shero Dhara,33.94164,74.00947
Sherogai Baihk,34.82807,74.38499
Sherpur,33.92603,74.17577
Sherpur,33.90865,74.19429
Sherpur,33.93377,74.16567
Sherwan,34.38441,73.45016
Shetan Bela,34.78093,75.13135
Sheter Gali,34.26449,73.80469
Shiban,33.84816,74.03865
Shikhara Baihk,34.73232,73.77054
Shingan,34.58462,73.93482
Shingosh,34.56106,73.81722
Shini,33.50443,73.65585
Shiri,34.53776,73.53976
Shirun Takia,34.39818,73.68933
Shitalwayan,34.70028,74.15838
Shontar Baihk,34.9675,74.50465
Shonthar Baihk,34.99766,74.57952
Shoran,34.35196,73.4062
Shornian,34.52576,73.47713
Showara Baihk,34.64489,73.73775
Showara Baihk,34.83852,74.61879
Shumali Nakar,33.03553,73.91159
Shund Das,34.75846,74.64637
Sia,33.72094,73.62
Sialian,33.48341,73.79154
Siat,33.55345,73.86883
Sid Tajpuraliya,33.06439,73.63598
Sihr,33.73032,73.95446
Sikhali,34.00995,73.8662
Sikikur,34.07215,73.82838
Silan,34.7537,74.0063
Siliot,33.31904,74.00928
Sillan Tambu,34.65405,73.74641
Simari,34.38664,73.63454
Simari,34.43199,73.79135
Simbili,33.0587,74.18245
Simbin,33.05789,74.03329
Simti,33.46536,74.13914
Sina Daman,34.13602,73.77734
Sindahaki,34.12182,73.77176
Singal,34.68776,73.72539
Singar,33.71229,73.7239
Singla,32.90795,74.20372
Singmund,33.93869,74.18363
Singola,33.91111,73.80056
Singrah,33.97701,73.61258
Singri,32.81683,74.39716
Sinikot,34.28192,73.63576
Sinjili Baihk,34.79905,74.27893
Sior,33.36384,74.044
Sippar Bagla,34.02269,73.88919
Sir Suba Shah,33.39759,73.51222
Sira,33.87046,73.61903
Sirhi Jabbar,33.99471,74.11621
Siri,33.55395,73.84668
Siri Avaira,34.00236,73.76277
Siria da Kas,33.06066,73.97428
Sirian,33.83264,74.05785
Sirkh Sankh,33.96146,73.98882
Sirl Kalan,33.59394,73.96396
Siroli,33.83459,73.59728
Sitara Umar Khan,33.33538,73.54841
Siyath,33.56297,73.8667
Sobaya,34.2565,73.7424
Soha,34.19359,73.7923
Sohai,33.99358,74.06125
Sohainal,33.10906,73.96966
Sohal,33.15814,73.82727
Sohar,33.21101,73.90385
Soho,33.24767,73.92986
Sokar,34.26127,73.65873
Sokar,34.12978,73.79603
Soki,34.12705,73.90205
Soki Sardari,34.75358,74.59758
Sokurkasi,34.50573,73.66823
Sola,33.03255,73.89165
Sona,33.143,74.09352
Sonar,34.76688,74.61395
Sonar Seri,34.76102,74.60204
Sonta,34.63624,73.86794
Sora,32.98463,74.14302
Soral Baihk,34.97956,74.09229
Spana,33.4135,73.81435
Subhai,34.71172,74.11101
Subri,34.31761,73.51634
Suchasar,33.66401,73.73644
Sudial Hil,33.6442,73.78913
Sue na Baoli,33.48822,74.10572
Sugna,34.09581,73.89561
Sujani,33.32435,73.65361
Suka Nabdri,33.28992,74.09076
Sukar,34.05324,73.87019
Sukar,34.51188,73.74917
Sukasan,32.99535,73.96832
Sukha,33.00625,73.68097
Sukha Talab,33.03585,74.11604
Sukhchainpur,33.00311,73.8059
Sukhi Khad,33.07187,74.00936
Suli,33.02952,74.16081
Sulnu da Dera,34.37942,73.59751
Sulot,33.91819,73.73222
Sultan,34.61563,73.8093
Sultanabad,32.88115,74.29549
Sultanpur,33.47472,73.79009
Sultanpur Pathanan,34.27663,73.60239
Sum,34.11258,73.80665
Suman,34.81704,74.25512
Sumlar,33.39211,74.04317
Sumrala,33.08273,74.11758
Sun,33.60019,73.65929
Suna,33.46705,74.02854
Sunah,33.44533,73.79869
Sunai,34.2688,73.91876
Sund,34.1987,73.81963
Sund Gali,34.34608,73.47528
Sundal,33.16437,73.86099
Sundal,33.16114,73.8412
Sundarmar,33.95244,74.07041
Sundoa,33.05131,74.14322
Sundri Bandi,34.19056,73.78354
Sunian,33.1707,73.80284
Suniari Nakar,33.71757,73.76633
Surakhi,33.2452,73.55557
Suran,34.57255,73.76225
Surgan,34.85577,74.20022
Suri,33.65885,73.73651
Surian Mori,33.16569,73.96559
Surjoi,34.44923,73.86805
Surru,33.35789,73.76792
Susil,34.5241,73.81704
Sutal,33.54968,73.73255
Suthrian,34.61697,73.92895
Suti,34.73822,74.69142
Suwa,33.75436,73.61459
Syedan di Dheri,34.3748,73.478
Tabqa,34.05362,73.83867
Tachhan,33.87888,74.08413
Tagian Bandi,34.30776,73.56163
Tahar,33.9526,73.65804
Tahi,33.62925,73.95521
Tahilan,33.96985,73.60698
Tailian-di-Dhok,32.98709,74.15094
Tain,33.90089,73.61859
Tain,33.30308,74.04113
Tain na Gala,33.05584,74.08864
Tainpura,33.0622,73.53705
Tajpur,32.87939,74.21711
Tajpur,33.2966,73.69088
Tak,33.20744,73.76731
Takari,33.18396,73.8632
Takia,34.2793,73.74013
Takia Pir Fada,33.93163,73.56092
Takia Sabra,34.35846,73.70531
Takia Waris,34.44172,73.53755
Talab Post,33.83039,74.09252
Talab Tara,34.09553,73.75818
Talan,34.51382,73.7511
Talawari,33.67688,73.76763
Talda,34.40678,73.51663
Talgah Gali,34.51201,73.77026
Talgran,34.47751,73.46961
Talgran Baihk,34.52582,73.45085
Taliam,33.31359,73.55431
Talikot,34.14718,73.86181
Talipatra,34.13812,73.88615
Talka,33.07978,74.01342
Talla Piran,33.50814,73.6955
Tallewali Mohri,34.55265,73.46844
Talputra,34.10266,73.77917
Tamba Ajaib,33.02457,73.57344
Tammnah,33.31755,73.52132
Tamruta,33.94862,73.63451
Tanda,34.35344,73.51018
Tanda,33.78532,73.94865
Tandar,33.20408,73.97607
Tang Gala,33.86778,73.74243
Tang Mahli,34.55649,73.55021
Tangai,33.56729,73.8606
Tangdeo,33.23957,73.78787
Tangeran,33.83103,73.99155
Tangi Gala,33.72639,73.78936
Tangia,33.57933,73.66711
Tangiat,33.99,73.73986
Tanguha,33.56937,73.67237
Tanian,34.15665,73.8
Tankdeo,33.24592,73.7911
Tanuchhi,33.57542,73.64438
Tanyot,33.42273,73.98495
Taobat,34.73187,74.70319
Tapa,33.93774,73.9036
Tara,34.3227,73.72544
Tara Kals,34.26609,73.61525
Tarah Nar,33.57652,73.72292
Tarama,34.44802,73.52282
Taran Nar,33.5808,73.7173
Tarappi,33.78818,73.76614
Tarar,34.58104,73.80094
Tarar,33.83529,73.76926
Tarar Khal,33.68107,73.76393
Tarar Khel,33.76186,73.78696
Tararan,34.21854,73.85884
Tarban,34.43225,73.80751
Tarban,34.42835,73.50512
Tarehan,33.46964,73.7931
Tarheri,34.14256,73.93412
Tariqabad,34.3711,73.4758
Tarkana,33.9207,73.99667
Tarkana,34.5765,73.57666
Tarkanna,33.96663,74.01032
Tarker,33.03442,74.10264
Tarkhan Bandi,34.44209,73.47226
Tarkholian,33.55707,73.72466
Tarkinu,34.40592,73.54442
Tarkna Baihk,34.5201,73.7363
Tarkundi,33.46258,74.17772
Tarkundi,33.45518,74.17151
Tarla Sukar,34.54692,73.54261
Tarli Domel,34.90753,74.413
Tarli Gal,35.0304,74.12996
Tarli Hole,34.99471,74.2398
Tarli Kund,34.94981,74.24233
Tarni,34.33328,73.48613
Tarnot,33.34372,73.8102
Tarnoti,33.86727,73.71547
Taroti Dharamsal,33.78887,74.00762
Tarrani,33.82117,73.74152
Tarwal,33.36884,74.11168
Tas,33.01997,73.73171
Tatakh,32.98935,73.99805
Tatehe Nawan,33.54433,73.79984
Tathal,34.44748,73.63883
Tathiban,33.29453,74.07693
Tatrinote,33.47,74
Tatrot,33.02396,73.79233
Tatta Pani,33.60773,73.94988
Tatwal,34.65799,75.00313
Tedaban,33.96085,74.24214
Tehanwala Dhana,33.8264,74.02065
Tejian,34.72263,74.13989
Tekian,34.54719,73.78151
Telpatre,34.23019,73.82412
Teri,34.4213,73.58376
Teri,34.49685,73.50634
Tetran,34.35314,73.71695
Thaira,33.14145,74.03092
Thaiyan,34.49788,73.82612
Thakra,33.26112,73.5648
Thakra Chak,33.08398,73.77289
Thakro Kot,33.34209,74.11949
Thal,33.50728,73.86343
Thala,33.8984,74.07763
Thala,34.29907,73.48613
Thala,33.3305,73.51108
Thala,33.94186,73.61855
Thala Makri,34.38476,73.47566
Thala Sharif,33.01171,73.90955
Thalehara,33.46437,73.83173
Thali,34.77791,75.15308
Thali,34.71699,74.95469
Thalla,33.0575,73.92646
Thamla,33.56356,73.72963
Thanda Pani,34.80107,74.58268
Thandapani,34.91804,74.22868
Thandapani,34.67508,74.09164
Thandi Kasi,33.35556,74.16389
Thandi Kassi,33.5046,74.12086
Thandi Kassi,34.53167,73.48542
Thandiban,33.49567,74.12002
Thandikasi,34.55284,73.56602
Thanelian,33.77579,73.64711
Thangar,34.30139,73.49389
Thangar,34.40557,73.43119
Thanneh,33.66227,73.83576
Thar,33.39219,73.57673
Thara,33.53894,73.70918
Thara,34.23433,73.83043
Tharochi,33.4264,73.87046
Thata,33.0173,74.00445
Thathal,33.15069,73.76587
Thathi,33.09972,73.89669
Thathi,33.40493,73.99482
Thathi,33.47917,73.94326
Thathi,33.26207,73.51549
Thathu,34.34297,73.62044
Thati,33.18851,74.03227
Thehra,33.48283,74.03463
Thenda Chua,33.69717,73.62343
Ther,33.49399,73.64855
Ther Chak,33.16676,73.67571
Thikaran Wala Danna,34.54299,73.4471
Thil,33.38649,73.9764
Thil,33.74474,73.78943
Thil,33.72871,73.8001
Thil,33.58577,73.69989
Thilian Baihk,34.57579,73.57435
Thill Colony,33.14089,73.61917
Thod Baihk,34.75488,73.79499
Thola,33.90554,74.15327
Thop,33.36389,73.74653
Thor,34.40464,73.49098
Thora,34.54409,73.60196
Thora,34.55323,73.55494
Thora,34.50436,73.63776
Thora Duliar,34.52883,73.61739
Thorar,33.84742,73.63983
Thothal Maira,33.15934,73.78373
Thothal Mandi,33.16523,73.78114
Thothal Mian,33.15986,73.781
Thothal Mohra,33.14892,73.78158
Thub,32.97287,74.28355
Thub Jagir,33.3686,73.74558
Thuli,33.63126,73.66377
Thund,33.97136,74.16214
Thunian,34.63843,73.76687
Thutha,34.26975,73.58494
Thuthar,33.45964,73.52813
Tibba Mank Rai,33.05178,73.69081
Tibbe,32.87183,74.25075
Tikki Nilam,34.66103,73.93998
Til Putra,34.02517,74.14892
Tilichh,33.02207,74.13571
Tilwari,34.31214,73.85035
Timar Kot,34.10438,73.72656
Tinda,33.53216,73.88448
Tingan Partan,33.90286,73.95432
Tired,33.00462,74.15231
Titrinot,33.74563,73.98099
Titrot,33.84838,73.67623
Titrot,33.96209,73.64495
Tobki Nakka,34.31132,73.63103
Tokan,33.3798,74.06104
Tokan,32.99141,74.00846
Topa,33.83093,73.716
Topa,33.92031,73.57824
Topa,33.78634,73.5983
Topa Dhari,33.95571,74.1964
Topi,33.92123,73.65658
Torwal,33.36148,74.10526
Toter,33.49256,73.57025
Trala Kalah,33.57837,73.65432
Trala Khird,33.57765,73.6741
Trangar,34.46707,73.6653
Trappa,34.07258,73.76213
Trar,33.76383,73.67574
Trarwala,33.94212,74.09877
Trekanna,34.57152,73.57113
Trekanna,34.75934,73.99558
Trekanna,34.34364,73.66874
Trekanna,33.95995,74.11156
Trenkanna,34.34759,73.63651
Tridha,33.79939,73.73532
Trikandab,34.76021,74.18113
Trubara,33.92513,74.05089
Truti Khori,33.02209,74.18994
Tuffarabad,34.10744,73.88957
Tuledat,34.61803,73.8698
Tulla,33.60518,73.59987
Tung,34.46057,73.72679
Tung Wali Bhaik,34.3222,73.7082
Tunga,33.93667,74.05676
Tungeri Piran,33.85565,74.07374
Tungi,34.33721,73.62494
Tungwali Dub,34.27013,73.9416
Tuni,33.12923,74.04512
Tutanwala,32.85113,74.36351
Uchh,33.18867,73.83159
Uchh,33.72915,73.83511
Uchhilas Aziz,33.19136,73.82199
Udeh,33.5921,73.77309
Udham,34.10881,73.91382
Uich,33.94737,74.2176
Ukhari,33.4396,73.89003
Ukhi,34.2299,73.81209
Ulari,34.73589,73.92553
Unah,33.39369,73.99771
Uparla Dothan,33.82685,73.84298
Uparli Banian,32.83619,74.36809
Uparli Ure,33.95188,74.2079
Uperla Gura,32.94685,74.16728
Upper Chhattar,34.3435,73.4727
Upper Plat,34.37053,73.47065
Upper Sakran,33.18515,74.06318
Uppi Bala,34.09772,73.90253
Uppi Pain,34.10648,73.90148
Uran,34.31581,73.78925
Ure,33.93933,74.21791
Ureb,33.93635,74.19428
Uri,33.78977,73.65264
Urli,34.73333,74.01667
Urni,34.21043,73.89648
Urnian,34.79986,74.15146
Urnian,34.32181,73.60534
Urnian,34.88655,74.16522
Urrian,34.25127,73.68418
Usinan Baihk,34.80143,74.60994
Usman Baihk,34.88794,74.50282
Utla Sukar,34.55689,73.53682
Utli Domel,34.96029,74.47563
Utli Gal,35.04644,74.11801
Utli Kundi,34.95842,74.25109
Utli Suleji,34.24112,73.83145
Utlihole Baihk,35.00707,74.25493
Utrosi,34.26691,73.49198
Walayatabad,33.37072,73.53812
Watala,32.90232,74.29621
Wazirabad,33.50932,73.64937
Yagoban,34.7901,74.40867
Yahra,32.91827,74.21237
Yaqubi,34.52984,73.74982
Yaran,34.28322,73.73222
Zafarabad,32.90084,74.14119
Zargar Pari Baihk,34.82804,74.60599
Zian,34.69753,74.92998
Ziara,32.88231,74.22075
Ziarat,33.46778,74.01512
Ziarat,33.39208,74.08424
Ziarat Baba Fateham,33.70486,73.76514
Ziarat Baba Khair Shah,33.84748,74.0158
Ziarat Chhatti Badshah,34.3575,73.46384
Ziarat Company Head Quarter,33.82791,74.09875
Ziarat Mahsum Shah,34.45195,73.58349
Ziarat Pir Chinasi,34.38795,73.55139
Ziarat Pir Kanhati,34.01859,73.90767
Ziarat Sain Kasu Sarkar,34.30525,73.57295
Ziarat Sain Yousaf,33.96783,73.83498
Ziarat Shaikh Chan Wali,34.26957,73.53861
Ziarat Sultan Abdullah,34.28875,73.55412
Ziarat Yasin Shah,33.97097,73.77812
Ziarat Yousaf Ali Shah,33.97601,73.82867
’Ali Mian,33.10106,74.01654
