name,latitude,longitude
Aab-e-Noghai,28.02293,66.43604
Aabdul Fateh Jamali,28.36992,68.14837
Ab-e-Noghai,28.02528,66.43353
Ab-i-Gul,29.66976,66.90258
Ab-i-Gum Kili,29.80676,67.3992
Ab-i-Sar,26.00196,63.07998
Ababaki Kili,28.21619,66.30946
Ababakri,28.36121,65.19852
Ababki,29.55391,66.55784
Abad,27.07709,66.2007
Abad,29.71284,66.44576
Abad,29.9047,66.65676
Abbas Bazar,26.06193,62.75657
Abbas Goth,25.40808,65.4856
Abbas Khan,28.58549,68.44063
Abbas Khel,30.69667,67.35028
Abda Kal,30.82178,66.50738
Abdakai Bala,30.88628,67.38215
Abdakai Koza,30.87293,67.40277
Abdal,30.84693,67.49871
Abdar,27.99704,66.31606
Abdari Landi,28.75757,63.92193
Abdoi,26.33157,62.30625
Abdol Aziz,29.49444,66.53611
Abdu Goth,26.26868,66.7717
Abdu Majid Brahui,28.46691,68.55281
Abdu Rehman,31.28232,66.89592
Abdul Aziz,26.40315,65.61241
Abdul Aziz,31.17488,66.85415
Abdul Aziz Bazar,26.70795,63.48744
Abdul Aziz Lund,30.27068,69.77808
Abdul Bari,31.27864,66.95246
Abdul Buqi Kior,30.82623,68.77149
Abdul Fateh Khoso,28.5111,68.42508
Abdul Fateh Rind,28.43037,68.20548
Abdul Fattah,29.10734,66.48665
Abdul Gaffur Bazar,27.22424,64.74562
Abdul Ghafar Baloch,26.45032,65.6328
Abdul Ghaffar Jamali,28.1557,68.04291
Abdul Ghafur,27.36254,66.86263
Abdul Ghafur,27.61576,66.52428
Abdul Ghafur Kili,27.52306,66.53173
Abdul Ghafur Kili,30.07289,69.03963
Abdul Ghafur Rahuja,28.39025,68.1757
Abdul Ghani,31.51118,67.77981
Abdul Ghani,28.91445,64.02031
Abdul Ghani Gis,29.3189,63.96416
Abdul Ghani Khosa,28.43274,68.72542
Abdul Hakim,28.46139,66.31558
Abdul Hakim,28.04652,63.26218
Abdul Hakim,26.92373,64.70981
Abdul Hakim Bazar,26.60941,63.79693
Abdul Hakim Brahui,28.3701,68.18166
Abdul Hakim Kili,29.91487,66.97645
Abdul Halim,30.78989,68.60521
Abdul Hanan,27.60008,66.4878
Abdul Haq Brahui,28.42419,68.13918
Abdul Jabbar,28.97978,66.27462
Abdul Jalal Kili,30.72155,68.27212
Abdul Jalil,28.71937,66.63593
Abdul Karim,26.34975,66.61537
Abdul Karim,25.34159,62.42738
Abdul Karim,26.55474,65.67669
Abdul Karim Babar Khan,28.40581,68.18854
Abdul Karim Bakhlani,28.46146,68.93445
Abdul Karim Bazar,25.29675,62.30227
Abdul Karim Brahui,28.07586,67.70534
Abdul Karim Chanal,28.13998,66.41628
Abdul Karim Chanal,28.16645,66.46711
Abdul Karim Halq,26.7534,63.87055
Abdul Kasnia,28.24308,66.11462
Abdul Khaliq,26.38139,66.7073
Abdul Khaliq,28.02109,66.33572
Abdul Khaliq,31.14062,66.91404
Abdul Khaliq,28.09531,66.48798
Abdul Khaliq,30.90048,67.19201
Abdul Khaliq,30.65317,66.41106
Abdul Khaliq Lahri,28.4881,68.16473
Abdul Khaliq Umrani,28.5075,68.38439
Abdul Khan,29.67514,66.41154
Abdul Latif Hotal,25.66676,67.33133
Abdul Majid Brahui,28.45688,68.58817
Abdul Majid Lehri,28.49493,68.20838
Abdul Majid Rabat,30.23113,68.58285
Abdul Malik,30.82591,68.5807
Abdul Manan,30.77613,68.61586
Abdul Nabi,30.11987,66.96708
Abdul Nabi Brahui,28.2694,68.17755
Abdul Nabi Pandrani,28.38906,68.22756
Abdul Qaddus Kili,30.76266,68.5981
Abdul Qadir,28.4558,68.63061
Abdul Qadir Baloch,26.43671,65.62158
Abdul Qadir Bugti,28.57453,68.47256
Abdul Qadir Gowarani,28.09707,66.22581
Abdul Qadir Khosa,28.47533,68.53195
Abdul Qadir Kili,27.51484,66.5346
Abdul Qadir Mailan,30.81389,68.29722
Abdul Qadir Shikart Bazar,26.69461,63.42065
Abdul Rahim,28.05733,66.34478
Abdul Rahim Bazar Paleri,25.27231,61.98278
Abdul Rahim Gis,29.29037,63.93198
Abdul Rahim Khan,28.47993,68.7277
Abdul Rahim Kili,31.51572,69.09321
Abdul Rahman,30.58367,66.68797
Abdul Rahman,26.98582,64.89111
Abdul Rahman,26.63551,65.76084
Abdul Rahman,26.53876,65.79427
Abdul Rahman,28.36123,68.11033
Abdul Rahman Brahui,26.66624,66.3343
Abdul Rahman Gis,29.28374,64.06541
Abdul Rahman Pathan,28.35585,68.23134
Abdul Rahman Qalandari,26.62171,66.79687
Abdul Rahman Shaikh Kili,27.47222,64.13997
Abdul Ramzan,28.2337,66.11728
Abdul Rashid Chholgri,28.40658,68.12918
Abdul Rasul,28.24969,66.48316
Abdul Rasul,30.58014,66.64344
Abdul Razaq Khosa,28.48421,68.50401
Abdul Razzad Kili,30.32142,66.62181
Abdul Rehman,26.29526,62.9643
Abdul Rehman Bazar,26.62105,63.78545
Abdul Rehman Hijwani,28.39448,68.30114
Abdul Rehman Lungo,28.75237,65.68596
Abdul Salam,30.69028,67.0689
Abdul Salam Kili,31.19377,68.43396
Abdul Samad,28.44248,68.68532
Abdul Sattar,30.79782,68.59988
Abdul Shakur,30.76672,68.59423
Abdul Suttar,26.45459,65.68176
Abdul Wadudh Akhullazada,30.69798,68.33629
Abdul Wahab,28.414,68.3813
Abdul Wahab Brohi,28.07681,67.84335
Abdul Wahid,31.47758,67.82927
Abdul Wahid Mirwani,26.71217,66.76739
Abdul Wahid Sasoli,28.09888,66.22264
Abdullah,30.71306,67.06083
Abdullah,25.76928,67.07749
Abdullah,29.96599,67.06669
Abdullah,26.64591,65.7703
Abdullah Bazar,26.62715,63.22231
Abdullah Bazar,25.27341,62.32736
Abdullah Chanal,28.21139,66.42907
Abdullah Goth,26.27857,66.76238
Abdullah Gowaranjo,28.08919,66.21695
Abdullah Halq,26.89202,63.89637
Abdullah Halq,26.7618,63.85829
Abdullah Jan,30.58371,66.68945
Abdullah Jan,30.56567,66.60904
Abdullah Jhugi,28.54687,64.05256
Abdullah Khan,29.30571,64.32191
Abdullah Khan,27.98488,66.57251
Abdullah Khan,30.91391,69.78039
Abdullah Khan,30.435,66.90417
Abdullah Khan Habibani,28.45863,68.93802
Abdullah Khan Rind,28.39846,68.2269
Abdullah Kili,30.6417,67.5669
Abdullah Shah,28.60612,68.39222
Abdullah Shah,28.12321,67.81339
Abdullah Shambani,28.35003,67.47783
Abdullah Town,30.16835,67.00504
Abdullah Umrani,28.34945,67.78076
Abdullah Wadho,26.8968,66.56902
Abdulwali,30.45366,66.50913
Abdur Rahman,31.14789,66.96515
Abdur Rahman Gis,29.28281,64.04355
Abdur Rahmanzai,30.36038,66.63928
Abdur Rehman,30.60241,66.48659
Abdur Rehman,28.82303,66.5241
Abdur Rehman Bal Bazar,25.51054,61.91645
Abdur-Rahman,27.57167,65.37065
Abdur-Razzaq,30.15615,68.52579
Abgul,29.48445,66.77242
Ablo,27.64802,66.14068
Abra,28.45946,68.22698
Abra Wand,28.9801,67.9316
Abrah,29.06076,67.64973
Abro Wah,28.31997,67.48046
Absar,25.99473,63.08575
Abu Bakar,26.30989,66.64705
Abu Said,30.76463,67.21137
Abu Shah Chah,25.24704,63.39864
Abzai,25.26861,63.42615
Achakzai Colony,30.15968,67.02397
Achehhar,25.75931,67.212
Achrani,26.24375,66.35139
Adal Khan Colony,28.62877,69.20612
Adam,26.32189,65.02803
Adam,26.31975,66.56499
Adam Goth,24.99635,66.71352
Adam Khan,27.62095,65.44107
Adam Khan Brahui,28.22518,68.16597
Adam Khan Kili,30.14624,66.98634
Adam Khan Lohar,28.58145,67.92361
Adam Khan Magsi,28.34347,68.15423
Adam Khazai,30.94637,70.03299
Adam Kili,31.71773,69.32374
Adam Pir,25.30719,66.71051
Adam Zawar,31.216,70.09185
Adampur,28.54362,68.59233
Adamzai,29.45622,66.52227
Adamzai,30.48498,66.6872
Adamzai,30.31964,69.25363
Adamzai,29.6655,66.39536
Adamzai Kili,31.06854,69.42625
Adamzai Kili,31.06712,69.40413
Adanzai,30.93605,69.5808
Adanzai,30.91981,69.5617
Addarzai,30.98579,69.30718
Addozai Kili,30.93551,69.49702
Adhani Kili,28.3155,67.36727
Adhga Haidera,30.79248,69.50553
Adi,25.41667,66.53333
Adilabad,28.10725,66.27243
Adilabad,31.50984,69.84904
Admani Noh,28.73674,67.9066
Adnanzai,31.09349,69.85097
Ado,26.63118,66.09614
Adog Kili,30.6374,69.17849
Adorah,30.93419,67.19748
Adosh,30.8075,66.83518
Adosh Chinar,30.9489,66.92868
Adosh Sar,30.87909,66.89683
Adosh Shishan,30.92206,66.95001
Adozai,30.91522,69.5347
Adozai Kili,31.08624,69.42121
Adozo Zrandah,31.01513,66.76599
Adrahimzai,30.7502,68.3871
Adrai Melan,31.15626,68.54069
Adrakzai,31.00308,66.77168
Adrakzai,31.01704,66.75898
Aduzai Kili,30.90972,66.43732
Afghan Basti,29.48099,67.68971
Afghan Khosa,28.40607,67.42044
Afghan Kili,29.83014,66.84112
Afzal Khan,29.84096,67.04466
Afzal Khan,28.84423,65.01774
Agha Gul,30.77652,66.63131
Agha Muhammad,30.56986,66.59608
Agha Muhammad Barozai Colony,30.17943,67.01306
Agha Muhammad Kili,30.80436,66.47931
Aghabad Kili,30.05803,68.90867
Aghbalgai Karez,30.7275,67.52261
Aghbarg,30.91993,67.59029
Aghbarg,30.45386,69.0152
Aghbarg,30.82778,67.33296
Aghbarg,30.35242,68.38035
Aghbarg,30.79026,67.04777
Aghbarg,31.04221,69.19983
Aghbarg Kili,30.67142,68.43238
Aghbarg Maghzai,30.99047,66.90123
Aghbarg Nishpa,31.15524,69.94979
Aghbarga,30.29476,67.35054
Aghbargai,30.93708,67.43129
Aghbargai,30.89128,67.43626
Aghbargai,30.67938,66.58468
Aghbargai,30.81835,67.38635
Aghbargai,30.90778,67.3157
Aghbargai,30.50918,67.33449
Aghbargai,30.74156,66.74288
Aghbargai,30.76948,67.23835
Aghbargai,30.76985,67.01432
Aghbargai,30.94477,68.05539
Aghbargai,30.75035,67.40235
Aghbargai,30.48898,69.36432
Aghbargai,30.66774,66.571
Aghbargai,31.25226,69.91486
Aghbargai,30.47259,69.34357
Aghbargai,30.87798,67.63342
Aghbargai,30.62694,67.50917
Aghbargai,31.92432,69.65124
Aghbargai Kili,30.67227,67.69529
Aghbargai Kili,30.80406,68.95706
Aghbargai Kili,30.74297,68.9235
Aghbargai Kili,31.36417,69.55627
Aghbargi Kili,30.26336,68.5402
Aghhargi,30.33106,68.15877
Aghor,25.43926,65.54763
Agor Bent,25.72167,64.89778
Ah Gohram,26.26869,62.85773
Ahad,31.48793,67.96851
Ahad Ali,29.83334,67.00424
Ahdekai,31.12132,67.80692
Ahengari,28.087,66.79645
Ahmad,30.90405,67.4812
Ahmad,26.28568,66.53462
Ahmad,25.45627,64.66089
Ahmad,26.40896,66.72211
Ahmad,30.36694,66.92028
Ahmad Bazar,26.42755,63.63298
Ahmad Bazar,26.64502,63.24113
Ahmad Bazar,25.32729,62.199
Ahmad Chah,28.06727,64.75481
Ahmad Ghis,27.27077,62.85554
Ahmad Goth,25.33212,66.89586
Ahmad Goth,25.14398,66.75322
Ahmad Hara,28.969,67.68604
Ahmad Khan,31.54722,67.88333
Ahmad Khan Bazar,26.35479,64.15558
Ahmad Khan Goth,25.86347,67.32743
Ahmad Khan Umrani,28.26918,68.05144
Ahmad Khanzai,30.16356,66.97948
Ahmad Khei,30.50414,66.49379
Ahmad Khel,30.59729,66.81271
Ahmad Lund,30.26556,69.77538
Ahmad Nur,27.77807,66.41483
Ahmad Rodini,26.48309,66.51358
Ahmad Rozi,26.4066,66.5493
Ahmad Salarani Basti,30.20622,69.6859
Ahmad Shah Kotanai,31.04275,66.66396
Ahmad Tsah,30.74546,69.40519
Ahmad Tunia,28.1479,67.52421
Ahmad Wal,29.42217,65.93635
Ahmadabad,29.13578,66.53595
Ahmadabad,28.13481,67.8229
Ahmadan,29.20224,67.90428
Ahmadi Dirga,31.5861,69.87197
Ahmadpur,28.72077,67.67312
Ahmadun,30.48798,67.36436
Ahmadzai,31.06056,69.53637
Ahmed Feelan,30.55579,66.61442
Ahmed Feelan,30.53938,66.63887
Ahmed Kandi,26.47986,65.19169
Ahmed Khan Karez,31.25688,67.65773
Ahmuk,30.29629,69.33884
Ahorha,28.95,68
Ahsan Khan,30.75977,68.60529
Aioto,29.14296,67.58173
Aitebar Brahui,27.98809,67.8621
Ajab Tangai,31.15343,69.67298
Ajaibzai,30.73254,66.90569
Ajlal Muhammad Amir,30.36193,69.43637
Akara,25.25917,62.25528
Akara Khan,28.27728,68.09544
Akbar Bazar,26.22924,64.93245
Akbar Khan,28.60101,68.53244
Akbar Kili,30.06738,69.00299
Akbar Kili,29.06178,63.93478
Akbari,30.14093,67.83591
Akha Kaul,30.72181,66.75507
Akhezai,30.69938,66.97742
Akhmadkhan,31.62833,67.88472
Akhol,30.65512,67.5677
Akhruk,28.79026,66.56504
Akhtar Bazar,26.62866,63.41482
Akhtar Jan,28.85844,65.72578
Akhtar Kaul,30.76698,66.76633
Akhtar Kili,31.43812,69.41087
Akhtar Kili,30.51159,67.64563
Akhtar Kili,30.25003,66.45892
Akhtar Muhammad,31.30306,66.98629
Akhtar Muhammad,30.97339,66.80298
Akhtar Muhammad Karez,31.21764,67.67032
Akhtar Muhammad Kili,30.28515,66.50829
Akhtar Muhammad Kili,30.89551,66.40893
Akhtar Nike Ziarat,30.94093,68.09705
Akhtar Shah,30.01787,68.97001
Akhtarabad,30.12511,66.94269
Akhtari Kaha,30.2017,67.87501
Akhtarwal,29.51963,66.5622
Akhtarzai,30.68236,68.5101
Akhtarzai Kili,30.66333,68.49657
Akhter Kaul,30.90962,66.9294
Akhter Kaul,30.85104,66.90968
Akhtiar Manda,31.50503,69.74585
Akhtmar,30.4375,67.29583
Akhund Baba Ziarat,30.19837,66.98375
Akhund Karez,29.86316,66.74952
Akhund Mulla Malli Ziarat,29.58904,67.9373
Akhundani,28.60809,67.43089
Akhundzada China,30.3462,68.71908
Akhunzada,30.4018,66.9892
Akhuri,29.59999,66.69061
Akhzai,30.7693,67.00546
Akil Iomak,25.84972,63.40083
Aklas Zaregai,30.71889,67.82083
Aknam Khan,28.1356,67.96183
Akoza,28.14526,66.30551
Akozai Kili,31.48431,69.45858
Akrabai Kili,30.51341,69.31737
Akram,30.38805,67.77696
Akram Kach,30.9776,66.79366
Akram Khaskheli,28.35623,67.47862
Akram Na Machine,28.92728,66.60431
Akro,27.72489,67.15361
Akro,27.7707,66.654
Al Jamiat Colony,30.24442,67.01608
Al Muhafiz Police Chowki,30.24539,67.02483
Ala Damb,27.60734,66.17147
Alabad,28.205,66.05739
Alai,30.8978,67.30353
Alai,30.90866,67.30266
Alam Khan,28.1981,67.47046
Alam Khan,26.94176,66.11012
Alam Khan,27.26113,64.31784
Alam Khan,29.39216,66.53841
Alam Khan,29.58333,65.98333
Alam Khan,28.0448,63.28448
Alam Khanzai,28.15408,66.07387
Alamdar But,28.2882,64.23759
Alamgul Kili,30.79583,68.36806
Alandur,26.28102,63.02418
Alandur,26.2992,63.02871
Alandur,26.36717,63.00059
Alangi,27.94905,66.26026
Alangi,27.68545,67.11587
Alangi,27.13454,65.58645
Alat,28.08333,66.11667
Albat Karez,29.13462,65.91317
Alhanda Khan Jamali,28.02142,67.96003
Alhando Khan Umrani,28.53299,68.3922
Ali,26.57241,65.66813
Ali,31.18701,67.22574
Ali Abad,26.01565,63.02342
Ali Abad,30.19192,67.02799
Ali Ahmad,27.71334,65.85917
Ali Bagh,26.14756,65.38742
Ali Bakhsh,28.38226,67.42436
Ali Bakhsh,29.93285,69.28509
Ali Bakhsh,27.5535,66.40883
Ali Bakhsh,26.74248,66.92146
Ali Bakhsh Bazar,26.21222,64.10427
Ali Bakhsh Brahui,28.43245,68.19052
Ali Bakhsh Mir Jat,28.17162,67.437
Ali Bakhsh Sakhani,28.34035,67.48581
Ali Band Kili,31.19508,68.14233
Ali Bazar,26.73691,64.12569
Ali Bazar,25.92894,63.92027
Ali Dad,26.35763,65.01666
Ali Dad Baloch,30.35033,66.60696
Ali Dasht,29.10752,66.88072
Ali Dost Kili,29.72207,65.85441
Ali Gat,31.22988,69.95538
Ali Ghis,27.36656,63.09255
Ali Gohar,28.10045,67.82976
Ali Gohar Khan Jat,28.20299,68.13417
Ali Gul Kili,30.87846,66.38514
Ali Gwaranjo,26.44461,66.06391
Ali Hasan Jamali,28.34839,68.24703
Ali Hasan Khosa,28.32594,68.22987
Ali Jan Mena,31.00779,70.17246
Ali Janzai,28.87302,66.37213
Ali Khan,30.205,67.59937
Ali Khan Kili,30.90796,66.39326
Ali Khan Kili,30.91274,66.42485
Ali Khan Lashari,28.35506,68.13915
Ali Khan Rind,28.36397,68.08491
Ali Khanzai Kili,31.26108,69.38227
Ali Khel,31.18549,69.9218
Ali Khuh,26.79201,66.29065
Ali Mardan Halwani,27.99657,67.66246
Ali Mardan Shahbani,27.96944,67.55455
Ali Mardan Shahbani,27.99205,67.65963
Ali Muhammad,28.23894,67.43309
Ali Muhammad,26.67548,66.31364
Ali Muhammad,29.89694,66.8669
Ali Muhammad,28.74126,67.51322
Ali Muhammad,31.26189,66.8692
Ali Muhammad,29.92529,67.08037
Ali Muhammad,26.42182,63.61159
Ali Muhammad Bazar,26.61189,63.78604
Ali Muhammad Bazar,26.16058,64.19051
Ali Muhammad Bazar,26.81233,64.48997
Ali Muhammad Bazar,26.0202,64.30757
Ali Muhammad Gidan,28.83049,66.07157
Ali Muhammad Gis,26.20826,63.18242
Ali Muhammad Gola,28.30203,67.69413
Ali Muhammad Goth,26.29123,66.75837
Ali Muhammad Jattak,28.47311,68.08365
Ali Muhammad Kili,29.0959,63.96743
Ali Muhammad Rais,28.09266,68.00072
Ali Muhammad Sial,28.39454,68.36429
Ali Muhammad jo Goth,27.92814,67.67926
Ali Murad,29.61111,66.41111
Ali Murad,27.48335,65.0991
Ali Murad Bazar,26.90105,63.6383
Ali Nawaz,28.60486,68.43398
Ali Nawaz,28.07062,67.89871
Ali Nawaz Dharpati,28.43036,68.17763
Ali Nawaz Ramezai,28.79099,67.42828
Ali Shahu,27.75417,66.07052
Ali Sher,30.75416,67.49807
Ali Sher,31.11766,66.96664
Ali Sher Kili,30.02107,66.96052
Ali Suleman,29.10364,66.88172
Ali Zai,30.08864,67.94786
Ali Zai,31.05512,69.53979
Ali Zar,31.0474,69.54279
Aliabad,28.35833,68.24444
Aliabad,28.04865,67.74594
Aliabad,28.8226,66.49746
Aliabad,28.17543,68.00136
Aliabad,29.90329,66.75723
Aliani,29.28798,68.92163
Alif Kili,30.02432,68.9521
Alif Kili,30.051,68.84582
Aligad Kili,30.44414,69.57815
Aligai,30.76392,67.54649
Alik Ghund,30.48976,67.52177
Aliru Mazwa Kili,31.43247,69.10339
Alizai,30.62011,67.32014
Alizai,30.71821,69.39796
Alizai,30.73235,66.94915
Alizai,28.04517,66.6517
Alizai Kili,31.05212,69.95317
Alizo Zrandah,31.03631,66.75365
Alkozai,30.79345,67.45478
Alladadzai,30.67501,68.47428
Allah Abad,28.4523,67.9328
Allah Bakhsh,28.25833,63.23056
Allah Bakhsh,27.54365,65.54524
Allah Bakhsh,29.92525,69.87967
Allah Bakhsh,25.53838,64.37684
Allah Bakhsh,28.0914,63.1448
Allah Bakhsh,28.23533,67.40041
Allah Bakhsh Bazar,26.96763,64.24075
Allah Bakhsh Bazar,26.07133,64.18209
Allah Bakhsh Brahui,28.30007,68.1927
Allah Bakhsh Gis,29.26879,64.20572
Allah Bakhsh Jat,28.16353,67.43434
Allah Bakhsh Mullazai,27.73537,66.4218
Allah Bakht,26.04647,62.87617
Allah Dad Bazar,25.70336,62.43506
Allah Dad Chah,28.82255,64.31542
Allah Dad Chah,27.45202,64.24558
Allah Dad Halq,26.89841,63.78539
Allah Dinna,29.61705,66.7468
Allah Dino,28.45216,67.99426
Allah Dino,28.2388,67.42633
Allah Ditta,28.20432,67.98625
Allah Goth,28.5539,67.37356
Allah Rakha Laghari,28.35282,68.18835
Allah Rakhia,28.14584,67.91688
Allah Rakhia,26.04473,66.35693
Allah Rakhlo,25.66168,67.08855
Allah Warai,28.45721,67.43083
Allah Yar Khan,28.33656,68.20987
Allah Yar Zai,28.77886,66.62197
Allahabad,28.12274,66.28886
Allahabad,28.42791,68.6702
Allahabad,28.891,67.7942
Allahabad,28.30224,67.38456
Allahabad,28.20826,68.00285
Allahabad,28.23522,68.00793
Allahabad,30.6049,67.01447
Allahabad,29.46267,67.64801
Allahabad,28.89633,67.63808
Allahabad,29.68972,67.34507
Allahabad,28.74083,67.68284
Allahabad,28.07382,67.82818
Allahabad Karyar,28.75659,67.86053
Allahabad Nichari,28.45333,67.9043
Allahdad,26.46947,65.69346
Allahdad,30.44581,67.45597
Allahdad,26.82941,66.25659
Allahdad Khan,26.4507,65.4196
Allahdad Rahuja,27.96976,67.78819
Allahdin Goth,24.94702,66.70185
Allahdin Rind,28.1657,67.96025
Allahzai,30.85341,69.6199
Allahzai,30.82924,69.59543
Allan Shehr,29.85386,69.5703
Allo Mehri Goth,25.40311,66.651
Allozai,30.34633,66.93534
Allu,29.90961,66.86587
Allu,28.99948,67.68649
Almas,25.33356,63.44215
Alo Dasht,27.12632,67.16962
Alo Kili,30.38345,66.95136
Alozai,30.6645,68.61618
Alozai,30.67616,68.59265
Alozai,31.37874,67.80224
Alraza Umrani,28.28896,67.99058
Alro,28.3985,66.8079
Alroi,29.2529,66.87592
Alu Khan,28.57917,68.58056
Alu Khan Kach,30.6013,69.76667
Aludo,28.43145,67.79865
Alwara,30.30267,68.4791
Amad Chah,29.13333,63.63333
Amal Khan,29.18807,64.1541
Amalaf Colony,29.22651,61.64616
Amalani,25.85643,62.76446
Amanu,29.14113,67.80624
Amanullah,31.15229,66.73195
Amanullah,26.41174,65.64088
Amanullah Shar,28.61249,68.36252
Amar,28.44535,67.43066
Ambagh Goth,25.35881,66.66044
Ambagh Husain,25.37039,66.65894
Ambar Garang,31.41818,69.97719
Ambar Ghundai,30.83174,68.59207
Ambar Ghundi,30.82672,67.78155
Ambar Kili,30.88588,68.86447
Ambara,30.69101,66.80322
Ambi Bazar,25.4787,62.73658
Ameen Kaul,30.96667,66.82716
Aminabad,29.119,64.61103
Aminabad,29.14142,64.69742
Aminābād,29.1428,64.7004
Amir,31.16431,66.87299
Amir Abad,28.4427,67.9278
Amir Ali Khan,28.09022,67.92942
Amir Bakhsh,28.71594,67.69629
Amir Bakhsh Bazar,27.04168,63.55195
Amir Chah,29.21455,62.46995
Amir Gul,28.43942,68.12805
Amir Juma Khan,25.36375,62.76301
Amir Kaul,30.83455,66.80049
Amir Khan,29.77299,67.02419
Amir Khan,30.56794,67.59999
Amir Khan,28.0539,67.8939
Amir Khan Kili,29.04875,64.15524
Amir Khan Sakha Bail,30.55574,67.59261
Amir Kili,31.71959,69.26975
Amir Muhammad,31.17279,66.98914
Amir Wal,29.46149,65.60823
Amirabad,28.96492,67.6108
Amit Khan Baloch,25.39162,64.03767
Amo Kach,30.81925,67.16604
Amrai,30.75294,67.06296
Amranzai,30.66746,66.68372
Amun Kor,30.38194,68.88333
Amuri,29.2458,63.62334
Anagai,30.80245,67.00693
Anakzai,30.9747,69.39642
Anam Bostan,29.73757,65.8868
Anari,28.56897,66.25147
Anari,28.37755,66.78077
Anari,30.14313,69.57857
Anaruk,29.31892,64.16884
Anawal,29.54919,66.55577
Andai,30.83892,67.38876
Andar Kachh,29.97285,68.03082
Andarabad,30.16784,68.60798
Andhi Khan Murri,30.20532,68.52013
Androb,30.37699,68.13281
Ang,30.64688,68.06997
Angiani,30.01358,69.66594
Anhilo,27.90628,62.95711
Anjanai,31.15843,67.44743
Anjarkai Kili,31.57133,69.41047
Anjira,28.97902,66.38003
Anjira,28.30487,66.33277
Anjira Sanni,27.57152,66.42508
Anjiri,29.61396,66.70127
Anjiri,27.44327,66.59875
Anjiri,27.71123,66.86904
Anjiri Kund,29.57217,66.68313
Anjiri Kunj,27.4534,66.5427
Ankini,28.96475,66.36247
Ansa Bazar,25.2941,62.1174
Anugo,27.95393,62.82881
Anwar,30.91377,68.89834
Anwar-ul-Ulum,26.63207,66.80611
Anwarabad,28.96536,61.65784
Anzargat,30.31127,68.43147
Aodkai,30.9683,67.08804
Aodkai,30.84062,67.08463
Aorak Kachi,30.2101,68.04501
Aozhwan,31.15152,69.97661
Apozai Kili,31.33983,69.42227
Apsi Bazar,26.01213,63.02073
Aqal Khan Kili,31.11127,68.79153
Aqil Jagirani,28.08255,67.70484
Aqubani,26.30696,66.32363
Arab Kaul,30.99234,66.93794
Arain,28.99203,67.69757
Aram,30.88419,67.51001
Arambi,30.73632,66.7273
Arambi Masezai,30.74545,66.74577
Aramzai,31.30045,70.01336
Aranji,26.55254,66.56839
Arapa,25.96771,67.11022
Arbab Khan,28.44661,68.57072
Arbab Khan,28.05367,67.88943
Arbab Khan Umrani,28.42901,67.91631
Arbab Kili,30.34444,66.89833
Arbab Town,30.21927,66.98177
Arbani Sharqi,28.8115,67.88915
Arbsin City,30.37538,68.58885
Archīna,28.18056,66.36389
Argan Chah,27.73485,64.38128
Argock,28.21582,66.00085
Arhat,29.2075,67.5196
Arif Kolaizi,29.22104,67.63442
Arif Wala,26.32478,66.29587
Arit,29.00355,67.73865
Arnari,27.29087,66.90397
Arnayzai,30.67641,66.56819
Arohi,27.22567,66.25898
Arraghi,28.21595,66.91368
Arsak,30.28227,68.3349
Artawi,31.11648,66.98188
Arus,28.07677,64.8306
Arz Muhammad,28.1,67.83611
Arz Muhammad,29.04459,63.68381
Arz Muhammad,30.0204,67.08896
Arz Muhammad Bazar,26.95748,64.35299
Arz Muhammad Bazar,26.61738,63.39747
Arz Muhammad Gis,26.42117,63.42635
Arz Muhammad Jakhrani,28.58214,68.34038
Arz Muhammad Kili,29.23735,63.77858
Arz Muhammad Magsi,28.29331,68.35787
Arzanko,27.18946,66.99434
Arzanzai Kili,31.19429,69.28337
Arzi,28.85861,67.47597
Arzi Kili,27.25414,66.26721
Arzoa Goth,25.8291,67.33016
Arzonan,28.30261,66.43263
As Melan,31.20539,68.58115
As Tangi,30.10422,67.30049
As Tangi,30.01396,67.34991
Asad,30.27545,69.37404
Asad Khan,27.44019,65.22496
Asadullah Khan Karez,30.063,68.70008
Asghar Tangi Kili,31.55603,69.37926
Asghara,30.23409,68.14109
Ash Pashkai,30.53329,69.7378
Ashafi,29.08952,66.90175
Ashai Kachhi,31.57173,69.38572
Ashal,26.12349,64.39555
Ashal,26.11404,64.37005
Ashal,26.12755,64.3803
Ashewat,31.32163,68.59811
Ashewat Dak Choki,31.36239,68.52791
Ashezai,30.78218,66.93145
Ashik,30.70694,68.33378
Ashirki Kili,28.6025,65.56467
Ashlo Bazar,26.55302,62.6472
Ashon Ghis,27.35089,63.00933
Ashori,27.72805,65.85333
Ashpili,31.27086,70.16492
Ashraf Jori Log,25.31553,62.60088
Ashraf Khan,28.07587,67.88081
Ashrarkzai,28.92221,66.3533
Asiaabad,26.08865,62.47423
Askan,27.73499,63.12236
Askari Bazar,26.68966,63.32783
Askawas Kili,30.35798,66.71693
Aslam,28.31755,66.04491
Aslam,30.53603,66.65651
Aslam Banhar,30.1038,69.02419
Aslam Khan,28.65381,68.43829
Aslam Khan Khoso,28.64907,68.4313
Aslam Skobi,30.92845,67.98336
Asmani Tangi,30.14493,67.82474
Asp Gaz Bazar,25.66963,62.26642
Asp Kunary,27.59498,65.99582
Aspan,30.05868,67.97151
Aspani,30.07092,67.95933
Asped Kumb,28.18192,66.36249
Aspikuhan,26.22977,62.2111
Aspila Lam Kili,31.33952,69.89527
Aspila Sar Kili,31.34775,69.90833
Asreli Chauki,28.6236,69.03657
Assot Kili,31.24444,69.99767
Assot Post Wam,31.19522,69.90445
Astarabad,26.03333,62.98333
Astashai,31.44758,69.8479
Aston,28.94944,64.65903
Asuri,27.71617,66.23095
Asuzai Tlerai,30.74816,67.5437
Asyabi,27.50943,66.16649
Ata Kach,30.99916,66.76845
Ata Muhammad,28.20374,67.97848
Ata Muhammad,29.87938,66.97571
Ata Muhammad Bazar,26.1997,64.8656
Ata Muhammad Kili,30.73568,68.3189
Atack Bazar,26.55098,62.86527
Atakzai,30.26011,67.14425
Atal Kach,31.25183,69.73873
Atar,26.29352,66.57027
Atar Khan,29.78489,67.00718
Athala,30.86222,67.64603
Athar Khan Rind,28.29145,68.11952
Atiat Colony,30.17854,66.97377
Atif Sinirani,28.95517,64.5621
Atlarai,30.397,68.14216
Atrap,26.03129,64.42305
Att Ghari,31.38566,69.17216
Atta Muhammad,26.90239,65.70871
Atta Muhammad,31.50816,67.83157
Atta Muhammad Bazar,26.23761,64.70246
Atta Muhammad Bazar,26.24793,65.47057
Atta Muhammad Jamali,27.95275,67.79867
Audakai,30.77633,66.87947
Aukar,25.09299,61.77918
Aurlai,31.3622,70.09005
Autak,25.1957,62.31436
Awadan,25.78743,66.63161
Awagera Kili,31.21632,67.43374
Awak,27.76537,66.29892
Awal Khan,30.78258,68.62638
Awal Shah,28.65805,67.61028
Awan,29.24787,67.8679
Awan Salawat,31.1656,68.47191
Awara,31.2168,70.0835
Awaran,26.45677,65.23144
Awwal Hashim Abro,28.82835,67.84021
Ayub,31.24778,66.96528
Az Murgha,30.30448,67.49224
Azad,28.63842,63.20538
Azad,25.3705,64.12451
Azad Shahr,29.90701,69.24581
Azadi,28.8038,67.45721
Azadzai,31.19967,66.84516
Azam Khan,29.71667,65.88333
Azam Khan Goth,26.97627,66.11693
Azam Shah Murad,30.83111,67.68329
Azamard,28.97021,66.33082
Azboti,27.66637,66.61152
Azghalabad,30.09896,66.77234
Azgharlun,30.38036,68.60312
Azghumai,30.8681,67.63768
Azian,26.09833,62.25642
Azim Bazar,26.89741,64.95567
Azim Khan,29.88286,66.85399
Azim Khan Khosa,28.45934,68.425
Azim Khan Kili,30.19347,69.31015
Azim Khan Koti,28.87595,66.11766
Azim Kili,30.38417,66.96333
Azim Kor,30.16878,69.30697
Azim Rind,30.13293,69.94637
Azim Shah,30.02271,68.69791
Azimwala Dera,28.94304,69.0839
Aziz Abad,28.4096,67.9769
Aziz Baloch,26.35779,65.63054
Aziz Muhammad Hotel,26.45439,65.38363
Azizabad,27.70496,66.63314
Azizabad,29.58014,66.73023
Azizullah,31.12361,66.80072
Azizullah Jamali,28.28981,68.05884
Azmatpur,28.87086,67.85771
Baba Badin Kili,29.77118,66.16559
Baba Haji Usman Perdesi,25.97372,66.90133
Baba Hozrat Saiyid Haji Pir Kondoly,25.10524,66.96412
Baba Kili,30.74793,69.11539
Baba Kot,28.4565,67.81974
Baba Masum Shah,30.57409,67.0022
Babakar Khel Kili,31.48769,69.19398
Babakar Khel Kili,31.44503,69.18417
Babakarzai Kili,31.5389,69.70933
Babakr,30.68611,67.54944
Babal Kili,30.34386,69.04173
Babar,28.62153,67.35431
Babar,31.23111,67.00595
Babar,29.06663,68.07251
Babar,30.44696,66.464
Babar,31.22962,69.57745
Babar Kach,29.78384,67.98078
Babar Kili,30.99749,69.89186
Babbar,29.12521,67.89936
Babbar,28.7861,67.69991
Babbar Ahmad Khan,29.13333,67.86667
Babbar Sarkar,28.91826,67.90961
Babek,30.5302,69.05144
Babkari,29.95699,66.74863
Babli,27.63565,66.01861
Babozai,30.24173,66.82381
Babrai,31.36886,69.9183
Babre Shol,25.27148,63.45451
Babri,29.9059,66.70946
Babu,30.85412,67.36327
Babu China,31.03571,67.84286
Babu Mohalla,29.48558,67.62727
Bacha Khan Colony,30.19877,66.97004
Bacha Kili,30.91201,66.38481
Bacha Kili,30.8614,66.37155
Bachak,30.97464,67.50107
Bachawat,29.78989,66.83332
Bachcha,28.96072,67.60769
Bachel Khan Laghari,28.0457,67.9593
Bad Khan Mangal,28.49472,68.2017
Badai,30.43408,66.64155
Badai Bazar,26.44339,62.71565
Badai Khel Kili,31.52759,69.3642
Badai Luck,28.45137,68.1719
Badal Bazar,26.29386,64.237
Badal Khan,29.51852,65.98581
Badal Palal,27.98727,67.79128
Badalwah,28.85718,67.60747
Badar,28.77039,67.68768
Badar Chakul,28.90768,66.71742
Badda,25.63333,66.36667
Badda,28.75518,66.68709
Badda,29.12127,67.8585
Baddil Khan Goth,27.76474,66.81696
Baddo,28.48883,65.33203
Badduzai,28.92921,66.31675
Badduzai,29.6187,67.0532
Bade-i-Dramand,31.63815,69.17454
Badell Kili,29.84431,67.36049
Badewan,30.43053,68.30865
Badezai,30.81366,66.64506
Badezai,30.70354,67.0503
Badhi,28.9519,67.6053
Badin Bund,29.68732,65.83098
Badin Chah,28.98504,65.1938
Badini,29.5841,65.98223
Badini,31.52097,67.84931
Badinzai,31.18194,69.27806
Badinzai Kili,31.15758,69.27979
Badinzai Shamandai,31.18461,69.23711
Badizai,30.93779,67.1203
Bado Kushta,28.33762,66.45195
Badozai,30.17144,69.52569
Badozai,29.86514,66.86086
Badra,29.80914,67.94296
Badram Tunia,28.12652,67.50349
Badrang,27.66883,65.52114
Badrang,28.25466,66.30662
Badrang Bazar,26.31487,64.87504
Badwan,30.71703,66.7755
Baet,28.32166,67.22924
Baga Khan Chotani,29.23877,68.09992
Bagan Khan Jamali,28.35158,68.16877
Bagar Khan,28.25435,67.48425
Bagarzai,30.71021,67.02442
Bagat Katta Khel,30.0924,69.08197
Bagdar,25.73661,62.12236
Bagdar Pisi,25.72885,62.11184
Baggar,25.30241,62.77081
Bagh,30.85006,67.21371
Bagh,29.24699,66.92108
Bagh,30.68972,67.35493
Bagh,30.69126,68.11143
Bagh,30.88894,67.0985
Bagh,30.82474,67.02725
Bagh Awal Kili,31.69758,69.20112
Bagh Head,28.08453,67.7408
Bagh Mullah Ahmad,27.15384,64.23942
Bagh Shah Muhammad,28.3141,66.12226
Bagh Sultan,27.64929,66.60261
Bagh Tail,27.97942,67.74032
Bagh Toba,28.31959,66.00775
Bagh Zamidar Lal Muhammad Brazai,30.30059,67.37374
Baghai,30.67556,66.5285
Baghai,30.71438,66.5541
Baghak Kili,30.78716,66.49029
Baghbani,28.50563,66.655
Baghbani,27.91249,66.32354
Baghdad,30.7062,67.3453
Baghdar Muradwah,29.23302,68.085
Baghga,30.78258,66.90007
Baghicha Guldar,30.93515,66.42971
Baghisar,30.79354,66.88316
Baghke Supak,27.53212,65.39589
Baghsani Kili,31.70135,69.20549
Baghzao,26.23648,62.11642
Bagozai,29.40231,66.60154
Bagra Kulachi,29.41262,67.83399
Bagra Machhi,29.40063,67.81778
Bagreji,28.93755,67.45377
Bagsan Umrani,28.27593,67.93454
Bagtai Kili,31.04823,68.97834
Bagu Hara,28.87617,67.66469
Bahadar,26.28705,62.94522
Bahadar Wala,30.69633,68.41812
Bahadara Basti,29.80172,69.469
Bahadur,29.19602,67.80029
Bahadur Bazar,26.24593,63.03834
Bahadur Khan,28.14438,67.96387
Bahadur Mina,31.09147,70.04696
Bahadur Rind,28.41658,68.20328
Bahadurabad,30.18673,66.95379
Bahadurai,31.12834,66.80898
Bahadurwal,30.69182,68.40299
Bahanrero,27.30886,66.89986
Bahar Kili,30.78791,69.31127
Bahar Mandau,30.868,66.37575
Bahare Khan Jamali,28.07778,67.86667
Baharo,26.46544,64.54927
Bahauddin Bazar,26.29785,64.8872
Bahawal Khan,29.76214,66.42722
Bahindar Gar Jo Goth,25.85149,67.38611
Bahlo,30.24799,69.62923
Bahlol,31.73915,69.21248
Bahlol,31.20987,67.24591
Bahlol,31.10374,67.74413
Bahlol Basti,30.24084,69.58488
Bahlolzai Kili,31.21873,69.34957
Bahman,25.99794,62.99117
Bahmboli,26.78441,65.56252
Bahor China,30.99414,67.46761
Bahorar Kili,31.59528,69.74476
Bahram,28.79213,67.82368
Bahram Khan,29.68298,66.77241
Bahram Khan,28.78333,67.83333
Bahram Khel,31.55885,69.68745
Bahramzai,29.35557,66.60071
Bahramzai,30.65278,67.01667
Bahrani Shahi,29.79139,66.85185
Bahrwal Kili,30.50787,69.03561
Bahut Bazar,26.15795,64.31259
Bahut Bazar,26.02207,64.29066
Bahut Bazar,26.04205,64.44396
Bahut Chat,25.8944,62.4733
Bai,30.28748,68.31645
Baian,31.03569,66.87011
Baian,31.07845,67.82987
Baibani,30.10805,69.91735
Baidarah,30.80823,67.14711
Baidarah,30.81788,67.33528
Baij,27.98425,66.3551
Baiker,29.54721,69.57184
Baile,30.01645,68.06878
Baint Johar,29.16377,67.46732
Bairazai,28.22773,66.17153
Baiyarzai,30.77369,69.55058
Bajari Gis,26.43291,63.4489
Bajhi,28.87907,67.49722
Bajhi,28.88925,67.50348
Baji,29.16572,67.75503
Bajiki,27.75374,66.66814
Bajki,27.7631,66.67512
Bajorai,30.91205,67.62049
Bajui,28.02368,66.62982
Bajui,28.03926,66.70345
Bajuri,27.97342,66.44896
Bakat,28.19222,64.85915
Bakhelai,27.69876,66.94994
Bakher Khan,28.24253,67.39672
Bakhra,29.59875,67.8425
Bakhra Pazh,29.59757,67.83896
Bakhriar Takhri,30.10997,68.06267
Bakhsh Ali,28.34303,67.99685
Bakhsha,29.94903,69.88393
Bakhshi Khan,25.56099,63.42809
Bakht Chamal,30.68516,68.26535
Bakhtar,30.77694,66.7525
Bakhtiar Abad Domki,28.99328,68.01306
Bakhtiar Khan Kili,30.1158,69.15966
Bakhtiarzai,30.69677,66.95761
Bakhto Kili,31.19415,68.69481
Bakia Darbar,28.9389,68.71937
Bakir Kili,30.91668,69.71021
Baknsh Ali,28.75783,67.47758
Bakra Landi,29.2247,65.71282
Bakri,25.51667,61.91667
Bakri Alak,26.35127,65.57542
Bakshozai,31.01444,69.94888
Bal Khan Nagar,31.03822,68.53091
Bala,25.44222,66.75257
Bala Chungi,30.49338,67.39107
Bala Dhaka,30.04346,69.4043
Bala Khan,29.45,65.96667
Bala Kili,30.52207,69.39605
Bala Negandh,30.6274,67.24446
Bala Saran,27.9391,62.91802
Balach Bazar,26.01715,64.31669
Balak,30.87609,67.30793
Balalzai Kili,30.41081,69.55869
Balan,28.3819,67.96064
Baland Khan Bakhlani,28.44778,68.99098
Balaru Mathang,25.34571,64.84626
Balatar,28.049,63.2
Balauri,30.65916,67.04501
Balbal,28.00446,66.35613
Balbas,26.33225,65.83802
Bale,30.26183,69.18245
Baleli,30.27807,66.91164
Balelzai,28.39196,66.69793
Balgatar,27.65486,64.07525
Balgattar,26.17322,64.03628
Bali Ba,28.41737,66.8422
Balichah,26.10137,62.53094
Ball,25.38211,63.89498
Ballen,25.83484,62.64486
Balnigor,25.79926,62.3303
Balnigore,25.8314,62.25993
Balo Khan Kili,30.04649,69.0463
Baloch,28.49504,68.24571
Baloch Khan,29.53444,66.36626
Baloch Khan Shind,26.3811,65.6572
Balochabad,26.03687,62.82747
Balochabad,27.40679,65.44642
Balochabad,26.00406,63.09792
Balochabad,27.00765,65.51894
Balochani,29.16565,67.83511
Balola,30.98076,68.05006
Balor,26.02095,64.36577
Balor Bazar,26.02792,64.39092
Balozai,30.64235,67.34121
Balu Khan Baloch,30.34772,66.64296
Baluch Khan Reg,29.23263,65.29125
Baluchabad,26.11609,62.00775
Baluchabad,26.09523,62.46128
Baluchabad Colony,26.99411,64.06664
Baluchi,25.30638,62.37468
Baluchwal,30.64655,69.2799
Bam Kazi,29.51514,66.77093
Bambiani,30.14314,69.91764
Ban Bazar,25.4987,62.72066
Ban Rahim Bakhsh,27.06613,65.78051
Band,29.96598,69.75648
Band Ata Muhammad,28.14768,64.85876
Band Babu Nabi,28.89211,62.80676
Band Ka Shahr,28.04029,67.61541
Band Kili,31.61096,69.69625
Band Kili,30.9454,69.15512
Band Kili,31.47252,69.83908
Band Malik Bazar,26.16656,64.47793
Band Malik Bazar,26.17634,64.47831
Band Malik Rehmatullah,28.96937,62.77289
Band Pashtun Dara,30.16065,67.03276
Band Qadir Bakhsh,28.94032,62.77935
Band Roshan,28.92651,62.86355
Band Sharif,28.98032,62.75609
Band Walidad,28.97606,62.76958
Bandan Bazar,26.52658,62.58747
Bandaro,27.48556,66.19053
Bandat Ali Khel,30.67838,68.62986
Bandat Jangal,30.46775,67.34427
Bandat Mirzai,30.74509,68.24547
Bandbar,30.68498,67.18407
Bandhka,26.83829,65.40004
Bandi,25.1415,61.8625
Bandi,25.43156,64.7066
Bandi Jakki,27.76223,66.66119
Bandiary,24.9477,66.70517
Bandkai,30.68567,68.68037
Bandkia,31.32885,70.17162
Bando,30.68679,68.56124
Bandri,25.08341,61.7686
Bandvani,30.10169,69.68847
Bandwali,30.82337,70.14791
Bangal Bazar,26.30926,64.86807
Bangal Brahui,27.69868,67.17065
Bangal Ghis,27.2877,63.96455
Bangal Gis,26.39974,63.34043
Bangalzai,30.15148,66.9775
Bangara,30.72332,67.37414
Bangi Karez,29.77459,66.81906
Bangla,29.77624,69.43175
Banglani,28.32388,67.57901
Bangra,30.94433,68.38737
Bangran,27.56115,65.70782
Bangul Dara,28.08027,67.96795
Banher Kili,31.14921,68.95407
Bani Bazar,26.23068,64.92674
Bani Bazar,26.21763,64.91116
Bani Jo,26.2048,64.90868
Baniyas Shop,25.96222,66.32
Banj,27.58951,66.31532
Banj,28.65629,66.07339
Banna Koam Bakhsh,27.91125,67.13156
Bano Sharif,28.59851,67.49756
Bano Shori,28.44758,68.05326
Banri,27.48024,66.82549
Bansar,26.02546,62.10833
Bansar,27.05289,65.53154
Baot,29.09903,66.14296
Baqa Muhammad,28.60104,68.3885
Baqali Chah,28.88976,64.88052
Baqi Kili,30.00424,66.77163
Bar Khuai,30.92499,70.13533
Bar Kuhai,30.95239,70.14339
Bara China,30.92521,67.9847
Bara Kalago,28.02211,63.27963
Barad,31.43557,67.81008
Barah Halani,30.29615,68.44004
Baraho,30.76361,68.38536
Barai,31.16167,66.83524
Barai,30.34817,66.4915
Barak Kili,30.67286,67.40305
Barak Top Kili,29.8692,66.59195
Barak War,30.94595,67.28666
Barakki,27.86595,63.1009
Barambah,25.31194,62.55
Baramdi,29.35291,69.6333
Baran,30.71364,68.32877
Baran,30.86389,67.97111
Baran,30.84562,66.86958
Baran,29.15032,67.87334
Baran,26.75491,63.86393
Baran Kahwa,30.76516,68.30061
Baran Karez,30.59285,67.59043
Baran Kili,30.88333,68.86667
Baran Killi,31.09655,67.63553
Baran Mullazai,31.4178,67.63849
Baranai,30.80936,67.39639
Barani,30.22622,66.53041
Barani Bent,26.97231,66.1144
Baranzai,28.15285,66.39937
Baranzai,28.23207,66.46579
Baranzai Kili,31.13422,66.81653
Baranzo Zrandah,31.14016,66.81968
Barar Ragha,31.20104,70.1676
Barar Ragha,31.21394,70.16606
Barari,29.65907,67.31011
Barasoli,26.85382,63.64322
Barat,30.58741,69.08867
Barat Kaul,30.82012,66.84102
Barat Khel,30.63455,68.81816
Barech Town,30.0799,66.94449
Barechabad,30.12754,66.96912
Barechabad,30.15695,67.02312
Bareja,28.02874,67.48942
Bareri,27.59333,66.17746
Bareri,27.58768,66.16961
Barezai,30.27667,67.18583
Barg Pusht,30.41225,69.97289
Bargai,31.28493,70.14822
Bargai,30.50365,69.1198
Bargalai,31.2568,70.10302
Barghalai,31.37419,70.09901
Barghlai,31.35457,70.15412
Barghwalai,31.02227,68.04217
Bargiai,30.60111,67.59765
Barguewali,30.84585,70.11315
Barhima,30.40117,68.85264
Bari Dad,29.47424,63.47423
Bari Wala,30.69834,67.62854
Barin Chinao,29.40997,66.552
Bariohagh Tsah,31.6867,69.21036
Bark Kili,30.66255,67.84831
Barkasaza,31.05702,68.18115
Barkat Bazar,25.3264,62.12341
Barkat Kili,31.39548,69.77115
Barkat Kili,29.21277,64.16863
Barkat Umrani,28.3577,67.99106
Barkhan,29.89773,69.52558
Barkhurdar,30.19324,66.99809
Barkwal Kili,30.66346,69.22809
Barozai,30.13394,66.95806
Barozai,30.2221,66.80602
Barshanki,26.98512,64.94495
Barshonki,28.92966,65.66396
Barshor,30.81479,67.28985
Barshore,30.93326,67.28247
Barthiyani,30.11409,69.6786
Baruz Kili,30.83774,68.54078
Barwali,31.00716,69.51457
Barwali Kili,30.97355,69.5449
Basana,30.93445,67.41067
Bash,30.52273,68.75876
Basha,31.18603,67.41406
Basha Kili,30.27719,66.63139
Bashai,30.64956,67.86197
Bashai,30.49569,69.34525
Basham,30.07657,66.75821
Basham Bazar,25.38466,63.07359
Basham Chil,25.75505,62.24266
Bashami,25.3487,62.95356
Basharat Kili,30.0722,68.86839
Bashir,30.8,68.3
Bashir,28.0496,67.9066
Bashir Ahmed Shah,28.57739,68.34317
Bashir Khan Chhalgri,28.39433,68.13749
Bashir Khan Khoso,28.62839,68.42743
Bashirabad,28.06339,67.79223
Bashkia,29.14896,67.78523
Bashkiani,28.32955,67.37898
Bashu Bagh,31.03984,66.94568
Bashu Chot,25.6967,64.44757
Bashur,28.46545,65.3243
Basi Dur Muhammad,29.72779,69.70499
Baski Chah,29.11912,63.77953
Baso,25.32994,62.38328
Basol,25.39056,64.39361
Basol,25.84809,63.12086
Bast Bazar Deh,26.56521,63.14924
Bast-e-Shehkahan,26.05122,62.80562
Basti Abdul Karim Khan,28.53839,68.53826
Basti Adam Khan,30.12594,69.78205
Basti Ahmad Khan,29.72296,69.50242
Basti Alam Khan,29.99698,69.69529
Basti Asbdul,29.84601,69.45761
Basti Azam Jan,30.19059,69.69879
Basti Azam Khan Chambar,26.13091,64.76016
Basti Azmat,29.99314,69.70128
Basti Bag Bhi,28.75521,68.6481
Basti Baghra,28.69445,67.78276
Basti Baloch,28.66482,67.86967
Basti Bukhtiar,28.69981,67.82384
Basti Choti,29.97294,69.60811
Basti Dadhanr,29.87746,69.53229
Basti Dara Shah,28.50594,68.52782
Basti Dil Murad,30.0343,69.88348
Basti Din-Muhammad Shah,29.99689,69.92227
Basti Don,28.72339,67.85697
Basti Dost Ali,29.30323,69.66565
Basti Dubba,29.99292,69.90656
Basti Faiz Muhammad,30.22503,69.87814
Basti Faqir Muhammad,29.51727,67.88113
Basti Ghulam Haider,29.88671,69.58891
Basti Ghulam Haider,29.23154,67.8474
Basti Ghulam Muhammad,29.1658,67.85303
Basti Ghulam Rasul,29.99572,69.3774
Basti Girkan,29.86954,69.55462
Basti Gul Muhammad,29.77052,69.79821
Basti Gul Muhammad,30.18485,69.68741
Basti Gullo Kamyar,30.16802,69.80496
Basti Gurka,28.94366,68.71418
Basti Haji Amir Muhammad,30.28786,69.89366
Basti Haji Duran,29.74976,69.40528
Basti Haji Khair Muhammad,30.18911,69.82385
Basti Haji Nasiban,30.17145,69.83037
Basti Haji Rehmatan,29.96434,69.79032
Basti Hashim,28.69123,67.82907
Basti Ilyas,26.16014,64.79067
Basti Islani,29.9856,69.81181
Basti Jaffar,28.98727,67.79979
Basti Jhang,29.86819,69.56362
Basti Jia Khan,29.28333,69.68157
Basti Juma,28.98252,67.83884
Basti Jumma Khan,29.79909,69.83431
Basti Kal Kani,29.87529,69.56828
Basti Kali Pith,29.88393,69.58046
Basti Kamal,28.7039,67.8579
Basti Kamal Khan,30.23489,69.87483
Basti Kamalam Shah,29.77321,69.37053
Basti Kandeli,30.14201,69.86831
Basti Karam Khan,30.03629,69.88595
Basti Khamis,29.97533,69.81076
Basti Khams,29.96391,69.79264
Basti Khan Muhammad,30.21073,69.89863
Basti Lakha,29.86283,69.53667
Basti Lalla,29.99657,69.82661
Basti Lalu,29.09748,67.73166
Basti Lashar,28.42028,67.60635
Basti Loeman,29.96928,69.79341
Basti Lohma,29.91757,69.62148
Basti Malik Nur Ahmad Taghao Hasni,30.13479,69.8052
Basti Margiani,29.80895,69.08267
Basti Maulvi Abdul Haq,29.97352,69.69325
Basti Mehar Ali Jhakrani,28.51544,68.5075
Basti Mehr Gul,30.26634,69.90457
Basti Mir,29.89933,69.60895
Basti Mir Jan,29.65752,69.61241
Basti Mirabad,28.98502,67.78614
Basti Muhammad,29.03157,67.84659
Basti Muhammad Jan,30.02115,69.89361
Basti Nabi Bakhsh,29.2741,69.6398
Basti Nawab Khan,29.83274,69.4625
Basti Nazar Ali,28.7918,68.66981
Basti Nazir Khan,28.77391,67.51447
Basti Nur Bakhsh,30.02758,69.89612
Basti Nur Muhammad,29.75594,69.7116
Basti Nurdin,30.031,69.87784
Basti Pahnar,28.68737,67.76216
Basti Panahu,28.7123,67.8022
Basti Raghrin,30.18097,69.84112
Basti Rahim Bakhsh,29.76686,69.66783
Basti Rahim Bakhsh,29.91563,69.31305
Basti Rai Loe,28.77782,68.64624
Basti Rehman,26.09639,64.88722
Basti Rehman Shah,29.75548,69.37174
Basti Sahib Jan,30.0516,69.89771
Basti Sardar Gola Khan,28.50017,68.52539
Basti Shah Dad,29.9863,69.91918
Basti Shah Gul,30.20218,69.83602
Basti Shahmir,28.74223,67.9049
Basti Shalmani,30.00484,69.92816
Basti Sham,29.92267,69.56402
Basti Sharif,29.21156,67.8931
Basti Sher-ali,29.99461,69.90054
Basti Sikandar,29.22163,67.83887
Basti Somaro,29.0891,67.82532
Basti Sukhani,28.7087,67.82136
Basti Syedan,29.20358,68.2289
Basti Tal Khan,29.79636,69.43012
Basti Tazu,29.86438,69.55138
Basti Thogar,29.93256,69.61176
Basti Toba,28.93225,68.73842
Basti Umar Khan,30.15353,69.80074
Basti Vagge,30.1836,69.90642
Basti Waga,29.96967,69.80197
Basti Wagga,29.99508,69.83629
Basti Waziran,29.79101,69.49698
Basti Yaqub,29.23048,67.84141
Basti Zain,28.93292,68.98785
Basti Zargat,30.56039,70.04544
Batar,27.89744,66.20719
Batezai,30.58584,66.90055
Batezai,31.41191,69.63815
Batezai,30.32452,69.25067
Batezai,30.70691,66.73647
Batezai,30.6252,67.03697
Batezai,30.57874,66.90514
Batezai Khel,30.59664,66.99926
Batitei,30.33464,67.92274
Batoki,28.74044,66.22466
Batori Hazarganji,27.50484,66.15804
Batte Khan Samalar,28.8133,65.71257
Batti Leva Mor,31.55476,68.53047
Bawani Patti,29.35066,69.5754
Bawar Biz Khan,30.34298,68.59897
Bawar Taug,30.50531,68.1845
Baz,30.93743,67.46696
Baz Barrad,30.48833,69.39262
Baz Kili,30.6254,66.58797
Baz Muhammad,31.44561,67.84252
Baz Muhammad Bugti,29.76609,69.75906
Baz Muhammad Kaul,30.84542,66.80474
Bazai,30.25837,67.14711
Bazal Karez,31.55123,67.9159
Bazar,31.11216,67.74666
Bazar Ali Jan,26.6488,63.8621
Bazar Haji Karim Bakhsh,26.65454,63.9298
Bazar Haji Meher Ali Jan,26.62386,63.83191
Bazar Janan Talar Bahut,26.15563,64.31111
Bazar Kahol,31.09004,66.77363
Bazar Karim Bakhsh,26.16257,64.29045
Bazar Muhammad Salim Baloch,26.60794,62.92753
Bazar Panchi Kahan,26.96623,63.97327
Bazar Qila,30.25328,66.95432
Bazar Raza Muhammad,26.09806,64.89531
Bazar Sor Basti,26.5497,64.36177
Bazari,30.2417,70.02921
Bazawaja,25.48306,63.08452
Bazdan,29.02148,67.53705
Bazgir,27.8342,66.60476
Bazgul Nika Ziarat,31.69472,69.91
Bazi,30.89072,67.09236
Bazi,30.25876,69.18529
Bazid,26.5426,65.67556
Bazpish,26.23972,62.9873
Bazwaja,25.48963,63.07382
Beani Kili,31.08309,69.99205
Bedar,28.53668,68.16033
Bedar China,30.33916,68.69451
Bedara,30.77983,67.3624
Bedi Bazar,26.46791,65.2617
Bedian,28.56172,65.16217
Bedrang,28.00352,66.51155
Bedring,28.13734,66.30936
Bedrung Anjiro,28.24956,66.30357
Begar Kili,30.63889,68.97834
Behla,30.83818,67.36933
Behram Khan,28.15392,68.08445
Behram Khan,31.25663,66.91832
Behramshi,30.88585,67.14618
Behrom Khan Balaidi,28.37549,68.09037
Bei Ghan,28.87676,67.84245
Bejaro,26.08692,64.7356
Bel Jhal,29.17569,66.82694
Bela,26.22718,66.31178
Belai Kili,30.9051,68.91482
Belar,25.42863,62.82153
Belar,27.12653,66.28473
Belkhel,30.90014,69.70009
Bellpat,28.99039,68.01154
Bembhar,29.03016,67.80933
Benap,27.97248,66.26266
Benap,27.98248,66.27675
Benchah,28.77445,66.37933
Benevolent Fund Housing Scheme,30.10365,66.98386
Bent,27.93594,66.59304
Bent,29.07444,66.58187
Benth,25.45791,62.71007
Bepman,26.00315,62.99803
Bera Tunia,28.13462,67.52254
Beront,27.25565,65.30419
Besima,27.8952,65.81831
Besima,27.90999,65.87265
Bestan,26.12851,62.35556
Bet,27.42864,66.49245
Beth,25.90924,62.64311
Bezenpur,27.6795,66.20257
Bhaba Kaul,30.81728,66.81583
Bhadiani,29.96443,69.63413
Bhadin,27.04781,66.70169
Bhadin Bazar,26.69921,63.19872
Bhag,29.04174,67.82394
Bhai Khan Jamali,28.34303,68.16693
Bhaint Siri Deh,29.35051,67.21914
Bhaksar,29.07655,69.28604
Bhalla,29.17688,66.30321
Bhand,29.12514,67.99926
Bhand,28.80289,67.70976
Bhand,28.45768,68.46256
Bhand,28.81664,67.71128
Bhand,28.85188,67.66975
Bhand,28.84448,67.50406
Bhangar,27.74308,64.80315
Bhangi Shah,29.75922,69.38092
Bhangin Mathang,25.47221,64.8801
Bhapao,28.39446,66.49024
Bhapoki Kochho,28.36251,66.5292
Bhar Awara,30.76252,69.84834
Bharo,28.18974,67.38149
Bharro,28.59238,66.58205
Bharu,28.83333,68.11667
Bharyala,26.00222,66.38621
Bhashai Tashan,31.60182,68.61073
Bhat,27.87431,66.4496
Bhat,28.11005,66.32929
Bhat,27.6828,67.11572
Bhatar,28.05513,66.62511
Bhattil Goth,28.63033,67.35317
Bheri,29.34545,67.81703
Bhetar,31.08795,70.21022
Bhijarani,27.9791,67.56504
Bhit,27.91346,66.70932
Bhit,28.3394,67.2315
Bhit,28.13871,66.30485
Bhit Kangan Goth,26.35014,66.33961
Bhit Siddique,28.41724,67.43059
Bhnab,26.25451,62.97895
Bhoral Khan,28.11164,67.9301
Bhulwari,25.72657,66.5991
Bhutta,29.44299,65.96683
Biabash,31.33828,69.86986
Biabash Kili,31.344,69.90378
Biabastizai Kili,31.44689,69.62257
Biani,30.40955,68.24311
Bianzai,30.90582,67.23603
Bianzai,30.9861,69.41914
Bibargi,29.21365,67.17278
Bibbertak,29.94692,69.45583
Bibi,29.11547,67.77881
Bibi Lor,27.66667,63.95
Bibi Mailanz,27.4974,66.1885
Bibi Nani,29.70718,67.4084
Bich Kund,27.474,66.5161
Bidda,27.72323,66.82825
Bidrang,28.66629,66.58271
Bidrang,28.25042,65.96666
Bidrang,27.58034,65.98204
Bidrang,29.57446,66.88469
Bidrang,27.55101,65.97486
Bidrang,28.59746,66.54493
Bijar Bazar,25.3017,62.46319
Bijjar,29.99646,66.76537
Bilaj,29.08463,69.28296
Bilal Mathang,25.44909,64.85813
Bilanda,30.27516,69.31988
Bilanda Tobai,30.27222,69.30556
Bilwal Khan Jamali,28.39374,68.18655
Binga Kalat,26.95,63.58333
Binin,30.91012,67.53669
Binjra,30.78234,70.13689
Binki,30.70214,66.58869
Biraho Rek,26.14295,61.97938
Birao,30.11082,66.96269
Bisham Gis,26.37688,64.0166
Bisholi Bazar,25.71075,62.39483
Bishri,29.39717,64.75118
Bismil Kili,31.50146,67.9955
Bismillah,30.78965,69.51039
Bismillah,31.07791,66.75907
Bismillah Kili,30.46778,66.47747
Bit,26.30333,63.15111
Bitagu,28.73042,66.25121
Biterbi,31.34934,70.1779
Bittu,26.27881,65.58482
Bizhban Chah,26.91633,64.69953
Bobi Gudai Khel,31.54809,69.34472
Bodi Arbab Zai,31.5672,69.35197
Bodo,25.42085,64.36191
Bodulak Bazar,26.03807,64.41874
Bohargul Khan,30.33999,69.24868
Bohram Khan,29.58459,66.37866
Bohri,29.84726,69.16494
Bolan Colony,30.19591,66.97706
Bolewali,30.05992,69.73835
Bolke,29.2381,66.80233
Bonap,25.49121,63.29926
Bonin,26.22418,62.29428
Bonistan Bazar,26.92939,64.03514
Bor Kili,29.84026,67.36207
Boragai,31.18278,66.98422
Borang,29.22755,67.19084
Borani,28.32299,67.60289
Borbenj,28.59459,66.56111
Borko,28.1425,65.3367
Borkoh Khalifabad,28.12757,65.37133
Borri,29.2676,68.20541
Bostan,30.42803,67.01845
Bostan,29.49565,67.87118
Bostan Kili,30.76428,66.48196
Boze,28.20872,65.97541
Bozg,29.01337,66.95904
Brad,30.32139,68.73975
Braham khan,28.04583,67.93611
Brahim Baran,29.49803,67.71244
Brahim Kandi,28.04575,66.86303
Brahim Kehrin,25.83489,62.23851
Brahim Khan,29.07232,67.84455
Brahmad,30.80556,68.28194
Brahmani,28.89501,67.4817
Brahmani,29.10477,67.59641
Brahol,28.5306,63.03045
Brahui,28.76312,67.55904
Brahui Kot,29.95935,68.53414
Brahuzai Kili,30.95024,66.44666
Brar Wam,31.09787,70.00472
Brhat,29.19512,67.49461
Brinji,28.16581,66.88338
Broling,31.09518,68.55845
Brunj Kili,31.50695,69.52
Brāhim Tok,25.86944,63.775
Buchal Shah,28.14196,67.93551
Budhani,28.84431,67.47367
Budla,28.29835,66.1111
Bug,25.4841,63.0246
Bug,26.03644,63.0243
Bughia,28.92061,67.64537
Bughia,28.88333,68.08333
Bughia,28.94785,67.66365
Bugsar,26.1395,62.0139
Bugti,28.43801,68.83755
Bugti Colony,28.63004,69.17395
Buh Bent,27.24653,66.92208
Buhair Damb,28.4,63.18333
Bujar,29.10878,67.74233
Bukhara,30.41178,69.03211
Bukhtiar Khan Spelai Kili,31.09177,69.028
Bulandok,28.73268,65.22013
Bulard Khan,28.58479,68.39097
Bulbul,28.49639,66.65072
Buleda,26.30915,63.15372
Buleda Cross,26.39271,63.98852
Buli,29.18202,65.68486
Bull,25.26831,64.35411
Bulo,29.23333,64.26667
Bunap,28.86667,65.33333
Bunarni,30.10846,69.67048
Bund Gah,25.90159,62.74901
Bundi,25.28452,62.80513
Bundi Bazar,25.81452,62.23074
Bundkhi,28.55761,66.2709
Buniadi Kili,31.09407,67.11827
Bunri,28.617,67.66347
Bur,28.08125,63.15619
Bur,28.08483,63.20393
Bur Dash,27.27929,66.25226
Burara,29.13715,68.22688
Burbaruk,26.16667,64.86667
Burboza,31.00946,70.19447
Burbur,29.31768,66.33803
Burbura,26.30778,65.10306
Buri Biala,30.41687,68.84005
Buri Sher Khan,30.16895,69.70157
Buria,26.22389,66.36036
Buridag,27.84728,63.67825
Burj,31.03167,66.70677
Burj Aziz Khan,30.3111,66.59924
Burj Ghundai,30.23164,68.12786
Burj Kili,31.18927,68.0382
Burj Malan,30.35784,68.15139
Burji,30.32554,67.40202
Burkran Tangi,30.09885,69.65747
Burra,28.56675,67.57802
Burra,28.96331,67.62633
Busaji,27.92215,66.88359
Buta Khan Chanal,28.17294,66.44501
Butak,29.14365,63.28161
Butur Thal,29.96655,68.91024
Buzheri,29.46165,68.00309
Buzi,25.5,64.03333
Buzkoi Chah,27.41077,63.20618
Buzurg Gaz,27.15,63.66667
Buzwar,25.4578,64.8992
Bwori,29.18155,66.26287
Bāad,28.59167,68.53056
Cantonment,31.34854,69.44346
Cantonment,30.21544,67.03093
Cantt,30.36319,68.59964
Central Government Employees Society Colony,30.16078,67.00101
Chab,26.41349,64.63951
Chabar,26.36594,65.86008
Chabar,29.60378,67.04001
Chacha,29.82035,69.83242
Chacha Militia Post,29.82239,69.85286
Chachar,29.05796,68.06076
Chachar,29.50612,68.05836
Chachobai,30.90738,67.49603
Chachobai,30.9993,67.41044
Chachobi,31.74304,69.73559
Chad,25.2804,64.5992
Chad,28.29612,66.12478
Chad Kaur,27.4563,65.8977
Chad Mal,28.31241,66.14852
Chad Sher Ali,28.32438,66.1185
Chaderi,28.02074,66.86246
Chagai,29.2,65.71667
Chagai,26.46856,65.7878
Chagai,29.35393,64.69751
Chagai Kili,31.11993,67.09328
Chagar Ghash,31.43367,68.92546
Chagazi,29.63715,66.1018
Chaghardi,29.20813,67.61042
Chagirdi Bazar,25.34768,62.74691
Chah Abdul Hamid,28.3935,64.67552
Chah Bali,29.52214,66.93118
Chah Haji Azim,28.83481,64.63464
Chah Haji Muhammad Karim,28.00833,62.8
Chah Haji Nurullah,28.40269,64.65365
Chah Junaid Khan,28.41068,64.67071
Chah Master Rahmatullah,28.94621,64.55571
Chah Naik Muhammad,28.4029,64.7012
Chah Nur Bakhsh,28.95003,65.12535
Chah Sar,26.0048,63.0313
Chah Shams-ud-din,28.87504,64.54484
Chah-e-Mast,29.58703,66.56877
Chahar Sar Landhi,28.9111,65.0294
Chahar Shambo,25.32603,62.22562
Chahgai,30.45227,68.84844
Chahi,25.49721,64.24111
Chailki,27.56217,66.94829
Chaine Bazar,26.70918,63.48073
Chairman Bazar,26.16138,64.46359
Chak Bheni,30.82521,70.01927
Chak Fourteen,28.5116,68.16568
Chakai,28.08715,66.28814
Chakai Tizha,30.92323,67.54214
Chakal,28.01255,67.2101
Chakar,28.70358,65.38792
Chakar,29.13757,66.28153
Chakar Bazar,26.68871,63.36209
Chakar Bazar,26.67847,63.22883
Chakar Karez,28.94722,64.40248
Chakar Kaur,28.41453,65.5101
Chakar Khan,28.70924,66.5142
Chakar Mari,29.08699,67.57766
Chakar Mari,29.5642,67.8729
Chakar Mari,28.76957,67.50601
Chakar Paishabai,28.75508,66.03057
Chakarkheli,29.50284,66.57062
Chaker Khan,25.4233,64.42593
Chakki Noghai,28.07065,66.44287
Chakku,27.81913,67.21162
Chakku,27.95207,66.55847
Chakku Kusht,27.46626,66.82694
Chakkul,27.4614,66.8323
Chakoli,28.15391,66.06377
Chakrani Kili,28.32342,67.37531
Chakul,27.91727,62.89874
Chakul,28.92095,64.14056
Chakuli,27.41809,66.93679
Chakuli,28.56238,66.50947
Chaledi,29.13229,66.28058
Chaliki Kand,28.0016,63.3805
Chalo dap,25.54414,61.88008
Chamag,25.39654,63.08518
Chamakh,28.99183,67.43461
Chamalang,30.17321,69.44436
Chaman,30.57306,67.10972
Chaman,30.91769,66.45259
Chaman,31.47649,67.93508
Chaman Ghoza,31.1744,69.68475
Chaman Housing Society,30.22678,67.01123
Chaman Karez,31.51727,67.77648
Chamber,27.98788,66.5275
Chammag,26.83959,65.72862
Chamoz,30.78336,70.16182
Chamuz,30.42523,69.0562
Chanal Dhal,27.69851,66.1188
Chanazai Kili,31.13106,69.34864
Chanazai Kili,31.12955,69.3588
Chandi,25.40406,64.03998
Chandia,29.48563,68.0624
Chandia,28.18333,68.03333
Chandio Khan,28.34218,67.88047
Chang Basti,30.20116,69.87476
Changa,28.02838,66.61997
Changai,30.89158,67.36825
Changai,31.1903,66.79456
Changai Ajiai,30.83645,67.18181
Changai Kili,31.2191,68.17583
Changai Taran,30.82596,67.1763
Changhalan,30.73566,68.39293
Changi Karez,31.41377,67.82459
Changi Kili,31.08161,68.10187
Chaniro,27.39389,66.85656
Chanjwal,30.40622,69.03407
Channal,27.62116,66.20928
Channalkund,27.06129,66.17776
Channe Khan,28.22857,68.09485
Chaok,27.92852,63.41727
Chap,30.30561,69.67992
Chaplai Porana,30.38242,68.6384
Chappar,30.07024,69.70061
Chappar,28.0475,66.34791
Char,28.01706,66.86903
Char Balbal,28.23905,66.1394
Char Shambai Bazar,26.01506,63.89461
Char Zai,28.3987,66.58114
Charai,30.91861,70.0016
Charai,30.47732,67.48677
Charchakuli,29.26241,66.26449
Chareh,31.13264,70.20265
Charg Ghwazhai,30.25218,67.55777
Chargai,30.33118,68.80361
Chari Libach,26.46945,65.21858
Charjan,28.04649,62.7781
Charkhewara Goth,26.30291,66.32615
Charkhi,29.44587,67.62184
Charkundai Kili,31.51375,69.43099
Charkundai Kili,31.57558,69.78323
Charo Burzag,26.18183,62.05168
Charpan,26.37928,62.47017
Charpani Kalag,26.42634,63.33689
Charzo,25.455,63.07361
Chashani Chah,25.241,63.4231
Chashi,25.33531,62.24499
Chashma,28.41311,66.79017
Chashma Dolai,30.06537,66.71568
Chashma Raghah Kili,31.30705,69.94007
Chatanpati,28.43333,68.43333
Chatazai,27.63497,66.24165
Chath Mozo,27.76952,67.17397
Chati,25.47114,62.85691
Chati Nagore,25.62431,62.23033
Chatkan Kalag,26.26556,63.69664
Chattan,25.30287,61.73034
Chattar,28.89506,64.90238
Chatti,25.27278,62.01889
Chatti-i-Chah,25.48889,63.32222
Chaubara,31.24873,70.23881
Chaud Bheni,30.84769,70.02926
Chaudhary Khan Muhammad,26.64842,65.56749
Chaudi Rahmani,30.22686,69.68586
Chauk,28.97658,63.54789
Chaukai,30.10392,67.29971
Chaukal Garjabad,29.79507,66.8196
Chauki,30.26325,68.49016
Chauki,30.81667,69.01667
Chauki,29.14672,67.9519
Chauki,30.88889,69.08056
Chauki Sakran,25.07822,66.98686
Chaukl,30.4508,67.03966
Chauryani,30.11598,69.6828
Chauter,30.35462,67.95199
Chautra,30.39557,67.73079
Chawala Gudar,30.66484,66.82759
Chawata,30.02676,69.74686
Chedgi Bazar,26.45444,65.25349
Chedgi Ghis,27.15514,63.35128
Chehdai,29.0793,66.05996
Chenga,30.80306,67.21635
Chengai,30.86617,67.51781
Cher Daim,25.35978,63.10737
Cherak,25.34703,62.98347
Chero Bazar,25.82257,62.23868
Cheru,25.6,66.56667
Chesan Kach,31.66291,69.69789
Chhab,28.139,66.5399
Chhabi,29.21394,66.16497
Chhad,27.42076,65.0305
Chhad,27.55632,65.78407
Chhad Bazar,25.47994,63.02729
Chhaira,30.02752,69.72354
Chhalga,28.95744,67.88705
Chham,30.82071,69.7324
Chhandan,28.16827,67.74797
Chhap,30.03593,68.07106
Chhappar,30.15577,69.90606
Chhapri,30.42111,69.04503
Chhapri Kili,29.56468,65.98378
Chharari Khuant,25.66111,66.29167
Chhari,28.26743,66.65829
Chhata Kapoto,28.85605,66.60173
Chhata Khan,28.08974,67.99608
Chhatak,29.12644,66.26611
Chhatawal,27.90403,66.27325
Chhati,29.04302,66.41176
Chhatr,28.86838,68.33433
Chhatta,28.54046,67.74742
Chhatti Rahdani,28.4079,66.81223
Chhauri Ghulam Hussain,28.85669,67.65776
Chhawar,25.53133,61.89346
Chhib,27.99008,66.46829
Chhib wari,25.55482,62.74311
Chhiri Potani,26.45994,63.0105
Chhondak,29.22515,67.20104
Chhota Bazar,24.97009,66.76519
Chhota Halani,30.28754,68.44609
Chhoto,28.89137,66.15882
Chhoto,29.04175,66.65648
Chhumb,29.14475,67.59212
Chhuri,30.06874,69.94185
Chhuro,31.13173,70.1704
Chhuttalabad,28.8118,67.8877
Chhutto,27.73973,67.16229
Chhuttok,29.7573,66.82322
Chhuttok,29.66256,66.72751
Chib Kalmati,25.28501,62.30233
Chibbi,28.65496,65.42649
Chibi,25.35046,62.4363
Chibi,26.7738,65.68257
Chibwari,25.5596,62.76399
Chibwari,25.57044,62.77788
Chichelo Kili,30.48321,69.43095
Chichezai,29.95943,66.47414
Chidarzai Kili,29.78836,67.44951
Chidgi,26.43876,65.24115
Chigirdi,26.35,66.24444
Chil,27.64441,66.03944
Chil,27.57682,65.40071
Chil Bazar,26.30554,64.86074
Chil-i-Daf,25.42889,64.39194
Chilani,25.37119,62.80872
Chilari,25.51202,62.82465
Chilari Bazar,25.46032,62.82989
Chilbaghu,28.53959,66.1556
Chili,27.33883,66.53795
Chili Dasht,27.32672,66.26967
Chili Tallan,26.47309,63.10848
Chilo Mala,25.91984,66.92257
Chiltan Housing Scheme,30.25727,66.97068
Chimney,30.49776,66.95077
China,30.4472,67.6433
China,31.02166,66.82886
China Akhwandzada,30.409,68.90026
China Alizai,30.40148,68.88981
China Kili,31.02839,68.53028
China Kili,31.63062,69.84135
China Kili,30.88056,69.05556
China Tajak Binzai Kili,31.28742,69.9495
Chinal,30.01494,69.67596
Chinali,30.54765,68.16861
Chinar,30.9805,67.73012
Chinar,30.93882,67.51549
Chinar,30.91237,67.47848
Chingai,31.04121,67.72176
Chingai,30.79486,67.28007
Chingai Sadu,31.02297,67.7627
Chini Kherz,30.7011,70.02605
Chinjan Kili,31.32238,69.66866
Chinjni,29.12987,67.85714
Chinjni Ghauspur,28.74119,67.65155
Chir Kili,30.73348,67.01849
Chiri Bazar,26.04657,62.76062
Chiri Kunchti,25.77751,62.59958
Chiridurbon,26.41965,63.11668
Chirkun,30.08294,67.96027
Chirman,30.30413,68.34149
Chish Ladh,25.26266,61.74711
Chishma Gang,31.21335,70.14887
Chishti Garrani,29.21667,67.83333
Chishti Jano,29.2273,67.82082
Chishti Mir Hazar,29.21648,67.8305
Chishti Shahwani,29.23836,67.8231
Chitkan,26.96536,64.08178
Chitna,29.06258,67.71466
Chittar Watta,31.09795,70.22104
Chizar,29.09329,66.9805
Chodha,31.15578,69.63879
Chohai Khula,30.88305,69.94436
Choharj,27.65195,66.79602
Chohil,29.79634,67.96869
Chokli Goth,26.95769,66.12385
Chon Raghzai,31.22686,70.09271
Chong Mengal,28.94549,66.38088
Chong Mengal,28.94736,66.35316
Chongi,30.28423,68.31113
Chongi Mangu,30.2773,68.29438
Chongi Sultanzai,30.26093,68.47084
Chorag,30.76954,67.36473
Chorai Raghzai,31.36626,70.11809
Chori,29.60505,66.61013
Chortu,28.58173,66.76807
Chot,25.85252,62.6764
Chot Chakar Kot,29.61601,66.06118
Chot Jo,28.4063,66.86833
Chot Koi Landhi Seventeen,28.98825,64.91087
Chotiali,30.03078,68.89575
Chotta Bil,25.78597,62.53432
Chotto Wahorah,25.22315,66.89635
Chowki Jamali,28.01944,67.92083
Christian Town,30.21778,66.98058
Chuharzai,27.99183,66.5731
Chuhr Kot,29.91001,69.59549
Chuhr Zai,30.31164,69.26173
Chuk,29.91041,69.90444
Chukhur,28.54841,66.73776
Chukyan,25.35339,62.91736
Chun Makani Baloch Kili,30.37175,66.59043
Chuna Dhal Cross,27.67761,66.10741
Chungai,31.1884,67.47914
Chunjan,30.56846,67.95232
Chunna Sheikh Raza Gul,31.18091,69.65188
Chunri Nahar,30.53978,69.04549
Chunzagai,30.8705,67.38114
Chur,26.3661,62.58536
Chur Badezai,30.67204,66.79211
Chur Bandar,25.24787,63.24793
Chur Masezai,30.68463,66.727
Churak,27.22545,65.70362
Churani,27.66856,66.23786
Churbuk,26.07289,62.67526
Churgai Kili,31.1661,68.04585
Churiani Basti,30.11266,69.69235
Churma,30.61486,67.97891
Churmawala,31.06548,69.49772
Churmawala,31.06399,69.50287
Churmian,30.57404,67.26677
Churmian,30.72613,67.46274
Churrak,27.52946,65.87848
Churruk,28.12288,67.14451
Churzai,28.41461,66.72539
Chutok,28.53435,66.48683
Chutok,27.7351,65.9571
Chuttak,28.2756,65.10031
Chutto Khan,28.32514,67.92367
Chutto Khan Jamali,28.13337,68.0197
Chuzli Kaur,25.49866,64.21906
City Housing Scheme,30.18654,66.97723
Colo Kano,30.50335,67.64029
Cooly Quarters,29.78664,67.45571
Crossy Meswah,30.70505,66.67732
Dab,31.02597,66.98114
Dab Khanzai,30.72229,67.07895
Dab Thana,30.47893,69.59437
Dabak,31.04039,67.07023
Dabak,30.84206,67.53038
Dabak,30.89511,67.28845
Dabak,31.13445,66.81706
Dabak Karez,31.18224,67.07384
Daband,25.3013,64.68
Dabarar Kili,31.01142,69.46429
Dabba,28.38131,67.44806
Dabbak,29.96107,69.37336
Dabbar,30.73645,69.82312
Dabik Kili,31.10262,69.38327
Dabri Karez,30.43196,68.92943
Dabuk,26.04446,62.86186
Dad,28.81332,67.59036
Dad Ali Shehr,29.75392,69.53168
Dad Ali Shekh,30.14384,69.69805
Dad Chhalgari,28.27284,68.14206
Dad Gul,30.52441,66.60218
Dad Karim,25.48387,64.40877
Dad Karim Bazar,26.9245,64.85092
Dad Khan Brohi,28.00744,67.94756
Dad Khuda,29.15068,63.37835
Dad Khuda Kili,29.08036,64.04004
Dad Kili,31.68466,68.42256
Dad Muhamamd Bazar,26.22764,64.60653
Dad Muhammad,26.41298,65.35299
Dad Muhammad,25.57521,61.82405
Dad Muhammad,28.33508,68.12248
Dad Muhammad,28.73674,66.33517
Dad Muhammad,29.19151,67.9164
Dad Muhammad Chah,27.44729,63.89668
Dad Muhammad Chah,27.91953,62.86505
Dad Muhammad Jamali,27.99732,67.84492
Dad Muhammad Manga,28.43942,68.08766
Dad Muhammad Mangassi,27.95903,67.69945
Dad Rahman,27.50931,65.32732
Dad Rehman Bazar,26.70935,64.04083
Dad Rehman Ghis,27.28768,63.05716
Dad Rehman Gis,26.40499,63.35212
Dad Shah Bazar,26.58186,63.30608
Dada Jiwand Pir,29.80912,69.50972
Dada Manda Shah,29.95769,69.79642
Dadan,31.22057,67.78217
Dadan,29.93987,69.63008
Dadan Khan,30.00337,68.73288
Dadar,30.92084,67.82953
Dadar Landi,28.87005,64.34424
Dadari,26.28526,64.92966
Dadde,25.76016,62.73942
Daddle,25.73478,62.74643
Daddost Bazar,26.24036,64.71236
Dader,25.64749,65.51874
Dadhar,29.47489,67.65167
Dadi,25.50598,62.86237
Dadmir,30.34499,69.24993
Dadozai Kili,31.01686,69.38789
Dadper,28.23085,68.06258
Dadpur Rethi,28.1703,68.11139
Dadu,30.81806,68.25417
Dadu,28.69422,67.67287
Dadula Bazar,25.51546,61.70849
Dadwani Albagh,30.02798,69.80125
Daffadar Muhammad Hussain,27.97803,67.65082
Dag Khusti,31.1595,69.54019
Dag Kili,31.29049,69.90241
Dag Sulaimanzai,31.15592,69.53717
Dagaro,25.3019,62.37287
Daghari Kahan,26.02482,62.93817
Daghrai Band Kili,31.22452,69.82756
Daha,29.15,63.5
Dahana Abdullahzai,30.74951,69.35159
Dahana Sar,31.41496,69.99327
Dahani Kili,30.04389,68.99341
Dahi Dak,25.49528,63.27806
Dahizai,27.68435,66.28547
Dahman,28.92144,67.46737
Daho,28.52024,65.0596
Dahoja,28.625,67.63769
Daighai Kumb,28.64044,66.36158
Dairi,26.81795,65.39922
Dak,30.81117,67.30017
Dak Bazar,25.5371,62.84831
Dak Bazar,25.80482,62.17409
Dak Bazar,26.2416,64.91572
Dakai Hadira,30.87772,69.94211
Dake Chah,25.38889,63.81944
Dako,25.49336,63.03807
Daksar Bazar,26.01981,61.95998
Dal,26.21578,64.10756
Dal Wala Ferosan,26.53527,65.48107
Dal-e-Bazar Dandar,26.14786,64.47849
Dalan di Basti,29.90541,69.61726
Dalar,30.39247,68.87347
Dalbandin,28.88846,64.40616
Dale Bazar,26.06575,64.19529
Dalgach,28.94522,67.25833
Dalgi Basti,29.12176,65.59275
Dali Bazar,25.35259,63.09762
Dalle Kor,31.70838,69.18042
Dalli Khan Umrani,28.56356,68.35954
Dallo,29.16884,66.41953
Dallo,30.01043,68.72235
Dalor Viāla,30.4,68.86944
Dalsar,26.15552,62.06086
Dalsar Bazar,25.60072,62.05265
Dalwat Khan,29.60872,66.38965
Dalwat Shah,28.60809,66.28732
Daman,30.31327,69.22416
Daman,30.44259,68.82697
Daman Basti,30.15044,69.67115
Daman Wala,30.65343,66.62672
Damb,26.39176,65.63504
Damb,29.21064,67.65123
Damb,27.52011,66.17578
Damb,27.64769,66.23045
Damb,28.03259,66.64225
Damb,27.78019,66.45846
Damb,28.46667,68.25
Damb,27.91667,64.58333
Damb,29.6528,67.50712
Damb Bazar,25.9995,63.89228
Dambani Bazar,26.53429,62.97763
Dambani Bazar,26.57559,62.97851
Dambri,29.12612,67.93321
Damdam,27.8855,63.09296
Damli Chad Bazar,26.92298,64.80434
Damri,28.4602,68.51089
Damsoro,28.0402,63.1747
Dan,26.61041,65.69412
Dan,27.42045,66.40633
Dan Kiani,30.00162,69.67633
Danak Bazar,25.56521,61.86247
Dand,31.05779,67.52231
Dand,30.45362,68.35316
Dand,30.60325,68.87699
Dand,26.96921,64.03337
Dand-e-dan,26.04029,63.3864
Dandah,26.13885,66.39516
Dandai,31.14178,66.82448
Dandar,26.15834,64.46591
Dandar,25.68278,62.11278
Dandar,28.43607,66.75168
Dandar,26.12714,64.40595
Dandar Bazar,25.73283,62.45561
Dandar Bazar,26.14315,64.44385
Dandel,25.61308,65.53646
Dando,25.50013,62.94256
Dando,25.46974,62.96194
Dane Sar,26.039,63.3801
Dangwal,30.38131,68.98072
Danhan Colony,28.63916,69.20283
Dank,25.76741,62.69308
Danna Sar,26.04257,63.35702
Dannuk,26.00043,62.97689
Dano,25.36277,62.78953
Danokisar,26.10223,62.41338
Danra Kili,31.39592,69.92109
Dansar,27.24942,66.57913
Dar,25.46104,64.67332
Dar Ghar,30.38749,67.42959
Dara Ziaba,30.82109,67.08006
Darab,27.64865,64.24426
Darabhi,28.84912,67.41887
Darag,25.30469,64.45885
Darah Sur,30.81788,67.1236
Darajab,27.88277,63.60709
Darakht Kach,31.03825,66.80115
Darambeh,25.28333,62.58333
Darangar,29.90435,66.75296
Darapkan,26.48751,62.85115
Darazenda,30.64021,70.03519
Darban Chah,29.46667,63.63333
Darband,26.31667,62.66667
Darband,26.46435,62.47068
Darband,29.05545,66.94794
Darbar Gharib Shah,25.29318,62.26201
Darbar Ghousia Yousfia,30.20714,67.00254
Darbar Nur Ahmad Jan,30.20265,66.98971
Dardan,27.65303,66.01652
Darga,30.82956,67.59454
Darga,31.09229,70.13174
Dargahi Khan Jakrani,28.42778,68.77778
Dargai,30.77228,68.97004
Dargai,30.39264,69.27384
Dargai,30.77463,67.12168
Dargai,31.0134,69.89064
Dargai,31.3833,70.09988
Dargai,30.30333,67.51936
Dargai,30.92021,68.42356
Dargai Kili,31.42749,69.40089
Dargai Kili,30.87311,69.04541
Dargai Kili,31.11385,68.03272
Dargai Kili,30.77962,68.98468
Dargai Wat,30.4318,69.20375
Dargara,31.2857,70.09165
Dargi,25.34197,64.21551
Dari Khan,30.39015,66.70249
Dari Mal Check Post,26.17318,65.74649
Daria Khan,25.81667,66.28333
Dariazai,30.06983,69.09026
Darich,28.89626,67.83265
Darj,28.5467,65.2108
Darj,28.53018,65.20963
Darjana Kili,31.61077,69.84286
Darkan,29.15689,67.83295
Darkhan,28.71667,68.21667
Darkhanzai Kili,31.49651,69.66706
Darkhwast Khan,28.57985,66.15955
Darki,27.41167,65.75875
Darkund,28.9435,68.3486
Darman,26.30933,65.83405
Darman Dasht,28.31971,66.56645
Darmandai Kili,31.75673,69.55958
Darmandai Kili,31.76718,69.55122
Daro Baloch Kili,30.33366,66.62691
Daro Bent,27.22374,66.87192
Daro Kili Mir Muhammad Alam,28.37544,65.24886
Darog,29.58306,66.73788
Darozai,30.47128,66.61968
Darozai,28.9033,67.47423
Darra,30.77189,67.53432
Darra Wal,25.4713,63.02576
Darreh Baleh,25.28333,62.55
Darri,28.04209,67.65251
Darsai Kili,31.30252,69.98626
Darshan,29.20936,64.7391
Darshān,29.2146,64.7347
Daru,26.25597,65.51036
Daru,30.86167,67.44833
Daru,28.3759,65.2603
Daru Henkeni,26.93674,65.78719
Daru Kucha,26.77809,65.70622
Darul-Ulum Jamia Ghousia,30.19419,66.98999
Darul-ulum Imdad,30.18408,67.02912
Darulaium,27.88994,66.59332
Daruzai Kili,31.16283,69.33794
Darwani,30.26446,69.71389
Darwar,25.67431,62.33496
Darwazai,28.63144,66.60723
Darwazo,27.99982,66.39202
Darweshabad,30.2759,66.90328
Darya Khan,26.63964,66.35708
Darya Khan,28.07238,67.50013
Darya Khan,28.43378,68.52136
Darya Khan,28.15481,68.01205
Darya Zai,30.3242,69.36417
Darzi Chah,29.64248,65.63822
Dasht,27.95337,66.3964
Dasht,28.60832,66.31325
Dasht,28.19874,66.4374
Dasht,28.45866,66.30107
Dasht,29.91667,67.1
Dasht,25.69345,62.62305
Dasht,28.25157,66.36723
Dasht,27.91688,66.67522
Dasht Ambo,29.70352,66.81848
Dasht Guraspi Beth,25.88928,62.64636
Dasht Khan,28.22707,68.07174
Dasht Malkhoi,28.49183,66.53508
Dasht Miruzai,28.44977,66.52545
Dashtak,27,63.53333
Dashti,29.12332,66.06299
Dashti,29.00802,67.89733
Dashtken,28.68324,65.43665
Dashtok,28.45,66.43333
Dashtuk Bazar,26.44994,62.56441
Dast Chin,26.10599,62.10331
Dastain,26.00135,62.72592
Dat,27.64992,66.15784
Dat Kili,28.47052,66.34819
Dato,29.78604,66.82929
Dattakai,31.17033,69.95777
Daud,25.76762,65.43928
Daud,25.31425,62.2307
Daud Aliahi,25.35389,66.77942
Daud Band,25.44735,62.1312
Daud Bazar,25.30851,62.4379
Daud Channal,26.69132,65.77964
Daud Khan,28.42837,68.56821
Daudi Bazar,25.70611,62.28644
Dauga,31.99547,69.5081
Daulat,30.52745,69.04107
Daulat Kachhi,30.29096,68.26651
Daulat Khan,28.49946,68.6493
Daulat Khan Mughlani Kili,28.34937,67.37724
Daulatabad,30.92801,66.4691
Daulatpur,28.50556,68.65417
Daulatzai,30.74075,68.48219
Daulatzai Kili,30.86153,68.67924
Davi,29.6158,67.9114
Dawall Hud,30.64133,67.66262
Dawegira,31.06662,66.80104
Dawian,30.52448,66.7254
Dawud Khan,28.39112,68.35695
Dazan,26.06612,64.20454
Dazan,26.10738,62.34056
Dazawar Nishpa,31.07044,69.93917
Dazi,27.80401,63.05483
Dazi Bazar,26.90734,64.04175
Daznak Chah,29.11302,63.81831
Deba Kili,30.19998,66.98787
Degan,25.26944,63.43056
Deghari,30.0727,67.21219
Deh Qaryab,25.24946,66.90051
Deh Sial,27.99216,67.74925
Dehat,26.01116,62.83397
Dehi Mazarani,30.10474,69.92957
Dehi Mazarani,30.11478,69.93284
Dehli Jadid,28.03697,67.78685
Dehpal Bostan,29.5548,67.8744
Dehpalal,29.55973,67.85426
Dehzari,28.4446,66.83047
Deka Qasmani,30.08907,69.88831
Delai Viala,30.74182,68.40724
Delgoash,29.42828,69.5105
Deli Kalagan,28.35281,65.27204
Deli Kaur Awar,28.38118,65.25884
Dembu Ka Karir,28.88568,68.4271
Densar,27.67729,66.20678
Dera Abdur Rehman Mandrani,28.77824,69.20273
Dera Allah Yar,28.37473,68.35032
Dera Allahyar,28.37353,68.35078
Dera Basham Mandrani,28.77696,69.14893
Dera Bugti,29.03619,69.15849
Dera Haji Dara Khan,28.50576,68.56889
Dera Haji Lal Khan,28.76458,69.16303
Dera Haji Nur Muhammad Mandrani,28.76242,69.16434
Dera Malik Malang,30.8975,68.96698
Dera Murad Jamali,28.54657,68.22308
Dera Nehal Din,28.91316,69.28045
Dera Rahim Dad,28.73773,69.21634
Dera Sardar Irshad Gola,28.54132,68.52352
Dera Sardar Irshad Gola,28.53027,68.50699
Desal,31.01518,67.89393
Dewal,31.09781,70.15905
Dewal Kili,30.19591,67.69624
Dhad,29.00629,68.07232
Dhaggi,26.11184,64.72323
Dhaki Kili,30.11692,68.89183
Dhamb,26.80439,65.71306
Dhamb,27.79838,66.84842
Dhana,31.18078,67.54977
Dhand Curz,29.81921,66.85083
Dhani Bakhsh,28.2859,67.3946
Dhani Bakhsh,28.06142,67.90076
Dhani Bakhsh,28.36052,68.11306
Dhaniar,27.36764,66.69162
Dharpali,28.78546,67.71304
Dhat,25.42278,64.78861
Dhaura,29.74519,69.50949
Dheri Takri Shah,29.58911,66.10811
Dhin,29.90289,66.74836
Dhingan Khan Gojani,28.45114,68.78886
Dhobi Ghat,30.39163,68.57711
Dholo Khan,28.15571,67.39617
Dhor Pishak,27.93516,66.0762
Dhora Chitani,29.05097,67.68623
Dhora Khan,28.42048,67.44529
Dhorari,28.17538,67.41354
Dhorewala,29.83335,68.97932
Dhudo,27.38548,67.0175
Dhuleri,27.56944,65.71069
Dhuleri,27.55109,65.70808
Dhum,28.62774,66.59021
Dhuni,28.37573,66.77786
Diani,27.93388,63.38565
Digan,30.92934,67.61428
Dil Jan Dilbo Bazar,26.90386,64.9461
Dil Murad Bazar,26.23905,64.69637
Dil Murad Bazar,26.25515,64.20941
Dil Murad Bazar,26.2254,64.06107
Dil Murad Bazar,26.24057,64.86045
Dil Murad Gis,29.28215,64.24758
Dil Murad Gis,26.43713,64.2098
Dil Murad Kili,29.08402,63.7955
Dil Murad Umrani,28.03959,67.95056
Dilai,30.40248,68.78201
Dilaram,28.40247,68.29831
Dilawar Ragha,30.12952,68.42124
Dilbar,31.15939,67.13485
Dilbar Mat,28.75159,68.99368
Dilbar Milan,31.03643,68.02765
Dildar Bazar,26.13886,64.42673
Dildar Bazar,25.91365,63.90117
Dildar Karez,30.13392,66.94983
Dilezai Shabozai,30.40268,68.81739
Dili Jan,28.14397,67.78166
Dilijan Jamali,28.00833,67.92639
Dilla,26.39212,64.8578
Dilli,28.11215,66.27351
Dilmurad,25.44442,62.76252
Dilmurad Khan,28.37153,67.50186
Dilmurad Mathang,25.4469,64.87372
Dilqarar Mathang,25.45198,64.84227
Dilshad Zai,28.77703,66.61752
Dilwa Khan,29.885,67.13095
Dilwani,30.17903,67.39317
Dilwash Shirani,29.80069,68.9664
Dimbo ki Gis,26.24839,63.02642
Din Muhammad,30.14059,69.66544
Din Muhammad,28.03193,66.34481
Din Muhammad,26.95335,65.62155
Din Muhammad,30.0037,68.72705
Din Muhammad,26.36329,65.77229
Din Muhammad Bazar,26.64621,63.473
Din Muhammad Bazar,26.87725,63.67862
Din Muhammad Dhal,27.69823,66.10928
Din Muhammad Kandrani,28.43239,68.85819
Din Muhammad Khan,28.50886,64.52439
Din Muhammad Kili,27.51764,66.53102
Din Pur,28.14316,67.87146
Dinak Kili,31.42696,69.77598
Dinak Shaikh Nurgha,30.69591,67.84428
Dinar Bazar,26.70717,64.0161
Dinar Chah,27.98813,62.83279
Dinar Khan,28.48651,68.72939
Dinar Shahr,28.04917,62.79718
Dinari Goth,28.02321,67.95651
Dinari Halq,27.32257,65.75156
Dinarzai,29.24154,67.70628
Dinarzai,29.14151,67.79783
Dinarzai,29.603,67.0526
Dinboh Kalag,26.45739,63.65672
Dinghan Hajiwani,28.48472,68.19204
Dinna Khan,29.93118,67.03751
Dinni Nalai,30.57254,69.0787
Dino,29.14911,65.63878
Dino Dheli,28.33849,65.24285
Dino Jo Goth,25.83864,67.39848
Dir Kani,28.16581,67.2976
Dirao,29.40577,67.25443
Dirgai,31.1699,67.06723
Dirgai Shabozai,30.39843,68.8082
Dirgai Shabozai,30.39843,68.80742
Dirgi,28.48177,68.49559
Dirgi Kudezai Khurd,30.40828,68.71367
Diwan,30.74553,68.40766
Diwan Shah,26.07513,67.29177
Diwana Khan,30.72755,68.40252
Diwana Kot,30.94256,66.49331
Do Shambai Bazar,26.21016,63.77611
Dobandi,31.03012,66.86178
Dobly,27.31424,67.07896
Doctor Kili,30.44033,67.07799
Doctor Muhammad Bazar,25.71967,62.47396
Doctor Shamsuddin,28.58284,68.46116
Doctor Ubedullah,30.44239,67.07566
Doda Khan,28.48922,68.09812
Doda Kili,30.04651,68.91169
Dodaki,27.26337,66.45461
Dodar Bazar,26.2337,64.66159
Dodazai,30.98839,69.41003
Dodo Sial,27.99816,67.88214
Dogai,29.1086,63.59652
Dograi,31.40862,67.83024
Dohar Bakezai,30.86245,69.04421
Dohara,30.85255,68.04363
Dojhampk,29.44934,67.27995
Dokani,27.25457,63.07946
Dokap Dad Shah,25.63155,61.78517
Dola,30.84979,67.4409
Dolak Chah,29.13802,63.68043
Dolangi,30.45894,66.51835
Doleji,26.73254,65.67215
Dolewar,31.34517,70.06591
Dom Pashari,28.63873,66.68145
Domala,30.38338,68.97652
Domandai,31.13333,66.73333
Domandai,31.22896,66.84324
Domeli,25.48333,61.9
Domka,30.16956,69.8464
Domli Ghichak,26.88625,64.78446
Dong,28.49623,67.56445
Door Bazar,25.69461,62.39108
Dorai,30.69885,68.353
Dorai,30.94065,67.62158
Dorawal,25.47127,62.9876
Dores,28.8,63.31667
Dori,30.94238,67.55939
Dori Bianzai,30.64458,66.95126
Dosa,29.24056,67.89696
Doshai,29.20589,66.32228
Doshanba,25.30446,62.35026
Dost Muhammad,26.95169,64.77548
Dost Muhammad,26.48505,65.69766
Dost Muhammad,25.42395,65.51063
Dost Muhammad,27.38168,64.97262
Dost Muhammad,28.07572,67.81444
Dost Muhammad,26.93566,64.99909
Dost Muhammad,26.79784,64.29981
Dost Muhammad Bazar,25.50348,61.9153
Dost Muhammad Brahui,28.04035,67.91709
Dost Muhammad Kili,31.6681,69.2616
Dosten,28.10833,66.1375
Dostin,28.69536,66.65152
Dostinzai,27.15,63.85
Dot,28.59328,66.47189
Douran,30.07336,69.08187
Dozan,29.94158,67.18602
Dozan,28.90804,66.60868
Dozan,29.34067,67.58253
Drab Koh,26.95269,64.86765
Drabbi,29.48502,67.53383
Drachko,25.88088,62.38836
Dragha Ibrahimzai,31.03225,69.90093
Dragpura,28.0139,67.96143
Drakalo,27.1859,66.2777
Dram Kol,25.84374,63.21859
Dran,25.0435,61.81844
Dran,25.05601,61.83695
Drangu,27.99713,63.32923
Dranjan,29.47757,66.35642
Drazanda,30.50709,68.28452
Drazinda,31.15758,70.19854
Drazinda,31.09909,70.09498
Dreneli,27.6339,66.23421
Drib jo Goth,26.2878,66.2406
Drigga,25.60023,66.69124
Drigga Shahar,25.58273,66.71865
Drug,30.85701,70.18746
Drum Bazar,28.98047,61.55841
Dudazai,28.04192,66.37899
Dudur,28.3199,67.35758
Duggan,28.40611,66.74169
Dugnan,29.31076,64.44132
Duki,30.15307,68.57323
Dukup,26.09392,62.18153
Dulah Mina,31.15664,70.12731
Duls Ziarat,31.16065,69.50926
Dumag,28.05942,65.5213
Duman Khezai,30.19749,67.69002
Dumar,29.91557,66.77168
Dumar Kach,30.67188,67.7399
Dumb Bazar,25.80803,62.22773
Dumb Bazar,25.43934,61.87868
Dumran,30.3771,66.95031
Dundhor,29.25362,67.84024
Dungar,25.93333,66.51667
Duni,27.6043,64.9233
Dunia Khan,30.33655,69.22422
Duniya,29.21139,66.20061
Dunka Kili,31.77752,69.35635
Dunri Wazir Khan,29.1043,67.85836
Dur Khan,29.486,67.68253
Dur Muhammad,25.55263,63.54894
Dur Muhammad,28.0654,67.8318
Dur Muhammad,26.48069,65.71467
Dur Muhammad,29.80726,67.01452
Dur Muhammad Bazar,26.28404,64.79988
Dur Muhammad Bazar,26.21825,64.66879
Dur Muhammad Bazar,26.22022,64.1094
Dur Muhammad Brahui,28.473,68.11998
Dur Muhammad Gis,29.43488,63.89162
Dur Muhammad Gis,29.29653,63.75849
Dur Muhammad Handani,28.44626,68.99456
Dur Muhammad Jhakrani,28.40935,68.2359
Dur Muhammad Khan Safi,29.51538,67.86339
Dur Muhammad Lohri,26.72005,66.96745
Dur Muhammad Rodini,26.4753,66.56093
Dura,27.62585,66.25478
Dura Chat,26.15778,61.93782
Durai,30.27571,69.17827
Durakju,26.10487,62.39741
Duran Kili,31.04,68.57222
Duran Tangi,30.17842,67.72334
Duranzai,28.0481,66.5873
Duray,31.24612,66.82784
Durban Chah,29.17745,62.55904
Dureji,25.88405,67.30311
Durgada,31.30659,70.13087
Durrakzar,29.3452,66.58683
Durrani,29.12854,68.22066
Duru,26.55903,65.50971
Dushai,29.19021,66.23587
Duzdar,25.79999,62.2112
Dwa Manda Kili,31.52818,69.70208
Eid Muhammad Gis,29.27603,63.97097
Eidgah,27.93005,66.27681
Eidu,25.31114,62.37982
Eisab Habibani,28.46839,68.92388
Ektai,27.88322,63.13361
El Salado,31.18,68.26
Elahi Bakhsh,27.20332,65.68791
Elahi Bakhsh,28.0464,66.38211
Elahi Bakhsh,28.40028,67.60601
Elahi Bakhsh Bazar,26.76477,64.20661
Enzar Gar,30.95517,70.0452
Eri,29.30978,67.78024
Eri,28.76544,67.52747
Eri Kalag,28.6758,65.15523
Esbani,28.78418,67.45786
Eskhobai,30.65499,67.40523
Eskhobai,30.55812,67.46756
Essa Khan Gis,29.36204,63.80093
Essa Khan Gis,29.3803,63.77404
Essai Allang,26.96031,64.04701
Etbar Khan Karez,29.92342,66.71338
Fadakhud,28.47759,66.68991
Faiaz Kach,31.77825,69.64641
Fairoz,28.68401,66.59654
Faisal Colony,28.90292,64.39606
Faisal Town,30.18738,66.96708
Faiz Muhammad,26.72685,66.76487
Faiz Muhammad,26.54536,65.35359
Faiz Muhammad,29.97774,67.08171
Faiz Muhammad,27.49205,66.81547
Faiz Muhammad,30.60854,66.62829
Faiz Muhammad Goth,26.25825,66.77343
Faiz Muhammad Kili,30.33282,68.54878
Faiz Muhammad Marri,28.40161,68.32085
Faizabad,28.21117,67.97045
Faizabad,27.51424,66.17001
Faizabad,30.12402,66.97212
Faizabad,30.20768,67.69807
Faizabad,28.7593,67.69041
Faizabad,29.48527,67.65769
Faizabad,27.72254,66.21881
Faizabad Karya,27.67287,66.78795
Faizal Faqir,28.00614,67.87955
Faizu,29.02129,66.96333
Faizu Kili,30.87571,66.3763
Faizullah Shahr,30.01061,68.75773
Fakhrizai Ghabbarg,30.68441,69.35284
Faki,30.71488,68.30653
Fani Guzah,30.90077,67.17495
Faqeer mohammad Bazar,25.44894,62.08852
Faqir Khan Qasmani,30.07923,69.90172
Faqir Ladhiani,28.29867,67.47555
Faqir Muhammad,28.15861,67.96445
Faqir Muhammad,28.43139,68.24532
Faqir Muhammad,26.64599,66.20043
Faqir Muhammad Ali,28.27752,68.16654
Faqir Muhammad Bazar,25.33485,62.30772
Faqir Muhammad Bazar,25.31702,61.71776
Faqir Muhammad Bazar,26.64595,63.3738
Faqir Muhammad Gurganari,28.1166,66.47002
Faqir Muhammad Khosa,28.3857,68.23102
Faqir Muhammad Kili,29.04416,63.93647
Faqir Muhammad Tina,28.40285,68.11348
Faqir Nazir Hassain,28.21129,68.14189
Faqir Sain Diho,28.16754,67.48424
Faqir Shah,29.76501,69.41838
Faqir Shah,29.7795,69.30493
Faqirabad,28.44394,67.90938
Faqirabad,28.17367,67.90393
Faqirabad,26.03333,62.98333
Faqirabad,30.13673,66.98595
Faqiran,30.57349,66.64148
Faqiran,29.54857,66.01093
Faqiri,28.6139,66.59074
Faqirzai,31.09395,69.33684
Faqirzai,28.57002,65.2342
Faqirzai,30.02582,69.00669
Faqirzai,28.53141,65.24732
Faqirzai,30.5615,66.75295
Faqirzai Kili,31.04855,69.31772
Farakhai,30.99044,67.15069
Faruqabad,29.90285,66.44042
Fateh,30.34212,69.24041
Fateh Ali Bazar,26.72349,64.05586
Fateh Ali Bazar,26.70672,64.05125
Fateh Ali Khan,28.47802,68.32048
Fateh Din,28.18425,67.89689
Fateh Khan,28.41417,67.49435
Fateh Khan,31.00969,67.12011
Fateh Khan Mangol,28.37292,68.20276
Fateh Khan Mirjanzai,30.13543,69.18257
Fateh Kili,30.02173,68.75237
Fateh Muhammad,26.39934,66.72582
Fateh Muhammad,29.12504,66.51552
Fateh Muhammad,29.38931,66.53799
Fateh Muhammad,30.76509,68.62379
Fateh Muhammad Khosa,28.34054,68.21303
Fateh Tlerai,30.98204,67.33865
Fateh Walang,30.9175,67.40144
Fatehani,26.27305,66.32221
Fatehpur,28.56978,67.49652
Fatehpur Number Two,28.54875,67.47353
Fatehzai,29.52565,66.57583
Fatha Makrani,25.05038,66.94711
Fatihani,30.07088,69.93004
Fatihani,30.06803,69.92204
Fauj Ali,29.9374,66.94438
Fauj Ali Rind,30.03627,69.74135
Faujal Shah,29.77688,69.31888
Fauji Ali Ka Loh,30.11115,69.61039
Faulad,26.32276,65.0387
Fazai,31.00553,66.83435
Fazal Karim,30.77589,68.59046
Fazal Karim,31.45404,67.92962
Fazal Karim,28.08079,67.86593
Fazal Karim Bazar,27.20237,64.65659
Fazal Khan,28.06528,67.84861
Fazal Muhammad,29.96568,67.00518
Fazal Qadir Akhunzada,31.34599,69.5576
Fazalabad,27.73009,65.57998
Fazalabad,28.94954,66.47259
Fazalband,30.71062,68.33728
Fazil Chakul,29.05911,66.68321
Fazilabad,29.48672,67.6864
Feroz Baluch,25.33078,62.44516
Feroz Khan,27.95601,67.77232
Feroz Khan Kili,29.99755,66.9048
Feroz Khar,30.08771,69.74208
Feroz-i-Kan,30.72339,67.58472
Firoz Khan,31.49011,67.73927
Firoz-i-Kan,30.69183,67.58129
Form Mir Naimat Ullah Zehri,28.72916,66.34761
Fozi Kach Kili,30.25992,67.91721
Frontier Colony,30.24279,67.00944
Fusai,31.11763,67.92646
G.A Khan Brahui,28.32228,68.13976
Gabar,30.87307,70.12895
Gabd,25.33333,61.76667
Gabd Bazar,25.38405,61.78919
Gabol,28.83244,68.11081
Gachahuri,28.7538,66.89104
Gachina,30.11044,67.86028
Gad Maidan,28.31743,66.52038
Gada Gharo,28.225,67.76528
Gadani,25.11879,66.73219
Gaddazai,28.88726,66.30926
Gaddejo,28.16054,66.86696
Gadgi Bazar,26.11745,64.06465
Gadi,30.05303,69.93595
Gadi Aurang Shah,29.25048,67.7546
Gadi Badal,29.23333,67.75
Gadi Dinar Khan,29.18082,67.76595
Gadi Maddad Khan,29.24829,67.76229
Gadi Saleh Muhammad,29.21844,67.76283
Gadi Saring,29.24616,67.75397
Gadoi Chah,29.40437,63.73191
Gador,26.17892,66.33285
Gadugan,30.2373,69.62353
Gadugan,30.21141,69.56961
Gadāp,29.37639,66.48472
Gafiz Faiz Muhammad,28.82312,68.43854
Gagu,25.58417,66.44556
Gah Kili,31.66575,69.74742
Gahar Kili,28.46528,66.34993
Gahraket,27.24772,67.04571
Gahram Sasoli,27.45815,65.91709
Gahurani,29.11829,67.81941
Gai,29.39515,67.58453
Gai,30.87176,67.43268
Gairi,28.7083,66.07538
Gajan,29.57933,66.82958
Gajan,28.67546,67.4294
Gajan Bazar,26.81307,64.45088
Gaje-na-Khalq,25.90215,67.06193
Gaji,27.77613,66.51881
Gaji Bar,30.08382,69.96283
Gaji Khan Umrani,28.55564,68.37239
Gajikhanzai,28.2867,65.97376
Gajjo,26.12111,61.90168
Gajli,27.34202,65.69568
Gajru,26.54904,65.70072
Gaju Kili,30.04245,69.15288
Gajwani,30.0281,69.93431
Galachah,29.16869,64.32903
Galal,30.63037,67.8816
Galangur,29.6,66.28333
Galbraith Spinney,30.17054,66.99177
Galghazi Pir,30.02196,66.50258
Galtaj,29.37539,67.24344
Galugah,27.96122,63.00329
Galur Khan Mathang,25.42586,64.79136
Gamal Ghis,27.4104,62.88797
Gaman Katsai,31.12123,70.0857
Gamar Khan Jotoi,28.27752,68.21262
Gamaro Bazar,25.30292,62.18448
Gambaikh Kili,31.02431,69.01647
Gambar Zhere Tangi,30.72778,69.10477
Gambat,29.13308,67.91527
Gambodi,27.6905,66.24259
Gambola,27.47843,65.91908
Gamboli,29.82607,68.41839
Gamesh,28.6543,66.4773
Gameshi,27.79093,66.44366
Gamun,29.19732,67.85939
Gand,30.44306,69.87197
Ganda Ghwazhe,30.55044,67.89793
Ganda Goz Viala,30.32185,68.58491
Ganda Qasmani,30.09378,69.91836
Gandagen Kot,28.6723,66.3209
Gandagor,25.805,64.5632
Gandakna,28.01057,67.84976
Gandan,30.39978,68.00338
Gandari Thaddari,30.14561,68.56085
Gandava,28.61321,67.48564
Gandbo,25.04933,66.85903
Gande Nagar,25.41514,62.80231
Ganderi,30.03052,68.52865
Gandh Chahi,26.20718,64.88907
Gandhera,30.37663,69.83322
Gandherai Sadu Kili,31.84377,69.54033
Gandhere Kili,30.1845,68.15813
Gando Gowdrah,25.71875,62.56374
Gandoi Chauki,28.80847,69.03684
Gandori Chah,29.57801,65.51558
Gang Karki,26.36545,63.74929
Gangai Melan,31.11627,68.55469
Gangal,30.36608,68.06514
Gangalzai,30.72762,66.86536
Gangalzai,30.75868,67.00298
Ganjabad,25.38806,64.33361
Ganjarai Kili,31.08245,68.08827
Ganjlu,28.90451,67.79788
Ganjrad Mathang,25.46205,64.86982
Ganz,25.0978,61.87025
Gaondhar,27.8887,66.26836
Gar,26.85514,63.49843
Gar Gand,25.76467,62.66754
Gara,30.6888,68.70999
Gara Halq,26.43271,64.42413
Gara Khan,30.81668,66.95991
Gara Kili,30.42589,69.42512
Gara Kili,30.64447,67.74309
Gara Melan,31.1759,68.56475
Gara Terai,30.85001,66.99146
Garabanddi War,31.32104,69.95199
Garacha,31.78016,69.41756
Garaganda,31.14212,69.44275
Garahi,26.65669,65.67546
Garai,27.32733,65.36617
Garai Chanal,28.17185,66.1915
Garam Bawat,28.14863,66.7586
Garam Bawat,28.14507,66.76708
Garandi Wad,29.35,63.71667
Garang Kili,31.43622,69.99729
Garang War,31.16097,66.77066
Garangai,30.94449,67.1896
Garani,29.95543,69.63905
Garari,27.4932,65.3149
Garari Bazar,26.21963,64.57975
Garbah,27.80111,66.72323
Garbun Bazar,26.58498,62.90705
Garda,30.95637,68.41801
Gardak,26.26039,62.92429
Gardanai Kili,30.7785,68.90486
Gardanzai,31.0877,69.18221
Gardi,30.85318,67.49962
Gargai,30.88455,67.3812
Gargai,31.04283,67.06612
Gargan Gorgej,29.4041,67.93311
Gargoji,30.80404,70.17085
Gargush,29.30104,67.13338
Garharh,30.3499,67.52202
Garhi Khairo,28.06029,67.98033
Garhi Muhammad Bakhsh,29.16277,68.20991
Garhi Rehman,28.36364,67.83686
Gari,27.64599,66.06124
Garian,30.72941,66.87672
Garib Nawaz Hotal,26.83501,66.70174
Garin Chah,27.5117,63.93132
Garithal,28.25673,66.41596
Garkal,26.9416,64.7947
Garmakan,27.00233,64.11769
Garnshad Kili,29.12199,63.97246
Garo,28.31641,67.47258
Garoghoghina Kili,31.50942,69.35992
Garoki Dasht,27.62582,66.54148
Garrani,29.14676,66.58019
Garrani Karez,29.15327,66.57769
Garruk,28.43333,65.68333
Garruk,29.13606,66.54113
Garruk,28.76648,65.16266
Garuk,25.32639,62.12361
Garuk,27.92929,62.87323
Garuki Sund,25.63611,63.34167
Garuki Sund,25.60556,63.26944
Gashti Bazar,26.62731,63.30527
Gat,30.93441,67.86922
Gat,30.91686,67.15907
Gat,31.11948,66.97509
Gat,31.1132,70.09192
Gat Dabar,30.81439,67.37338
Gat Kili,30.89181,69.17958
Gat Kili,31.14848,69.813
Gatai Kili,31.01323,68.08621
Gati Ghar,30.58078,68.16859
Gatte Daf,26.09064,64.27852
Gauhar,29.90203,69.26277
Gauhar Kats,31.05488,70.23848
Gawal,31.09603,66.84749
Gawal Bagh,30.95565,66.83293
Gawramzai,30.14865,67.01125
Gayar,25.76931,65.37319
Gaz Bazar,25.5419,62.80512
Gaz Khand,26.12557,62.08426
Gaz Mar,25.24943,62.19664
Gaz Qabar,27.20753,66.12762
Gaza Chah,26.01667,62.81667
Gazai,27.80879,66.6131
Gazai Kaur,26.43333,63.63333
Gazamba,31.35009,70.09918
Gazan,28.41523,66.58396
Gazan,26.06408,64.17254
Gazan Kochhu,28.45152,66.59024
Gazdanbal,25.38611,63.93056
Gazdegan,28.42559,66.25378
Gazg,28.94591,67.02603
Gazi,29.9013,66.75835
Gazi Chah,25.37147,63.83425
Gazka Chah,27.41728,63.22392
Gazlun Kili,30.83452,68.52229
Gazmut Kili,31.28514,69.88532
Gazozai,27.22876,65.70573
Gazzen Bet,26.00806,62.8163
Gazzi,28.50509,65.36771
Gazzi Mulla,26.73364,65.71766
Gazzi Zai,27.66024,66.21612
Gazzu,28.2808,67.40884
Geand,29.11858,63.51623
Gedan Landhi,28.95718,65.1562
Gedar Aghbarg,30.42685,69.85238
Gehwargari,29.23286,67.90215
Gendai Zamistan,30.117,68.0319
Genna,26.02519,62.9242
Geti,30.23628,66.44384
Geti,29.89231,66.86744
Gewani Gis,26.18447,63.18927
Gewari,30.28464,68.27359
Gezh Jaffa Khan Kili,31.06698,67.53596
Ghabargai Kili,31.36588,69.64361
Ghabezai,30.75463,66.91106
Ghabru,28.01424,66.2909
Ghaffar Kot,28.09192,67.95721
Ghaffar Muhammad Hasni,28.91105,65.57556
Ghaffurabad,28.10139,67.96667
Ghafur,30.64129,68.77615
Ghafur Colony,30.15267,66.98967
Ghafur Talab,30.85327,67.95173
Ghaggar Khan,30.89436,69.91909
Ghahar,28.1087,67.5042
Ghaibabad,30.22872,66.96052
Ghaibi Khan,28.31753,67.83074
Ghaibi Ziarat,29.64171,66.27147
Ghaibizai,30.17893,66.77702
Ghaibizai Kili,30.8475,68.64041
Ghaibizai Kili,30.84329,68.68242
Ghair Abad,30.21879,66.96538
Ghait,29.63012,66.70581
Ghaiz,30.51924,67.4615
Ghalbi,29.13427,66.02402
Ghalla,30.13747,67.95096
Ghamshat Ghis,27.05232,63.41976
Ghanga,30.83934,67.52041
Ghanja Dhori,29.93907,66.87255
Ghanur Khan,28.52883,68.66843
Ghanur Khan,28.52426,68.67269
Ghanwandai Kili,31.11242,67.80424
Ghar,30.97607,67.66318
Ghar,28.35643,67.4855
Ghar,28.62453,66.58186
Ghar,30.47015,69.20666
Ghar Ga,30.24676,68.03427
Ghar Ghundai Kili,31.23716,68.77962
Ghar Kalag,26.36173,62.28581
Gharbai,30.58978,67.91886
Gharbandai Kili,31.33583,69.99419
Gharbassa,31.00662,69.95694
Gharbi Pui,30.36351,68.0243
Gharbi Turmae,31.34728,68.71634
Gharchoi,30.68871,69.90468
Ghardai,31.44133,69.80485
Ghargai,31.06191,66.88416
Gharhgai,30.99439,67.34736
Ghari,26.29543,66.32668
Ghari,31.32804,70.07626
Ghari Bhut,28.73228,66.8138
Gharian,30.54821,66.89266
Gharib Abad,28.63629,66.32342
Gharibabad,28.18935,68.10957
Gharibabad,28.10576,66.11121
Gharibabad,28.82029,62.75272
Gharibabad,30.15957,66.98883
Gharibabad,29.53519,67.88156
Gharibabad,28.93915,67.60126
Gharibabad,29.55014,66.02383
Gharibabad,28.6087,65.413
Gharibabad,30.15724,68.58032
Gharkai,31.25945,70.10881
Gharkai Kili,30.89484,68.80369
Gharki,30.49429,67.18314
Gharmap,28.31092,66.46297
Gharna,27.90001,66.60231
Gharo,27.40432,66.53688
Ghartangai,30.54207,69.74399
Gharun Shehr,29.85138,69.56026
Gharvandi,30.59711,69.764
Ghashi Ghar,31.13966,70.14082
Ghat,28.50573,66.64625
Ghat,27.9255,66.73497
Ghat Tizha,30.82641,67.54472
Ghat Wam,31.7272,69.74581
Ghata Tega,31.0779,69.05464
Ghati Dor,25.2092,62.34001
Ghati Pul,29.99989,68.83434
Ghatra,28.52586,67.35322
Ghattro,28.17128,66.91425
Ghaus Bakhsh,29.96509,66.74584
Ghaus Bakhsh,27.56397,65.36861
Ghaus Bakhsh,28.4556,68.09943
Ghaus Bakhsh Kili,29.39225,65.89696
Ghaus Bakhsh Takri,28.81576,65.64433
Ghausabad,29.95579,66.94267
Ghausabad,28.90474,67.03559
Ghausabad,29.93069,66.88212
Ghauspur,28.23768,67.96696
Ghauspur,28.15289,67.926
Ghauzh Hassan Khel,31.172,69.87044
Ghawagi,30.93693,67.47981
Ghayyas Kili,28.11511,64.44684
Ghaz,30.25344,69.03881
Ghaz,30.71659,67.37449
Ghaz Ab,25.43333,65.16667
Ghaz China,31.28575,67.87576
Ghazaluna Kili,30.83394,68.52492
Ghazgai,30.69167,67.85139
Ghazgai,30.70732,67.60413
Ghazi,29.17345,67.836
Ghazi Abad,28.55129,66.42922
Ghazi Bagh,31.16897,67.02278
Ghazi Fatwani,29.1057,67.82308
Ghazi Khan Sasoli,29.70405,66.53162
Ghazi Kili,30.08707,69.00661
Ghazi Nau,30.9155,67.4022
Ghazi Shamozai,31.17261,69.98028
Ghazlana,30.71884,67.62036
Ghazlana,30.69965,67.62325
Ghazluna,31.40152,67.80709
Ghazni,30.83569,66.48711
Gheribabad,28.19058,65.98297
Gherkhwa,30.40108,68.28446
Ghez,30.90632,67.36078
Ghial,28.94089,67.82416
Ghiandai Sar Kili,31.30027,69.97887
Ghichak,26.95,65.01667
Ghilgai,30.8831,67.48558
Ghlo China,30.56944,67.15278
Ghonchan,25.7625,63.54583
Ghorbandi,28.19766,66.35341
Ghorghejani,25.30204,62.71837
Ghoribo Goth,25.37607,65.54277
Ghorshai Kili,31.09508,69.37353
Ghose Bukhsh Machhi,28.41552,67.48841
Ghotai,30.71612,68.40494
Ghous Muhammad Kaul,30.90235,66.8112
Ghous Pur,28.2546,67.9628
Ghousabad,28.45032,67.89705
Ghousabad,28.68592,66.17873
Ghousabad,30.15074,66.99497
Ghoush Pishma,30.15523,68.34475
Ghowar,29.12837,67.77704
Ghozhiz,30.67755,69.99085
Ghoziza Kili,31.11147,69.91793
Ghubare Kili,30.75408,68.90844
Ghubarg Kili,31.12103,69.00531
Ghulam Ali,26.99338,65.52623
Ghulam Ali Bazar,26.19006,64.42846
Ghulam Bazar,25.38757,61.77775
Ghulam Bazar,26.21175,64.05561
Ghulam Bolik,28.90873,67.47119
Ghulam Haidar,28.8061,67.8542
Ghulam Haidar,30.01427,68.99009
Ghulam Haidar Bakhlani,28.45196,68.95176
Ghulam Haider,25.38507,64.33259
Ghulam Haider Baluch Kili,30.09106,69.09753
Ghulam Haider Bugti,28.3835,68.30311
Ghulam Haider Kaloi,28.76699,67.47616
Ghulam Haider Khand,28.00556,67.94722
Ghulam Haider Muhammad Hasni,28.9604,65.66981
Ghulam Haider Zai Thal,29.65479,67.64619
Ghulam Husain,25.47546,66.66545
Ghulam Husain Jamali,28.31185,68.08515
Ghulam Hussain,28.06182,66.41765
Ghulam Hussain,25.36786,63.85687
Ghulam Hussain Kaighalo,26.64553,66.78807
Ghulam Hussain Umrani,28.33946,68.2182
Ghulam Hyderi Bazar,26.10627,64.70037
Ghulam Jan,31.15366,66.7232
Ghulam Jan Bazar,26.89359,64.16363
Ghulam Jan Kili,29.63084,65.89202
Ghulam Muhamamd Bazar,26.21684,64.50976
Ghulam Muhammad,25.44801,63.18272
Ghulam Muhammad,31.08996,66.7186
Ghulam Muhammad,26.40825,65.33713
Ghulam Muhammad,29.27641,66.49444
Ghulam Muhammad,25.77734,67.06727
Ghulam Muhammad,27.63787,66.59728
Ghulam Muhammad,26.59315,65.55767
Ghulam Muhammad,26.29445,65.53163
Ghulam Muhammad,29.19962,67.9059
Ghulam Muhammad,26.4893,65.4507
Ghulam Muhammad,27.60419,66.63276
Ghulam Muhammad Bazar,26.45122,65.43674
Ghulam Muhammad Bazar,26.32375,64.70729
Ghulam Muhammad Kandrani,28.36628,68.29923
Ghulam Muhammad Khuhawar,27.99401,67.86856
Ghulam Muhammad Kili,26.29916,63.40085
Ghulam Muhammad Muhammad Hasni,28.86739,65.5735
Ghulam Muhammad Nambardi,30.29545,69.78638
Ghulam Muhammad Qumbrani,26.12798,66.24532
Ghulam Muhammad Shar,28.5344,68.36485
Ghulam Muhammad Shar,28.61688,68.37212
Ghulam Muhammad Torzai,31.27262,67.01206
Ghulam Mustafa,28.1616,67.99371
Ghulam Mustafa Utra,28.43495,68.21135
Ghulam Mustaufo,28.60782,68.46898
Ghulam Nabi,28.78683,67.81259
Ghulam Nabi,28.41044,68.21901
Ghulam Nabi,25.35438,62.40639
Ghulam Nabi,28.21924,66.10795
Ghulam Nabi Goth,29.88471,67.09379
Ghulam Nabi Halq,26.6367,63.48957
Ghulam Nabi Kili,29.05903,64.04051
Ghulam Parez,29.77215,66.83673
Ghulam Qadir,27.42673,65.88175
Ghulam Qadir,28.58924,68.46499
Ghulam Qadir,28.21637,68.07168
Ghulam Qadir,28.11478,66.14238
Ghulam Qadir Gis,28.22752,65.08129
Ghulam Qadir Sakhani,28.29204,67.41212
Ghulam Rasul,29.00651,63.98589
Ghulam Rasul,28.44306,68.80139
Ghulam Rasul,29.94191,69.87027
Ghulam Rasul,27.73928,66.70282
Ghulam Rasul,28.00889,66.38582
Ghulam Rasul,25.52947,62.69552
Ghulam Rasul Chanal,28.16717,66.43866
Ghulam Rasul Kili,29.03068,63.96386
Ghulam Rasul Kili,30.00144,66.90941
Ghulam Rasul Masori,29.85696,69.83653
Ghulam Rasul Mughlani,28.38126,67.37891
Ghulam Rasul Rind,28.32038,68.11477
Ghulam Raul Dasti,28.43768,68.1803
Ghulam Shah,29.49642,65.36572
Ghulam Shah,28.02639,67.96389
Ghulam Shah,28.48767,68.20182
Ghulam Shah,29.32243,64.67267
Ghulam Yasin Jakhrani,28.47344,69.31789
Ghulamani,28.77663,68.13797
Ghulamo,26.58448,65.33948
Ghulona,30.77278,67.14725
Ghund,30.98351,69.43554
Ghunda Manra,30.63539,68.0844
Ghundai Kili,31.34709,69.31892
Ghundai Kili,30.91949,69.15904
Ghundai Kona,31.63727,69.88994
Ghundai Kune Kili,31.30597,69.992
Ghundak,30.35417,67.13556
Ghundarai Kili,31.90913,69.55304
Ghundi,30.42358,69.71904
Ghundi Sulaiman Zai,31.05514,69.49205
Ghunz,30.45128,67.89078
Ghunza,30.90991,67.27822
Ghunza Manaza,30.90573,67.27865
Ghur Lamah,31.48898,69.83203
Ghurcha,27.79185,66.72189
Ghurhesik,30.92146,67.37864
Ghuriasa,31.01244,69.96517
Ghurmi,30.11012,67.95464
Ghurshnan,30.63429,67.58035
Ghurwandai,30.87906,67.40383
Ghuzgai,31.13355,67.89162
Ghwanzakal,30.69033,67.2832
Ghwazhe,30.88395,66.56518
Ghwazhurai Kili,31.02075,68.34324
Giawan,29.03016,66.58896
Gibun,26.03971,62.83538
Gichk,26.66402,64.24582
Gidar,28.30367,66.0689
Gidarwah,28.61205,67.64505
Giddar,28.94233,67.76317
Gidgar,30.09248,68.34316
Gidwan Taswai,30.56333,69.31916
Gigrai Kili,31.15917,68.92181
Gil Kand,25.7077,62.01809
Gilli,26.32249,65.63035
Gilli,29.73308,66.8117
Gilli,31.01155,67.63517
Gilli,26.71826,65.67583
Gilli Chir,26.28145,62.96973
Gilli Sar Bhaut Bazar,26.30911,62.91983
Gilli Sar Musa Bazar,26.30097,62.90183
Gilwandai,31.07936,67.80291
Gimi Jiyind Khan,28.83261,65.00435
Girana,30.36417,68.0566
Girawali Kili,30.85027,69.34296
Girchir,26.4058,62.97302
Gird,27.63611,63.46194
Girdai,31.043,69.12547
Girdai,31.1575,66.89361
Girdai,31.0589,66.81878
Girdai,30.64804,68.7958
Girdai Kili,30.65531,69.19745
Girdai Ragha Kili,31.42547,69.23421
Girdao,31.76639,69.49472
Girdao Kili,30.73923,69.47483
Girdi Jangal,29.11523,64.50176
Girdi Kach,30.40282,69.7843
Girdi Khula,30.9837,69.44587
Girdi Talab,30.17663,66.80345
Girdigar Mina,31.26332,70.04032
Girdiwah,30.29894,69.66797
Giri Bazar,26.01184,64.20455
Girkdan,26.56006,62.4856
Girok,26.00817,63.86294
Giroshki Khand,29.35982,66.03078
Girsani,29.9623,69.31932
Girvi Gudi,30.35872,68.12116
Gish Kaur,26.24707,64.73504
Gishardan,26.39034,62.62256
Gishkaur,25.71953,64.8236
Gishkori,29.43882,68.00067
Gishkori,29.37805,67.95365
Gishtak,26.2653,62.94407
Giso,27.32149,66.48708
Gizar Khel,31.46813,69.0482
Glo Kala,30.82687,68.1399
Gloik,28.57491,66.41789
Goamag,26.4216,63.0924
Goand Sarin,26.02918,63.82225
Gobar,31.1959,70.02581
Goburd,26.13264,62.10085
God,26.26313,63.07432
Godabar Kili,30.38351,69.1046
Godar,28.16667,63.23333
Godari,28.80444,67.52378
Godayman Thana,31.71166,68.56494
Godi Ghar,29.7044,66.79381
Goethan Kili,31.06592,69.98297
Gogai,30.50163,67.45492
Gogi Kili,30.35152,69.60115
Gogra Mari,29.22671,67.78024
Gogra Qutab Khan,29.23502,67.79521
Gogra Raisani,29.23194,67.7907
Gogra Sarparra,29.23393,67.78383
Gograi,30.13944,66.97682
Goh Abdul Rahim,25.10326,66.99337
Gohar Khan Bazar,25.66653,62.26294
Gohr Bandi,27.88101,66.26064
Gohrag Bag,25.82765,62.14187
Gohrag Shahani,25.77437,62.19764
Gohrag-i-Daf,25.66533,62.20811
Gohram,26.77006,64.14704
Gohram Kili,28.42344,67.32505
Gohrami,26.96632,64.81931
Gohrani Kili,28.30921,67.37452
Goimio Goth,25.9333,67.32071
Gokdani,25.99376,62.96062
Goklot,27.54396,65.70973
Gokurt,29.55787,67.47613
Gola,28.89819,67.49936
Gola,28.34128,68.33178
Gola,29.26544,67.82556
Gola Musa,28.48422,68.3674
Gola Ram,29.09456,63.92124
Gola Shah Hok,26.14384,66.56259
Golah Long,29.03215,67.80091
Golah Muhammad Umer,29.02937,67.75306
Golai,25.70982,66.60926
Golani,26.05913,62.77089
Golo,28.88954,67.59187
Gom,29.01666,66.59008
Gomazgi,29.38671,65.92373
Gonanari,28.46844,68.78938
Gonanki Bazar Deh,26.58677,63.13059
Gonap,28.01389,66.30556
Gondi,25.23529,63.37987
Gonga,27.77008,66.5217
Goni,27.89162,66.75311
Goni,27.47024,65.91093
Goni,27.47088,66.58858
Goni Bent,28.24124,66.68257
Goni Damb,27.68686,66.26264
Gonjaik,25.88415,62.67253
Gonki,26.03259,63.35027
Gonzh,26.43991,63.29137
Gor,29.26156,67.77488
Gora,27.79686,66.83931
Gorai,31.19352,70.08375
Gorandani,25.29031,62.4864
Gorangai,30.94962,66.99129
Gorani,28.23827,67.27875
Gorani,29.4961,66.80438
Gorawa,27.92074,66.5203
Gorbandi,28.60861,64.98694
Gorcop,25.8763,63.5345
Gorej,28.88911,67.48583
Gorgul,30.61397,69.0974
Gorh,31.16754,68.58825
Gori,26.03389,62.77936
Gori Singh,28.0096,66.51675
Gorian,30.69851,67.13323
Gorich Categ,27.24207,63.2606
Gorjak,26.98409,64.13688
Gorjak Mathag,26.99761,65.49191
Gorkai,27.16333,65.64779
Gorkhai,30.56983,69.11511
Gorkhai,30.56568,69.11932
Gornag,26.15647,62.2219
Gornag Bazar,26.52671,63.13873
Goroad,28.94656,66.5422
Gorpag Bazar,25.69763,62.41625
Gorran,27.92682,66.50705
Goru,28.4475,66.57523
Goru Bidring,27.81225,66.82088
Goru Dhal,27.81484,66.8459
Gorunz Bazar,26.83585,63.50131
Gosa,31.03333,69.5
Got Sher Khan,25.63333,66.95
Goth Abad Magsi,28.32189,67.65548
Goth Abbas,25.00944,66.73703
Goth Abbas,25.68917,66.23949
Goth Abbas,24.95059,66.74393
Goth Abbu,25.1682,66.84876
Goth Abbu,26.08766,66.81543
Goth Abdu,25.31007,67.0991
Goth Abdul,26.20463,67.16916
Goth Abdul Aziz Khan,28.55505,68.50762
Goth Abdul Aziz Khoso,28.44099,68.35332
Goth Abdul Brahui,27.15363,67.06571
Goth Abdul Fateh,28.51374,68.48496
Goth Abdul Ghafur,28.97785,67.63943
Goth Abdul Ghafur,28.42507,67.94999
Goth Abdul Ghani,28.13678,67.89605
Goth Abdul Ghani,28.60797,68.46157
Goth Abdul Ghani,28.47067,68.58479
Goth Abdul Ghani,28.44419,68.75786
Goth Abdul Hadi,27.97375,67.38478
Goth Abdul Hadi Marri,27.89803,67.37901
Goth Abdul Haji,25.39416,67.13399
Goth Abdul Hamid,28.35917,67.91086
Goth Abdul Hamid Lakkati,28.4242,67.9156
Goth Abdul Hasab Umrani,28.54179,68.36841
Goth Abdul Jabbar,28.12527,67.89744
Goth Abdul Karim,28.82958,68.0808
Goth Abdul Karim,26.20955,66.80363
Goth Abdul Karim,26.794,66.28503
Goth Abdul Karim,28.47598,68.42853
Goth Abdul Karim Bhangar,28.6761,68.32705
Goth Abdul Karim Jakhrani,28.95409,68.25534
Goth Abdul Khaliq,28.21291,67.96955
Goth Abdul Khaliq Jamali,27.963,67.71829
Goth Abdul Khaliq Umrani,28.55483,68.4244
Goth Abdul Majid,25.07121,66.96992
Goth Abdul Majid,28.42141,68.0267
Goth Abdul Majid,28.49801,68.27737
Goth Abdul Majid Khoso,28.59373,68.45606
Goth Abdul Malik Baghdad,28.56746,68.26288
Goth Abdul Malik Pandrani,28.5615,68.29644
Goth Abdul Nabi,26.45078,67.0814
Goth Abdul Nabi,28.45693,68.35539
Goth Abdul Qadar,28.66535,68.54099
Goth Abdul Rahim,28.01495,67.90164
Goth Abdul Rahim,26.59511,66.32699
Goth Abdul Rahim,25.58517,66.71989
Goth Abdul Rahim,26.39016,67.02919
Goth Abdul Rahim,25.6601,67.08029
Goth Abdul Rahim Gabol,28.83433,68.10408
Goth Abdul Rahman,28.51853,68.44891
Goth Abdul Rahman,25.32524,66.74139
Goth Abdul Rahman,28.42057,68.04878
Goth Abdul Rahman,26.51576,66.34978
Goth Abdul Rahman Mangrio,28.55709,68.37924
Goth Abdul Rahman Qaisarani,25.85513,66.46276
Goth Abdul Rashid,28.46958,68.30844
Goth Abdul Rashid,28.44602,68.2928
Goth Abdul Rauf Khan,28.5764,68.57522
Goth Abdul Razzaq,28.37279,68.33805
Goth Abdul Rehman,25.77628,66.39569
Goth Abdul Rehman,25.44742,66.04146
Goth Abdul Rehman Hejwani,28.77782,68.20538
Goth Abdul Sattar Kanrani,28.50535,68.72185
Goth Abdul Wahab Khosa,28.483,68.53432
Goth Abdul Wahid Khan,28.54829,68.51738
Goth Abdullah,25.8784,66.33593
Goth Abdullah,28.42608,68.297
Goth Abdullah,25.04959,66.78323
Goth Abdullah,25.57655,67.27317
Goth Abdullah,26.09624,67.25693
Goth Abdullah,25.13837,66.74156
Goth Abdullah,25.7962,67.36218
Goth Abdullah,26.40742,67.12338
Goth Abdullah,26.39753,67.01733
Goth Abdullah,25.45642,67.12796
Goth Abdullah Angaria,25.87239,66.43874
Goth Abdullah Bazinja,25.11369,66.94969
Goth Abdullah Jatak,27.75658,67.32067
Goth Abdullah Palal,27.97303,67.73219
Goth Abdullah Palal,27.97565,67.69685
Goth Abdullah Raunja,25.88388,66.43626
Goth Abdullah Sori,25.47269,66.6692
Goth Abdur Rahman,25.82194,66.43056
Goth Abdur Rahman,28.77646,68.14333
Goth Abdur Rahman Gadur,26.30997,66.21538
Goth Abrah,28.97173,67.68686
Goth Abu,25.89938,66.59241
Goth Abu Bakar,28.02089,66.2356
Goth Achar,25.21994,66.8683
Goth Achar,25.79234,66.41189
Goth Achar Khan Umrani,28.1479,67.89146
Goth Achar Shaikh,25.05399,66.91602
Goth Achhri,29.09167,68.04722
Goth Adam,28.76138,68.15659
Goth Adam,25.9743,66.38224
Goth Adam,25.71055,66.48364
Goth Adam,25.93674,66.57534
Goth Adam,25.06102,66.73769
Goth Adam,25.09239,66.74498
Goth Adam,25.79759,66.78042
Goth Adam Khan,28.41088,67.61463
Goth Adam Khan,28.77639,68.13251
Goth Adan,25.17434,66.97273
Goth Admani Mahmud Magsi,28.05953,67.60459
Goth Aesho,25.62778,66.04167
Goth Afzal Abad,28.47082,68.08482
Goth Aghwan,28.3863,67.97743
Goth Ahmad,25.56806,66.00833
Goth Ahmad,25.76589,66.25649
Goth Ahmad,25.53548,66.98738
Goth Ahmad,25.21618,66.83855
Goth Ahmad,26.19753,67.12046
Goth Ahmad,25.25,67.08333
Goth Ahmad Ali,25.23944,66.74778
Goth Ahmad Jamot,26.34483,66.33799
Goth Ahmad Khan,28.30115,67.94768
Goth Ahmad Yar,26.66264,67.05399
Goth Ahmadan Bugti,28.57573,68.47301
Goth Ahmed,26.33873,67.02426
Goth Ahmed Baluch,25.88793,66.45514
Goth Ahmed Shah,25.86691,66.44429
Goth Ahtisham Khan,28.62999,68.61694
Goth Ajab Shaikh,25.61683,66.69705
Goth Ajam,28.16949,67.56801
Goth Akbar Brahui,27.165,67.10099
Goth Akbar Khan Khosa,28.50229,68.63363
Goth Akbar Khan Khoso,28.6414,68.47091
Goth Akbar Shah,28.0763,67.89517
Goth Akbar Umrani,28.38701,68.01427
Goth Akhtar Hasan Shah,28.56763,68.34327
Goth Akhtiar Khan,28.48764,68.45892
Goth Alam Din Bugti,28.49316,69.12389
Goth Alhiar Khan,28.28456,67.57191
Goth Ali,25.56706,67.05665
Goth Ali,25.06235,66.74903
Goth Ali,25.07928,66.73272
Goth Ali,25.09658,66.77122
Goth Ali,25.12351,66.73593
Goth Ali,25.70755,66.24427
Goth Ali,26.43504,66.20046
Goth Ali,28.59385,68.7095
Goth Ali Akbar Mengal,28.4089,67.91471
Goth Ali Bakhsh,27.98711,67.82225
Goth Ali Bakhsh,28.1494,67.9521
Goth Ali Bakhsh,28.35312,68.29352
Goth Ali Bakhsh,28.30872,67.96419
Goth Ali Bakhsh Pechu,28.79849,68.3419
Goth Ali Dad,25.14175,66.94046
Goth Ali Dad,25.56887,66.68579
Goth Ali Dad Umrani,28.53378,68.29718
Goth Ali Dost,28.44616,68.39602
Goth Ali Dost,28.2707,67.8853
Goth Ali Gul,28.44078,68.26548
Goth Ali Gul,28.14784,67.6846
Goth Ali Gul,28.4076,68.25117
Goth Ali Gul Khan,28.4613,67.9879
Goth Ali Hasan Rustamani,27.21472,67.1524
Goth Ali Ibrahim Shahok,26.04591,66.61344
Goth Ali Jan,28.4484,67.9937
Goth Ali Khan,25.77886,66.79813
Goth Ali Khan,25.02748,66.76884
Goth Ali Khan Brohi,28.10576,67.85866
Goth Ali Khan Laghari,28.12181,67.98861
Goth Ali Mardan Jamali,27.97744,67.73353
Goth Ali Muhammad,25.45303,66.04419
Goth Ali Muhammad,27.92906,67.36218
Goth Ali Muhammad,28.26688,67.62512
Goth Ali Muhammad,25.22132,67.04474
Goth Ali Muhammad,25.76764,66.49729
Goth Ali Muhammad,25.5836,67.22661
Goth Ali Muhammad,25.2292,66.74035
Goth Ali Muhammad,25.22383,66.89629
Goth Ali Muhammad,28.41896,67.58793
Goth Ali Muhammad,25.49875,66.95658
Goth Ali Muhammad,25.71462,66.60172
Goth Ali Muhammad,25.8648,66.2828
Goth Ali Muhammad,26.44503,67.0881
Goth Ali Muhammad,25.91098,66.45865
Goth Ali Muhammad Angaria,25.80697,66.40276
Goth Ali Muhammad Bano,28.486,68.04675
Goth Ali Muhammad Massor,26.26126,66.22121
Goth Ali Muhammad Sheikh,26.03741,66.51597
Goth Ali Muhammad Umrani,28.52605,68.32083
Goth Ali Murad,25.64703,66.79869
Goth Ali Murad,28.22298,68.14787
Goth Ali Murad,28.3885,67.9637
Goth Ali Murad,26.55019,67.06333
Goth Ali Murad,28.19095,67.88454
Goth Ali Murad Bugti,28.41111,68.35923
Goth Ali Murad Jat,28.62424,68.40739
Goth Ali Murad Magsi,27.95371,67.73168
Goth Ali Murad Mamdani,28.01929,67.65612
Goth Ali Nawaz,28.328,67.9498
Goth Ali Nawaz,29.02232,67.6999
Goth Ali Nawaz Khan,28.0568,67.67303
Goth Ali Nawaz Khan,28.65861,68.44879
Goth Ali Nawaz Khan,28.10833,67.87639
Goth Ali Sher,28.47353,68.37315
Goth Ali Sher,28.4504,67.9708
Goth Ali Sher Khan,28.31656,67.909
Goth Ali Wali,29.06402,67.68091
Goth Ali Yar,25.4103,66.60134
Goth Aliabad,28.35343,68.07683
Goth Aliabad,28.187,68.095
Goth Aliyar,29.09167,68.00833
Goth Alla Marri,27.9068,67.37363
Goth Allah Abad,28.52088,68.18905
Goth Allah Abad,28.15938,67.68268
Goth Allah Bachaio,25.70183,66.22997
Goth Allah Bakhsh,28.47379,68.38597
Goth Allah Bakhsh,28.18602,67.88679
Goth Allah Bakhsh,28.22467,67.84783
Goth Allah Bakhsh,25.48563,65.48137
Goth Allah Bakhsh,25.4049,67.01491
Goth Allah Bakhsh,25.85446,66.44851
Goth Allah Bakhsh,25.05933,66.81673
Goth Allah Bakhsh,25.35506,66.91921
Goth Allah Bakhsh,25.32006,67.07862
Goth Allah Bakhsh,28.46232,67.85294
Goth Allah Bakhsh Rind,28.41069,67.88537
Goth Allah Bakhsh Shakuri,28.44738,68.37734
Goth Allah Bakhsh Siyahpad,25.10697,66.97155
Goth Allah Bakhsh Umrani,28.17769,67.8881
Goth Allah Bukhsh,25.57107,66.66329
Goth Allah Bukhshi Jamot,25.70549,66.91272
Goth Allah Dad Khan Misrani,28.3211,67.9078
Goth Allah Dina,26.02808,66.71501
Goth Allah Dino,25.68889,66.22556
Goth Allah Rakha,28.47719,68.42422
Goth Allah Rakha,28.3459,67.9503
Goth Allah Rakhia,28.87453,68.05326
Goth Allah Rakhio,25.61667,67.1
Goth Allah Rakhio,25.78007,66.61155
Goth Allah Rakkha,28.36214,67.89198
Goth Allah Rakkha,25.41508,66.77553
Goth Allah Waraya,28.36784,67.95227
Goth Allah Waraya,28.13528,67.97647
Goth Allahabad,28.30636,67.96764
Goth Allahabad Piral Magsi,27.95505,67.63951
Goth Allahdad,25.09978,66.7827
Goth Allahdad,28.7186,68.3661
Goth Allahdad,28.37838,68.28703
Goth Allahdina,28.19167,67.94167
Goth Allahi Bakhsh,28.38523,68.28781
Goth Allahwala,25.06769,66.91546
Goth Allahyar Khan,28.33972,68.36754
Goth Allahyar Khan,29.36211,67.81089
Goth Allana,26.08508,66.6986
Goth Allana,25.70333,66.23083
Goth Allu,25.68727,67.22754
Goth Allu,25.23681,66.80729
Goth Allu,25.18489,66.77098
Goth Allu,26.81199,66.27513
Goth Allu,25.70852,66.66267
Goth Almas Khan,28.43642,68.37378
Goth Alu,25.20104,66.87374
Goth Alu,25.98221,66.38245
Goth Alu,25.20004,66.85661
Goth Alu,25.97422,66.36294
Goth Alu,25.58031,66.01856
Goth Alu,25.94264,66.26239
Goth Amanullah Khan,28.42923,68.37376
Goth Amanullah Lehri,28.12176,66.16477
Goth Amin,28.45335,68.83897
Goth Amir Bakhsh,28.42025,68.03928
Goth Amir Bakhsh,26.08814,67.35726
Goth Amir Bakhsh,28.66706,68.37464
Goth Amir Bakhsh,26.47424,67.10024
Goth Amir Bakhsh Jogi,27.47267,66.15842
Goth Amir Jan,28.29678,68.01027
Goth Amir Jan Jatak,27.80097,67.34057
Goth Amir Khaskhali,26.10116,67.26374
Goth Amjad Khan,28.61775,68.47314
Goth Ammu,25.73025,66.73033
Goth Amun,25.43941,66.79512
Goth Angara,25.43208,66.72534
Goth Anwar Brahui,27.93414,67.72264
Goth Anyat Khan,28.48865,68.4487
Goth Arab,25.14954,66.79523
Goth Arab,25.94084,67.30391
Goth Arain,29.11367,68.10462
Goth Arbab Khan Subhani,28.44233,67.93715
Goth Arbab Khan Umrani,28.42633,67.92242
Goth Arbab Machhi,28.50883,68.22223
Goth Arif,25.61267,66.15715
Goth Arshad Khan,28.11297,67.90984
Goth Aru,25.6537,66.51558
Goth Arz Muhammad,28.2924,67.86878
Goth Arz Muhammad,28.45372,68.27441
Goth Arz Muhammad Jatoi,28.35737,68.34822
Goth Arz Muhammad Subhani,28.42951,67.92783
Goth Arz Muhammad Umrani,28.35517,68.01968
Goth Arzi,28.19171,67.54684
Goth Asad Ullah Khosa,28.40315,68.34803
Goth Asadullah Khan,28.35117,68.307
Goth Asghar Ali,28.60612,68.48254
Goth Ashfaq Khan Khoso,28.63553,68.40027
Goth Ashraf,28.56605,68.49322
Goth Ataullah Khan,28.288,67.9914
Goth Athai,25.47241,66.8576
Goth Atta Muhammad Brauhi,28.58412,67.74398
Goth Atta Muhammad Chutto,25.91745,66.29484
Goth Atta Muhammad Khan Jamali,28.50925,68.18059
Goth Atta Muhammad Khan Jamali,28.53775,68.21645
Goth Atta Muhammad Mengal,28.03168,67.73491
Goth Atta Muhammad Palal,27.96912,67.73612
Goth Atta Umrani,28.54552,68.30689
Goth Avdul Ghani,28.56461,68.37894
Goth Ayub,25.71004,66.82684
Goth Ayub,25.0834,66.92179
Goth Ayub,25.72546,67.34276
Goth Ayub Khan,28.57441,68.41548
Goth Ayub Khan,28.1926,67.86657
Goth Ayub Shikari,25.69174,66.17921
Goth Azad Khan,28.4754,68.49098
Goth Azad Khan,28.45911,68.07378
Goth Azad Khan Malghani,28.3972,67.961
Goth Azad Mirzani,29.48035,67.98992
Goth Azam Khan,28.5477,68.56244
Goth Azdullah,28.40309,68.35369
Goth Azhar Khan Jat,28.28258,67.43219
Goth Azim,26.3938,67.13872
Goth Azim Jamali,26.23515,67.13948
Goth Azim Khan,28.39285,67.51803
Goth Azim Muhammad,26.46243,67.09159
Goth Azim Muhammad,25.541,67.08582
Goth Aziz Machhi,29.04485,68.16523
Goth Baado Long,26.18216,66.82707
Goth Babal Khan,28.56786,68.43649
Goth Babal Khan Khoso,28.56339,68.47342
Goth Babal Kot,28.45466,67.82083
Goth Babbar,29.39284,67.8678
Goth Bachahal,25.60972,66.03889
Goth Bachaio,25.71821,66.89993
Goth Bachaio,25.65681,66.39315
Goth Bachaio Jamot,25.70321,66.96461
Goth Bachal,28.34373,68.12966
Goth Bachal,25.94124,66.34758
Goth Bachal,25.15255,66.79119
Goth Bachal,25.32278,66.91115
Goth Bachal,25.70889,66.84045
Goth Bachayo Angario,25.4986,65.96987
Goth Bachozo,25.9416,66.27711
Goth Bachu,25.18018,66.86701
Goth Badal Khan,26.52318,67.0973
Goth Badal Khan,28.33591,67.91387
Goth Badal Khan,28.62673,67.4553
Goth Badal Khan Brahui,28.23174,67.99056
Goth Badar,25.26667,67.01667
Goth Baddo,25.49793,66.00698
Goth Baga Pir,28.37481,68.36663
Goth Bagan,28.52113,68.26297
Goth Bager,28.59106,68.53069
Goth Bagga Khan,28.3708,67.8931
Goth Bagh Kishari,26.41164,66.33401
Goth Baghai,29.12742,67.67359
Goth Baghdar,29.19791,68.10141
Goth Bahadar Faqir,28.39833,68.2888
Goth Bahadar Khan,28.45683,68.44426
Goth Bahadar Khan,28.30667,68.01109
Goth Bahadur,25.65417,66.18889
Goth Bahadur Khan,27.98849,67.50062
Goth Bahadur Khan Jhalawani,28.81939,68.16509
Goth Bahram,25.41077,66.75712
Goth Bahram,28.83333,68.11667
Goth Bahwal Khan Brahui,28.18615,67.97475
Goth Bajhi Faqir,29.15638,67.73915
Goth Bakar,25.67439,66.20338
Goth Bakhair,26.01927,66.64567
Goth Bakhar Khan,28.00816,67.6981
Goth Bakhra Khattri,29.06667,68.16667
Goth Bakhshan,28.83333,68.15
Goth Bakhsho Khan,28.44156,68.81917
Goth Bakhtiar Machhi,29.07666,68.0555
Goth Baloch,25.56311,66.63276
Goth Balouch,25.30223,66.70441
Goth Balu,25.02019,66.8642
Goth Balu Khan Bugti,28.57816,68.31901
Goth Baluch,25.4383,66.59019
Goth Bambho,28.96006,68.33002
Goth Banari,28.96462,68.32148
Goth Band,26.27663,66.2462
Goth Bangal Khan,28.23032,67.50429
Goth Bangal Khan,28.08831,67.90591
Goth Bangu Basham,29.14561,68.07272
Goth Bangul Khan Magsi,27.94847,67.72487
Goth Bano Khan,28.4782,68.43162
Goth Bar Khan,28.33233,68.36333
Goth Bara,25.49433,66.55625
Goth Bara Bagh,26.29203,66.30676
Goth Bararat,25.20164,66.86769
Goth Barkat,25.10476,66.76302
Goth Barkhordar,29.26139,68.23225
Goth Baro,28.93165,68.27706
Goth Barro,28.09583,67.89583
Goth Basham,25.24439,66.71575
Goth Bashir Khan,28.46966,68.48641
Goth Bashira,25.1018,66.77241
Goth Bashkan,28.07399,67.92643
Goth Basil,28.60604,68.72401
Goth Baza,25.53333,67.15
Goth Bazu Khan Bugti,28.58236,68.29567
Goth Begari,28.04233,67.59829
Goth Behram,28.43404,68.40775
Goth Behram,28.47375,68.34865
Goth Behram Khan,28.37718,68.07222
Goth Behram Khan,28.34896,68.07191
Goth Behram Khan Umrani,28.4504,68.34335
Goth Bhalar,25.62367,66.42788
Goth Bhand,29.09861,68.00556
Goth Bhand,28.94074,68.06916
Goth Bhand Hamza Khan,29.00443,67.73574
Goth Bhand Muhammad Ashrif,29.00731,67.73196
Goth Bhangani,29.06667,68.01667
Goth Bharo,25.29927,66.7864
Goth Bhawani,25.08182,66.83048
Goth Bhit,26.27818,66.2208
Goth Bhoro,25.92921,66.98821
Goth Bhura Khan Bugti,28.60313,68.37172
Goth Bhutti,25.78306,66.64588
Goth Bilal,25.21002,66.89265
Goth Bira Khan,28.96759,68.23003
Goth Bisham,28.35574,67.98831
Goth Bitcha,25.69904,66.58831
Goth Bokhor,25.55278,66.00972
Goth Bongo Khan Bugti,28.83647,68.38431
Goth Bora Jhal,26.63906,66.31826
Goth Brahui,25.42251,67.13334
Goth Brahui,25.39679,67.15938
Goth Budda,26.08775,66.79899
Goth Budha,28.48658,69.10058
Goth Budha,25.86106,66.63264
Goth Budha Burra,25.77298,66.60161
Goth Bugra,28.73571,67.50186
Goth Buhar,25.62959,66.65715
Goth Burdi,25.81972,66.52535
Goth Burra,25.39444,66.71152
Goth Burra,28.10047,67.68624
Goth Burro,25.44096,66.75457
Goth Cangho,25.87828,67.30398
Goth Chabar,25.72562,66.7889
Goth Chachar,29.0101,68.11308
Goth Chachar,28.31667,68.28333
Goth Chaglo,25.63333,66.20333
Goth Chairman,26.22517,67.13143
Goth Chakar Khan,28.28816,67.5646
Goth Chakar Khan,28.5659,68.38707
Goth Chakar Khan,28.312,67.9667
Goth Chakar Khan,28.09449,67.89419
Goth Chakar Khan Mengal,28.40716,67.95863
Goth Chaker Khan Murri,25.8571,66.78287
Goth Chanal,26.3352,66.20832
Goth Chandar,29.27991,67.77782
Goth Chandey Jo,28.42287,68.00952
Goth Chandia Baloch,29.26716,67.8113
Goth Chandia Khan Lahri,28.39433,67.70914
Goth Chandiawala,28.29172,67.61472
Goth Changar,25.94902,66.57538
Goth Channa Wali,28.55246,68.49074
Goth Charya,27.95129,67.63541
Goth Chatla,25.66865,66.30886
Goth Chazal Abad,28.20355,67.97782
Goth Chhala,28.48228,68.28804
Goth Chhib,26.29669,66.34722
Goth Chhor,25.75128,66.65702
Goth Chhota,25.15741,66.84084
Goth Chhotta Khan,28.25902,68.06334
Goth Chishti,29.26839,67.79309
Goth Chotai,29.46243,67.61037
Goth Chote,26.31055,66.26533
Goth Chothani,28.51768,68.6385
Goth Chotto,26.09181,67.26898
Goth Chukhi Haji Ghulam Nabi Magsi,27.92217,67.6262
Goth Chukhra,28.88357,68.09274
Goth Chura,25.9726,67.31507
Goth Chutta,25.80721,66.6009
Goth Dabu,28.10911,67.79054
Goth Dactor Nawab,28.52252,68.29693
Goth Dad,28.01467,67.52714
Goth Dad Ali Gorshani,28.66752,68.27502
Goth Dad Muhammad,25.67253,66.96793
Goth Dad Muhammad,25.64748,66.85524
Goth Dad Muhammad,28.37599,67.97395
Goth Dad Muhammad,25.67734,66.40415
Goth Dadah,25.47319,67.18248
Goth Dadu,25.1641,66.84289
Goth Dadu,25.00521,66.83595
Goth Dadu,25.26876,67.09408
Goth Dadu Khan Umrani,28.52435,68.28135
Goth Dagari,25.22187,66.95767
Goth Dahni Bakhsh,26.35781,67.15896
Goth Damb,25.44951,66.56929
Goth Dangia Muhammad,28.60307,68.51767
Goth Dani Bakhsh,25.69098,67.25179
Goth Daro Khan,25.15615,66.94297
Goth Darya Khan,25.37773,67.0812
Goth Darya Khan,25.96121,67.27579
Goth Darya Khan Rotani,28.32104,67.53059
Goth Dashti Khan Muhammad,28.3423,67.933
Goth Data Khan,28.50578,68.69988
Goth Daud,25.79,66.39722
Goth Daud Khan,28.49422,68.4398
Goth Dauli,29.09778,68.09083
Goth Daupahi,29.4512,68.02077
Goth Dava,28.82093,67.6743
Goth Deru,25.03068,66.77294
Goth Dhamnani,25.82376,66.66035
Goth Dhani Bakhsh,25.34872,66.94026
Goth Dhani Bakhsh,28.0724,67.92139
Goth Dhani Bakhsh,28.19776,67.55052
Goth Dhani Bakhsh,25.80294,67.35064
Goth Dhani Bakhsh Brahui,28.03155,67.72706
Goth Dhani Bukhsh,26.34572,66.59118
Goth Dheran Faqir,28.33842,68.31477
Goth Dil Murad,28.39924,68.04044
Goth Dilawar,28.24084,67.51956
Goth Dilawar Khan,28.29,67.9714
Goth Dildar,29.18356,67.71692
Goth Dildar,25.64615,66.06404
Goth Dilmurad,29.25949,68.19605
Goth Dilshad,29.03686,68.1474
Goth Din Muhammad,25.55731,66.83463
Goth Din Muhammad,25.76715,66.58946
Goth Din Muhammad,25.72654,66.94491
Goth Din Muhammad,25.47399,66.7072
Goth Din Muhammad,28.55922,68.4531
Goth Din Muhammad,28.50108,68.36668
Goth Din Muhmmad,26.04937,67.28535
Goth Dina Khan Jamali,28.09743,67.86483
Goth Dinar,28.74928,68.11631
Goth Dinar,29.26877,67.82372
Goth Dinar,28.75,68.36667
Goth Dinar,25.83165,66.28339
Goth Dino,28.12972,67.72525
Goth Dino,25.8966,66.43839
Goth Dirgh,28.28469,68.17692
Goth Ditta Machhi,28.60964,67.60313
Goth Dittu,29.3829,67.87068
Goth Doctor Rasul Bakhsh,28.3538,67.9008
Goth Doda Khan,28.01375,67.70579
Goth Doda Khan,28.21998,67.90123
Goth Dodo,25.64383,66.1719
Goth Doko Rindi,25.70447,66.07054
Goth Doran Khan Khosa,28.4399,68.59295
Goth Dost Muhammad,28.62942,68.6306
Goth Dost Muhammad Umrani,28.51344,68.25991
Goth Dosu,25.14895,66.81724
Goth Drib Bagh,25.57987,67.19019
Goth Duiwesh,25.64444,66.05972
Goth Dur Muhammad,28.42634,68.4359
Goth Dur Muhammad,28.34771,67.93816
Goth Dur Muhammad,25.10986,66.78539
Goth Durra,25.79742,66.62053
Goth Ehsan Khan Khoso,28.63295,68.49118
Goth Eid Muhammad,28.589,68.47977
Goth Elahi Bakhsh,28.16899,67.86163
Goth Ellahi Bakhsh Sial,27.94417,67.69728
Goth Esbani,28.70868,67.40247
Goth Essa,26.57638,64.6314
Goth Faiz,26.24678,67.09979
Goth Faiz Ali,28.45606,68.3361
Goth Faiz Muhammad,28.43987,68.29501
Goth Faiz Muhammad,28.47502,68.44619
Goth Faiz Muhammad,28.44717,68.26222
Goth Faiz Muhammad,28.27763,68.30526
Goth Faiz Muhammad,26.22913,67.13993
Goth Faiz Muhammad Sabra,26.04217,66.49593
Goth Fakhar,28.52535,68.4379
Goth Faqir Muhammad,25.83732,66.1258
Goth Faqir Muhammad,25.13644,66.9965
Goth Faqir Muhammad Gadur,26.27038,66.22078
Goth Faqir Muhammad Mogsi,28.31744,67.92666
Goth Faqir Pasind,28.45825,68.40646
Goth Farid Khan,28.03207,67.81876
Goth Farid Khan Umrani,28.53417,68.2688
Goth Fateh,26.08135,66.60617
Goth Fateh Machhi,29.09167,68.11667
Goth Fateh Muhammad,25.91679,66.46622
Goth Fateh Muhammad Gwaranja,26.4496,66.20013
Goth Fatu,25.47787,65.91916
Goth Fayyaz Muhammad,28.36899,67.94823
Goth Fazal,26.35647,67.03889
Goth Fazal Magsi,27.96082,67.64216
Goth Fazil Muhammad Badduzai,29.09711,68.09122
Goth Feroz,25.80694,66.65417
Goth Feroz Khan,28.0642,67.95025
Goth Firoz Khan,28.48333,68.71667
Goth Foz Ali Katohar,28.59955,68.30424
Goth Gabol,28.86526,68.09256
Goth Gadani Chauk,25.11826,66.78802
Goth Gadrah,28.00565,67.51849
Goth Gajjar Khan,28.04378,67.54515
Goth Gangga Khan,26.47058,66.22028
Goth Ganj Bakhsh,25.50151,64.2178
Goth Ganjdad,25.04843,66.7206
Goth Gario,25.82964,66.94976
Goth Gauhar Khan,25.44028,66.04306
Goth Gazi Khan,28.37545,68.01537
Goth Gegani,28.39623,68.07895
Goth Ghabban,28.58333,68.48333
Goth Ghangu,29.46495,67.57973
Goth Ghani Gorshani,28.67506,68.27065
Goth Ghatta,25.61111,66.17361
Goth Ghazi Khan,29.1156,68.16671
Goth Ghous Bakhsh,29.26013,67.6472
Goth Ghous Bakhsh,28.42394,68.06293
Goth Ghous Bakhsh Mengal,28.06824,67.75848
Goth Ghous Bukhsh Gola,28.47472,68.57771
Goth Ghulam,24.91986,66.71129
Goth Ghulam Ahmed,25.9589,66.97864
Goth Ghulam Ali,25.05307,66.74419
Goth Ghulam Ali,28.32232,68.00389
Goth Ghulam Bulak,29.46934,67.61953
Goth Ghulam Haidar Bugti,28.46794,69.1826
Goth Ghulam Haider,28.16631,67.83753
Goth Ghulam Haider,28.10703,67.65157
Goth Ghulam Husain,25.93166,66.69067
Goth Ghulam Husain,25.73064,66.41088
Goth Ghulam Husain,25.97517,66.5161
Goth Ghulam Hussain,25.61226,67.10067
Goth Ghulam Hussain,25.10338,66.82506
Goth Ghulam Hussain,28.41147,68.33953
Goth Ghulam Hussain Katohar,28.43718,68.3792
Goth Ghulam Jan,28.8448,67.48322
Goth Ghulam Katohar,28.61912,68.34301
Goth Ghulam Muhammad,26.26432,66.25123
Goth Ghulam Muhammad,25.59885,66.72107
Goth Ghulam Muhammad,28.72345,67.55181
Goth Ghulam Muhammad,26.03892,67.29091
Goth Ghulam Muhammad,26.08516,67.3616
Goth Ghulam Muhammad,25.97365,66.40266
Goth Ghulam Muhammad,28.05396,67.80106
Goth Ghulam Muhammad,25.05918,66.94635
Goth Ghulam Muhammad,25.06202,66.97543
Goth Ghulam Muhammad,25.76592,66.83387
Goth Ghulam Muhammad,25.01006,66.72051
Goth Ghulam Muhammad,28.34348,67.61431
Goth Ghulam Muhammad,25.37192,67.07771
Goth Ghulam Muhammad Khan,28.29324,68.36073
Goth Ghulam Muhammad Khosa,28.4485,68.51828
Goth Ghulam Muhammad Khosa,28.56349,68.5235
Goth Ghulam Muhammad Lahri,29.50576,67.80846
Goth Ghulam Muhammad Lasi,25.89336,66.45409
Goth Ghulam Muhammad Magsi,28.37083,68.037
Goth Ghulam Murtaza,28.10417,67.9098
Goth Ghulam Mustafa,28.37359,68.31565
Goth Ghulam Mustafa,28.38243,68.05128
Goth Ghulam Mustafa,28.16334,67.84376
Goth Ghulam Mustafa,25.3655,67.12989
Goth Ghulam Nabi,28.34625,68.34838
Goth Ghulam Nabi,29.49001,67.65217
Goth Ghulam Nabi,28.03533,67.94903
Goth Ghulam Nabi Lashari,28.02414,67.89549
Goth Ghulam Nabi Rind,28.15121,67.92014
Goth Ghulam Nabi Sakhani,28.32314,67.61335
Goth Ghulam Qadir,28.43214,68.02451
Goth Ghulam Qadir,25.52826,67.2321
Goth Ghulam Qadir,25.60782,66.15842
Goth Ghulam Qadir,28.43672,68.34365
Goth Ghulam Qadir,25.62741,66.70089
Goth Ghulam Qadir,26.1163,67.36367
Goth Ghulam Qadir,27.94306,67.63333
Goth Ghulam Qadir Brahui,28.02129,67.71809
Goth Ghulam Qadir Jatak,27.8067,67.32569
Goth Ghulam Qadri,28.46027,68.27831
Goth Ghulam Rasool Lehri,28.43302,68.32826
Goth Ghulam Rasul,28.54786,68.4246
Goth Ghulam Rasul,26.20415,67.25962
Goth Ghulam Rasul,25.24411,66.8625
Goth Ghulam Rasul,25.12217,67.01434
Goth Ghulam Rasul,28.28507,67.9523
Goth Ghulam Rasul,26.21847,67.1118
Goth Ghulam Rasul,25.33092,67.11795
Goth Ghulam Rasul,28.00732,66.22954
Goth Ghulam Rasul Brahi,27.22127,67.04129
Goth Ghulam Shah,26.30573,66.29182
Goth Ghulam Wadera,25.0278,66.72314
Goth Ghulamun,25.16932,66.94455
Goth Giand Faqir,28.36936,67.62413
Goth Gichki,29.49298,67.65795
Goth Gino Khan,28.15303,67.86723
Goth Ginsar,28.3532,67.44954
Goth Godha Khan Umran,28.4145,67.97992
Goth Gogan,25.45768,66.73609
Goth Gohar Khan Bakhshiani,28.57184,68.18655
Goth Gohram Khan,25.06694,66.83646
Goth Golawer Usman,29.15943,68.00315
Goth Gole,29.2565,68.21057
Goth Goman Khan,28.04189,67.82835
Goth Gondi,25.02259,66.80073
Goth Gopang,29.21539,67.74394
Goth Gorgej,29.37216,67.9814
Goth Gormani Khan,28.65537,67.43159
Goth Goro Khan Gola,28.92593,68.31248
Goth Gorshani,28.43333,68.25
Goth Gorshani,28.71041,68.24651
Goth Grispatri,26.34682,65.08853
Goth Gul Bahar Khoso,28.43442,68.38967
Goth Gul Baig Subhani,28.4283,67.93573
Goth Gul Beg,28.29346,67.90209
Goth Gul Hassan,28.03987,67.81577
Goth Gul Hassan,28.17102,67.9838
Goth Gul Khan,28.11096,67.89881
Goth Gul Khan,28.6232,68.65026
Goth Gul Muhammad,26.64181,67.07894
Goth Gul Muhammad,25.09209,66.83698
Goth Gul Muhammad,26.04898,66.50582
Goth Gul Muhammad,28.86848,68.12666
Goth Gul Muhammad,25.20656,66.96127
Goth Gul Muhammad,25.66061,66.88619
Goth Gul Muhammad,25.61189,66.63886
Goth Gul Muhammad,26.04432,67.27837
Goth Gul Muhammad Angario,25.49695,65.96011
Goth Gul Sher Jakhrani,28.5469,68.2959
Goth Gul Sher Khan Umrani,28.40765,67.9206
Goth Gulab Khan,28.15095,67.88574
Goth Gulab Khan Sakhhani,28.31847,67.53346
Goth Gulab Shah,28.12306,68.00713
Goth Gulam Nabi,25.05592,66.93616
Goth Gulan Werah,29.15027,68.01046
Goth Gullan Khan,28.29232,68.33544
Goth Gullo Wadera,26.29064,66.24008
Goth Gullu,25.31239,66.93785
Goth Gullu,25.26989,66.91826
Goth Gulu,26.19461,66.31002
Goth Gumma Khan,26.30113,66.26271
Goth Habib,28.97957,68.08545
Goth Habib,28.36618,68.0743
Goth Habib Bakhsh Khan,29.29783,67.80234
Goth Habib Khan,29.1239,67.60703
Goth Habib Sidrani,28.56527,68.29852
Goth Habibullah,29.02685,67.66961
Goth Habibullah Khan,28.09167,67.9
Goth Habibullah Umrani,28.51268,68.28736
Goth Habibullah Umrani,28.37558,67.99374
Goth Hafiz Hasan,26.07574,67.25481
Goth Hafiz Muhammad Luqman,28.42674,68.40259
Goth Haibat Khan Gola,28.39925,68.06504
Goth Haibatzai,29.15877,67.16978
Goth Haidar Ali,28.62413,68.3865
Goth Haider,29.04352,68.15526
Goth Haider,25.13555,67.00431
Goth Haiderzai,29.10096,67.17623
Goth Hair Din,28.52135,68.66961
Goth Haiur,25.28734,67.09867
Goth Haj,25.88367,66.55841
Goth Hajam,28.59243,67.54683
Goth Hajan,25.19457,66.77516
Goth Haji,25.76808,66.72245
Goth Haji,25.84926,66.8233
Goth Haji,25.55987,66.65121
Goth Haji Abdul Ghaffai,28.04707,67.81419
Goth Haji Abdul Karim,28.00476,67.82769
Goth Haji Abdul Khaliq,28.03352,66.24413
Goth Haji Abdul Majid,28.4536,67.9915
Goth Haji Abdul Majid,28.46021,68.38429
Goth Haji Abdul Rashid,28.02405,66.23815
Goth Haji Abdullah Gunga,25.8456,66.42971
Goth Haji Abdullah Khan,28.57428,68.5045
Goth Haji Ahmad,25.36667,66.78611
Goth Haji Ahmad,25.40897,66.63785
Goth Haji Ahmed,25.4236,66.71231
Goth Haji Ali Ahmad,25.68338,66.96798
Goth Haji Ali Nawaz,27.99048,67.82688
Goth Haji Ali Nawaz Magsi,28.21504,67.91439
Goth Haji Allu,26.27644,66.3133
Goth Haji Ashraf,25.19016,66.87263
Goth Haji Ata Muhammad Dost,28.26375,67.88563
Goth Haji Aya Khan Jakhran,28.63402,68.37717
Goth Haji Ayub,25.43166,67.14957
Goth Haji Bahadur Khan Saial,28.75265,68.07817
Goth Haji Baluch,28.12141,68.04532
Goth Haji Barad,26.28118,66.30423
Goth Haji Basham Khan,28.3543,67.9887
Goth Haji Bohr Shah,28.13291,68.03204
Goth Haji Brahui,25.5864,67.10965
Goth Haji Brahui,28.07446,67.77167
Goth Haji Buland Khan,28.58888,68.38334
Goth Haji Chakar,25.41889,66.69995
Goth Haji Choto,25.02524,66.93485
Goth Haji Dad Muhammad,28.2917,67.9639
Goth Haji Dadu,25.81817,66.40922
Goth Haji Dasu,25.90928,66.33277
Goth Haji Denda,26.40222,66.45128
Goth Haji Dhani Bakhsh,28.38821,67.92591
Goth Haji Dildar,28.54065,68.48426
Goth Haji Din Muhammad,26.31941,66.19727
Goth Haji Dino Mondah,25.08079,66.9878
Goth Haji Faiz Muhammad,25.69348,66.4773
Goth Haji Faiz Muhammad,28.3789,67.9158
Goth Haji Fateh Muhammad,28.379,67.9726
Goth Haji Ghanur Khan,28.54836,68.63057
Goth Haji Ghou Bay,25.03103,66.90514
Goth Haji Ghulam Muhammad,26.3265,66.3013
Goth Haji Ghulam Sarwar Mahrabzai,28.42134,67.99988
Goth Haji Gul Ghanur Khosa,28.58877,68.56295
Goth Haji Gulsher Khan Malghani,28.39004,67.94316
Goth Haji Habibullah Khan,28.4321,67.9436
Goth Haji Hamza,25.25553,66.80612
Goth Haji Har Khan Shahyani,28.0776,67.8965
Goth Haji Haron,26.02692,66.50489
Goth Haji Harun,25.95282,66.46813
Goth Haji Harun,26.27497,66.28924
Goth Haji Harun Sabra,26.01508,66.53117
Goth Haji Hasan,25.61836,66.83513
Goth Haji Hashim,25.09117,66.82658
Goth Haji Husain,25.42407,66.69791
Goth Haji Ibrahim,25.03919,66.91518
Goth Haji Ilyas,25.45319,66.69217
Goth Haji Ilyas Forai,25.84978,66.37143
Goth Haji Iqbal,25.8584,66.42466
Goth Haji Ishaq,25.69493,66.793
Goth Haji Ismail,25.90212,66.75412
Goth Haji Ismail,25.20405,66.88813
Goth Haji Ismail,25.95318,66.37453
Goth Haji Jafar,29.06904,68.09949
Goth Haji Jamal-u-din Mastoi,28.21598,68.10406
Goth Haji Kalati,25.4254,66.72238
Goth Haji Karim Bakhsh,28.17747,67.86923
Goth Haji Karimi,25.3124,66.78744
Goth Haji Kehar Khan,28.03779,67.9082
Goth Haji Khamiso,26.32253,67.08727
Goth Haji Khamiso,25.47932,66.86472
Goth Haji Khan,28.37368,68.25467
Goth Haji Khan,25.62434,67.28549
Goth Haji Khan,28.20646,67.86205
Goth Haji Khan,28.3359,67.9543
Goth Haji Khan Umrani,28.2214,67.76653
Goth Haji Kubru,25.22185,66.75351
Goth Haji Lakhmir,25.88484,66.48412
Goth Haji Limo,26.03555,66.86064
Goth Haji Mardan Jamali,27.93864,67.72642
Goth Haji Maula Bakhsh,28.93242,68.35232
Goth Haji Mian Wasaya,26.33785,66.30516
Goth Haji Mir,28.15515,67.87507
Goth Haji Mir Muhammad,25.65996,66.78678
Goth Haji Miran,25.83342,66.82754
Goth Haji Miro,25.89858,66.33787
Goth Haji Mithal,28.18645,67.91126
Goth Haji Mono,26.20251,67.10311
Goth Haji Muhammad Jamot,26.05096,66.50996
Goth Haji Muhammad Murad Khan Jamali,28.50215,68.21613
Goth Haji Muhammad Murad Khan Jamali,28.51738,68.21232
Goth Haji Muhammad Murad Khan Jamali,28.50902,68.21421
Goth Haji Murad Khan,28.32028,68.07431
Goth Haji Musa,25.28069,66.98443
Goth Haji Musa,25.89684,66.32803
Goth Haji Naik Muhammad Khan Mandwani,28.4193,67.94496
Goth Haji Nur Muhammad Jarwar,28.52877,68.67228
Goth Haji Panhiar,28.58845,68.26348
Goth Haji Paria,28.65,68.4
Goth Haji Pinnun,25.20786,66.75997
Goth Haji Qamar Din,28.50594,68.10297
Goth Haji Raban,28.4497,67.9812
Goth Haji Ramzan,25.59444,67.26703
Goth Haji Ranim Bakhsh,28.32183,67.90816
Goth Haji Rano,26.0144,67.26007
Goth Haji Razi,26.06202,67.3445
Goth Haji Rozi Runjha,26.34393,66.24515
Goth Haji Saleh Muhammad,25.74325,66.58792
Goth Haji Sangar,25.25893,66.86194
Goth Haji Sawa,28.14347,67.86309
Goth Haji Shah Beg,24.95,66.75
Goth Haji Shahdad Khan Rind,28.421,67.88759
Goth Haji Shaikh,25.03326,66.91694
Goth Haji Shaikl,25.1787,66.75358
Goth Haji Sher Khan,25.87558,66.48853
Goth Haji Sher Muhammad,25.24897,67.04358
Goth Haji Sher Muhammad,25.41899,66.73613
Goth Haji Sulaiman Runjha,26.31577,66.24091
Goth Haji Sumbak,25.37351,67.01072
Goth Haji Taj Muhammad,28.44711,67.94182
Goth Haji Thuhar,25.73929,67.36138
Goth Haji Umar Khan,28.52599,68.58652
Goth Haji Usman,26.00725,66.71251
Goth Haji Usman,25.68569,66.36064
Goth Haji Usman,26.2627,67.09036
Goth Haji Wahid Bukhsh,28.52815,68.66359
Goth Haji Wali Dad Gwaranjo,26.45514,66.18215
Goth Haji Wali Khan,26.12586,67.15887
Goth Haji Wali Muhammad,26.20128,67.28524
Goth Haji Yaqub,28.12255,67.85926
Goth Haji Yusuf,25.75361,66.49536
Goth Haji Yusuf,25.26107,66.76678
Goth Hajj Suleman,25.93257,67.31973
Goth Hamal,25.64266,66.79306
Goth Hambi,29.16255,67.67986
Goth Hamid Ali Jakhrani,28.46562,68.37541
Goth Hamlani,28.7253,67.37151
Goth Hamza,25.51875,66.98465
Goth Hamza,25.59685,66.73526
Goth Hamza,25.71486,67.25754
Goth Hamza Khosa,28.4914,68.58956
Goth Hamzo,25.66722,67.15088
Goth Harof,25.72917,66.06944
Goth Harun,25.0363,66.77037
Goth Hasamuddin,28.5521,68.45879
Goth Hasan,25.47599,67.18246
Goth Hasan,25.08138,66.75529
Goth Hasan,25.81376,66.58862
Goth Hasan,25.84646,66.49785
Goth Hasan,25.9826,66.39959
Goth Hasan,25.75365,66.81774
Goth Hasan,25.61809,66.71125
Goth Hasan,25.62879,67.09081
Goth Hasan,25.79273,66.63926
Goth Hasan,25.77536,66.64233
Goth Hasan,25.69588,66.40691
Goth Hasan,25.44751,66.69608
Goth Hasan Doda,25.55976,66.72303
Goth Hashim,25.74606,66.23474
Goth Hashim,25.90076,66.80824
Goth Hashim Budh,28.29436,67.72393
Goth Hashim Chandia,28.20723,68.07066
Goth Hashim Khan,26.86529,66.3362
Goth Hashim Shaikh,25.12113,66.78029
Goth Hashini,28.13174,67.91761
Goth Hashrik,25.55972,66.15
Goth Hashsbu,25.07896,66.96993
Goth Hassan,25.85459,66.15711
Goth Hassan Bakhsh Umrani,28.45324,67.86087
Goth Hassan Khan,28.31659,67.9737
Goth Hayat,25.96453,66.35303
Goth Hayat Khan Domki,28.98049,68.18236
Goth Hazadullah,28.53826,68.46295
Goth Hazadullah,28.53983,68.44103
Goth Hazaldullah,28.54665,68.44173
Goth Hazar Khan Bugti,28.83628,68.42122
Goth Hazar Khan Chandrama,28.33225,67.50705
Goth Hazar Khan Khosa,28.45627,68.62355
Goth Hazara Machhi,28.014,67.58825
Goth Hazur Bakhsh,28.01408,67.68182
Goth Hazur Bakhsh,29.40897,67.25331
Goth Hazur Bakhsh,28.4025,67.9656
Goth Hazur Bakhsh Wahid Bakhsh,28.39899,67.97649
Goth Himmat Ali Bugti,28.56571,68.31729
Goth Hinidan,25.59225,67.27912
Goth Hiro Khan Bugti,28.61432,68.3684
Goth Hoth,29.05689,68.13742
Goth Hoth Khan,28.57492,68.32033
Goth Hotkani,28.66043,68.90041
Goth Husain,25.40734,66.70599
Goth Husain,25.03883,66.75356
Goth Husain,25.75998,66.2642
Goth Husain Qalu,25.42198,66.6159
Goth Husain Shah,26.29315,66.21258
Goth Hussain,25.41044,66.66814
Goth Hussain,26.00912,66.86479
Goth Hussain Shaikh,25.13676,66.76811
Goth Ibban,25.53502,67.15975
Goth Ibbu,25.94139,66.48861
Goth Ibrahim,25.77674,66.95714
Goth Ibrahim,25.71955,67.35977
Goth Ibrahim,25.97343,66.31616
Goth Ibrahim,25.7259,66.56511
Goth Ibrahim,26.04316,67.29125
Goth Ibrahim,25.06176,66.82101
Goth Ibrahim,25.60635,66.80017
Goth Ibrahim,25.16299,66.79758
Goth Ibrahim,25.08885,66.75289
Goth Ibrahim,25.82081,66.45377
Goth Ibrahim,25.83186,66.84591
Goth Ibrahim,25.08549,66.71915
Goth Ibrahim,28.61667,68.36667
Goth Ibrahim Angaro,25.76451,66.62113
Goth Ibrahim Godran,25.23191,66.76612
Goth Ibrahim Qambrani,28.04413,67.93664
Goth Ibrahim Shah,28.25068,67.63011
Goth Ibrahim Shaikh,25.6315,66.77744
Goth Id Muhammad,29.26872,67.67443
Goth Idris Khan,28.9566,68.13691
Goth Idu,25.21083,66.94129
Goth Idu,25.08628,66.95558
Goth Idu,25.03073,66.78823
Goth Ikhtiar Baloch,25.3529,64.3151
Goth Illahi Bukhsh Gola,28.4763,68.59604
Goth Ilyas,25.10736,66.7574
Goth Ilyas,25.76909,66.4199
Goth Imam Bakhsh,25.43502,66.73367
Goth Imam Bakhsh,28.43734,68.32504
Goth Imam Bakhsh,28.42819,68.28492
Goth Imdad Ali,26.05776,66.70528
Goth Imdad Khoso,28.58706,68.38692
Goth Imran Ali,28.3581,68.0735
Goth Imām Bakhsh,29.15833,68.2
Goth Inayat Khan Lahri,28.91013,67.63909
Goth Inayat Ullah,25.47734,66.02427
Goth Isa,25.67322,66.19235
Goth Isa,25.26224,66.91643
Goth Isa,25.77618,66.60015
Goth Isa,25.17224,66.78131
Goth Isa,25.66528,67.15669
Goth Isa,25.51167,66.00861
Goth Isa,25.62357,66.55645
Goth Isa,25.95556,66.33389
Goth Isa,25.90111,66.25972
Goth Isa,25.59277,66.79759
Goth Isa,25.83591,67.35747
Goth Isa,25.71512,66.40912
Goth Isa,25.05496,66.81131
Goth Isa Khan,25.83598,66.27595
Goth Isa Khan,28.38301,68.37826
Goth Isa Mandra,25.93805,66.58464
Goth Ishaq,25.62252,66.69362
Goth Ishaq,25.72791,66.63366
Goth Ishaq,25.42471,67.09747
Goth Ishaq,25.22117,66.82711
Goth Ishaque,25.41325,66.67393
Goth Ismail,25.60735,66.20592
Goth Ismail,25.43323,67.08587
Goth Ismail,25.61425,66.71828
Goth Ismail,26.30694,66.2875
Goth Ismail,25.24563,66.75082
Goth Ismail,25.14089,66.99348
Goth Ismail,28.04034,66.24731
Goth Ismail,25.86358,66.81381
Goth Ismail,26.04632,67.29369
Goth Ismail,26.47198,66.28999
Goth Ismail,25.53918,67.25227
Goth Ismail,25.65438,66.81921
Goth Ismail,25.5451,67.15972
Goth Ismail Brahui,28.57029,68.46612
Goth Ismail Khan,28.44587,68.48032
Goth Itbar Ali Shah,28.12722,67.68598
Goth Izzat,29.37394,67.94748
Goth Jabalpur,28.03572,67.83519
Goth Jafar,25.93139,66.40028
Goth Jafar Khan Khoso,28.59878,68.38399
Goth Jagirani,28.36639,67.65939
Goth Jahangir Brahui,28.29892,68.04147
Goth Jahangir Khan,28.15482,67.85435
Goth Jahro,26.13175,67.25203
Goth Jakhrani,28.58504,68.33697
Goth Jalal Khan,28.54266,68.39999
Goth Jalal Khan,28.93878,68.22887
Goth Jallu,25.02001,66.79582
Goth Jallu,28.50403,68.49408
Goth Jam,28.1612,67.7885
Goth Jam Machhi,28.05269,67.61888
Goth Jamal,25.15134,66.77748
Goth Jamal Khan,29.16003,67.64047
Goth Jamal Shah,28.74313,67.56261
Goth Jamaldin Khoso,28.63359,68.47993
Goth Jamani,25.84775,66.41389
Goth Jamani Sakhhan,28.26021,67.57406
Goth Jan M Gobal,27.1869,66.32288
Goth Jan Muhammad,25.66331,66.37989
Goth Jan Muhammad,28.74022,67.5332
Goth Jan Muhammad,26.3191,67.09098
Goth Jan Muhammad,25.94721,66.55523
Goth Jan Muhammad,25.57447,66.84064
Goth Jan Muhammad,28.33361,68.05533
Goth Jan Muhammad,28.4344,67.9745
Goth Jan Muhammad Gadur,26.27176,66.23386
Goth Jan Muhammad Jakrani,28.80643,68.48078
Goth Janab Jagirani,28.00036,67.66444
Goth Janan Khan,28.00122,67.82882
Goth Janda Khan,28.13734,67.90252
Goth Jandahi,28.59672,68.49153
Goth Jang Dost,28.06829,67.88671
Goth Jangu,25.93416,67.29398
Goth Jani,26.57206,66.33889
Goth Jani Beg,28.15397,67.68647
Goth Jano,25.72397,66.71627
Goth Janu,28.96409,68.08502
Goth Jaro Khan,29.32637,67.26278
Goth Jarwar Purana,28.55482,68.60804
Goth Jatfar Khan Lehri,28.38011,67.88911
Goth Jezan,25.92047,66.39779
Goth Jhanda,29.04313,67.75159
Goth Jhanda Khan,29.13678,68.21275
Goth Jhando Talah,28.5776,68.48516
Goth Jhangi,28.11029,66.24166
Goth Jhangir Khan,28.13718,68.02075
Goth Jharo Shah,28.18322,68.07721
Goth Jiani,28.53213,68.42063
Goth Jiani,28.53711,68.40563
Goth Jindha Khan,28.54298,68.26105
Goth Jiya Khan,28.63955,68.45343
Goth Jonsa,28.75556,68.11667
Goth Juma Balro,28.29229,67.66309
Goth Juma Faqir,29.48135,67.98238
Goth Juma Khan,28.2906,67.56394
Goth Juma Khan,28.4732,67.9867
Goth Juma Khan,25.83637,67.31267
Goth Jumma,25.74141,66.24122
Goth Jumma,25.70426,66.05356
Goth Jumma,25.755,66.39528
Goth Jumma,25.29221,66.76399
Goth Jumma Gujjar,25.07075,66.87196
Goth Jumma Khan,25.06633,66.82332
Goth Jumma Khan,25.0205,66.8554
Goth Jumma Khan,28.10592,66.17506
Goth Jumma Khan,28.06696,66.24746
Goth Jumma Khan,28.52896,68.24958
Goth Jumma Khan Umrani,28.5435,68.27809
Goth Jumman,25.90521,66.55643
Goth Jumman Shaikh,25.60596,66.72424
Goth Jummo Khan,25.38131,65.41302
Goth Jām,28.1612,67.7885
Goth Kabir Khan,28.07522,67.83176
Goth Kabutar,25.6246,66.21527
Goth Kaigi,26.24255,67.13546
Goth Kako,25.70415,67.21162
Goth Kalatizai,29.14569,67.63229
Goth Kalatu,25.6952,66.6232
Goth Kale Abad,28.38157,67.69864
Goth Kalhora,28.18948,67.99007
Goth Kalo,26.12426,66.64593
Goth Kalra,28.58133,67.57147
Goth Kalri,26.33426,67.14764
Goth Kalu Khan,28.05923,67.82204
Goth Kamal,28.53076,68.48619
Goth Kamal,25.79237,66.75957
Goth Kamal Khan,29.00833,68.04861
Goth Kamal Khan,28.43361,68.45707
Goth Kamal Khan,26.14872,67.14978
Goth Kamal Khan,26.15749,67.14471
Goth Kamal Khan,29,68.05
Goth Kamal Khan Kaprani,28.80035,68.05416
Goth Kamani,28.36575,67.52182
Goth Kambar,28.45714,68.51905
Goth Kambar Khan,29.2254,67.73179
Goth Kamil Shah,28.0867,67.84408
Goth Kand,28.81588,68.39558
Goth Kanda,25.86444,67.42278
Goth Kandewari,25.49294,66.07561
Goth Kandha Khan,28.39718,67.60457
Goth Kandri,28.05273,67.71947
Goth Kandri,28.60541,68.44838
Goth Kandu,25.31817,67.122
Goth Karam Ali,28.43466,68.0658
Goth Karam Shah,28.3807,68.36002
Goth Karhal Khan,29.25599,67.64525
Goth Karim Bakhsh,26.84264,66.30054
Goth Karim Bakhsh,28.3139,67.9554
Goth Karim Bakhsh,26.20134,67.12946
Goth Karim Bakhsh,28.28583,68.29745
Goth Karim Bakhsh,28.2751,67.923
Goth Karim Bakhsh,28.43547,69.01304
Goth Karim Bakhsh Umrani,28.50448,68.29486
Goth Karim Bakshsh Gunga,25.8515,66.45335
Goth Karim Dad,29.13391,68.18437
Goth Karim Khan,28.275,67.88611
Goth Karimdad,25.56608,67.08893
Goth Karmun Khan,28.64139,68.61458
Goth Karo,25.31637,67.0959
Goth Kashmiri,28.44043,67.92889
Goth Katera,26.30336,67.18465
Goth Katohar,28.64809,68.30805
Goth Katohar,28.30534,67.59888
Goth Katta,28.96006,68.35326
Goth Kausar,25.87788,66.34719
Goth Kechu,25.09111,66.71111
Goth Kenar Khan Bugti,28.58142,68.332
Goth Khair Bakhsh,28.03896,67.94522
Goth Khair Bakhsh,28.40562,68.26589
Goth Khair Muhahhad,28.97603,68.38177
Goth Khair Muhammad,25.26823,66.8036
Goth Khair Muhammad,28.40498,67.60835
Goth Khair Muhammad,25.76018,66.41948
Goth Khair Muhammad,29.24238,68.23723
Goth Khairo,28.07083,67.91806
Goth Khairo,25.44984,66.74016
Goth Khairullah,28.61671,68.48917
Goth Khairullah Jattak,28.50921,68.29973
Goth Khalani,28.62713,68.50869
Goth Khalid,28.15979,66.32601
Goth Khaliq Dad,28.10778,67.91485
Goth Khamisa,25.60757,66.63277
Goth Khamisa,25.79532,66.41567
Goth Khamisa,25.06958,66.83164
Goth Khamisa Umrani,28.43279,67.95831
Goth Khamiso,25.45433,66.95243
Goth Khammu,25.68923,66.5874
Goth Khan,28.58357,68.56957
Goth Khan Muhammad,26.01071,66.62792
Goth Khan Muhammad,25.45661,67.0381
Goth Khan Muhammad,29.11344,68.0482
Goth Khan Muhammad,25.82565,66.63107
Goth Khan Muhammad,28.19777,66.39812
Goth Khan Muhammad,25.40806,67.04576
Goth Khan Muhammad Khan,28.36575,68.33717
Goth Khan Muhammad Rind,25.0497,66.93967
Goth Khandu,29.16706,67.73356
Goth Khano,26.11212,66.54276
Goth Khano,29.09462,68.05763
Goth Khanwah,29.48106,67.58494
Goth Khara Haji Abdul Rehman,29.47957,67.80608
Goth Khara Shahu Khan,29.45995,67.81379
Goth Kharo Jamot,25.94135,66.81337
Goth Kharos Raisani,28.44277,67.92831
Goth Khaskheli,26.29467,67.15724
Goth Khavind Bukhsh,28.22909,67.97453
Goth Khavind Bukhsh Khosa,28.48841,68.5825
Goth Khoir Muhammad,28.00096,67.80766
Goth Khosa,29.02222,68.08056
Goth Khosa,29.07222,68.05556
Goth Khosa,29.0331,68.05908
Goth Khoso,28.60305,68.32249
Goth Khuda,28.63713,67.471
Goth Khuda Bakhsh,25.47502,67.04873
Goth Khuda Bakhsh,25.14083,67.00111
Goth Khuda Bakhsh,25.05067,66.75759
Goth Khuda Bakhsh,25.4838,65.97056
Goth Khudadad,25.28982,66.72889
Goth Khudadinna,25.85,67.31667
Goth Khundi,26.47578,66.35001
Goth Kichi,27.98418,67.49684
Goth Kirthar,25.45249,67.185
Goth Kocha,26.1449,67.17787
Goth Kocha,26.1333,67.1745
Goth Kora Hara,29.41604,67.93235
Goth Korar,28.93839,68.32275
Goth Kori,28.89392,68.29932
Goth Kumbri,29.53791,67.62643
Goth Kund,25.88454,66.90689
Goth Kunda Khan,28.48317,68.4151
Goth Kundi Bhangar,28.70101,68.3249
Goth Kunriabad,28.93873,68.38535
Goth Kurd,29.47186,67.60562
Goth Ladho Sariani,28.00502,67.72783
Goth Ladhui Khan,28.09586,67.89886
Goth Lahna,28.96158,68.40127
Goth Lahri,28.71336,67.62701
Goth Lahro,25.22426,67.05443
Goth Lakha,28.41931,67.76257
Goth Lakha,25.82082,66.63754
Goth Lakhana Jamot,25.6856,66.92183
Goth Lakhu,25.76935,66.80461
Goth Lakhu,25.64164,66.84928
Goth Lal Bakhsh,29.114,67.61333
Goth Lal Bakhsh,28.37094,68.27164
Goth Lal Jan,28.35433,67.93836
Goth Lal Shah,29.07563,68.14775
Goth Lalu,29.07525,67.73905
Goth Landa Zerina Bhangar,28.7014,68.38925
Goth Lange,29.26075,68.22428
Goth Lashari,28.71146,67.51676
Goth Lashari Khan Jamali,27.96165,67.72312
Goth Lashkar Khan,28.49971,68.69997
Goth Laskani,28.62261,67.39532
Goth Laskani,28.41225,67.50239
Goth Lath,26.24213,67.10516
Goth Lawang,25.67287,66.18618
Goth Lawang Khan,29.16667,67.76667
Goth Limu,25.8444,66.70415
Goth Lolai,29.34252,67.78097
Goth Loung,25.34102,66.90159
Goth Lowng,25.12617,66.82072
Goth Machari,28.51977,68.39077
Goth Machhi,28.06619,67.72878
Goth Machhi,28.90181,68.3591
Goth Machhi,27.99561,67.83317
Goth Machhi,28.97807,68.32345
Goth Machhi,28.66353,67.6302
Goth Machhi,28.95592,67.68981
Goth Madad Ali Khan,28.14978,67.68783
Goth Madad Khan,28.11797,67.8094
Goth Madad Lashari,28.32215,67.50238
Goth Madino,26.05668,67.27663
Goth Magrab,28.4258,67.9454
Goth Mahar Khan Jamali,28.13443,67.94585
Goth Maher Muhammad,25.39189,65.41155
Goth Mahim Khan,28.37253,68.00898
Goth Mahmood Khan,29.49213,67.63985
Goth Mahmudani,28.34038,67.60954
Goth Maindad Jamali,28.19196,67.97409
Goth Majbi,28.74486,67.69364
Goth Majid Khan,28.52922,68.65702
Goth Makhu,25.81157,66.66172
Goth Malan,25.3934,65.30403
Goth Malik Ghulam Nabi,28.43968,68.04877
Goth Mallah Somar,25.9286,66.4895
Goth Mandar,28.69756,68.90116
Goth Mandost,28.83695,68.15769
Goth Mandra,26.008,66.50718
Goth Mangia,25.47172,66.01955
Goth Manmua,25.24075,66.98214
Goth Manthar,26.03992,67.27934
Goth Manzur Khan Jamali,28.09164,67.89342
Goth Manzur Palal,27.97028,67.72463
Goth Mara,25.18096,66.85727
Goth Maru,25.30608,67.09375
Goth Mashkool Abro,28.55723,68.21484
Goth Mashkur Sethani,28.37913,67.76975
Goth Master Abdul Rahim,28.19184,67.93903
Goth Master Khan,28.14888,67.92913
Goth Master Ramzan,29.0398,67.66927
Goth Mataro,25.83837,66.78677
Goth Matha,25.96667,67.26667
Goth Matho,26.37811,67.257
Goth Matho,25.81187,66.89161
Goth Maula Bakhsh Brahul,28.62016,68.45063
Goth Maula Bakhsh Jatak,27.83479,67.36668
Goth Maula Somar Moshani,26.42827,66.22183
Goth Mauladad,29.08506,68.05229
Goth Maulai,28.39691,67.74192
Goth Maulvi Abdullah,28.33914,67.9457
Goth Maulvi Nur Ahmad,29.35598,67.87757
Goth Mazar Golo,28.38632,68.06933
Goth Mazar Khan,28.86085,68.14778
Goth Mazar Khan,28.5749,68.41006
Goth Mazar Kori,28.32025,68.01001
Goth Mehar,28.97224,68.36365
Goth Mehmdi Machhi,29.07491,68.10436
Goth Mehmudzai,28.06087,66.22794
Goth Mehr Ullah Khan Bugti,28.4005,68.36078
Goth Mehrab,28.63774,68.4052
Goth Mehrab Khan,29.05565,68.07326
Goth Mehrab Khan,28.73375,67.53921
Goth Mehrab Khan,28.04028,67.94583
Goth Mehrab Khan Bara,28.94193,68.24223
Goth Mehram Khan,28.3257,67.9395
Goth Mehrullah Khan,29.27897,67.65828
Goth Mehrullah Khan,28.64285,68.59202
Goth Mehrullah Khan,28.43146,68.48679
Goth Meli,29.09182,67.64136
Goth Mengal,29.45954,67.56438
Goth Mengal,25.295,67.06009
Goth Mengal Khan,28.41352,67.95288
Goth Meva Khan Brahul,28.18286,67.93424
Goth Mewa Bugti,28.43936,68.15973
Goth Mian,25.11667,66.76667
Goth Mian,24.95556,66.73139
Goth Mian,26.03872,66.63478
Goth Mian,29,68.2
Goth Mian Bakhsh,28.51484,68.62002
Goth Mian Bakhsh Mamdani,28.0376,67.60884
Goth Mian Jan Muhammad,27.82197,66.87088
Goth Mian Khan,28.45891,68.07995
Goth Mian Khan,29.14503,68.21515
Goth Miaosa,24.97638,66.77163
Goth Mienh Wasayo,25.49495,66.96514
Goth Mir Allah Bakhsh Khan,28.43181,67.99974
Goth Mir Amanullah,28.62739,67.35187
Goth Mir Atta Jan,28.90507,67.60949
Goth Mir Ch Muhammad Luhur Baloch,28.50077,68.23882
Goth Mir Dad Muhammad Khan Umrani,28.3891,67.98503
Goth Mir Dost,29.15556,68.2
Goth Mir Dost Khoso,28.44968,68.36591
Goth Mir Ghaus Bakhsh,28.02552,67.69377
Goth Mir Haidar Khan,28.55811,68.28206
Goth Mir Hamza,28.30686,68.28805
Goth Mir Hasan,28.42689,68.25984
Goth Mir Hasan Khoso,28.64552,68.41321
Goth Mir Hassan Khosa,28.53099,68.67106
Goth Mir Hassan Tahlani,29.12118,68.23707
Goth Mir Khan,29.28273,67.80732
Goth Mir Muhammad,28.51285,68.39851
Goth Mir Muhammad,25.89028,66.46194
Goth Mir Muhammad,29.43869,67.99877
Goth Mir Muhammad,28.40958,67.9861
Goth Mir Muhammad,28.36007,67.93319
Goth Mir Muhammad,26.20264,67.12421
Goth Mir Muhammad Alam Sumalani,28.1003,66.1665
Goth Mir Muhammad Azim Magsi,28.5042,68.40043
Goth Mir Muhammad Lashari,28.451,67.88647
Goth Mir Muhammad Shah,28.63229,68.39284
Goth Mir Pathan,25.4145,64.3893
Goth Mir Saheb,28.15808,66.43805
Goth Mir Shahzada Khan,28.51615,68.33555
Goth Miran,25.81694,66.61139
Goth Miran Khan,28.14024,67.66263
Goth Mirani,26.23266,67.09828
Goth Mirazi,26.11903,67.35845
Goth Miro Khan,28.85085,68.12621
Goth Miroi,29.15,68.18333
Goth Mirwah Khoso,29.32764,67.78814
Goth Mirza,25.11667,66.98333
Goth Mirza Detha,29.02193,68.13876
Goth Mirzai,29.12127,67.62645
Goth Misri Khan,25.83065,66.64762
Goth Misri Khan Jamali,28.13918,67.87564
Goth Missir,28.02714,67.59401
Goth Mistri Sumar,25.13442,66.98838
Goth Mitha,25.70867,66.59455
Goth Mitha Gishkori,29.42888,67.95092
Goth Mitha Gohramzai,29.43192,67.98144
Goth Mitha Khan,28.2533,67.9529
Goth Mithari,25.52341,66.91311
Goth Mitho,25.96875,66.41275
Goth Mob Ali,25.80554,66.89594
Goth Mochi,28.01994,67.58715
Goth Mochian,29.13044,68.19407
Goth Mohabat Ali Khan,28.36484,68.31039
Goth Mohabat Faqir,28.34951,67.96202
Goth Mohabatpur,28.50173,68.54789
Goth Mohbub Raheja,28.33099,67.61
Goth Mohobbat,25.05428,66.96264
Goth Mola Bakhsh Pandrani,28.56767,68.29125
Goth Molo Khoso,28.61291,68.37075
Goth Molvi Ghulam Qadir,25.82247,66.43341
Goth Moulvi Mubarak,25.61803,67.2597
Goth Mubarak,25.96174,66.88831
Goth Mubarak,28.13764,66.3241
Goth Mubarak Marri,25.86955,66.75899
Goth Mughal,25.33592,66.92887
Goth Mughal,28.0638,67.9469
Goth Mughe,28.17872,67.84995
Goth Mugheri,28.84917,67.66189
Goth Muhabat Faqir,28.4574,67.84969
Goth Muhabat Khan,28.27589,68.01738
Goth Muhabatani,28.71358,67.38549
Goth Muhabbat Khan,28.7651,68.1321
Goth Muhabbat Khan,28.38031,67.50674
Goth Muhamad Bakhsh,28.42838,68.30782
Goth Muhamamd,25.89433,66.56691
Goth Muhammad,26.06863,66.60664
Goth Muhammad,25.60751,66.99804
Goth Muhammad,25.86828,67.04416
Goth Muhammad,24.92611,66.71417
Goth Muhammad,28.32118,67.48367
Goth Muhammad,25.40264,67.05694
Goth Muhammad,25.87217,66.15479
Goth Muhammad,25.93367,66.80103
Goth Muhammad,25.01254,66.82113
Goth Muhammad Achar,25.62185,66.59535
Goth Muhammad Akram Khan Jamali,28.02229,67.78055
Goth Muhammad Alam Hatehani,28.40194,67.98506
Goth Muhammad Alam Jatak,27.8356,67.35113
Goth Muhammad Ali,25.012,66.85059
Goth Muhammad Ali,28.19907,67.90944
Goth Muhammad Ali,29.13056,68.23333
Goth Muhammad Ali,25.1143,66.79738
Goth Muhammad Ali,25.12692,66.92071
Goth Muhammad Ali,28.32947,67.60324
Goth Muhammad Ali,26.35336,66.26848
Goth Muhammad Ali,29.11794,67.64565
Goth Muhammad Ali Nichari,28.40729,67.88577
Goth Muhammad Amin,28.29352,68.04821
Goth Muhammad Arshani,28.37371,67.96685
Goth Muhammad Aslam,28.5206,68.16656
Goth Muhammad Ayoub,25.97788,66.77727
Goth Muhammad Ayub,25.87634,67.338
Goth Muhammad Ayub,25.66892,66.61788
Goth Muhammad Ayub Jakrani,28.81431,68.46747
Goth Muhammad Bakhsh,28.30218,67.7572
Goth Muhammad Bakhsh,28.63894,68.36041
Goth Muhammad Bakhsh Sobhani,28.30765,67.56387
Goth Muhammad Bakhsh Umrani,28.45131,67.95923
Goth Muhammad Baqa,28.6547,67.57068
Goth Muhammad Bugti,28.45034,69.24275
Goth Muhammad Hasan,25.62362,66.16188
Goth Muhammad Hasan,26.02479,67.25788
Goth Muhammad Hasan,26.09794,66.59802
Goth Muhammad Hasan,26.07744,67.3427
Goth Muhammad Hasan,25.27608,66.91625
Goth Muhammad Hasan,28.43317,68.40184
Goth Muhammad Hasan,25.62002,66.93742
Goth Muhammad Hasan,28.53257,68.38094
Goth Muhammad Hashim,28.30843,68.07456
Goth Muhammad Hashim,25.15928,66.79082
Goth Muhammad Hashim Wahorah,25.07728,66.93535
Goth Muhammad Hayat Khoso,28.541,68.426
Goth Muhammad Husain,26.37415,66.32132
Goth Muhammad Hussain,28.5152,67.42327
Goth Muhammad Hussain,28.16143,67.83139
Goth Muhammad Isa,26.7841,66.37802
Goth Muhammad Isa Brahui,27.12599,67.01795
Goth Muhammad Ismail,25.93794,67.38483
Goth Muhammad Issa,26.22055,66.21876
Goth Muhammad Jakhrani,28.28073,68.33693
Goth Muhammad Jamal,25.94404,66.48826
Goth Muhammad Karim,28.46281,68.35285
Goth Muhammad Khan,28.74573,68.29901
Goth Muhammad Khan,25.81521,67.34516
Goth Muhammad Khan,26.16125,67.1754
Goth Muhammad Khan,28.39517,68.04944
Goth Muhammad Khan,25.43269,66.71972
Goth Muhammad Khan Bugti,28.93677,68.30529
Goth Muhammad Khan Solangi,28.3743,67.56317
Goth Muhammad Maluk Bhangar,28.7874,68.36097
Goth Muhammad Mengal,26.432,66.9474
Goth Muhammad Murad,29.04832,67.56769
Goth Muhammad Murad,28.22898,68.10067
Goth Muhammad Murad,28.52683,68.456
Goth Muhammad Murad,26.30689,66.55723
Goth Muhammad Nawaz Marri,28.19761,67.89776
Goth Muhammad Nawaz Pathan,28.15399,67.82296
Goth Muhammad Nur,28.44415,68.26485
Goth Muhammad Panah,28.4274,68.06902
Goth Muhammad Panah,28.39888,68.35204
Goth Muhammad Panah Jatak,27.76256,67.33979
Goth Muhammad Panah Lehri,28.43456,67.92224
Goth Muhammad Pannah Nichar,28.4085,67.88205
Goth Muhammad Qasim,28.3703,67.944
Goth Muhammad Qasim,28.3619,67.9304
Goth Muhammad Qasim Khan Khoso,28.5443,68.45177
Goth Muhammad Qasu,25.7107,66.81863
Goth Muhammad Rahim,28.46801,68.7333
Goth Muhammad Rais,28.02667,67.82796
Goth Muhammad Ramzan,28.27487,67.62418
Goth Muhammad Ramzan Mangle,28.5187,68.29721
Goth Muhammad Sadiq,25.20677,67.0247
Goth Muhammad Sadiq Umrani,28.39897,67.93339
Goth Muhammad Saeed,28.19221,67.95649
Goth Muhammad Salah Jamali,28.0803,67.90045
Goth Muhammad Saleh,28.339,67.9313
Goth Muhammad Saleh,26.3405,66.58912
Goth Muhammad Saleh,28.44463,68.44774
Goth Muhammad Saleh Jakrani,28.79871,68.47601
Goth Muhammad Sharif,28.50931,68.14544
Goth Muhammad Siddiq,26.36031,66.3045
Goth Muhammad Siddiq,25.77456,66.91073
Goth Muhammad Siddique,25.62779,66.89042
Goth Muhammad Siddique,28.17697,67.76402
Goth Muhammad Siddique,28.06861,67.64559
Goth Muhammad Siddique Lasi,26.05469,66.51082
Goth Muhammad Sumar,26.14952,66.23753
Goth Muhammad Sumar Bizanjo,26.35987,66.29776
Goth Muhammad Uman,25.97643,66.91133
Goth Muhammad Umar,25.96218,66.29302
Goth Muhammad Umer,26.50817,64.59666
Goth Muhammad Usman,26.21421,66.22129
Goth Muhammad Usman Katohar,28.39962,67.61145
Goth Muhammad Waja,28.46224,67.94719
Goth Muhammad Yousuf,25.66965,66.80326
Goth Muhammad Yusuf Magsi,28.07841,67.6307
Goth Muhammad Zaman,28.11561,68.03438
Goth Muhammadpur,28.06362,67.81711
Goth Muhammed Sanni,28.18604,66.30801
Goth Muheb,25.83163,66.90429
Goth Muhobbat Khan,28.57106,68.3818
Goth Mujahid Khan,28.3212,67.9916
Goth Mula Ahmad,25.16268,66.83281
Goth Mula Bukhsh,26.30674,67.07552
Goth Mula Bukhsh,25.97047,66.91193
Goth Mula Ramzan,25.94401,66.47235
Goth Mulla Hasan,25.76326,66.91421
Goth Mulla Maluk,28.01771,67.83745
Goth Mulla Muhammad,25.77403,66.81715
Goth Mulla Nabi Bukhsh,26.35359,66.58568
Goth Mulla Usman,26.59095,66.33774
Goth Mullah Muhammad,28.13098,67.85322
Goth Mullan Hashim,25.65383,66.48574
Goth Mullan Homzo,27.46648,67.17498
Goth Mullani Gunga,25.83679,66.45426
Goth Mumtaz Khan,28.2279,67.8512
Goth Mundah,25.23617,66.85468
Goth Mundar,28.73078,68.36221
Goth Mundra,26.248,66.3288
Goth Munga,25.96667,67.31667
Goth Munir Ahmad,28.51662,68.60683
Goth Munshi Brahul,28.52528,68.49607
Goth Munshi Hasan,25.09927,66.73025
Goth Mur Muhammad Saryan,26.35474,66.24264
Goth Murad,25.84439,66.58729
Goth Murad,25.15815,66.8261
Goth Murad,25.81941,66.64912
Goth Murad,25.39709,67.11993
Goth Murad Ali,25.0472,66.93203
Goth Murad Ali,28.43819,68.49939
Goth Murad Ali,28.48839,68.39366
Goth Murad Bakhsh,26.37189,65.01689
Goth Murad Khan,28.37905,67.91293
Goth Murid Khan Brahui,28.42971,68.7532
Goth Musa,25.77985,66.51394
Goth Musa,24.96336,66.70479
Goth Musa,26.11296,66.64574
Goth Musa,25.1161,66.8045
Goth Musa,25.40204,67.15286
Goth Musa,25.76161,66.23944
Goth Musa,25.65108,66.19617
Goth Musa,25.62083,66.17361
Goth Musa Dad,25.51882,66.75036
Goth Musa Jamot,25.64776,66.92169
Goth Musa Khan,25.56184,66.78177
Goth Musa Khaskheli,25.6756,66.61834
Goth Musa Raza,25.47073,66.58443
Goth Mutkani,26.0245,66.5156
Goth Nabi Bakhsh,28.17804,67.85766
Goth Nabi Bakhsh,29.1338,68.20094
Goth Nabi Bakhsh,29.16047,68.21797
Goth Nabi Bakhsh Khan Khoso,28.65406,68.4449
Goth Nabi Bakhsh Umrani,28.54477,68.27489
Goth Nabi Murad,28.46254,68.05272
Goth Nabidad,25.07736,66.97966
Goth Nabipur,28.01361,67.72344
Goth Nadhan,28.86887,68.1167
Goth Nadir Khan Magsi,28.01737,67.67603
Goth Naib Nothan Rind,27.93626,67.68887
Goth Nandani,28.28055,67.5607
Goth Nando,28.51705,68.41207
Goth Nanga,25.17557,66.86728
Goth Nangrani,28.32598,67.57999
Goth Nasir,28.86009,68.09295
Goth Nasir,25.8164,66.47666
Goth Nasir Khan Mengal,28.03129,67.71601
Goth Nasir Muhammad,28.16467,68.00731
Goth Nathu Behram,25.73878,66.62849
Goth Naukar Ali Khan Malghani,28.39218,67.96643
Goth Naukar Khan,28.06958,67.74273
Goth Nawa,28.37293,67.64356
Goth Nawab Khan,28.6727,67.45747
Goth Nawab Khan,28.61277,68.65627
Goth Nawab Khan,28.90955,68.27743
Goth Nawab Khan,28.55695,68.20998
Goth Nawari Khan,28.6174,68.73443
Goth Nazam Khan,28.46385,68.31711
Goth Nazar Jamali,27.94131,67.70689
Goth Nazar Jamali,27.93649,67.70556
Goth Nazar Muhammad,28.32395,68.33917
Goth Nazir Khan,28.45672,68.48737
Goth Nehal Khan Solangi,28.57355,68.31188
Goth Nek Muhammad,25.09465,66.96012
Goth Nihal Faqir,29.45371,67.99198
Goth Nihal Khan,28.26718,67.5291
Goth Nimmi Jhal,26.52035,66.34625
Goth Nindani,29.10544,68.11285
Goth Nisar Khosa,28.45086,68.5545
Goth Nobatpur,28.24923,68.21523
Goth Nokhab Khan Umrani,28.2213,67.847
Goth Noqaf Jamali,28.12559,67.85137
Goth Nozband,28.54114,68.57084
Goth Nua,25.14105,66.99269
Goth Nunari,28.74578,67.44431
Goth Nur Baloch,25.51792,66.65344
Goth Nur Din Khan,28.51092,68.68785
Goth Nur Khan Bugti,28.728,68.28636
Goth Nur Muhammad,28.50578,68.47028
Goth Nur Muhammad,25.59146,66.80958
Goth Nur Muhammad,25.03738,66.72907
Goth Nur Muhammad,25.45579,66.04799
Goth Nur Muhammad,26.04652,66.60672
Goth Nur Muhammad,25.55503,66.95508
Goth Nur Muhammad,27.97218,67.62199
Goth Nur Muhammad,25.73439,66.80928
Goth Nur Muhammad,25.65096,66.83254
Goth Nur Muhammad,28.92302,68.24223
Goth Nur Muhammad,26.3696,66.32793
Goth Nur Muhammad Haidrani,28.80437,68.16681
Goth Nura Bakhlani,28.46541,69.05669
Goth Nuro Kolwai,26.30328,66.23661
Goth Nurpur,28.43664,68.41607
Goth Nuru,25.1516,66.79962
Goth Nuruddin,25.03388,66.77071
Goth Oazi,29.16944,67.65705
Goth Oso,25.78714,66.95044
Goth Pahalwan Babar Jat,28.89335,68.36307
Goth Paind Khan,29.40812,67.2571
Goth Pair,29.08242,67.69744
Goth Palba,28.49016,68.38565
Goth Pandu,25.04025,66.74522
Goth Pania Khan,28.3596,67.9924
Goth Parat,29.06375,67.55422
Goth Paro,25.08917,66.83905
Goth Pathan,25.91982,66.27681
Goth Pathan,25.65519,66.48689
Goth Pathan,25.66316,67.0394
Goth Pathan,25.99343,67.31845
Goth Pathan Khan,28.14286,67.67047
Goth Pechu,28.94932,68.27176
Goth Pehlwan,28.42314,68.04185
Goth Pehlwan,28.23496,67.61127
Goth Pehlwan Khan,28.4154,67.9222
Goth Pepara,28.49671,68.43499
Goth Peryou,25.91573,66.92612
Goth Phakkar,28.51438,68.45031
Goth Piara,28.14444,67.87222
Goth Piara,28.60291,67.52628
Goth Piara,28.74141,67.50489
Goth Piara Hara,29.42549,67.93611
Goth Piara Khan,28.20274,67.90808
Goth Pindo,25.59698,66.02431
Goth Pinhun,25.52639,66.00972
Goth Pino,25.17723,66.8424
Goth Pir Bakhsh,28.39479,68.27577
Goth Pir Bakhsh,25.00935,66.75178
Goth Pir Bakhsh Burro,28.59115,68.35502
Goth Pir Datta Jamali,28.13544,68.01913
Goth Pir Jan,28.63876,68.60052
Goth Pir Khan,28.08279,67.97425
Goth Pir Nur Muhammad Brahui,25.38427,66.66247
Goth Pir Sawai,25.72292,66.66252
Goth Pir Wani,25.79973,66.59124
Goth Pirak,29.13138,68.02656
Goth Piro,25.87606,66.81808
Goth Piro Bugti,28.53097,68.28412
Goth Piru,29.11954,68.08692
Goth Piru,25.46009,66.88465
Goth Postol,26.40111,67.01774
Goth Punal Khan,28.3619,67.9514
Goth Punhal Jamali,28.29667,68.06864
Goth Punhal Khan,28.38275,67.94906
Goth Punhal Wazdani,28.40046,67.52832
Goth Punjabi,28.57696,68.44308
Goth Punno,25.58072,66.79278
Goth Punu,25.80982,66.77889
Goth Qadar Bakhsh,28.56316,68.49766
Goth Qadir Bakhsh,25.85606,66.42236
Goth Qadir Bakhsh,25.89172,67.41449
Goth Qadir Bakhsh,28.2808,67.91
Goth Qadir Bakhsh,28.33124,68.03697
Goth Qadir Bakhsh,25.11546,66.97451
Goth Qadir Bakhsh,28.2832,68.03414
Goth Qadir Bakhsh,28.5076,68.69203
Goth Qadir Bakhsh,28.16887,67.75338
Goth Qadir Bakhsh,25.25841,67.07454
Goth Qadir Bakhsh,26.57229,66.882
Goth Qadir Bakhsh Kaprani,28.81998,68.12668
Goth Qadir Bakhsh Laghari,25.49439,65.50406
Goth Qadir Jamot,25.97328,66.79772
Goth Qadir Sand,28.97796,68.3109
Goth Qadro,24.9902,66.71996
Goth Qaimdin Lashari,28.55698,68.25682
Goth Qaisar,25.4149,66.93938
Goth Qaisar,25.6,67.18333
Goth Qaisar Khan,28.9189,68.23403
Goth Qaisar Rehman,28.33287,67.90585
Goth Qalandar,25.66406,66.45834
Goth Qalandar Bakhsh,28.774,68.14381
Goth Qalandrani,28.85383,68.32282
Goth Qalari,25.03668,66.94121
Goth Qamar,25.18313,66.85052
Goth Qasim,25.07219,66.72162
Goth Qasim,25.31667,67
Goth Qasim,25.96241,66.43234
Goth Qasim,28.50174,68.46656
Goth Qasim Khan Chak Fifty-one,28.18046,67.88484
Goth Qasimani,26.2024,66.3204
Goth Qasu,25.63908,67.07419
Goth Qatar,28.45214,67.59935
Goth Qazi,29.05273,68.16865
Goth Qazi,28.35772,68.00841
Goth Rabbani,28.57217,68.58672
Goth Rabdino,25.42861,66.84605
Goth Rabu Bhotani,28.19217,67.56215
Goth Radhia,25.33381,67.11888
Goth Raheja,28.28572,67.60373
Goth Rahim Ali Rind,28.42581,68.38517
Goth Rahim Bakhsh,25.1942,66.96037
Goth Rahim Bakhsh,29.0442,67.56223
Goth Rahim Bakhsh,28.44121,68.43298
Goth Rahim Bakhsh,25.92309,66.9343
Goth Rahim Bakhsh,28.3089,67.994
Goth Rahim Bakhsh,28.46486,68.01778
Goth Rahim Bakhsh Gunga,25.43915,65.32391
Goth Rahim Bukhsh,26.11415,67.40802
Goth Rahim Dad Khan,28.52541,68.6272
Goth Rahim Khan,28.53364,68.49302
Goth Rahim Khan,25.68755,66.19891
Goth Rahim Khan,28.34344,68.01206
Goth Rahman,25.45458,66.92278
Goth Rahmatullah,25.20503,66.76539
Goth Rahmatullah Magsi,27.94484,67.77415
Goth Rahu,25.58191,67.06398
Goth Rais Abdul Majid Bolra,28.71045,67.63008
Goth Rais Bakht,28.42212,68.06151
Goth Rais Behram Khan,28.18617,68.12627
Goth Rais Fazla,29.07731,68.13618
Goth Rais Ghous Bakhsh,28.81789,68.16016
Goth Rais Ghulam Rasul,28.10867,67.90355
Goth Rais Inayatullah Waja,28.45162,67.93295
Goth Rais Jhara Khan,28.45262,67.89385
Goth Rais Khan,28.3658,67.9778
Goth Rais Mian,29.05928,68.02147
Goth Rais Mitha Khan Rotani,28.31511,67.50722
Goth Rais Mubarak Chandrama,28.37148,67.53698
Goth Rais Qojir Bakhsh Lahri,28.4193,67.95018
Goth Rais Rehman,29.06755,68.13093
Goth Rajab Dad,25.59783,66.65637
Goth Ram Hassan Umrani,28.44743,67.84696
Goth Raman Shaikh,25.8408,66.48834
Goth Ramu,25.2923,66.98854
Goth Ramzan,25.91743,66.89734
Goth Ramzan,26.37628,67.03744
Goth Ramzan,26.30997,66.23326
Goth Ramzan,25.09827,66.93535
Goth Ramzan,25.65792,66.19468
Goth Ramzan Bugti,28.65271,68.26451
Goth Randirh,26.24065,67.08546
Goth Rano,26.10164,67.33835
Goth Rashid,28.57147,68.55843
Goth Rashidabad,28.98066,67.93051
Goth Rasul Bakhsh,28.02274,66.24212
Goth Rasul Bakhsh,26.8499,66.32747
Goth Rasul Bakhsh,29.14205,67.76424
Goth Rasul Bakhsh,28.56642,68.55633
Goth Rasul Bakhsh Bhangar,28.81731,68.37194
Goth Rasul Bukhsh,26.31717,66.74535
Goth Rasulabad,28.47384,68.07867
Goth Rasulabad,28.0568,67.78065
Goth Rasulabad Umrani,28.4191,67.9232
Goth Rawat Khan,28.27694,67.55293
Goth Raza Md Dasti,28.21973,68.08962
Goth Raza Muhammad,28.65366,67.459
Goth Raza Muhammad,25.42826,66.73235
Goth Raza Muhammad,25.87116,66.93136
Goth Raza Muhammad,25.77346,66.39689
Goth Raza Muhammad,26.42175,66.26207
Goth Raza Muhammad Chandlo,27.85258,67.36841
Goth Raza Muhammad Gadur,26.29359,66.22583
Goth Razana,28.44533,68.42936
Goth Razi,25.08319,66.9907
Goth Razi Muhammad,25.16828,66.97996
Goth Razzaq Khan,28.43249,68.44987
Goth Rehamdil,28.5818,68.35314
Goth Rehmat,26.19997,65.54462
Goth Rehmatullah,26.47195,67.07401
Goth Rehmatullah Jamot,25.99782,66.7711
Goth Rehmdil Lahri,28.36217,67.72997
Goth Relo,29.27572,68.23212
Goth Rind Ali Marvi,25.86204,66.79795
Goth Rkhia,25.94438,66.89547
Goth Roshan,28.63729,68.51621
Goth Roshan Khan,28.10214,67.89517
Goth Rosli,25.8443,66.88293
Goth Rotani Muhammad Bokhsh,28.33426,67.54815
Goth Rouddin,25.09627,66.75242
Goth Rozi,25.81222,66.26694
Goth Rozu,25.8475,66.45472
Goth Rubbu,25.48034,67.01283
Goth Rustam,29.1162,67.70546
Goth Sabadah,25.17119,66.85533
Goth Sabir Bittai,25.46998,66.71921
Goth Sabri,28.58166,67.64932
Goth Sabu,25.19468,66.88678
Goth Sabu Jamali,28.08257,67.88944
Goth Sabzai,28.13173,67.79162
Goth Sachal,28.72719,68.31124
Goth Sadiq,25.65051,66.68258
Goth Sadiq,29.15,68.19861
Goth Sadiq,25.93389,67.2987
Goth Sadiq Shah,28.49187,67.79782
Goth Safar,25.41433,66.68225
Goth Safar,25.77876,66.71068
Goth Safar Dadh,29.01524,68.07097
Goth Safar Khan,25.81111,66.27528
Goth Saffar Khan Umrani,28.42328,67.92237
Goth Safra,25.64374,66.81508
Goth Safrani,28.08692,67.81363
Goth Sahibdad,28.09778,67.89655
Goth Said Khan,29.05757,67.56119
Goth Said Khan,28.48767,68.3005
Goth Said Khan Khoso,28.58565,68.37604
Goth Saidabad,28.15163,66.17726
Goth Saidani,28.53567,68.74619
Goth Saidu,28.73323,67.69259
Goth Saidu,25.02119,66.91524
Goth Saidu,25.32448,66.9205
Goth Saifabad,28.11483,67.6357
Goth Saifal,29.06854,67.61533
Goth Sain Dad,28.2421,67.59952
Goth Sain Dad,28.52833,68.39954
Goth Sain Dad Jakhrani,28.96546,68.26293
Goth Sain ji Nai,27.74134,67.30184
Goth Saindad Jatak,27.87288,67.36498
Goth Saiyed Khan Bugti,28.51729,68.73879
Goth Saiyid,25.44511,66.70544
Goth Saiyid Adam Shah,26.2715,66.2452
Goth Saiyid Bahram Shah,26.37962,66.32622
Goth Saiyid Baqir Shah,25.92109,66.33598
Goth Saiyid Maluk Shah,28.3146,67.9513
Goth Saiyid Mithal Shah,28.06216,67.80795
Goth Sajan,25.93395,66.57932
Goth Sajan,25.41976,66.85518
Goth Sajan Jamali,27.98239,67.73446
Goth Sajan Khan,28.0768,67.77891
Goth Sajjan,25.16813,66.82544
Goth Sajjan Khan,28.11613,67.85214
Goth Sakhhani,28.27094,67.52655
Goth Sakhi Dad,25.15239,66.95597
Goth Sakhi Dur Muhammad Khan,28.54106,68.54747
Goth Sakhi Muhammad Bakhsh,28.46419,68.39011
Goth Sakhi Sikanaar Khan,28.60537,68.49676
Goth Sakhidad,25.08937,66.89447
Goth Sakindar Khan,28.53052,68.62206
Goth Salar,25.60713,67.25168
Goth Saleh,25.4316,66.68564
Goth Saleh Muhammad,27.6219,66.2324
Goth Saleh Muhammad,24.99029,66.82623
Goth Saleh Muhammad,26.05367,67.27758
Goth Saleh Muhammad,25.85362,66.46521
Goth Saleh Muhammad,26.09398,66.65027
Goth Saleh Muhammad,25.53061,66.71824
Goth Saleh Muhammad,25.36573,66.78612
Goth Saleh Muhammad Baloch,25.49625,65.65107
Goth Saleh Muhammad Mengal,28.3548,67.60081
Goth Salo Khani,28.14662,67.69964
Goth Salo Khhani,28.28756,67.54423
Goth Salu Khan,28.25202,67.50265
Goth Saman Khan,28.01848,67.77352
Goth Samana,25.8554,66.69027
Goth Samana,25.81667,67.4
Goth Samandar Khan,28.608,68.48059
Goth Samar,25.84162,66.14505
Goth Samundar Khan,28.20368,67.8483
Goth Sanaullah Umrani,28.38113,67.95402
Goth Sand,25.76689,66.92239
Goth Sangal,25.49733,65.73124
Goth Sanjar Khan Jamali,28.0557,67.8338
Goth Sanwal Faqir,28.42226,67.61879
Goth Sapat,25.42088,65.8237
Goth Sarab Shah,28.4713,68.39901
Goth Sarang,28.63333,68.38333
Goth Sarang,28.58077,68.4884
Goth Sardar Faqir Muhammad Pandran,28.06186,67.74988
Goth Sardar Khan,28.03404,67.8286
Goth Sardar Khan,28.60381,68.41312
Goth Sardar Muhammad Ashraf Khan,29.10909,67.6156
Goth Sari,25.70485,67.25671
Goth Saruna,26.23175,67.09092
Goth Sasoli,28.57048,68.25647
Goth Sathi,28.26216,68.25314
Goth Sattar,28.85292,68.09432
Goth Sattar,28.40401,68.42079
Goth Sattar Khan,28.52401,68.47617
Goth Sawal,25.21667,66.83333
Goth Sawal Dinari,29.11035,68.09016
Goth Sawal Khan,28.14298,67.85047
Goth Sawal Khan Lehri,28.41813,67.96156
Goth Sawali,25.61591,67.13956
Goth Sawali,26.56107,64.64091
Goth Sawali Khan Brohui,28.43581,67.96295
Goth Sawalikulwai,25.1359,66.96445
Goth Sayan,26.37061,66.24419
Goth Sayar Wadera,25.75333,66.495
Goth Sayid Myhammad Husain,26.26772,66.23972
Goth Sewa Khan,28.16742,68.08137
Goth Shab Kor,29.11882,68.04207
Goth Shaban Murad,25.04309,66.81851
Goth Shabbir Khan Khoso,28.51693,68.32042
Goth Shadihar,28.02521,67.55479
Goth Shafi Muhammad,28.02328,66.23176
Goth Shafi Muhammad,28.4583,68.30009
Goth Shafi Muhammad Jakrani,28.56625,68.35813
Goth Shah Ali Jakhrani,28.44889,68.4018
Goth Shah Baig Raisani,28.41696,67.87651
Goth Shah Belail,28.19033,66.31369
Goth Shah Dost,28.23229,67.60782
Goth Shah Haq,28.2271,67.51335
Goth Shah Mir Mamdani,28.01459,67.67423
Goth Shah Muhammad,28.65242,68.41944
Goth Shah Muhammad,28.72591,67.52759
Goth Shah Muhammad Lehri,28.36431,67.89029
Goth Shah Muhammad Marri,27.94395,67.73597
Goth Shah Murad,28.50564,68.6527
Goth Shah Murad Tahlani,29.11056,68.24252
Goth Shah Murid,28.10961,67.75486
Goth Shah Nawaz,28.2987,67.9726
Goth Shah Nawaz,29.09711,67.61265
Goth Shah Nawaz,28.3816,67.9014
Goth Shah Nawaz,28.33194,68.08276
Goth Shahan Umrani,28.19237,67.98127
Goth Shahbaz Khan,28.06201,67.72154
Goth Shahbaz Khan,28.52533,68.34355
Goth Shahdad,26.2463,67.12753
Goth Shaheed Rustam Khan Jamali,28.19121,68.08712
Goth Shahin,28.7214,68.30719
Goth Shahmir,25.73028,66.24083
Goth Shahok,26.21302,66.38275
Goth Shahu Khan,28.03729,67.82828
Goth Shahwali,28.3097,67.9076
Goth Shahzada,28.52158,68.33759
Goth Shaibdad,25.06828,66.80161
Goth Shaikh Jamal,25.92806,66.49167
Goth Shaikh Mangia,26.29392,66.30619
Goth Shaikh Qasim,26.33179,66.22911
Goth Shairo,26.28104,66.23354
Goth Shairu,26.3021,66.2278
Goth Shakar,25.04701,66.74835
Goth Shakhi Dad,25.13959,66.92775
Goth Shalu,25.18777,66.79908
Goth Sham,25.298,64.3426
Goth Shamba,25.10313,66.89479
Goth Shambu,25.09981,66.75745
Goth Shambu,25.08113,66.84077
Goth Shankar Khan,28.4456,68.05265
Goth Sharbat,28.45189,68.28822
Goth Sharbat Khan,28.6429,67.48228
Goth Sharbat Khan,28.03404,67.92369
Goth Sharbat Khan,28.25767,67.98373
Goth Sharbat Khan Lehri,28.44126,67.93386
Goth Sharif,29.26948,67.6507
Goth Sharif,25.99635,66.50655
Goth Sheh Post,28.32512,67.49727
Goth Shehani,28.70868,67.39877
Goth Sheikh Nur Muhammad,25.84062,66.5951
Goth Sher Dil,28.39811,68.00891
Goth Sher Khan,28.69214,68.15885
Goth Sher Khan,25.62954,66.70947
Goth Sher Khan,25.49016,66.80009
Goth Sher Khan,28.61771,68.42917
Goth Sher Khan,28.68333,68.06667
Goth Sher Muhammad,28.3845,68.28168
Goth Sher Muhammad,28.33708,67.60575
Goth Sher Muhammad,26.17622,65.52383
Goth Sher Muhammad,28.28377,67.89774
Goth Sher Muhammad,28.42093,68.28267
Goth Sher Muhammad,28.41242,68.33009
Goth Sher Muhammad,28.14826,67.86875
Goth Sher Muhammad,29.19987,67.68018
Goth Sher Muhammad,25.51139,66.79879
Goth Sher Muhammad,25.71299,66.66617
Goth Sher Muhammad,28.34318,68.26414
Goth Sher Muhammad,25.22802,66.77346
Goth Shera,28.99098,68.09645
Goth Sherdil Nichari,28.59243,68.28266
Goth Sherhan Saidani,28.6108,68.64617
Goth Sheru,25.07086,66.72981
Goth Sheru,25.08418,66.83811
Goth Sheru,25.06168,66.76783
Goth Sheru,25.18347,66.77355
Goth Shirani,29.05,68
Goth Shukar Khan,26.16747,66.39539
Goth Siahpad,28.88557,67.48671
Goth Siahpad,28.93172,67.50421
Goth Sial,27.98192,67.69329
Goth Siddiq,25.72601,66.07844
Goth Siddiq,25.3308,66.90748
Goth Siddiq,25.76417,66.24361
Goth Siddiq,26.25462,66.25691
Goth Siddiq,25.78139,66.40278
Goth Siddique,25.42156,66.90768
Goth Siddique,25.81177,66.41537
Goth Siddique,25.80343,66.11388
Goth Siha,25.47558,67.04075
Goth Sikander,28.32751,68.25499
Goth Sikander Khan Gola,28.49075,68.56985
Goth Siryal,25.63371,66.05887
Goth Sithar,25.88,66.34778
Goth Sixty-two Mori,27.94439,67.6352
Goth Sobat Khan Jakhrani,28.57311,68.33249
Goth Sobhe Khan Khosa,28.09816,67.66996
Goth Sohali,25.95809,66.9241
Goth Sohar,29.08066,67.55717
Goth Sohbdar,28.31992,68.34039
Goth Sohrab Khan,28.43402,68.28217
Goth Sohrab Khan,28.09395,67.85451
Goth Sohrab Khan Gola,28.30509,67.5444
Goth Sohreb,28.03822,67.94296
Goth Somar,25.03429,66.75751
Goth Somar,25.76202,66.63321
Goth Sona,28.8108,68.39225
Goth Sona Gabol,28.86278,68.11327
Goth Sona Khan,28.44491,68.30735
Goth Sonaro,26.41936,66.34557
Goth Sonzal,25.49198,66.01253
Goth Sorab Khan,28.3153,67.9762
Goth Subhan,25.65714,66.68924
Goth Suboh Khan,28.13973,67.9793
Goth Sukha,26.31946,66.30039
Goth Sukhio Khan Jamali,28.02822,67.77829
Goth Sulaiman,25.88381,66.92642
Goth Sulaman,24.97638,66.76223
Goth Sulman Khaskhali,26.0458,67.25477
Goth Sultan,29.0362,67.62312
Goth Sultan,28.60667,68.52298
Goth Sultan,28.7414,68.12964
Goth Sultan Brahui,27.20222,67.04312
Goth Sultan Khan Qambrani,28.10314,67.9924
Goth Sumar,25.89034,66.485
Goth Sumar,25.55143,66.88592
Goth Sumar,26.06518,66.84478
Goth Sumar,25.33646,66.88739
Goth Sumar,25.66554,66.20959
Goth Sumar,25.9624,66.42303
Goth Sumar,25.45,66.13333
Goth Sumar Khan,25.0725,66.71972
Goth Sunaro,26.87277,66.3029
Goth Sundrani,28.65434,68.87265
Goth Sundrani,28.66632,68.92045
Goth Supra,28.71183,67.52895
Goth Suri,28.6906,67.73286
Goth Suwali,25.21316,66.75783
Goth Syed Zainal Shah,25.98901,66.39616
Goth Tahlani,29.04705,68.1087
Goth Tai Muhammad Pandran,28.06593,67.76264
Goth Taj Faqir,28.00071,67.75078
Goth Taj Muhammad,24.95121,66.75869
Goth Taj Muhammad,25.15412,66.78963
Goth Taj Muhammad,28.50342,68.49951
Goth Taj Muhammad,25.82912,66.79619
Goth Taj Muhammad Khosa,28.43875,68.57668
Goth Taj Muhammad Lahri,28.4288,67.9808
Goth Taj Mumammad Hottak,28.42053,67.87777
Goth Talal Faqir,28.31308,67.99194
Goth Talani,29.14818,68.21305
Goth Tallu,25.02808,66.79688
Goth Tanu Khan,28.07216,67.87417
Goth Tarkuly,28.86476,68.12652
Goth Terhi Muhammadani,29.28637,68.18667
Goth Thangai Khan Luhur,28.50096,68.24081
Goth Tharo,28.31173,67.54182
Goth Tharo,25.76372,66.60697
Goth Tharozai,28.17634,66.29091
Goth Thawer Lakhi,25.52148,66.52064
Goth Tillia Khan Umrani,28.24732,67.89231
Goth Tilo Khan,28.37493,67.51489
Goth Tota Khan,28.2757,68.08004
Goth Trappa,25.62715,66.54162
Goth Tuakkli Bugu,28.46352,68.60514
Goth Ubaidullah,28.18747,67.95909
Goth Uboi,25.67063,66.65151
Goth Ulfu,28.39254,67.91027
Goth Umar,25.48316,67.20448
Goth Umar,25.81017,66.27379
Goth Umar,26.03688,67.27468
Goth Umar,25.51267,66.01099
Goth Umar,25.59698,66.94933
Goth Umar,25.58939,66.84094
Goth Umar,29.49295,67.65457
Goth Umar,25.83563,67.38335
Goth Umar,25.64223,66.68276
Goth Umar,26.24184,66.79784
Goth Umar,25.44871,66.70253
Goth Umar,25.23776,66.99498
Goth Umar Bakhsh,26.07589,67.35205
Goth Umar Khan Babar,28.3,68.3
Goth Umed Ali,25.8443,66.92413
Goth Umer,26.10975,66.55225
Goth Umer Khan,28.33359,67.96137
Goth Unar,28.26727,67.55495
Goth Urs,26.07976,67.3307
Goth Urs,28.07762,67.74322
Goth Usman,25.54471,66.93068
Goth Usman,25.47476,66.68871
Goth Usman,25.95927,66.35839
Goth Usman,25.97228,66.30297
Goth Usman,26.0831,67.34455
Goth Usman,25.10848,66.76188
Goth Usman,25.625,66.19167
Goth Usman,25.18917,66.85306
Goth Usman,25.59243,66.72355
Goth Usman Jamot,25.69685,66.91406
Goth Usman Makrani,25.07537,66.90559
Goth Usman Shahok,25.86484,66.78303
Goth Usman Umrani,28.43979,68.06787
Goth Usmar,25.36274,66.91307
Goth Varya,25.79944,66.94184
Goth Wabi Bakhsh,29,68.2
Goth Wada Landa,28.74133,68.47743
Goth Wadal,25.71805,66.77117
Goth Wadal,25.32096,66.80914
Goth Waddo Khan,28.61542,68.68042
Goth Wadera Mir Hasan Lahri,28.41114,67.9534
Goth Wadera Wali Muhammad,25.01316,66.73876
Goth Wahid Bakhsh,29.025,68.075
Goth Wahid Bakhsh,28.06377,67.67088
Goth Wahid Bakhsh,28.44542,68.02858
Goth Wahid Khan,28.58412,68.40645
Goth Walhari,29.39105,67.91474
Goth Wali,28.5629,68.3547
Goth Wali,26.2203,67.33259
Goth Wali Bagh,25.05694,66.96506
Goth Wali Dad Subhani,28.42196,67.93464
Goth Wali Jan,28.56686,68.42499
Goth Wali Khan,28.54397,68.74701
Goth Wali Mohammad,28.65337,67.48762
Goth Wali Muhammad,25.46554,67.10538
Goth Wali Muhammad Gadur,26.25839,66.22823
Goth Wali Muhammad Khosa,28.57689,68.53278
Goth Wali Muhammad Lahri,28.4335,67.9695
Goth Walia Khan,29.06536,68.091
Goth Waliabad,28.30804,67.95951
Goth Wallo Shahok,26.05572,66.50131
Goth Warai,28.61268,68.55034
Goth Warayo,25.7,67.25
Goth Warial,25.2219,66.84298
Goth Waro,25.52712,66.8966
Goth Waryani,26.0266,66.5206
Goth Wasand,25.65,67.03333
Goth Wasaro Landhi,25.67247,66.94127
Goth Wasawa,28.32401,67.90842
Goth Washdal,25.32944,66.69684
Goth Wasra,25.46434,66.72763
Goth Wasu,29.13018,68.20339
Goth Wazdani,28.40106,67.56761
Goth Wazir Ali Khan,28.20821,67.8421
Goth Wazir Khan,28.46162,67.86707
Goth Wazir Khan,28.49335,68.46593
Goth Wazir Khan Umrani,28.40477,67.93734
Goth Wazir Machhi,29.13371,68.11757
Goth Wazira Husain Mussor,26.27735,66.21237
Goth Waziran,29.12765,68.21648
Goth Wazirani,28.88245,68.34775
Goth Yaqub,25.66998,67.25759
Goth Yaqub,25.8302,66.78086
Goth Yaqub,25.8029,66.43212
Goth Yaqub,25.96554,66.53432
Goth Yaqub,25.00129,66.72178
Goth Yaqub Chahwan,28.84373,68.22821
Goth Yaqub Khosa,28.4651,68.56785
Goth Yar Muhammad,25.20232,66.75022
Goth Yar Muhammad,25.48573,66.0241
Goth Yar Muhammad,25.41913,67.0979
Goth Yar Muhammad,26.1727,66.30073
Goth Yar Muhammad Bugti,27.96134,67.70403
Goth Yar Muhammad Jamot,25.75144,66.89885
Goth Yaru,25.8,67.33333
Goth Yaru,26.38658,65.0815
Goth Yaru Lashari,29.27378,67.85094
Goth Yunus,26.32255,66.2358
Goth Yusuf,28.01689,67.58013
Goth Yusuf,25.69167,66.06111
Goth Yusuf,25.9425,66.55028
Goth Yusuf,25.5881,66.00932
Goth Yusuf Gola,28.91025,68.30556
Goth Yusuf Khan,28.2862,67.9967
Goth Yusufabad,28.08908,67.63103
Goth Zafar Khan,28.39884,68.01418
Goth Zahur Khan,28.5318,68.64909
Goth Zawar Khan Rind,28.23113,67.75982
Goth Zuar,25.935,66.27194
Goth Zubair Ali Faqir,28.10581,67.71488
Goth Zuhra,25.43258,67.10869
Goth Zulfiqar Khan,28.59782,68.51502
Goth aral Khalifa Misrin,28.16897,67.87244
Gothh Gul Hasan Bano,28.48234,68.04194
Gowanka Kili,29.0273,64.01109
Gowaranjo Abdul Qadir,28.08989,66.13157
Gowaranjo Mir Ahmad Din,28.09574,66.13539
Gowarast,27.68736,66.01658
Gowarghan,28.22396,66.34308
Gowargo,26.33587,64.14786
Gozani,26.23889,66.34188
Gozgi,28.50959,65.49032
Gozi,27.49593,66.51135
Granb Bazar,25.31922,62.25816
Grang,28.26712,65.06952
Grawag,27.17007,63.42185
Gredo Kili,30.99495,69.88746
Greshag Kalat,27.73464,65.08709
Greshak,27.6,65.93333
Grid Pusht,30.4267,69.97444
Grishak Kili,27.47491,64.23281
Grishkg Bazar,26.50405,62.53933
Gtoh Khano Gunga,25.80211,66.41899
Guand,28.69775,66.79711
Gudam,31.21584,67.42081
Gudan,30.71146,67.36527
Gudan,30.32309,69.28457
Gudang,28.28649,67.49313
Gudri Bazar,26.0505,64.5145
Gudu Colony,28.37952,68.3436
Gugi,29.1867,68.23594
Gujrani,30.18075,69.97424
Guk Kili,31.15015,68.62638
Gul,28.52118,66.45851
Gul Beg Selaj,30.26252,69.87428
Gul Bhat,27.73904,67.18221
Gul Bhit,27.71233,66.81863
Gul Bit,27.77163,66.45186
Gul Dad,30.88738,69.87974
Gul Hasan,28.4086,67.99388
Gul Jan,30.88344,69.87459
Gul Khan Gis,29.43256,63.86282
Gul Khan Kaul,30.77755,66.78266
Gul Khan Kili,31.61943,69.2508
Gul Khan Kili,31.03232,68.5221
Gul Khan Kili,31.6555,69.25231
Gul Khazi,31.15515,70.07934
Gul Mir,28.84833,67.82698
Gul Mir Kaul,30.83706,66.86635
Gul Muhammad,28.2574,67.48277
Gul Muhammad,31.11442,66.97366
Gul Muhammad,30.80312,66.63509
Gul Muhammad,29.92782,67.00708
Gul Muhammad,28.58156,64.21421
Gul Muhammad,28.43883,68.12501
Gul Muhammad Bazar,26.73555,64.00933
Gul Muhammad Bazar,25.32516,62.55092
Gul Muhammad Bazar,26.9754,64.31292
Gul Muhammad Bhojani,27.93841,67.62937
Gul Muhammad Brahui,28.76565,65.70961
Gul Muhammad Gis,29.28244,63.84965
Gul Muhammad Kili,29.0909,63.94892
Gul Muhammad Kili,29.11402,63.8187
Gul Muhammad Sabra,26.02256,66.53156
Gul Muhammad Sasoli,28.09004,66.23328
Gul Muhammad Sasoli,30.00277,66.35416
Gul Muhammad Sasoli,28.94808,65.69885
Gul Sher,28.45664,68.75943
Gul Sher Jhalwani,30.28855,69.86389
Gul Sini,29.60956,66.69976
Gulab Karez,30.444,68.21252
Gulab Khan,28.16417,67.93518
Gulabad,29.12406,63.67417
Gulabad,30.6488,67.0794
Gulai Kili,30.03377,69.0065
Gulak,30.33617,69.03881
Gulandar Goth,26.31452,66.2867
Guld,27.87991,66.92092
Guldad Kili,31.93123,69.43844
Guldad Kili,29.982,68.49291
Guldak,31.29083,69.88047
Gulistan,30.60826,66.57686
Gulistan Karez,30.61411,66.56566
Gulistan Kili,31.43067,69.79033
Gulkhair,31.11593,67.9443
Gulla Jahanani,30.11611,69.70165
Gullan,29.11667,67.86667
Gullani,26.26185,66.33249
Gullu Ziarat,31.29326,68.42544
Gulrani,28.07543,67.85077
Gulshan,29.20323,66.19971
Gulshan Colony,30.15667,67.00362
Gulshan Doki,29.18146,66.31129
Gulshan Town,30.21973,67.00294
Gulshan Town,30.1939,66.98503
Gulshan-e-Hasan,30.18173,66.95356
Gulshan-e-Hoti,30.17691,66.99622
Gulshan-e-Iqbal,30.17658,66.97231
Gulshan-e-Mumtaz,30.17737,66.96419
Gulu Daman,30.22518,70.02147
Gulu Shahr Jadid,29.61258,67.90281
Gulu Shahr Qadeem,29.62136,67.90864
Guluzai,29.09035,67.60741
Gulzar,28.01667,63.43333
Gulzar,30.15657,66.95313
Gulzar,27.94137,62.88994
Gulzar,30.5241,69.03103
Gulzar Khan,31.02671,67.16911
Gulzār,30.13,66.9475
Gumazgi,26.12536,62.30376
Gumb,28.99518,67.80907
Gumbad,26.01667,64.16667
Gumbad Bazar,26.67839,63.30394
Gumbad Nuruddin,28.34353,64.60059
Gumbad Shah Utman,28.36425,64.69931
Gumbaz,30.03705,68.94684
Gumbola,28.2625,66.14345
Gumshaa Bazar,26.74189,64.11953
Gumshad Chah,29.1333,63.97482
Gund Pish,27.01206,64.95974
Gundaik Bun,28.85125,65.11973
Gunga Kach,31.07456,67.00933
Gunge,30.81528,67.01944
Guni,27.41083,66.421
Guni,27.31344,66.55062
Gurad,25.5,64.93333
Gurandi,28.11964,66.01271
Gurani Bazar,25.26401,63.32737
Gurda Kili,30.28653,68.18342
Gurdano,28.6089,65.2564
Gurg Sechi,25.79095,62.28907
Gurgat,28.52237,66.30828
Gurgej Chah,29.41394,64.23825
Gurgejani,25.31088,62.75394
Gurgina,29.65589,66.3912
Gurgur,31.62615,69.88106
Gurgura Kili,31.64572,69.83769
Gurhi Mir Muhammad Khan,28.10736,67.95537
Gurmai,30.52905,67.87351
Gursunt,25.33139,64.04361
Guru Chela,25.51762,66.55371
Gush Tang,25.9972,63.0308
Gushanag Bazar,26.2309,64.90641
Gusher Wand,28.89041,67.84479
Guzarzai,27.56667,64.65
Guzh Bhaint,29.4095,67.2162
Gwachik,27.96157,62.97957
Gwadar,25.12163,62.32541
Gwai Haidarzai,30.73949,68.87408
Gwak,26.10743,62.07174
Gwal,30.53637,67.20087
Gwal Idarzai,30.72806,68.79766
Gwal Mandi,30.18151,67.00787
Gwal Marozai,30.74438,68.87714
Gwalishtap,28.30948,62.73263
Gwan-i-Zai,29.43903,66.51614
Gwand Bent,25.66667,65.53333
Gwani,26.80315,65.01279
Gwani Kalat,27.46667,65.9
Gwar Manzil,25.75556,61.85972
Gwarghan,28.25969,66.34959
Gwargi Sunt,25.94266,62.17372
Gwargo,26.83333,63.8
Gwashank,27.89916,63.54137
Gwatgi,25.46918,62.77284
HMH Colony,30.2002,67.17836
Hab Chauki,25.02928,66.88979
Habib,30.70845,66.45992
Habib Kandwali,30.29279,66.75341
Habib Khan,29.58491,65.99315
Habib Kili,30.20807,66.99608
Habib Kili,30.16691,68.63089
Habibabad,28.1813,66.16518
Habibkot,28.16357,67.83086
Habibubad,28.11383,66.31717
Habibullah,26.42478,65.65243
Habibullah,28.06917,66.41764
Habibullah Kakozai,30.7073,66.63644
Habibullah Khan Pathan,28.46067,68.19444
Habibullah Kili,30.77868,68.60348
Habibullah na Khalq,25.94662,67.08145
Habibzai,30.66983,66.65939
Habibzai,30.7047,67.03257
Habitat Khan Mangol,28.46095,68.12192
Had,25.28106,64.6514
Haddi,25.35503,64.20392
Haddu,28.017,67.91129
Haddu,28.33924,65.15835
Hader,28.70395,66.82441
Hader,25.34228,62.38461
Hadi,28.33461,67.2256
Hadi Islam,28.36491,66.15427
Hadi Zehri,28.335,66.13334
Hadiki Bal,25.54405,62.79461
Hadira Kach,31.02965,66.7859
Hadira Pul,28.13032,67.90611
Hadukai,30.67253,67.45171
Haduki,25.54968,62.80675
Hadwar,29.06205,67.85346
Hadzai,31.06487,69.56295
Haegani,25.28194,64.38306
Hafiz Faiz Muhammad Jakrani,28.81975,68.43685
Hafiz Muhammad Nur,27.75094,65.88061
Hafizabad,27.67214,66.00536
Hafizabad,30.4659,69.30313
Hafizabad,28.2141,66.16069
Hafizabad Bazar,26.91557,64.07458
Haft Wali,28.97821,67.4441
Haft Wali Ziarat,28.93931,68.96999
Haftari,25.54438,64.38685
Haftari,26.02266,63.68035
Haharak,28.02127,66.35788
Hahi Ghulam Qadir Tala,28.80135,68.48684
Haibat Kalai,30.2543,69.7299
Haidar Khan,30.04799,69.88515
Haidar Khan,30.03829,69.89827
Haidar Khan,30.02975,69.90148
Haidara,30.77825,67.36364
Haider Bazar,25.25385,62.00222
Haider Brahui,28.19932,68.11884
Haider Ibrahim Bazar,26.32304,64.21896
Haider Khan,29.23117,67.64607
Haider Log,25.32649,62.55523
Haider Zai,31.07532,69.55323
Haiderzai,29.14361,67.10408
Haiderzai,31.00808,69.40871
Haikal,27.58915,65.78898
Haikalzai,30.62154,66.92309
Hairat,30.13439,69.64579
Haj Rehmat Jakhrani,28.5551,68.2779
Hajam,28.8705,67.66417
Haji Abdul,31.49959,67.89064
Haji Abdul Karim Chah,28.29425,64.46415
Haji Abdul Khaliq Khosa,28.40858,68.40721
Haji Abdul Latif,28.67072,66.76151
Haji Abdul Latif Bakhlani,28.44989,68.98235
Haji Abdul Qadir Brahui,28.31241,68.19429
Haji Abdul Qadir Gis,28.20965,65.07077
Haji Abdul Qadir Hasani,28.0673,66.22189
Haji Abdul Rahim Talab,30.85016,67.95882
Haji Abdul Rahman,30.72456,68.4187
Haji Abdul Satar,31.4813,67.61216
Haji Abdullah,26.44311,66.56705
Haji Abdullah,30.16764,69.74306
Haji Abdullah Jan,30.69581,66.58029
Haji Abdulwahab Kili,29.79908,66.18579
Haji Abdulwahab Kili,29.8063,66.19771
Haji Abdur-Rahman,30.15489,68.53294
Haji Adam Khan,31.41377,69.92359
Haji Adam Khan,30.82092,66.91925
Haji Afzani,28.01061,67.87688
Haji Agha Gul,31.26153,66.8896
Haji Ahmad Khan,28.85385,65.66145
Haji Ahmad Khan Selaj,30.30468,69.90739
Haji Ahmad Selaj,30.27766,69.88591
Haji Akbar Kili,30.94715,66.43072
Haji Akhtar Kili,30.99244,69.12736
Haji Akhtar Muhammad Kili,30.89362,66.38832
Haji Akhtar Muhammad Kili,30.92956,66.43921
Haji Ali Hasan Rind,28.3078,68.1903
Haji Ali Jan,27.50407,65.29445
Haji Ali Muhammad,28.04396,67.84897
Haji Ali Muhammad,26.42463,66.58038
Haji Ali Muhammad Gis,29.26314,63.87122
Haji Allah,30.58294,66.52352
Haji Allah Bakhsh,27.37176,65.06091
Haji Allah Bakhsh,28.14989,68.02725
Haji Allah Dad,30.50997,66.52559
Haji Allah Yar,30.62862,66.54822
Haji Allahdad,26.9478,66.12013
Haji Alu,26.35819,66.63331
Haji Amanullah Khosa,28.49062,68.15191
Haji Amir Jan,29.11456,67.76861
Haji Amir Jan Kili,30.84059,66.43705
Haji Anwar Kaul,30.80278,66.78794
Haji Anwar Kili,31.1943,68.71186
Haji Atta Muhammad Ghis,27.06454,63.46872
Haji Azizabad,28.0972,66.32171
Haji Bahadur,30.99086,66.72398
Haji Bahram Khan Kili,30.88873,66.37998
Haji Bakhtpur Kili,31.13138,68.9209
Haji Balo,30.93941,66.48079
Haji Baz Khan,31.42419,69.91942
Haji Baz Khan Sah,31.05611,69.10417
Haji Bazar,25.48424,62.74643
Haji Bismillah,31.39849,69.8876
Haji Bohair Khan,28.80267,66.22591
Haji Boland Khan,28.36635,67.9148
Haji Chhatta,28.49027,68.72532
Haji Dad,31.18718,66.95982
Haji Dad Bakhsh Bugti,28.49095,68.35247
Haji Dad Muhammad,29.24398,64.25926
Haji Dad Muhammad Bazar,26.63928,63.24637
Haji Dad Muhammad Hajwani,28.46975,68.21408
Haji Dad Muhammad Kili,30.89245,66.38117
Haji Dad Muhammad Lango,28.49143,68.27006
Haji Dad-ur-Rahman Umran Baloch Karez,26.94854,63.96733
Haji Dilbar Khan Kili,30.89515,66.385
Haji Dildar Gis,29.31903,64.19385
Haji Dur Muhammad,29.5574,67.88579
Haji Faiz Muhammad,28.01606,66.39506
Haji Faiz Muhammad,31.10266,66.72189
Haji Faizu Kili,30.79386,66.47076
Haji Faizullah Kasha,30.97347,69.87577
Haji Fateh Muhammad Goth,26.33835,66.76104
Haji Fauji Khan Jamali,28.13231,68.03704
Haji Fazal,30.49514,66.43505
Haji Ghaus Bakhsh,28.97448,67.63332
Haji Ghazi Sarao,26.97437,64.12344
Haji Ghulam Muhammad,28.49219,68.71156
Haji Ghulam Rasul,27.69082,66.20404
Haji Ghulle Muhammad,30.28337,69.89507
Haji Gola,29.15267,67.78751
Haji Gul Badin Kili,29.77115,66.16699
Haji Gul Baran,30.90201,68.87482
Haji Gul Hasan,28.41124,68.00413
Haji Gulab Khan,30.77477,68.58806
Haji Gulam Siddiq,28.01015,66.45613
Haji Guzar Khan,31.41589,69.92006
Haji Habib Khan,29.73657,66.56408
Haji Habibuddin,28.55082,68.52346
Haji Habibullah,30.21019,69.8426
Haji Hafiz,26.41715,66.71053
Haji Haider,30.32848,69.8941
Haji Hakim,30.4934,66.51046
Haji Hakim Bazar,26.66761,63.24113
Haji Hakim Khan Kachh,31.26746,70.21575
Haji Hayat Muhammad Kili,30.90157,66.43133
Haji Himat Khan Chholgari,28.45624,68.2128
Haji Husain Bakhsh Brahui,28.3124,68.13175
Haji Ibrahim Khan,28.46072,68.71888
Haji Ibrahim Khan Gajani,28.43654,68.8154
Haji Ibrahim Mushani,26.0252,66.3449
Haji Imam Bakhsh Halq,26.86349,63.93723
Haji Ishaq Log,25.3118,62.50706
Haji Ismail Khan,28.49817,68.60728
Haji Jabbar Mina,31.02677,70.13286
Haji Jaffar Din,27.99686,66.28089
Haji Jah,29.01374,67.72905
Haji Jah,31.29557,66.93616
Haji Jamal Khan Bugti,28.45708,68.79144
Haji Jan,29.96494,69.87887
Haji Jan Inisut,30.56162,69.83988
Haji Jan Muhammad,28.01737,67.48696
Haji Jar Gul Kili,30.07294,69.05692
Haji Jat,28.83909,67.43762
Haji Jehangir,28.14675,68.00293
Haji Jhok,28.82063,67.81922
Haji Juma Shahik Kili,31.20699,69.0187
Haji Jumma,29.78513,69.79703
Haji Kach,30.25087,67.60035
Haji Kamalan Bazar,26.62732,63.3778
Haji Kamen,30.70872,66.61919
Haji Karam Khan,27.35994,66.16546
Haji Karez,30.15843,69.12741
Haji Karimdad,26.4364,66.71517
Haji Khair Muhammad Gis,29.26563,63.92392
Haji Khairullah,30.22462,66.98106
Haji Khairullah,30.98281,69.88542
Haji Khamis,30.08307,69.94444
Haji Khan,29.92744,69.35554
Haji Khan,31.73139,68.45194
Haji Khan Halq,26.95168,63.93611
Haji Khan Jattak,28.45422,68.1236
Haji Khan Muhammad Kili,30.75353,68.19436
Haji Khan Umrani,28.3224,67.9384
Haji Khanan Kili,30.40404,69.59999
Haji Kherak Kili,30.8326,66.44785
Haji Khuda Bukhsh,26.39145,66.63594
Haji Khudadad Kaul,30.85918,66.77466
Haji Khudai Ram,30.69335,66.56751
Haji Khunaeri,28.48149,68.60087
Haji Kili,29.22806,63.94898
Haji Kotan,30.92091,66.41899
Haji Ladak,31.45026,69.92379
Haji Lal Bakhsh,27.76453,66.22606
Haji Lal Khan Nambardi,30.27835,69.78139
Haji Lanjani,30.06004,69.81884
Haji Luk Kili,30.04237,69.15814
Haji Machan Khel,30.16908,68.59446
Haji Madad,30.39722,69
Haji Magal Khan,28.05707,67.91571
Haji Mahar,30.7309,66.67142
Haji Maliar,28.28514,67.9373
Haji Malik Gul Muhammad Gis,29.40256,63.78652
Haji Mandaldo,28.5416,68.348
Haji Manzur,28.29982,67.94519
Haji Maulladad,27.50373,65.32479
Haji Mehmud Khan Mirzani,28.29016,67.44581
Haji Mehr Dil Bakhlani,28.46168,68.95525
Haji Meva Khan,28.11006,67.85766
Haji Mian Dad,28.23721,66.50374
Haji Mihrab,27.02454,66.21438
Haji Mir Dad Khan Kili,29.75451,66.21522
Haji Mir Khan,30.21261,69.87059
Haji Mirak Kili,30.89639,68.85951
Haji Miran,28.04861,67.91111
Haji Mitha Khan,28.5204,67.86985
Haji Mohabbat Khan,28.58098,68.37602
Haji Monna Bakhlani,28.44988,68.96363
Haji Mubarak Suriani,27.98812,67.83325
Haji Muhammad Ali,31.19012,67.0669
Haji Muhammad Asa,28.64872,65.74262
Haji Muhammad Azim,27.8396,66.44434
Haji Muhammad Bakhsh Brohi,27.98445,67.6908
Haji Muhammad Bakhsh Miraji,26.71097,66.82065
Haji Muhammad Bazar,26.63478,63.36702
Haji Muhammad Hasain,26.79804,64.34406
Haji Muhammad Hasan,28.41988,68.20882
Haji Muhammad Hussain,28.94199,66.35187
Haji Muhammad Jan Sasoli,28.8462,65.64504
Haji Muhammad Khan,28.45842,68.10551
Haji Muhammad Khan Bent,26.51466,66.40653
Haji Muhammad Khan Hasni,30.31859,69.88847
Haji Muhammad Qalandari,26.60784,66.80654
Haji Muhammad Rahim,29.4825,66.523
Haji Muhammad Sasoli,26.63463,66.82548
Haji Muhammad Siddique,28.14077,67.77933
Haji Muhammad Solah Gajani,28.44728,68.79615
Haji Muhammad Umar,28.8694,65.66246
Haji Muhammad Umar Kili,30.89299,66.4305
Haji Muhammad Wali Mailan,30.75972,68.26667
Haji Muhammado Qila,30.86439,66.49067
Haji Mulla Abdul Ghani,31.01881,67.16288
Haji Mulla Wasan,28.48251,68.70588
Haji Murad,30.97604,66.75626
Haji Murad Bakhsh Bazar,26.78786,64.23222
Haji Murad Khan,27.75794,66.45713
Haji Murad Khan Kili,30.83644,69.5844
Haji Murid Chah,28.3762,64.61107
Haji Murtuza,31.39318,69.88772
Haji Musa Khan,28.21034,68.07104
Haji Mustafa Kili,29.10767,64.17898
Haji Nabi Bakhsh Bazar,26.7704,64.17489
Haji Nadar Khan Kili,29.0663,64.24187
Haji Nako Goth,26.28509,66.76196
Haji Nasrullah Kili,31.23742,69.03512
Haji Nawab Qila,31.48769,69.80157
Haji Nazar,28.12699,66.52977
Haji Nazar Muhammad,28.43505,68.71302
Haji Nazar Muhammad,31.25267,66.85494
Haji Nidah,30.74722,67.15
Haji Nudhan Hijwani,28.45559,68.91244
Haji Nur Muhammad Jahanani,30.12706,69.7119
Haji Painday Khan Kili,30.83266,68.16105
Haji Pir Bakhsh,28.0468,67.91142
Haji Pir Muhammad Zahri,28.04168,66.29828
Haji Piral,27.9555,67.63975
Haji Qain Khan Bazar,26.93917,63.46339
Haji Qalandar Bakhsh Mundroni,28.33755,68.18191
Haji Qutab Khan,29.64802,66.76077
Haji Rahim Dad Khan Kili,29.75511,66.22182
Haji Rahim Gul,30.42127,69.58581
Haji Rahim Shah,29.94614,69.62509
Haji Rahmatullah Bazar,26.7566,64.05214
Haji Ramzan Kaul,30.91501,66.91582
Haji Ramzan Madani,28.43981,68.20896
Haji Rasul Bakhsh,28.08647,67.76961
Haji Rasul Bakhsh,26.33363,65.0256
Haji Rasul Khan Kili,31.41509,69.91646
Haji Raza Muhammad Chah,28.30104,64.48828
Haji Razi Khan Kili,30.89822,66.4332
Haji Rustum,28.33021,65.16618
Haji Sado,30.20727,68.93001
Haji Sadu Dam,30.10793,69.7595
Haji Sahib,30.73552,68.27054
Haji Said Mir,30.39222,69.66696
Haji Saifu Khan Kili,31.3227,69.68355
Haji Sakhi,29.16536,64.21365
Haji Salah Muhammad,27.85678,65.79097
Haji Saleh Muhammad,31.06725,66.69412
Haji Saleh Muhammad,28.43403,68.12479
Haji Sangore,25.40289,66.64674
Haji Sanwala,28.48837,68.23018
Haji Sarwar Kior,30.83587,68.76927
Haji Sattar Kili,30.89491,66.42979
Haji Sawan Khan Bugti,28.58724,68.36068
Haji Shabbir Khan Umrani,28.20697,68.04374
Haji Shaffi Muhammad,28.98494,64.6768
Haji Shah Muhammad Nidwani,28.44015,68.8679
Haji Shahabuddin,29.22771,63.60085
Haji Shahbaz Khan,28.85524,65.65355
Haji Shahil,28.11986,67.96915
Haji Shahil,28.06518,66.35822
Haji Shahin,30.50891,69.67906
Haji Shahr,29.2585,67.82453
Haji Shambo,28.0644,66.06319
Haji Shang,30.65607,66.57578
Haji Shar,26.30512,65.54889
Haji Sharif Ghundai,30.94962,66.70719
Haji Sher Kili,29.13221,64.20217
Haji Sher Muhammad Brahuii,28.44544,68.24092
Haji Sher Muhammad Kili,29.21736,64.20241
Haji Sher Muhammad Rind,28.42298,68.16764
Haji Sheral Khan Rind,28.41488,68.18463
Haji Sikandar,28.2874,64.24515
Haji Sirjan Baluch,30.21693,68.60518
Haji Subhan Khan,28.49666,68.70479
Haji Suhrab,29.21288,63.57448
Haji Sulaiman,27.51712,66.42656
Haji Sulaimanzai,31.25494,68.806
Haji Sultan Sobiyani,30.29149,69.9179
Haji Taimur Kili,30.87279,66.38325
Haji Taj Muhammad Bazar,26.64715,63.38089
Haji Tawakkal,30.04441,67.11041
Haji Twano,31.03098,66.78607
Haji Umar Khan Kili,30.74764,68.21155
Haji Umid Ali,26.77927,64.26627
Haji Umid Ali,28.4554,68.18638
Haji Umid Ali,28.47124,68.20451
Haji Upa Kili,30.8909,66.38259
Haji Usman,29.28312,65.83908
Haji Wado,25.28882,62.35623
Haji Wahid Bakhsh,28.08654,67.77347
Haji Wahid Bakhsh,28.05964,67.96989
Haji Wazir Kili,30.88827,66.42969
Haji Yar Muhammad,31.04304,68.14674
Haji Zabto,30.56516,66.67148
Haji Zarif Kili,31.34562,69.70261
Hajiabad,29.67727,66.78761
Hajiabad,26.45857,64.56978
Hajiabad,28.00722,62.81346
Hajiabad,27.82504,63.0376
Hajiabad,30.62833,67.25639
Hajijah Balina,29.08653,67.78151
Hajijah Zerina,29.07328,67.77769
Hajika,28.56017,66.31821
Hajiwal,25.46238,63.04915
Hajizai,30.73009,66.86156
Hajizai,30.69037,66.73229
Hakim Dad,26.41225,65.33851
Hakim Dad,25.34556,62.36593
Hakim Pahlai,31.39571,69.91532
Hakim Rudgai,30.53019,67.44111
Hakimani,29.9511,69.6142
Hakkili Kalag,26.28554,63.70406
Haku Bazar,26.65917,63.22107
Halad,26.25529,66.28359
Halal,28.6117,67.8271
Halalzai,31.08942,69.82803
Halaque Nazar Muhammad Baloch,25.94876,64.01394
Haleri,27.29579,67.02957
Halim Khan,28.98364,67.69327
Halim Rudgai,30.53774,67.44442
Halim Shah,28.4894,67.7933
Halim Shah Karez,30.03182,68.73917
Halimabad,30.86322,68.01918
Halk Muhammad,27.01444,63.81018
Halk Murad,27.10442,63.85114
Halkai,30.76847,67.38697
Halkai Ferozi-Kan,30.68959,67.57333
Halkai Ghazlana,30.69327,67.6058
Halkai Kili,31.08009,69.49552
Halong,26.95898,64.04651
Halq Baran,27.99419,63.25231
Halq Behram,26.35833,64.31085
Halq Behram Khan,26.28459,64.26234
Halq Dost Muhammad,27.8928,63.51097
Halq Fateh Muhammad,27.85668,63.67448
Halq Gudri,26.33598,64.29318
Halq Jan Muhammad,27.91451,63.46409
Halq Miskan,26.30514,64.27658
Halq Muhammad Uman,27.85798,63.65326
Halq Sher Muhammad,27.88437,63.59785
Halqa Adam,29.84714,69.79166
Halqa Jan Muhammad,26.97725,65.88033
Hama,31.30655,67.70768
Hamai,31.11651,67.93194
Hamal Bazar,26.91618,64.99553
Hamal Khan Qambrani,28.01629,67.8892
Hamalabad,30.03566,68.07727
Hamayun Kili,30.90664,69.08748
Hambarg,26.35441,62.4066
Hambbi Raisani,29.09489,67.71496
Hambi,29.02266,67.93474
Hambi,29.08165,67.63542
Hamel Khan Bugti,28.38795,68.3167
Hamid Jhuggi,26.51787,64.90455
Hamida,31.11498,66.97362
Hamidabad,26.35071,65.65234
Hamidullah Buledi,28.86526,67.72129
Hamidullah Kili,30.88625,66.44089
Hamidullah Takri,28.02667,66.32149
Hamrag,25.40292,63.86994
Hamrani,30.71018,67.766
Hamza,28.23201,68.12618
Hamza Khan Goth,25.39568,65.46301
Hamzah,31.20556,66.90111
Hamzazai,30.33797,69.25599
Han Ghulam Muhammad,31.32489,69.67132
Han Karim Kili,30.96,66.81083
Han Ladha,28.03008,67.9477
Hanari,29.14353,67.19252
Hanbi Bazar,25.37428,62.76317
Hangree Johar,26.48646,63.2293
Hanifai War,31.14798,66.86724
Hanjiri,28.02351,66.56803
Hanna,30.24729,67.11762
Hanri Bazar,25.3493,62.75559
Hansai,27.6919,66.05518
Hansan Kili,30.86791,68.63463
Hanzala Kili,30.85259,66.44169
Haptai Bazar,26.9143,63.99334
Haptari,25.28469,64.47743
Haptari,25.33097,64.19927
Hapursi,29.16193,66.20242
Hapursi Dun,28.59719,66.35746
Haq Baho,28.17068,68.0392
Haqabad,30.70414,68.31265
Haqdad Bazar,25.95278,63.90935
Harambu,27.60329,66.3036
Haramzai Kili,31.50817,69.69458
Harani Beth,25.87945,62.67642
Harboi,28.97912,66.76041
Hardi,28.91195,67.47411
Hardozai Karez,31.08917,67.07878
Hardozo Zrandah,31.15309,66.81961
Haretrak,25.93333,64.4
Harfi,27.7621,66.2973
Hari Belar,25.46224,62.77701
Hari Chand,30.59023,67.48663
Harian Haidarzai,30.26468,68.45881
Hariani,28.29,67.47952
Harifal Colony,31.34441,69.47229
Harlahin Kili,31.04892,69.93208
Harmandar,29.15834,67.59562
Harnai,30.25572,67.34735
Harnai,30.10077,67.93824
Harozai,31.02162,69.96681
Harun,26.34321,66.73219
Harun,26.29149,65.02013
Harun Abad,30.31067,66.81604
Harun Bazar,26.2953,64.85181
Harun Goth,25.47188,66.6808
Harun Karez,31.08332,67.04576
Harun Khan,28.54389,68.52771
Harunabadi Zabar,28.23954,66.0427
Haruni Band,25.33016,64.43358
Harunzai,27.66491,66.28103
Harwaz Khan,29.39927,66.11461
Hasa,25.46527,62.00774
Hasadi,25.67007,62.24622
Hasal Khan Gurnari,26.414,64.22962
Hasal Khan Jamali,28.12448,67.77563
Hasan,31.12893,66.87897
Hasan,26.34138,65.8687
Hasan Bazar,26.26934,63.62449
Hasan Bazar,26.31261,63.63259
Hasan Bazar,26.32037,63.61908
Hasan Bazar,26.6921,63.35608
Hasan Gis,26.40006,64.00892
Hasan Gis,26.43929,63.31123
Hasan Gis,26.41075,64.15222
Hasan Khan,26.5274,65.5016
Hasan Khan Khuh,28.3677,68.34826
Hasan Khan Kili,30.12418,69.20429
Hasan Khan Nambardi,30.29682,69.76321
Hasan Khaskheli,25.90764,66.48375
Hasan Kili,31.44182,68.90262
Hasan Kili,31.30472,68.78
Hasan Kili,30.99452,68.5683
Hasan Nika Hadira,30.89639,69.09123
Hasan Shah,29.76457,69.30232
Hasanabad,28.48668,65.48994
Hasanabad,25.41564,67.06895
Hasani,30.0187,66.95571
Hasanzai,29.38915,66.48767
Hasanzai,29.44991,66.52455
Hasanzai,28.0093,66.6382
Hasanzai Kili,31.35712,69.51437
Hasar Bazar,25.40133,63.12792
Hashim,28.34448,67.72239
Hashim,28.33608,67.73139
Hashim,26.89892,65.70409
Hasil Jat,28.15163,67.48444
Hasil Khan,28.69306,66.7662
Hasil Khan,29.82553,67.00287
Hasil Khan Kili,28.92399,65.62431
Hasil Mathang,25.44678,64.78251
Hasinzai,30.67019,66.55548
Hasnai,30.97408,67.7189
Hassad Khan,28.49979,68.26371
Hassan,25.91765,62.54753
Hassan Ali,28.72514,67.90143
Hassan Brahui,26.32017,63.58347
Hassan Gis,29.32567,63.79492
Hassan Jui,29.234,67.12505
Hassan Log,25.32948,62.53347
Hassan Na Mulk,27.48059,65.66123
Hassanabad,30.749,66.43514
Hassanabad,27.67826,66.78557
Hassanabad,28.82881,62.76179
Hassanabad,28.00833,66.54597
Hassandad,28.34751,67.4126
Hasu Band,31.35904,69.763
Hasu Band Kili,31.35082,69.76304
Hatachi,28.10212,67.13724
Hatak Bazar,26.74727,64.20856
Hathear,28.32307,66.09893
Hatheli,29.78123,69.81033
Hathian,28.31899,66.09624
Hathiari,28.3718,67.55906
Hatim,30.98723,66.82102
Hatir Khan Bazar,26.34174,64.23554
Hatkari,29.17451,67.60768
Hatti,28.46036,68.25574
Haudakai China,30.35007,66.9959
Havaldar Nawar,28.13165,64.90099
Haveli,30.1562,69.97621
Haveli,29.80833,69.50278
Haveli Ahmad,29.82905,69.44407
Haveli Haidar,29.93837,69.59973
Haveli Mehrban,29.80248,69.50672
Hawara,31.37646,70.09697
Hawas Bazar,25.54578,62.77668
Hawat,30.8884,67.2947
Hayat Chakul,29.26997,66.19066
Hayat Khan Mithazai,28.19705,67.65186
Hayat Kili,30.52667,66.64969
Hayat Kili,30.53567,66.63287
Hayatabad,30.07291,66.49014
Hazar Ali Mughlani,28.46738,67.44129
Hazar Gangi,30.64513,66.54286
Hazar Khan,28.0625,67.94028
Hazar Khan Chandio,28.39792,68.38167
Hazar Shahi,30.01647,68.70035
Hazara Town,30.18438,66.96044
Hazarganji,27.6435,66.80383
Hazarganji,27.49577,66.16022
Haziari Hana,30.04338,68.09962
Hazoor Bakhsh Gis,29.28924,63.92131
Hazrai,31.19629,66.8498
Hazrat Abdur Rahman,30.03676,68.55605
Hazrat Khan Kach,30.9242,67.33694
Hazrat Noor,30.35624,66.7562
Hazur Bakhsh,26.904,64.65722
Hazur Bakhsh,27.44225,65.04249
Hazur Bakhsh Brahui,26.51481,66.81298
Hazur Bakhsh Lashari,28.39186,67.3842
Hazur Bakhsh Sumro,28.34672,68.24057
Hazur Bakhsh Umrami,28.54158,68.32754
Heran Chauki,28.71065,69.24955
Herizai,29.39659,66.60091
Hero,28.02857,67.09198
Herozai,29.29948,66.47043
Hetak,28.51125,64.97615
Hetak,28.50473,65.00351
Hezai,31.23793,69.62233
Hiju Machhi,29.16958,68.13457
Hilal Kili,31.31115,69.98431
Hilalak Kach,30.0205,68.94868
Himu,29.57294,65.87438
Hina Shahok,26.02461,66.61916
Hinal,28.34574,66.56691
Hinar,27.67871,67.12042
Hinar,27.5389,67.07746
Hinari,28.45183,66.89186
Hindu Karez,29.83597,66.82103
Hindu Narai,30.87778,67.79028
Hindu Narai,30.87807,66.79015
Hinezai,31.0184,69.95977
Hingol,25.58775,65.5486
Hirok,26.01389,63.59083
Hirok,29.92972,67.22449
Hisar Kili,31.69965,69.14053
Hisargai,31.04017,66.79465
Hissar,31.10158,66.89109
Hokai Kili,31.16044,68.23195
Hokar,29.10295,64.58862
Hoke,28.06708,63.23029
Hoke,28.90879,65.21853
Hol,27.88654,63.07265
Homzari,30.78611,67.01534
Honar Noghai,28.04494,66.44443
Hor Bazar,26.22271,64.63606
Horkai Kili,31.20553,69.33832
Hortal Bazar,26.08292,64.24694
Hoshab,26.01585,63.88833
Hosri Kili,30.02518,69.21357
Hot Chat,25.8975,62.42414
Hot Khan,28.07916,67.85653
Hotabad,26.07571,62.64551
Hote Khan Jamali,28.07609,67.90942
Hoti Chil,29.69621,66.77317
Hotizal,29.79401,66.84116
Hozi,27.62299,66.18321
Hrdeki,26.13461,61.9996
Hub,25.02555,66.88534
Hud Zawar,31.16363,70.01899
Huda Bakhsh,26.30032,65.02495
Hudak Mirzai,31.24338,67.70855
Hudda,30.20646,66.99305
Huddazai,25.26939,63.41768
Hudh,27.62867,66.21115
Hudishi,27.06667,65.9
Hudkai Mian Bostan,30.88835,67.39107
Hudkai Nadar,30.89198,67.3864
Hujiat Bazar,25.52634,62.03265
Huki,25.4529,65.9034
Hukmi,29.04103,65.92611
Hulmarg,28.68781,65.79369
Humai,29.0843,62.31138
Humbidar,26.0125,63.10667
Hunarko,27.68633,66.712
Hunaro,27.67915,66.03786
Huram,28.47183,68.25535
Huramzai,30.72687,66.8421
Huramzai Kili,31.20577,69.25191
Hurmagai,28.3,64.43333
Hurmuzen,28.54539,66.6577
Hurrao,28.49436,65.48344
Hurri,27.63134,66.19269
Hurro,28.50416,65.46343
Hurro,30.92977,67.42063
Husain Bakhsh Jamali,28.19474,68.09153
Husain Bazar,26.34375,64.70345
Husain Goth,25.82222,67.31516
Husain Jan Halq,26.8788,63.89696
Husain Khan,26.98671,66.12043
Husainabad,26.96772,64.15099
Husaini Chah,26.57123,65.36101
Husainzai,30.62542,66.7875
Husan Mathang,25.43471,64.78732
Hussain,25.35198,62.44549
Hussain Abad,29.38019,66.63975
Hussain Bakhsh,28.19496,67.9711
Hussain Bazar,25.33219,62.4272
Hussain Kakozai,30.7303,66.68742
Hussain Khan,28.40906,68.23587
Hussain Murad Log,25.33504,62.50423
Hussain Sanjrani,28.28873,66.44905
Hussainabad,29.15213,66.60307
Hussainabad,30.17554,66.96419
Hussaini,30.1787,69.68416
Hussainzai,28.21678,66.19184
Hussainzai,28.36673,66.15036
Hussenani,26.25165,66.3477
Hutaig,25.34373,63.06801
Iangan Bazar,25.37729,63.11668
Ibrahim,30.72093,67.20244
Ibrahim,26.07424,66.3392
Ibrahim Barahzai,27.51665,66.37536
Ibrahim Bazar,25.35299,63.43761
Ibrahim Bazar,26.1851,64.07174
Ibrahim Bazar,26.17446,64.34804
Ibrahim Brahui,26.53052,66.84485
Ibrahim Khan,30.78344,68.59437
Ibrahim Khan Jamali,28.04956,67.8875
Ibrahim Khel,31.24799,69.64106
Ibrahim Kili,31.4063,69.31376
Ibrahim Kili,31.02198,67.66184
Ibrahim Kili,31.46174,69.92578
Ibrahim Log,25.31289,62.53316
Ibrahim Muhammad Hasni,27.61009,66.32478
Ibrahim Nambardi,30.28437,69.78375
Ibrahim Shah Khel,30.24442,67.04138
Ibrahim Sipahi jo Goth,26.20727,66.31414
Ibrahim Zor Goth,24.97625,66.7727
Ibrahimji,27.89645,66.90663
Ibrahimzai,30.66398,66.67709
Ibrahimzai,30.74085,66.98924
Ibrahimzai,30.73113,67.04184
Ibrahimzai,30.18816,66.98392
Ibrahimzai,31.01026,69.90374
Iddlan Kili,31.70719,69.18138
Idgah,29.8655,67.3307
Idhaq Ka Kutya,26.48991,66.15574
Idris Tailra,30.69588,67.55474
Idu,27.77937,66.38748
Idu,26.56276,65.5376
Iftikhar Stadium,30.22556,67.07639
Ihzargal,30.88697,67.89358
Ikhtiar Jat,28.38144,68.23586
Ikhtiar Karez,30.68677,67.52728
Ikram,28.06058,66.39504
Ilanzai,31.12263,69.28307
Illahi Bakhsh,28.62142,68.39829
Imam Bakhsh,25.67823,67.04112
Imam Bakhsh,25.10627,66.99637
Imam Bakhsh,25.91679,62.56149
Imam Bakhsh,27.58704,66.49972
Imam Bakhsh,29.96972,67.03107
Imam Bakhsh,26.66348,65.56578
Imam Bakhsh Arain,28.8778,67.65577
Imam Bakhsh Dinari,29.21328,68.00826
Imam Bakhsh Takri,28.43771,67.99823
Imam Bargah Abul Fazal Abbas,30.17675,67.03219
Imam Khulgai,30.95546,68.98963
Imamu Chandia,28.47762,67.85544
Imdad Khan,29.87339,66.98879
Imnai Karez,31.52606,67.89555
Inam Bagh,30.29367,66.84674
Inam Eskhobi,30.58404,67.49362
Inayatullah Karez,30.62669,66.60371
Inda,30.46213,69.31828
Indar Bes,30.95832,67.78816
Indu Qila,30.67683,68.64199
Injir Khan Kalag,26.09981,63.3863
Inzai Kili,31.50608,69.75837
Inzar,30.80057,67.22626
Inzar Kili,31.82983,69.27634
Inzar Kili,30.00245,68.01274
Inzare Kili,30.97017,68.54693
Inzargai,30.82664,67.22983
Inzargai,31.6338,69.91451
Inzargat,30.31374,68.13794
Inzargoi,30.78234,67.15213
Inzargāt,30.31944,68.15139
Iqbal Khan,28.06935,67.89176
Iqbalabad,30.86806,69.85169
Irfanabad,28.04475,66.39007
Irrigation Colony,30.15678,66.98339
Irshad Khosa,28.55091,68.53819
Isa,26.56548,65.51374
Isa,24.95,66.7
Isa Bazar,25.29219,62.11848
Isa Bazar,26.21967,64.5457
Isa Hotel,26.02537,67.29247
Isa Karez,30.54226,67.06508
Isa Khan,28.37961,67.82002
Isa Khan,28.46792,68.12622
Isa Khan,29.84565,67.0057
Isa Khan,29.25769,67.65989
Isa Khan Bugti,28.39492,68.32908
Isa Khan Kili,30.39278,66.9587
Isa Khan Kili,29.78644,66.20872
Isa Khan Kili,29.77042,66.21279
Isa Khan Kili,31.68861,69.73417
Isa Khan Murri,30.19341,68.54534
Isa Khan Rind,28.35552,68.20516
Isa Khel,30.73369,67.5172
Isa Nagri,30.22106,66.99654
Isa Tahir,28.5989,63.06831
Isa Zai,28.02933,66.13326
Isachamak,25.46417,63.01778
Isai Bazar,26.94346,64.04393
Isai Colony,26.95123,64.0524
Isawal,25.46821,62.8763
Isazai,31.18415,69.30137
Isazai,29.35893,66.61775
Isazai,30.06769,69.07554
Isazai,30.87025,67.35375
Isazai Kili,30.05883,68.96703
Isfai,28.41241,66.79623
Ishani,29.96374,69.68099
Ishaq Bazar,26.88671,65.755
Ishaq Chanal,28.18137,66.47071
Ishaq Jhuggi,26.51083,64.88999
Ishaque Bazar,25.32204,62.32032
Ishaqzai,28.99827,66.36206
Ishoi Bazar,26.55596,63.06598
Isinwan,29.54245,66.01256
Iskalku,29.03242,66.67371
Islam Coal Company,30.06266,67.26838
Islamabad,28.18333,67.98333
Islamabad,28.16133,67.86875
Islamabad,28.40291,67.91836
Islamabad Juri,27.75062,65.88047
Ismail Bazar,25.31383,62.44303
Ismail Bazar,25.33967,62.40648
Ismail Chhalgri,28.40346,68.12309
Ismail Kach,30.75666,67.22394
Ismail Khan,29.80271,67.01762
Ismail Khan,30.14022,69.7217
Ismail Maghzai,30.37775,67.71445
Ismail Nikka Ziarat,30.97313,69.242
Ismail Shahr,30.00218,68.70649
Ismailabad Doctor Wazir Halq,26.89752,63.80727
Ismailani,26.20519,66.37688
Ismailzai,30.72103,67.05547
Ispethatar,29.53115,66.78752
Ispihak,25.37717,63.82692
Ispinkai Duper Kai,31.1524,69.95044
Ispirhuna,29.03333,65.68333
Ispitingar,26.39063,62.51706
Istakhali,27.67418,66.17175
Istawai Kili,30.64537,69.80699
Itabar Ali Shah,28.12779,67.69739
Itazai,28.5432,65.13118
Izzat Bazar,26.38724,63.65836
Izzat Bazar,26.1943,64.08622
Izzat Chakul,29.27751,66.13576
Izzat Khanzai,28.20736,66.18255
Jabal,27.66494,66.23799
Jabal Kili,31.35113,68.6318
Jabarabad,30.59714,67.59921
Jabba Khan Brahui,28.29141,68.11498
Jabba Kili,31.68471,69.90563
Jabbar Bazar,26.29555,64.71696
Jabbar Goth,28.48647,67.44017
Jabbul Khan,28.16692,67.43411
Jabdar Bazar Deh,26.51536,63.21865
Jabrai,30.99216,70.00982
Jabrai,30.9199,68.47881
Jadidabad,29.89682,66.64833
Jafar,28.86217,67.47993
Jafar Khan,25.3,62.38333
Jafar Khan Bazar,26.35142,64.2321
Jafar Qaisrani,30.83831,70.25799
Jafar Shah,29.76186,69.32495
Jafarabad,28.29485,68.20648
Jafarabad,28.48782,67.61976
Jafarabad,28.15615,67.88477
Jafri,25.43972,64.32
Jag Tanga,30.91013,67.26298
Jagai Sra,30.57111,67.57444
Jagan Khan Umrani,28.54049,68.37611
Jaghoni,29.25703,66.90144
Jagirani,28.16667,67.61667
Jagsur,29.52851,66.54936
Jahan Shah Mandau,30.75608,66.60204
Jahangir Shahr,30.06225,68.84412
Jahannishan Machi,25.45,62.78333
Jahli Kaladar,26.38391,62.79896
Jahli Mumich,26.48764,62.78668
Jaia,28.15551,67.17711
Jaiezai,31.0574,66.82712
Jain Bazar,26.64325,63.36714
Jak,25.79933,65.50203
Jaki Gis,26.41988,63.37566
Jaki Kalag,26.40443,63.37749
Jakiawal,29.79167,66.68889
Jakki,27.00114,65.5217
Jal Gah,31.22588,69.32112
Jal Kahak,28.55377,65.10365
Jalah Gandan,29.92607,67.11093
Jalai,28.97553,65.72292
Jalaizai Kili,31.51339,68.83139
Jalal Bazar,26.22258,64.6129
Jalal Din Jamali,28.37618,68.18789
Jalal Khan,26.21662,66.04278
Jalal Khan,29.03377,67.73032
Jalal-ud-Din,28.98327,65.10911
Jalal-ud-din Karez,27.96799,62.80637
Jalalabad,26.13283,61.99043
Jalalabad,30.08979,66.72066
Jalalabad,30.18134,68.62986
Jalalan Shehr,29.78171,69.55661
Jalali,30.96738,67.19525
Jalalzai,30.71703,66.58498
Jalalzai,30.58704,69.84459
Jalalzai,28.49945,65.49353
Jalam Bari,28.19424,66.32307
Jalambi,26.13521,64.76471
Jalat Taldi,31.02122,67.32709
Jalaugil,30.42271,66.93279
Jalbani,25.93104,62.65506
Jalga,30.95723,67.21958
Jalkhah,28.68333,61.91667
Jallar Karez,29.3519,67.01133
Jalnadar Tarin,30.14726,68.62061
Jalonti,26.66883,65.58717
Jalsar,26.13333,62.08333
Jalu,30.80054,67.57048
Jalwani,28.8294,67.42295
Jam,28.43269,66.76602
Jam,29.63612,67.30697
Jam Bag,29.14479,65.62439
Jam Gwang,25.83086,63.02437
Jam Hassan Bazar,25.4565,62.04688
Jam Hayatan Bazar,25.46958,62.08109
Jam Nida,26.08639,67.35167
Jam Shehr,29.79607,69.51404
Jam Shehr,29.75284,69.5204
Jam Thal,28.21797,67.35947
Jamadar Doran Selaj,30.26538,69.87822
Jamadar Gohram,25.36529,63.48212
Jamadar Khair Muhammad,29.97083,69.32491
Jamadar Lakhhu,26.58535,65.53599
Jamadar Nusrat Bazar,25.53479,61.96608
Jamadar Yousuf Kili,28.59589,65.52129
Jamak,25.9004,62.2299
Jamak,28.43405,65.29864
Jamak,25.84566,63.39278
Jamal Dari,28.5726,66.6968
Jamal Din Kili,30.38198,66.91391
Jamal Khan,30.27993,69.70573
Jamal Shah Kili,30.26122,66.51082
Jamal Wam,31.77066,69.21584
Jamal Zai,30.574,69.87071
Jamalabad,28.01753,63.21829
Jamalan,29.95034,67.0744
Jamali,29.41133,67.79252
Jamali,28.33743,65.13076
Jamali Goth,27.86151,67.36297
Jamaluddin Baghdadi,28.6061,68.3666
Jamaluddin Kili,30.68394,67.03147
Jamalwal,30.76284,68.94929
Jamalzai,28.8791,66.31211
Jamalzai,28.3959,66.72373
Jamand,29.49861,66.53611
Jamanzai,29.29959,66.49881
Jamanzai,29.21488,66.46271
Jamat,31.03678,67.04514
Jamat Bazar,25.80606,62.17993
Jamatgai,30.99199,67.39615
Jamawat Kili,30.24139,69.09202
Jamia Ali Bin Abi Talib,30.1814,66.96134
Jamia Arbia Zio-ul-Uloom,30.56556,66.85639
Jamia Rozatul Ulum,30.17176,66.97366
Jamiatabad,30.67202,67.86859
Jamil Ahmad Hasani,28.05231,66.19264
Jamrah,29.0368,67.74967
Jamsher Khan Bent,26.57539,66.43347
Jamshid Gis,29.28058,63.7585
Jan Bakht Kili,31.44982,69.31739
Jan Beg,31.55361,69.86528
Jan Khan Jamali,28.07426,67.97548
Jan Muhammad,30.55129,69.05669
Jan Muhammad,31.21763,69.90282
Jan Muhammad,28.72345,67.64161
Jan Muhammad,25.93515,62.61838
Jan Muhammad,28.35638,66.10909
Jan Muhammad,26.22359,66.05214
Jan Muhammad,28.17634,68.03569
Jan Muhammad,28.09443,67.80825
Jan Muhammad Bazar,26.27106,64.10815
Jan Muhammad Bazar,26.20671,64.77895
Jan Muhammad Bazar,25.64307,62.10201
Jan Muhammad Bazar,26.0688,64.17516
Jan Muhammad Burra,28.07853,67.708
Jan Muhammad Halq,26.8876,63.82153
Jan u Goth,25.32661,66.7822
Jana,30.2909,69.8182
Janabad,31.13161,69.27092
Janai,27.99809,67.83501
Janan Kili,30.08154,69.04933
Janani Kili,31.1013,68.07565
Janar,25.82265,66.64807
Janayat Kili,31.21956,68.74358
Jandari,25.50028,62.88228
Jandra,28.49611,67.3401
Jandro Bagh,26.33614,66.31457
Jangal,28.47915,65.43276
Jangal,28.4697,65.43969
Jangal,28.47294,65.4547
Jangal,28.48258,65.45051
Jangal,30.07461,68.92257
Jangal,25.84551,62.33214
Jangal Cros,25.85972,62.3268
Jangan,29.75786,67.01583
Jangi,29.90023,66.97152
Jangi,28.74776,67.71601
Jangi Khan,29.39181,66.64373
Jangi Khan,30.87817,69.51203
Jangi Khan Bazar,26.34479,64.21109
Jangi Shaban,30.47576,68.99207
Jangle Khan Khosa,28.38442,68.25416
Jango,26.34677,66.63323
Jangu,29.11577,67.78864
Jangul Korun,31.89946,69.49968
Jani War,31.13437,66.86918
Janizai,28.82694,67.64168
Janon Khan Kili,29.90665,66.6187
Jansur,28.59011,66.75672
Janthaly,30.06371,69.71254
Janu Goth,25.93001,66.62849
Jara,25.36536,65.20942
Jarar Baba,25.19487,66.85068
Jared Khosa,28.3396,68.2906
Jari,27.3013,66.5375
Jaro,29.23074,67.73702
Jaro Khan,28.21877,67.98548
Jarozai,27.72555,66.81201
Jarwār,28.52639,68.62639
Jast Bazar,26.04482,64.48492
Jat,27.36874,65.04199
Jat Joo,26.15423,61.99845
Jat Lashari,28.54432,67.4257
Jatabad,29.9804,68.77357
Jatak,27.76977,66.5147
Jatak,28.18938,66.3006
Jatak,28.13708,66.2868
Jatak Bolkhe,29.22654,66.80593
Jatak Brahui,28.25629,68.04798
Jatakjo,26.15465,62.00245
Jath,25.87779,62.37059
Jatkabad,29.16552,66.59198
Jatki Pani Wand,28.23195,67.21226
Jatoi Arif Khan,29.23357,67.61921
Jattazai,28.21648,66.45808
Jaunthal,29.76857,69.40391
Jaurakin Kili,29.32375,65.86986
Jauri,27.9745,66.30887
Jawar Kach,31.11663,67.87046
Jawar Karoga,30.91851,70.12039
Jawarji,27.6109,66.01713
Jawarji,27.61015,66.04499
Jazghai Kili,31.3377,69.94061
Jazha,31.67137,69.89936
Jea Chāh,29.2,63.2
Jebri,27.29765,65.74325
Jellan,29.24011,68.2528
Jeo Kili,30.1756,66.97498
Jerai,25.53401,66.71213
Jerpanr,31.15984,67.71743
Jeti,25.04348,61.74073
Jezhan,31.30482,69.01217
Jhak Anbab,28.86971,67.80235
Jhal,28.17782,66.46193
Jhal,28.55654,63.13038
Jhal Jhao,26.39289,65.60443
Jhal Jhao,26.30771,65.58729
Jhal Magsi,28.28403,67.45616
Jhalak,30.69652,67.35052
Jhalak,30.70291,67.35605
Jhalara,27.76014,67.1815
Jhali,29.7788,69.45617
Jhalla Bhaint,29.42831,67.22125
Jhalwari,27.04747,65.5508
Jhambarra,29.03803,67.75227
Jhandi,29.08882,67.91457
Jhang,29.95876,69.64446
Jhang Rakho,29.4185,67.79828
Jhangal Khan,28.42736,67.43447
Jhangi Khan Mandai,28.92229,65.74377
Jharain Log,26.40438,63.34972
Jharak,27.6406,64.30318
Jharo Bazar,26.02817,64.2862
Jhat Ghari,29.13134,67.91087
Jhat Pat,28.39196,68.18697
Jhok Gul Muhammad,28.93283,67.6416
Jhok Inam,29.06547,67.95528
Jhok Sabzal,28.69601,67.69957
Jhok Sahibdad,28.72542,67.77163
Jhok Shahbaz Khan,28.85574,67.48959
Jhujha,26.00667,64.83333
Jhulug,26.79455,65.53833
Jhuri,28.24762,65.96959
Jhuri,27.69103,66.78889
Jiddari Bazar,26.47993,62.60971
Jilani Kili,30.4108,66.97467
Jilga,31.04364,66.74419
Jilga,30.72917,67.54444
Jilga,30.93011,67.54197
Jilga,30.94735,67.47463
Jilga Hadira,31.01945,66.73819
Jilga Melan,31.11264,68.73458
Jinnah Town,30.21937,66.98795
Jisub,28.49313,67.91322
Jiwa,28.11857,66.27838
Jiwani,25.04852,61.74573
Jmar Goth,25.41714,65.49339
Jo,27.24861,66.63056
Jo Guh Muhammad,27.30422,65.34663
Jo-e-Kulian,28.04658,62.77866
Joda Kalat,28.45511,65.49929
Joe,28.70702,66.08804
Joewash Chah,29.35,63.35
Jogerdan Bazar,25.44856,63.14972
Jogianie Selajh,30.00372,69.77903
Jogizai,29.96874,66.71657
Johak,29.70262,66.64035
Johan,29.3289,66.97163
Joher Gis,26.47469,63.38207
Joher Khan,25.29916,62.34228
Johi Bazar,26.50757,65.42419
Johri,28.05253,66.27324
Joi,25.46349,63.10895
Joi,26.467,63.26595
Jola Ship,28.90787,65.1342
Jongo,27.06598,65.55159
Jongo,28.56345,65.24061
Jorakh,29.51396,69.59512
Jorakzai,29.06798,67.53892
Jorakzai,29.40351,66.59601
Jori,28.26053,65.96985
Jori Rackzai,28.34526,66.08679
Jorkan,26.40959,62.93732
Jorkan,26.51067,62.76322
Jorkan,26.38333,62.68333
Jorkin,28.76875,65.81398
Josak,26.03511,63.07994
Josir,26.36137,65.06646
Jovandan,27.50886,64.97942
Jozh Haji Hasan,27.9687,63.38785
Jozh Muhammad Shahi,27.94609,63.41319
Judazai,28.91798,66.30828
Judhani,28.58778,67.42718
Jug,27.6739,66.7864
Jugri,25.36667,64.88333
Juhli,29.14266,63.34401
Jullab Kahkir,25.82694,62.14194
Juma,28.752,66.20045
Juma Khan,27.43136,65.21397
Juma Khan,30.47648,66.57062
Juma Khan,30.54216,69.05151
Juma Khan,29.23945,67.8548
Juma Khan,28.97507,65.09771
Juma Khan,28.13425,67.83961
Juma Khan,28.15242,66.54631
Juma Khan Gis,29.25093,63.95965
Juma Khan Kili,29.22267,63.76445
Juma Khan Muhammad Hasni,28.89646,65.72725
Juma Kili,30.04214,69.02682
Jumazai,28.02965,66.63753
Jumazai,27.57483,66.46087
Jumazai,25.47176,62.98273
Jumma,26.99613,65.53312
Jumma Baloch,26.70675,66.29907
Jumma Baloch,26.65828,66.33227
Jumma Bazar,26.45793,64.61107
Jumma Gis,29.27779,64.18417
Jumma Gul Kili,31.93198,69.48312
Jumma Khan,30.15197,69.90837
Jumma Khan,28.04587,66.27884
Jumma Khan,29.72155,66.17312
Jumma Khan,29.9953,67.06705
Jumma Khan,25.34871,64.41663
Jumma Khan,28.45667,68.60089
Jumma Khan Bajwani,28.43673,68.92379
Jumma Khan Gajani,28.43916,68.79976
Jumma Khan Kili,29.57198,66.23752
Jumma Khan Kili,30.41422,69.57426
Jumma Khan Mangal,28.37143,68.20759
Jumma Khan Marri,28.35595,68.2271
Jumma Khan Takai,31.2947,70.09341
Jumma Rahim Mela,31.83212,69.61878
Jumo Khan Gis,29.26652,63.7734
Jungiani Bazar,26.26497,62.89411
Jungle Bangla,27.89605,65.85549
Junid Khan,28.13818,67.97091
Junobi Mowali,24.99278,66.76815
Juraink Bazar,26.44544,62.64836
Jurak,28.1918,66.47908
Jurak Khan Kili,29.79365,66.20936
Jurjurr Killi,31.26566,68.01769
Jusib,28.49444,67.90972
Juzzak,29.02603,61.64446
Juzzak Landi,28.96461,61.64979
Kabal Chah,28.31038,64.49308
Kabal Karwanda,30.80065,69.17938
Kabbar,28.23089,67.54502
Kabil Muhammad,29.67336,66.76753
Kabir,30.7467,68.40397
Kabir Colony,30.20591,67.00234
Kabir Khan Badini Kili,29.64538,65.98525
Kabir Kili,31.17226,67.52573
Kabko,28.09747,63.26733
Kabli Kili,30.37485,69.06188
Kabli Kili,30.30346,69.01638
Kabli Kili,30.3755,69.08042
Kabli Kili,30.29471,69.0763
Kablo,27.20162,65.72583
Kabreta,29.58143,66.73998
Kabri,25.43972,63.42106
Kabul Kili,31.86499,69.58949
Kabul Kor,31.11228,68.69656
Kabul Waind,29.10391,67.72833
Kabuni Bandlani,28.43578,68.93924
Kaccha Canzt,27.78059,66.62069
Kacchi Awara,30.32853,68.56054
Kacchi Firdous,30.82804,67.5516
Kach,30.48629,69.24902
Kach,30.43783,67.29037
Kach,31.0978,66.78195
Kach,30.80525,67.4231
Kach,30.27826,69.21625
Kach,30.81911,67.55468
Kach,30.50449,67.82499
Kach,29.56352,67.79372
Kach,30.46599,67.52218
Kach,30.91694,67.3996
Kach,30.61042,67.53005
Kach,30.57941,67.19998
Kach,31.04503,67.02911
Kach Adozai,31.10963,67.07845
Kach Ahmaqzai,30.5037,68.29486
Kach Allah Yar,30.92896,67.17706
Kach Basti,30.1991,69.73468
Kach Hasanzai,30.88361,67.30826
Kach Kili,30.53841,69.08268
Kach Kili,30.75623,69.45279
Kach Kili,30.69296,68.1338
Kach Kili,30.49947,68.29502
Kach Kili,30.28967,69.24508
Kach Koda,30.4246,68.91381
Kach Lamona Kili,31.30776,69.9109
Kach Lundi,29.5167,67.81488
Kach Mulla Nika Kili,31.58122,69.71138
Kach Roshan,30.44647,69.14467
Kach Sabzal,30.43682,69.15472
Kach Sandozai,30.16753,68.89665
Kach Walhari,29.48494,67.83661
Kacha Daman,27.35,64.95
Kachai Kili,31.0321,68.54986
Kachao,29.47964,61.24657
Kachar,26.98027,63.58135
Kachar Thal,30.92148,69.89613
Kachari,30.19808,67.01475
Kachehri,27.31503,67.06558
Kachhai,30.83038,67.54623
Kachhi,27.94495,67.53023
Kachhi,30.03646,69.9206
Kachhi Alizai,30.39192,68.90622
Kachhi Mir Wah,29.17255,68.15053
Kachkehi Kili,31.64411,69.53278
Kachu Lop,28.47267,65.35729
Kachwani Kili,28.34007,67.37383
Kad,26.15071,64.2129
Kad Bazar,26.15541,64.20876
Kad Shahri,28.0046,66.61442
Kadai Kach,30.43659,67.3181
Kadai Sarona Kili,31.34557,69.57896
Kadani,27.92278,67.51186
Kadar,31.12691,67.41451
Kadar,30.73738,68.32822
Kaduki,29.47075,65.80246
Kafir Toi Kili,30.65319,68.55697
Kahai Ghak Kili,31.58692,69.79273
Kahan,29.29806,68.90475
Kahan,26.39242,64.91519
Kahan,28.5704,66.77354
Kahan,27.06603,65.06423
Kahan,30.4614,67.51208
Kahisar,29.36151,66.95377
Kahno Manjho,28.89437,67.88565
Kahoda Mauladad,25.91779,62.58031
Kaholai Khara,31.23767,67.03794
Kahordan,26.86297,63.53717
Kahori,25.38447,63.86862
Kahte China,31.48828,67.93707
Kahur Khan,28.7848,67.58232
Kahur Khan,28.80963,67.63597
Kahurak,27.97124,63.31176
Kahurdan,25.41667,64.41667
Kai Chat,26.23114,62.03055
Kaiba,31.55463,69.86043
Kaidan,27.77272,66.43496
Kailai,28.23803,66.06302
Kaina,30.81964,67.14465
Kaisar Khan,29.50478,68.09635
Kajani Bazar,26.01512,64.16312
Kajar Kili,30.9325,66.4773
Kajir,30.76296,66.60789
Kajjalpur,28.72641,68.36913
Kaka Basti,29.7942,69.34965
Kakahir,27.41285,66.36695
Kakar Bazai,30.42354,67.04694
Kakar Colony,30.16812,67.01122
Kakari,28.97561,69.35764
Kakari Kili,30.86803,68.83243
Kakarzai,28.45978,66.75481
Kakazai,30.72941,66.89802
Kake Kili,31.04857,68.14832
Kakharong,28.71937,66.88692
Kakhor,25.54904,62.65416
Kakhor,25.54528,62.65677
Kakku,28.91999,66.70448
Kako Brahui,25.63919,67.19185
Kako Kili,31.89181,69.40583
Kakozai,30.74208,66.69235
Kakozai Kulak,30.72056,66.8025
Kakshai Kili,30.9643,69.63181
Kal,28.66002,66.69454
Kal Chat,25.87461,62.28583
Kala China,30.46092,67.36644
Kala Kach,30.77024,67.24112
Kalag,26.32507,62.42026
Kalag,25.44551,62.92382
Kalag,26.03667,62.99409
Kalag Bazar,26.93933,63.96375
Kalaghzai,29.60634,66.36559
Kalago,28.01182,63.28963
Kalai,30.82788,66.62126
Kalai Kili,30.69633,68.65495
Kalan Chah,27.18558,64.56603
Kalan Raikezai,28.34549,66.10028
Kalandar Khan,30.92421,66.80236
Kalandar Khan,30.72528,68.41183
Kalandar Khān,30.71667,68.38194
Kalandi,28.5232,63.19339
Kalang,29.15115,67.66821
Kalani,28.96855,69.45732
Kalani,28.90667,67.65286
Kalanzai,30.62964,66.78355
Kalar,27.12514,65.56974
Kalarkot,29.08767,67.98163
Kalasur,26.33015,65.07164
Kalat,27.80808,66.62621
Kalat,25.49569,63.0487
Kalat,29.02663,66.59361
Kalat,25.39602,64.02914
Kalatkoh,28.77486,65.34752
Kalato,26.28119,65.55129
Kalatu Bazar,25.44347,61.85695
Kalatuk,26.03593,62.8952
Kalchas,29.36304,69.52592
Kalchiani,30.01136,69.93103
Kaleri,26.65439,63.19976
Kalesar Bazar,25.89757,62.16422
Kalesar Bazar,25.90346,62.2061
Kalgaldani,26.51473,62.47881
Kalgali,28.00423,65.90664
Kalhan,27.81428,66.62112
Kalhora,28.85348,67.82263
Kali Afgha,30.89503,66.53474
Kaliari Gulu Daman,30.2174,70.01716
Kalikab,30.83507,68.57216
Kalimabad,28.05208,66.40873
Kalimullah Kaul,30.79578,66.81722
Kaliri,26.403,63.009
Kaliro,25.51691,62.0018
Kalkani,29.94116,69.3158
Kallag Kalat,27.88954,63.01313
Kallandar,31.15163,70.10688
Kallar,27.10297,65.56813
Kallepari,26.83279,65.72414
Kalli Goth,26.95442,66.1147
Kalo Wal,25.47285,63.06852
Kalra,28.94282,67.80114
Kalri,29.05,67.83333
Kalri Bazar,25.26922,62.22673
Kalro,26.426,65.2291
Kalro,27.08971,65.5452
Kalro,25.57545,63.4346
Kals,28.85047,67.91253
Kaltach,29.15058,67.21099
Kaltach,28.19458,66.43151
Kalu,30.70459,68.75478
Kalu Khan,30.68889,68.83056
Kalu Khosa,28.4129,67.44512
Kalu Kili,30.80669,68.35436
Kaluke,30.39232,68.37902
Kaluzai,29.25977,67.73518
Kalwani,30.09462,69.93658
Kalwar,29.34873,67.82359
Kam Kachhi,30.38746,68.93594
Kam Karez,30.83545,67.78815
Kam Muhammadzai,31.11448,69.9301
Kam Murtat,30.3887,68.7302
Kam Nishpa Kili,30.66159,69.17921
Kam Ziaba,31.45052,67.86704
Kamacha,26.21178,66.37023
Kamal,28.7242,67.8576
Kamal Brahui,26.37997,63.73257
Kamal Din Baloch,25.39171,64.07067
Kamal Halq,25.9721,63.711
Kamal Kach,30.27974,67.52113
Kamal Khan,28.62706,67.86433
Kamal Khan,27.98182,66.52978
Kamal Khan,28.97003,67.78373
Kamal Khan,28.8952,67.993
Kamal Khan,29.88734,66.86514
Kamal Khan,30.35499,66.62543
Kamal Khan Habibani,28.47358,68.93839
Kamal Khan Kurd,29.23306,67.64857
Kamal Kili,30.42314,69.57708
Kamalabad,29.97295,66.49024
Kamalabad,29.37876,66.66997
Kamalu,30.10765,66.96372
Kamalzai,30.69096,67.12586
Kamar,30.58965,69.04154
Kamarod,27.47524,63.66856
Kambarani,30.15849,66.96402
Kambli,27.686,66.14886
Kambola,28.25437,66.13919
Kambran,28.78333,64.9
Kambrani,29.12227,66.47317
Kami Kili,31.50704,69.73416
Kamil,25.46075,64.66339
Kamilani,28.03968,66.37563
Kamla Khan,29.92069,69.8733
Kamran,30.76667,68.42222
Kamran Kaul,30.92731,66.8919
Kamran Kaul,30.78977,66.7939
Kamund Kili,29.31034,66.3358
Kan,28.88415,66.13939
Kan Kili,30.1512,67.95145
Kan Mehtarzai,30.73907,67.51934
Kanai,30.88586,67.16145
Kanak,27.80002,66.59687
Kanan,26.446,62.89329
Kanar,26.46231,66.35761
Kanay Zaig,26.43239,65.21004
Kanaz,25.08333,61.86667
Kand Shaip,25.24441,62.39926
Kanda,25.11667,66.8
Kanda Changal,30.46999,67.3518
Kanda Sol,25.40391,62.28851
Kandagin Chauki,26.75403,65.39267
Kandai Shabozai,30.84162,67.07464
Kandar Pir,30.12536,69.97408
Kandasol,25.38113,62.9804
Kandasol,25.40649,62.27268
Kandava,29.89368,66.8162
Kandh,28.46912,66.82455
Kandh,29.46691,69.56401
Kandh Bazar,25.36766,62.73788
Kandhar,28.58759,67.41901
Kandhar Basti,29.92853,69.57116
Kandi,28.60416,67.53507
Kandi,25.38632,63.85969
Kandi,25.97667,66.515
Kandi,28.22053,66.95112
Kandil,31.17438,67.91323
Kandil,30.60256,66.72111
Kandil Ghara,30.87521,68.94512
Kando,26.47301,63.01653
Kandor,28.62399,66.59042
Kandora,28.43712,65.51183
Kandori,28.51353,67.39494
Kandrach,25.4824,65.4583
Kandrani,28.10951,67.84538
Kandri,27.11879,65.59991
Kanero,25.48359,62.92032
Kaneti,29.67874,66.64073
Kangori Jhur,25.85585,67.01561
Kangoro,25.83642,67.00971
Kani,29.22093,64.72364
Kanian,28.7425,64.54306
Kanichi,26.15862,64.77528
Kanichi Bazar,26.14984,64.78312
Kanjar,27.08382,66.69572
Kanoji,26.86667,66.31667
Kanokai,31.60586,68.02253
Kanoki,30.37881,68.98343
Kanot Adina Basti,30.08339,69.77495
Kanpkizi,30.86282,67.17014
Kanr Adniazai,30.9059,67.81577
Kanrach Thana,26.30403,66.77281
Kanrai Kili,31.30843,69.15055
Kanraj,26.25892,66.72498
Kanro,27.02463,66.21857
Kanurabad,30.49559,68.30998
Kanvi Kili,30.37405,68.47243
Kanwi,30.15019,67.94998
Kapar Bazar,26.36568,65.30514
Kapip,31.325,69.59873
Kapip Kili,31.43965,69.78566
Kapip Tangai Kili,31.30556,69.63694
Kapkapar,25.82339,62.20701
Kaput Kum,25.85,62.07417
Kar,29.49688,65.80565
Kar Bagh,30.71302,66.45059
Kar Kandai,31.14119,70.16898
Kar Pasi,26.34022,62.35776
Kar Sultanzai,30.94033,67.6307
Karach,26.31267,65.62378
Karach,26.88837,65.44821
Karachi Jadid,28.01922,67.74603
Karai Warai,31.03681,68.57394
Karaichi,27.25308,64.78744
Karaichi,27.23575,64.77228
Karak,30.3375,66.88389
Karak,30.33484,66.90067
Karak Khal,28.16773,65.96945
Karakdal,26.99649,64.9195
Karakh,27.7363,67.17283
Karakki,25.45859,63.45627
Karam,27.6302,66.58132
Karam Dani,30.13796,69.78579
Karam Dani,30.13166,69.71628
Karam Khan,30.15528,69.72976
Karam Khan,30.34903,69.23976
Karam Khan,28.29027,67.96551
Karam Khan,30.04342,69.03721
Karam Khan,30.30397,69.89678
Karam Khan Jamali,27.98767,67.83128
Karam Khan Kaul,30.82019,66.79518
Karam Khan Khasa,28.38147,67.46232
Karam Khan Shahr,29.88683,69.2154
Karam Shah Nurani,28.19858,67.38411
Karam Shah Zai,26.52362,65.49072
Karam Shehr,29.83255,69.53009
Karani Kach,30.28264,67.43569
Karaz,31.14028,67.44749
Karazkai,31.10347,66.79036
Karbala,30.65294,66.89883
Karbori Saghrai,31.15956,68.92938
Karcha,27.68239,66.25324
Kardgap,29.73421,66.45643
Kardhari,30.21292,67.60944
Kardi Panki,30.71188,66.61839
Kardr,27.88363,66.47313
Karez,27.91959,66.75557
Karez,26.03333,62.88333
Karez,26.08333,62.55
Karez,29.63333,61.10556
Karez,31.04633,67.7713
Karez,27.6727,66.2009
Karez,27.78431,66.65283
Karez,31.04495,66.91109
Karez,25.87222,63.48889
Karez Amanullah,29.72111,66.80358
Karez Atta Muhammad,30.22699,66.97066
Karez Haji Dadullah,30.66333,67.35353
Karez Hasan Pir,27.01492,66.22983
Karez Kadi Kili,29.81379,66.78668
Karez Kambrani Chhati,29.03275,66.42333
Karez Kili,31.1084,67.10376
Karez Noth,29.82064,66.80008
Karez Pamba,29.83301,66.80091
Karez Qasimzai,30.81928,67.27391
Karez Rasul Bakhsh,29.36475,61.44023
Karez Shamzai,29.14673,66.28852
Karez Sor,29.81783,66.81851
Karez Sultan Muhammad,30.33325,68.72604
Karez Viala,30.44191,68.91414
Karez-i-Sultan,29.8558,66.76721
Karezat,30.63668,67.23704
Karezgai,31.29167,67.03561
Karezgai,31.03572,67.44383
Karezgai,31.07588,66.7991
Karezgai,30.98365,66.69215
Karezgi,30.81774,67.72761
Karezgi,30.58778,67.59917
Karga,31.12929,66.93614
Kargah,30.86167,67.97444
Kargah Khan,30.81767,66.93147
Kargari,25.4725,64.2675
Kargi,27.13811,65.58738
Kargoshki,25.16472,61.88972
Karh,27.9983,66.611
Kari,29.81856,66.81927
Karia Pir,26.23419,66.32687
Kariai,31.47342,69.94038
Karigar Bhaint,28.97115,65.84816
Karim Bakhsh,30.43597,66.3548
Karim Bakhsh,27.76852,66.47138
Karim Bakhsh,28.025,67.96667
Karim Bakhsh,29.98784,67.09282
Karim Bakhsh,29.77794,67.01071
Karim Bakhsh,27.51172,65.34793
Karim Bakhsh,26.71127,65.70463
Karim Bakhsh,28.24124,66.48992
Karim Bakhsh,28.4537,68.77655
Karim Bakhsh,25.42765,62.02125
Karim Bakhsh,26.44049,64.56145
Karim Bakhsh,27.5657,66.4735
Karim Bakhsh,26.43865,65.36876
Karim Bakhsh,25.36257,62.4283
Karim Bakhsh,25.37849,63.78784
Karim Bakhsh,27.51065,66.44199
Karim Bakhsh Bazar,26.23628,64.84164
Karim Bakhsh Kili,29.20962,64.21437
Karim Bakhsh Marri,28.35583,68.22293
Karim Bakhsh Nambardi,30.29208,69.78353
Karim Dad,25.45511,62.80342
Karim Dad Bazar,26.10524,63.05916
Karim Dad Kili,30.00968,66.96668
Karim Dad Kili,29.8119,66.2477
Karim Jan Bazar,26.24143,64.71852
Karim Jan Kili,31.93318,69.44945
Karim Kach,31.55142,69.90495
Karim Kach,31.06603,69.19169
Karim Khan,30.91374,66.77706
Karim Khan Sasoli,28.96035,65.59461
Karim Kili,31.64887,69.55717
Karimdad,30.72778,68.15833
Karimdad,27.4889,66.1884
Karimdad Kili,29.84628,69.01412
Karimdadzai,27.6455,66.26738
Karimzai,30.38927,66.6352
Karimzai Kach,31.0424,68.59083
Karir,31.05638,70.06812
Karitasabad,28.02393,67.7317
Kark,27.75192,63.09441
Karkak,25.76929,62.38251
Karkana,30.8357,70.24022
Karkana Sham,30.86832,70.25432
Karkani,30.36631,69.93635
Karkarain Sar,31.04602,66.65169
Karkdan Bazar,25.46361,63.15895
Karki,29.43615,66.56176
Karki,27.48019,66.15569
Karki,26.25793,64.98358
Karki,26.01768,63.69213
Karki Bent,25.79972,64.89306
Karkiabdar,26.01528,63.17139
Karkun Kili,30.21351,68.99068
Karm,30.64523,66.42841
Karmachi Kili,31.67612,69.66931
Karmali Thal,29.96691,69.85685
Karna,31.09458,69.97046
Karnongi,30.11813,67.88308
Karo Goth,25.79558,67.30244
Karo Goth,25.77059,67.33428
Karoba,30.79967,70.15615
Karochi Tangi,25.83806,63.76694
Karond,28.87767,64.54723
Karongi Kili,30.12123,67.84069
Karori,30.82973,67.15919
Karori,30.78047,67.09983
Karpai,30.14533,68.32604
Karpasi Goth,26.32137,62.34511
Karsani,27.13602,66.22177
Karuchi,26.48632,63.0693
Karuchi Bazar,26.46255,62.52243
Karuzk,31.11263,66.77884
Karwah,29.99926,69.61292
Karwan Narain,31.18999,70.11569
Karwan Tlerai,31.01703,67.03015
Karwanda,30.42443,67.00733
Karwara,30.78222,66.75139
Kas Tangai Kili,30.71701,69.16019
Kasag,31.30554,69.92191
Kasag,28.42627,65.47273
Kasai,30.88442,67.40295
Kasai,30.83592,67.53926
Kasai,30.91617,67.57518
Kasai Jawrat Shamozai,31.15189,69.99147
Kasan Chur Bazar,26.42416,62.5658
Kasar,25.7826,62.70414
Kash,27.81944,66.4
Kash,29.0233,63.53991
Kash,29.73106,67.75991
Kash Khula Kili,31.10885,68.07441
Kasha,31.41428,68.96501
Kasha Kili,31.15292,68.97967
Kashab Bazar,25.90681,62.20008
Kashan Bazar,26.56361,62.75693
Kashatoo,31.47273,68.22227
Kashi,28.07084,66.82374
Kashi,26.48937,62.75178
Kashkai,30.53281,68.96982
Kashkai Kili,30.59595,69.19522
Kashmi,28.46852,66.81992
Kashmir,29.03301,67.94725
Kashmir,28.52261,65.40442
Kashmir Colony,30.25508,67.02085
Kashmir Kahul,31.24703,69.65696
Kashmir Kot,28.29564,68.26615
Kashne Zalam Kili,31.10712,68.93761
Kashto,29.04514,66.95698
Kasi,30.19006,67.01433
Kasiabad,30.07377,66.94507
Kasinag,25.84589,63.41726
Kaskai Hassan Khel,31.15,69.87694
Kasmani,30.06592,69.90254
Kasora,31.00909,67.59618
Kasozai,31.19028,69.42894
Kasui Bazar,26.53974,62.91046
Kata Bagh,30.52444,66.7779
Katab Gis,29.33795,64.15587
Katagari Bazar,26.75342,64.02851
Katak Garani,26.8071,63.27441
Katawal,25.47413,63.0419
Katho Dasht,27.5641,66.55077
Kathor,25.37741,66.68175
Kathrach,26.41538,67.22294
Katkai,30.96834,67.3412
Katke Kalāt,28.3948,65.2693
Katohal,28.91526,67.50057
Katohar,28.94846,67.67916
Katorai Kili,31.17662,68.00262
Katori,31.2199,67.80187
Katpar Sharif,29.06083,68.19511
Kats,30.65915,68.08782
Katsa Kili,31.03418,67.86697
Katsai Kili,31.46521,69.78692
Kattik,28.40055,65.26571
Kattozai,30.51855,66.82215
Katwi Camp,30.37181,68.52007
Katwi Kili,30.36135,68.49477
Kauar,30.33063,68.54663
Kaucha,29.08239,67.5085
Kaudinge,30.70841,68.3296
Kaun Pushte,27.92533,62.94742
Kaur,25.8951,65.56237
Kaur Fateh,28.0625,63.2932
Kaur-i-Pusht Bazar,26.30144,63.15161
Kauri,29.17446,67.66545
Kaurkukh,27.36229,63.69468
Kauro Khad,27.00975,64.94282
Kauro Khan,26.76246,65.71051
Kawai Kili,31.35561,69.01604
Kawas Gharbi,30.47024,67.57536
Kawas Sharqi,30.46871,67.58917
Kaz Chah,25.38611,63.86389
Kaza,30.35851,69.68042
Kaza Kach,31.16598,67.46405
Kaza Mirzai,30.79204,68.14586
Kazabain,30.79422,67.58232
Kazabian Kili,30.65642,68.03718
Kazha,31.05983,66.88114
Kazha,31.02727,69.95997
Kazha,30.34823,68.1087
Kazha,30.33948,67.97195
Kazha Bain,30.79802,67.1938
Kazha China,30.78806,66.77972
Kazha Kach,30.99009,67.78691
Kazha Kala,29.98509,68.08945
Kazha Kili,31.0302,69.10928
Kazha Viala,30.79696,67.29201
Kazhabal Tsah,31.12254,69.28998
Kazhaghara Kili,31.04175,69.32414
Kazhbun,30.98085,69.09174
Kazhra,30.38431,69.9423
Kazini,29.28768,66.65082
Kech,26.17119,63.01785
Kechan,26.28693,66.32214
Kechari,28.08041,66.84458
Kechi,29.78363,67.01245
Kechi Beg,30.1356,66.97367
Kechi Chah,27.72861,63.20528
Kechi Kalat,29.21875,69.27087
Kechi Khan,28.59712,68.37416
Kechri,27.37477,67.08401
Kehkani,29.95281,69.6486
Kehrin,25.81241,62.24039
Kelgiani Jonp,26.34137,62.26811
Kelu Qila Ali Khel,30.69404,68.74192
Kenchi,26.26428,65.53108
Kerardor Khan,28.04512,66.31735
Keri,27.07364,65.55222
Kerki Dhal,27.00261,64.92229
Kerlabad,30.60926,67.01009
Keshak,26.04843,63.20531
Keshatu,31.56794,67.95784
Ketal Levy Post,30.37347,67.81164
Ketran,29.82152,67.00943
Kewa,30.64391,68.93577
Kezha Kili,31.17723,69.91031
Kha Khori,28.02919,67.07508
Khabarzai,28.07791,66.48403
Khabbri,27.12686,66.63346
Khabri Levy Post,26.53143,66.85276
Khabri Mas,27.48914,66.54053
Khachi,30.77287,67.24713
Khad Jam,28.43245,66.77597
Khad Kili,27.49175,64.13379
Khad Koocha,29.66853,66.77962
Khad Kucha,27.23176,65.66327
Khadai,29.4638,67.1841
Khadai,26.08838,66.4217
Khadakzo Zrandah,31.1135,66.78725
Khadali,30.36676,68.20567
Khadam Khan Jhakrani,28.40607,68.22895
Khadan Khak,30.75236,67.71133
Khadar,31.10683,67.00974
Khadar China Kili,30.82435,69.20517
Khadar Zai Kili,31.46167,69.73361
Khadarzai Kili,31.46194,69.73345
Khadarzai Kili,31.095,69.42194
Khadarzai Kili,31.46544,69.73086
Khadarzal,30.38708,66.98031
Khadd-e-Hotel Mir,26.09286,64.27607
Khadim Kharotri,30.11835,69.0015
Khadni,27.47355,66.65239
Khadozai Kili,31.12358,69.49107
Khadrani,30.06606,67.95224
Khaduzai Kili,31.06067,69.84445
Khai,28.32846,67.23162
Khair,27.897,66.45571
Khair Abad,28.92734,63.63382
Khair Bakhsh,28.0227,66.44695
Khair Bakhsh Brahui,28.3065,68.04559
Khair Bakhsh Bugti,29.86257,69.77997
Khair Bakhsh Saltili,28.02833,66.38937
Khair Bukhsh Bazar,26.90248,64.78243
Khair Muhammad,26.32287,66.7402
Khair Muhammad,26.21791,66.06564
Khair Muhammad Bazar,26.06529,64.1562
Khair Muhammad Bazar,26.90481,64.20873
Khair Muhammad Gis,29.3408,64.21577
Khair Muhammad Masori,29.83335,69.78244
Khair Muhammad Takri,28.0076,66.32196
Khair Ābād,28.1827,67.9578
Khaira,30.19771,69.73045
Khaira Duni,27.55131,65.57582
Khairabad,30.15372,66.99603
Khairabad,26.07313,62.66476
Khairabad,30.68433,67.06249
Khairabad Kili,30.35513,66.67753
Khairawa,27.7786,66.66057
Khairo,26.6076,65.53262
Khairo Basti,29.80157,69.37113
Khairo Khan Jamali,28.26759,68.04405
Khairpur,28.18324,67.95812
Khairpur,28.24028,67.94861
Khairpur,28.01549,67.87331
Khairu,28.09444,66.13333
Khairuddin Tangi,30.77194,67.53364
Khairwah,29.16236,68.07725
Khaizi,30.2353,66.95523
Khaji,30.8832,70.11625
Khajir Kili,31.21949,67.47443
Khajjak,29.60034,67.98706
Khajuri,29.74571,67.32832
Khajuri,30.49019,69.70219
Khakan Shah,28.26248,68.14029
Khakhoi,28.52518,66.69077
Khakiabad,30.12583,66.32944
Khala Shahr,30.01084,68.63899
Khalasa,28.45894,68.75629
Khaleghai,29.49548,66.6616
Khalera,29.43118,69.50286
Khalghai Jhal,28.80759,66.2537
Khalghati,29.24783,66.24865
Khali,30.15459,66.95067
Khalia Abad,28.37294,66.27152
Khalia Abad,28.36307,66.27248
Khalid Jan Halq,26.86564,63.88665
Khalidabad,27.07857,65.53381
Khalifa Muhammad Nur,30.81295,68.29241
Khalil,31.06527,66.98735
Khalil China,30.22446,68.99153
Khalil Kach,30.68967,67.74405
Khalil Kahol,31.08048,66.76246
Khalil Mill,31.05829,67.00778
Khalilabad,30.2703,69.08301
Khalilah,30.98312,67.41304
Khalili,28.85088,66.19446
Khaliqabad,29.41815,66.57758
Khaliqabad,27.69978,66.28309
Khaliqabad Goghat,28.24136,67.36997
Khaliqdad Kili,30.91116,66.41245
Khaliqdad Sheikh Khurda,28.98651,65.66976
Khalkhati,29.199,64.6774
Khalozai,30.19469,66.79003
Khalq Haji Wahid Bakhsh,30.0788,66.95766
Khalqabad Raisani,28.42434,67.88738
Khalu Jan,30.81042,69.50338
Khamani,30.07464,69.82812
Khamat,30.62029,66.70636
Khamazor Chanlai,31.38005,70.14367
Khamu Tlerai,30.75776,67.52944
Khan Alam Khanan,30.88785,66.87273
Khan Alam Kili,31.33205,69.65447
Khan Jahah Bagh,30.83444,66.85311
Khan Jahan,30.95312,67.30611
Khan Jan,26.3974,65.66667
Khan Kalag,26.44162,62.79441
Khan Kili,30.20293,67.71061
Khan Madad Khan,28.79914,64.52593
Khan Masit,29.97185,67.19314
Khan Muhammad,30.13895,68.62443
Khan Muhammad,28.19348,66.18618
Khan Muhammad,29.94815,69.25621
Khan Muhammad,28.01284,67.95261
Khan Muhammad Brahui,28.42903,68.1873
Khan Muhammad Kili,28.474,65.4518
Khan Muhammad Kot,30.64685,69.92598
Khan Muhammad Lehri,28.96942,67.64346
Khan Wah,28.86499,67.94419
Khan Wah,28.30032,67.46573
Khan Zai,30.42919,66.55572
Khana,30.40951,68.91035
Khana Murgha,31.1829,67.78638
Khanaai Kili,31.5496,69.71683
Khanai,30.49702,67.12483
Khanai Kili,31.09486,68.05655
Khanak Mina,31.00475,70.12467
Khanan,30.52478,66.70143
Khanan Ka Shahr,30.11248,69.65008
Khand,27.82464,66.60346
Khand Mas Kili,27.52029,66.51386
Khande Lado Kili,30.16016,69.10174
Khandhri,27.53751,66.17121
Khandozai,27.64068,66.21867
Khanezai,30.20215,66.79324
Khangarh,29.39195,67.62326
Khangi,30.01081,68.95336
Khani,30.54778,69.05488
Khani China,30.95998,69.76618
Khanjan Sinjrani,29.22412,64.67475
Khankai,31.4733,69.79707
Khankai,30.86861,68.03577
Khankiza,31.4229,69.72362
Khano China,31.49754,67.90589
Khanozai,30.40512,66.54604
Khanozai,30.62484,67.32582
Khanozai,30.43804,66.64741
Khanpur,28.14951,68.06187
Khanpur,28.46667,68.68333
Khanpur Jamali,28.22189,68.11657
Khanu Goth,25.66695,66.70041
Khanun,28.43533,67.61035
Khanwah,28.60177,67.64435
Khanwal,29.56091,67.87789
Khanzada Abdul Samad Talab,30.86436,67.97906
Khanzai,30.91362,66.94597
Khanzai,30.93784,66.86724
Khanzai,28.88758,66.3779
Khanzai Kili,31.26009,69.52962
Khaprezai Kili,30.20238,67.66975
Khaprezai Tarin,30.19346,67.66944
Khar,31.13357,70.19333
Khar Kachho,26.11449,66.25835
Khar Khera,25.46362,66.67555
Khar Lahar,30.5249,69.68831
Khar Tanga Kili,31.51644,69.45685
Khara,31.15496,66.82055
Khara Shang,30.18713,68.34969
Kharaba,30.76639,67.86306
Kharag,29.34453,69.62511
Kharai Dabbar,30.48142,69.55946
Kharama Kili,31.51554,69.8025
Kharan,28.58459,65.41501
Kharara Tezhi Coy L Ors,30.72297,67.99906
Kharat Kili,31.14404,69.97397
Kharawaia Kili,31.38712,69.57122
Khargoshi,27.59106,65.92051
Khari,28.58854,67.35833
Kharlat Kili,31.25672,69.19285
Kharma,27.25145,66.28869
Kharma Chakul,27.2515,66.2886
Kharnoz,31.26656,70.16432
Kharo,27.67104,66.79111
Kharo Pasha,31.18148,69.95045
Kharoti Kili,30.55625,69.0957
Kharoti Rahim Khel Kili,31.76643,69.51841
Kharsangan,30.70446,69.31273
Kharwandai Kili,31.42849,69.54499
Kharwandal Kili,31.42118,69.56315
Kharzan,28.05318,67.12883
Kharzun,31.04385,67.81564
Khaskheli,28.4212,67.483
Khaskheli,28.27826,67.39112
Khaskheli Lunda,28.41074,67.47591
Khasmai,28.18824,66.3603
Khasorgi,30.14963,67.83032
Khast,30.83896,67.5062
Khasunka,30.98588,67.12564
Khasunkai,30.99373,67.11981
Khat,27.90603,66.47328
Khatak Kili,31.92869,69.42377
Khatan Goth,28.53785,68.95266
Khate Kili,30.03862,69.16072
Khathur,28.16208,67.39807
Khati,28.45321,66.87445
Khati,29.20464,66.16966
Khatkandi,30.80698,67.42909
Khatkandi,30.7536,67.06268
Khaton Bālīna,29.1504,67.6952
Khaton Zarina,29.13768,67.69735
Khatonki,28.72351,66.59811
Khatran Kili,30.10481,69.03292
Khatta Chauki,30.03692,69.80327
Khattan,29.15058,67.69648
Khatzai,29.39356,66.60747
Khawaja Aghbargai Kili,31.28827,69.25457
Khawaja Khet Nusrat-ul-Ulum,31.73109,69.73995
Khawaja Khora Kili,31.55067,69.44233
Khawaja Soori,30.96738,66.97159
Khawaja Wai,31.37525,69.9185
Khawajakai Melan,31.12636,68.67238
Khawajazai,30.94853,66.96009
Khawajazor,30.71766,67.35769
Khawakuna,31.16087,69.94718
Khawarai Kili,31.3881,68.75542
Khawarz Kili,31.15189,69.86179
Khawasti Baloch,26.64037,66.35314
Khawasti Baloch,26.66543,66.29818
Khawazai Karez,31.08998,69.15531
Khawazai Kili,31.09962,69.15721
Khawazgai Kili,31.11779,67.00249
Khawazha China,31.75282,69.7797
Khawazha Kili,31.61216,69.68901
Khazahezay,30.65619,68.35362
Khazbai,31.38853,70.22834
Khazho Bai,31.13956,69.97395
Khazina,30.90052,67.73816
Khazina,27.00606,66.40281
Khazmi,28.37186,66.87405
Khearu Kili,30.8404,66.44328
Kheaza Kili,31.12315,69.82666
Khelewat Kili,31.08265,69.80796
Kheper,28.69536,66.68251
Khera,30.14708,69.66345
Khera Mas Kili,27.50947,66.51229
Kherawa,27.74144,66.81309
Khery Dori Kili,27.72824,66.65328
Khezai,30.58689,67.89194
Khezai,30.6389,68.12937
Khezai,30.83439,67.04025
Khia,28.96132,68.25922
Khiazai,28.14191,66.25791
Khidar Dad Wani,30.14296,69.71686
Khidi,26.07498,66.3538
Khidrani,27.99305,66.55406
Khilji Colony,30.14093,66.99316
Khilji Colony,30.21849,66.97282
Khilwatzai,31.16389,69.395
Khinjhani,28.59894,67.42517
Khirni,28.3046,66.85845
Khisun Dastari,27.1686,66.2597
Khisun Dun,28.70995,66.37697
Khizan Kili,31.75919,68.45597
Khizarrah,30.87258,67.38038
Khizr Ka Loh,30.11835,69.62674
Khojakzai Kili,31.54525,69.52396
Khokhar,28.81916,67.68243
Khokhar Bangulzai,29.14435,67.82651
Khokhar Lahri,29.1406,67.86512
Kholigabad,28.37548,66.21235
Khona Basti,29.9186,69.60827
Khondi,28.13615,66.56264
Khor,28.32748,67.83472
Khoracho,28.21598,66.43298
Khoraniah,31.40573,69.87131
Khori,27.73138,66.94452
Khoro,26.72869,65.70238
Khorpai Kili,31.59653,69.77775
Khorzan Kili,31.56444,69.728
Khosa,29.2105,67.71273
Khosai,30.5697,67.29493
Khosai,30.75464,67.38853
Khosai,30.90162,67.32599
Khosang Kili,31.16381,68.9398
Khosati Goth,25.10423,66.99635
Khoshkawa,30.58891,69.18479
Khosro,28.0334,67.14197
Khost,30.21533,67.58905
Khowasti,26.38654,66.70749
Khoza Khurramzai,30.96798,69.26147
Khrotabad,30.25626,66.9752
Khrotabad,30.22403,66.9647
Khu,29.55052,68.14697
Khud Haji Hazur Bakhsh,28.62222,65.58131
Khud Kili,30.10298,66.9758
Khuda Badan,27.01349,64.09085
Khuda Bakhsh,28.3114,67.4866
Khuda Bakhsh,26.738,64.0195
Khuda Bakhsh,26.28354,65.57568
Khuda Bakhsh,27.45648,65.91395
Khuda Bakhsh,26.27158,65.55398
Khuda Bakhsh Bagh,26.19714,64.47632
Khuda Bakhsh Bangwi,28.12307,66.49003
Khuda Bakhsh Bazar,25.48259,63.16142
Khuda Bakhsh Bazar,26.27144,64.91786
Khuda Bakhsh Bhahui,28.2416,67.98762
Khuda Bakhsh Chat,26.16278,62.05474
Khuda Bakhsh Ghis,27.33649,62.83911
Khuda Bakhsh Ghis,27.29652,63.09179
Khuda Bakhsh Habibani,28.46696,68.9172
Khuda Bakhsh Khaskhili,25.28419,66.73442
Khuda Bakhsh Shawal,28.12167,66.49586
Khuda Bakhsh Umrani,28.53781,68.36644
Khuda Band,25.2827,62.44267
Khuda Bukhsh,26.56458,65.91659
Khuda Bukhsh Kili,27.52006,66.53115
Khuda Bukhsh Meraji,26.37164,66.72024
Khuda Dad,28.33587,64.48031
Khuda Nazir Khan,29.22668,63.58409
Khuda Ram Jhugi,28.56512,64.07564
Khuda-I-Nur,30.60518,67.0072
Khuda-e-Nazai,31.58038,68.59387
Khuda-i-Rahim,29.06268,63.89058
Khuda-i-abad,29.36095,64.6462
Khudaabad,28.19361,66.03804
Khudabadan,26.98948,64.08591
Khudabadan Colony,26.99778,64.08383
Khudadad,29.13267,67.78489
Khudadad,28.92042,66.16012
Khudadad,28.44331,68.62853
Khudadad,30.95854,66.83479
Khudadad,25.95849,63.96744
Khudadad,29.85787,67.02307
Khudadad,26.39308,64.11252
Khudadad Bazar,26.01239,64.09057
Khudadad Bazar,25.33167,62.41677
Khudadad Bazar,26.0445,64.07802
Khudadad Bazar,25.31113,62.25165
Khudadad Gis,29.33788,64.07492
Khudadad Kili,30.8291,66.49464
Khudadad Shahr,29.89404,69.22535
Khudadad Shahr,29.11297,67.6032
Khudadadzai,30.62187,66.89819
Khudai Imam Bakhsh,28.80111,66.80841
Khudaidad,31.00976,66.95729
Khudam,28.80501,65.02843
Khudar,30.32685,69.22932
Khudd Hakimdao,29.16023,66.23479
Khudda Bakhsh Kili,29.98947,66.98341
Khudda Sar Khanzai,30.75281,67.13431
Khuddi,29.17827,66.73709
Khuddi,29.16619,66.73251
Khuddi Abaidullah,28.84733,66.83186
Khuddi Abdul Majid,28.77348,66.76334
Khuddi Abdul Rahim,28.86576,66.84827
Khuddi Abdur Rehman,28.87364,66.84819
Khuddi Ali Hassan,28.94692,66.78602
Khuddi Ali Murad,28.95122,66.78553
Khuddi Allah Bachayo,28.90924,66.8705
Khuddi Allah Bakhsh,28.93182,66.81089
Khuddi Atta Muhammad,28.76657,66.81681
Khuddi Bahawal Khan,28.76084,66.8346
Khuddi Buchi,28.95072,66.82102
Khuddi Buland Khan,28.7873,66.6207
Khuddi Dil Murad,28.75629,66.76617
Khuddi Fateh Muhammad,28.76226,66.82539
Khuddi Fateh Muhammad,28.7796,66.6219
Khuddi Gamar Khan,28.7741,66.6041
Khuddi Gawaiko,28.97768,66.83228
Khuddi Gishi,28.94915,66.78332
Khuddi Gul Sher,28.93195,66.77561
Khuddi Haji,29.12467,66.13785
Khuddi Haji Mittha Khan,28.79003,66.84096
Khuddi Haji Nokar,29.26753,66.33207
Khuddi Hazur Bakhsh,28.78619,66.79997
Khuddi Jahangir,28.92411,66.7647
Khuddi Jan Muhammad,28.7818,66.6158
Khuddi Jangi Khan,28.70833,66.09028
Khuddi Jaurak,29.23257,66.1967
Khuddi Khuda Bakhsh,28.84441,66.83222
Khuddi Lal Khan,28.75508,66.83203
Khuddi Lal Muhammad,28.95535,66.80199
Khuddi Mangi Khan,28.77517,66.8301
Khuddi Mir Khan,28.7749,66.6162
Khuddi Mir Majid,28.88737,66.78724
Khuddi Mir Muhammad Khan,28.82325,66.81443
Khuddi Mirullah,28.9659,66.82545
Khuddi Modgi,28.97676,66.79729
Khuddi Muhabbat,28.94486,66.78848
Khuddi Muhammad,28.95187,66.79932
Khuddi Muhammad Hasham,28.78408,66.83793
Khuddi Muhammad Khan,28.76633,66.83761
Khuddi Muhammad Rahim,28.94323,66.78278
Khuddi Muhammad Ramzan,28.7705,66.81632
Khuddi Murad,28.90483,66.78274
Khuddi Naukar Khan,28.77865,66.8007
Khuddi Pin,28.96478,66.83493
Khuddi Pir Bakhsh,29.18267,66.22514
Khuddi Pir Bakhsh,28.78279,66.82355
Khuddi Pri,28.96193,66.822
Khuddi Qadir Bakhsh,28.80063,66.78047
Khuddi Rasul Bakhsh,28.94726,66.8507
Khuddi Rasul Bakhsh,28.92851,66.76575
Khuddi Rasul Bakhsh,28.8516,66.85027
Khuddi Saeed Khan,28.9324,66.77084
Khuddi Shafi Muhammad Pindrani,28.79326,66.83185
Khuddi Shah Muhammad,28.93643,66.82031
Khuddi Wadera Muhammad Bakhsh Pandrani,28.75839,66.79325
Khudezai,31.18297,69.95834
Khudezai,31.20193,69.90396
Khudi Haji Nokar,29.26027,66.35907
Khudo Bakhsh Bazar,25.32481,62.43206
Khudrani,28.34643,66.08396
Khukan,28.2762,66.09845
Khukjo,28.12288,66.09926
Khulgai,30.83187,67.665
Khulgai Ali Khel,30.67757,68.67365
Khulgai Kili,31.02195,69.07066
Khulgi,30.38474,69.60788
Khumb,27.92345,66.79135
Khundai,30.11391,67.8527
Khundai Kili,31.10742,69.93118
Khuni,29.52308,66.54242
Khuni Burj,31.66722,69.55861
Khuni Parao,29.92238,67.08966
Khuni Talab,30.13054,66.77349
Khunzai,30.33745,68.18746
Khuranai,31.02962,69.43008
Khuranko,31.48246,67.75895
Khurasani,29.41928,66.50763
Khurd Manara,30.41193,68.4258
Khurgi,30.58333,66.51667
Khuri,27.65573,66.19747
Khuri,27.68702,66.8078
Khuri,30.01963,69.94339
Khurli,28.98392,65.87088
Khurmastan,27.62263,66.14962
Khurmastan,27.63763,66.1456
Khurramzai Kili,30.93502,69.2458
Khusa,30.52423,67.52718
Khusa Kurram,30.34657,69.89648
Khusan,31.19051,67.90292
Khusan,30.87629,67.92792
Khusan Gat,30.60186,67.54214
Khusanna,31.19628,67.44867
Khush,29.91716,66.85143
Khush Band,31.56198,69.63929
Khushab,25.93746,61.87334
Khushdil,31.02025,67.83447
Khushdil,25.47471,62.93845
Khushdil Khan,30.69707,67.11449
Khushhal Kaul,30.79179,66.77977
Khushhali Bank Basti,28.43771,66.72444
Khushkabad,26.11107,62.48868
Khushnob,30.84189,68.4315
Khusia,30.68796,67.53987
Khute,30.81754,67.4411
Khutkandai,31.02145,67.77235
Khutkandai,31.24014,67.99843
Khuz Obash Takai,30.9881,67.16644
Khuzdar,27.81193,66.61096
Khwai Muhammad,31.11603,67.9959
Khwaja Amran,30.80016,67.96553
Khwaja Bari Kili,31.28849,69.21024
Khwaja Ibrahim,29.84302,66.85754
Khwaja Khair,29.77997,66.81505
Khwaja Maddud,30.97494,67.10035
Khwaju,29.80578,69.4263
Khwandai,31.14104,69.91224
Khwara Kili,31.27334,69.90494
Khwarai,31.34996,70.06806
Khwargai,30.62669,66.46608
Khwasam,29.80478,66.86459
Khwat Kwaram,31.28111,70.07595
Khwaza,31.19161,67.41629
Khwazhobai,31.48475,68.51495
Kiazai,28.18085,66.05591
Kichiari,30.03702,68.05675
Kichui,27.58854,65.89557
Kih Khudo Raham,28.02562,65.49632
Kiki Tharo,30.57908,66.9874
Kikken,26.05893,63.30529
Kikki,25.70814,62.59913
Kilarkot,29.07401,68.0122
Kili,31.82672,69.6378
Kili,31.10487,68.76119
Kili Ababki,29.64683,66.39993
Kili Ababki,29.64137,66.40192
Kili Abd-ur-Razzaq,31.12131,66.9335
Kili Abddul Hai,27.39406,66.29558
Kili Abdul,30.04003,67.12913
Kili Abdul Ahmed Khan,29.38305,64.67114
Kili Abdul Ali,30.83192,68.09349
Kili Abdul Asa,31.04364,66.96917
Kili Abdul Aziz,27.40108,66.33685
Kili Abdul Aziz,27.46277,65.48388
Kili Abdul Ghafur,28.74777,65.38775
Kili Abdul Ghani,30.80976,66.70309
Kili Abdul Ghani,28.33818,64.39469
Kili Abdul Ghani,30.15863,66.52495
Kili Abdul Ghani,29.64404,66.24216
Kili Abdul Ghani,27.66088,65.07873
Kili Abdul Hakiin,28.82785,64.99595
Kili Abdul Hakim,27.16596,66.23729
Kili Abdul Hakim,29.09036,64.32428
Kili Abdul Hakim,27.40283,66.35429
Kili Abdul Hakim,30.63392,67.5675
Kili Abdul Haq,27.80916,66.12818
Kili Abdul Haq,31.58843,68.16993
Kili Abdul Haq,28.5826,65.2771
Kili Abdul Karim,27.44712,66.38321
Kili Abdul Karim,29.15372,64.67778
Kili Abdul Karim,29.2898,65.74743
Kili Abdul Karim,27.3755,66.32769
Kili Abdul Karim,28.51639,65.43103
Kili Abdul Karim,28.61581,64.15845
Kili Abdul Karim,27.23748,66.29301
Kili Abdul Karim,30.91913,66.53749
Kili Abdul Karim,27.30874,66.49668
Kili Abdul Karim,28.05757,66.19592
Kili Abdul Karim,29.52549,65.48844
Kili Abdul Karim Notizai,28.93362,63.74787
Kili Abdul Khaliq,28.91015,64.86026
Kili Abdul Khaliq,27.71149,64.52183
Kili Abdul Khaliq Nurzai,30.25831,66.89965
Kili Abdul Majid,28.43695,64.86509
Kili Abdul Majid,29.80726,66.67599
Kili Abdul Majid,29.38476,66.68755
Kili Abdul Majid,29.44692,66.18812
Kili Abdul Majid,27.31473,66.48941
Kili Abdul Majid,29.61957,66.38405
Kili Abdul Majid,28.34256,64.45693
Kili Abdul Mali,30.18072,67.43282
Kili Abdul Nabi,28.55954,64.787
Kili Abdul Nabi,28.56281,66.12708
Kili Abdul Nabi,29.00251,64.40266
Kili Abdul Qayum,29.16284,64.70797
Kili Abdul Qayum,28.92999,64.98315
Kili Abdul Qayyum,30.51408,66.501
Kili Abdul Rab,27.88183,65.97937
Kili Abdul Rahim,27.10347,66.6497
Kili Abdul Rahim,29.73357,66.18285
Kili Abdul Rahim,30.93816,66.51445
Kili Abdul Rahim Mengal,27.28957,66.45435
Kili Abdul Rashid,31.24452,66.87513
Kili Abdul Rashid,29.68935,65.66164
Kili Abdul Razzaq,28.58082,65.46094
Kili Abdul Razzaq,28.465,64.87354
Kili Abdul Rehman,27.33272,66.31366
Kili Abdul Rehman,27.93281,65.80687
Kili Abdul Rehman,28.45764,64.86697
Kili Abdul Rehman,29.23235,63.38522
Kili Abdul Rehman Muhammad Hassani,30.10636,66.9454
Kili Abdul Rehrhan,28.89463,64.92455
Kili Abdul Salam,28.43966,64.86224
Kili Abdul Salam,30.32746,66.92368
Kili Abdul Samad,30.74894,67.63218
Kili Abdul Samad,27.9213,65.86477
Kili Abdul Samad,27.98616,65.79147
Kili Abdul Samod,28.88962,64.95677
Kili Abdul Sattar,30.78332,68.61717
Kili Abdul Sattar,29.54836,65.73308
Kili Abdul Wahab,30.54178,66.96126
Kili Abdul Wahab,27.37568,66.2868
Kili Abdul Wahid,29.38366,66.56777
Kili Abdul Wahid,27.4412,66.52426
Kili Abdul Wahid,31.23168,66.90384
Kili Abdul Wahid Loop,27.96222,65.94529
Kili Abdullah,29.63344,67.69133
Kili Abdullah,31.03209,67.1482
Kili Abdullah Khan,31.23972,66.95704
Kili Abdullah Khan,28.6649,66.31659
Kili Abdullah Khani,30.32917,66.92417
Kili Abdulmanan,30.35524,68.57532
Kili Abdur Rahim,28.83476,63.9938
Kili Abdur Rahman,28.83342,64.58078
Kili Abdur Rahman,29.2122,65.69852
Kili Abdur Rahman Dafadar,29.2981,64.31335
Kili Abdur Rasul,28.75732,66.60365
Kili Abdur Razzaq,29.16802,64.67566
Kili Abdur Rehman,29.43695,69.5541
Kili Abdur Rehman,28.7476,65.6843
Kili Abid,30.98565,66.67159
Kili Abro,29.57415,67.81932
Kili Achari Lop,28.8241,65.44424
Kili Adam Khan,27.41309,65.46881
Kili Adam Zai,28.62959,66.14956
Kili Ado,30.82605,67.34295
Kili Afzal Khan,29.82094,66.67892
Kili Agha Muhammad,29.58881,65.5524
Kili Agha Muhammad,30.57767,66.97047
Kili Aghbargai,30.48217,68.01623
Kili Aghbergai,30.62697,67.49558
Kili Ahmad Din,29.38467,64.0021
Kili Ahmad Khan,29.56592,67.87745
Kili Ahmad Khan,27.29635,66.30371
Kili Ahmad Khan,28.9075,63.58095
Kili Ahmad Khan,29.01675,65.75383
Kili Ahmed Nadr,28.43093,66.18571
Kili Ahmedabad,28.43705,66.19396
Kili Ailti,29.83169,66.56613
Kili Ajab Khan,28.89737,64.91703
Kili Akbar,30.60941,66.31246
Kili Akbar,28.22802,66.39081
Kili Akbar Khan,30.38303,66.42818
Kili Akhtar Jan,28.84245,63.84616
Kili Akhtargai,31.25106,68.87701
Kili Akra,28.09451,66.80803
Kili Akram Khan,30.02544,66.96641
Kili Al Murad,30.23889,66.97279
Kili Alam Khan,30.23131,66.98864
Kili Alam Khan,30.592,66.4022
Kili Alam Khan,27.18633,66.28726
Kili Alam Khan,30.19176,67.4156
Kili Alam Khan,28.5501,65.18288
Kili Alamabad,27.45113,65.47383
Kili Ali Baig,29.21632,64.69195
Kili Ali Bakhsh,28.7019,65.44185
Kili Ali Bakhsh,29.17802,65.4586
Kili Ali Dost,28.70233,65.61243
Kili Ali Haidar,27.10129,66.71613
Kili Ali Hasan,28.61645,66.14655
Kili Ali Hassan,28.13056,66.28217
Kili Ali Ian,28.33118,64.4999
Kili Ali Mardan,29.38726,64.62569
Kili Ali Muhammad,27.13043,66.72029
Kili Ali Muhammad,27.34921,66.47835
Kili Ali Muhammad,27.28752,66.37413
Kili Ali Muhammad,30.20581,66.82458
Kili Ali Muhammad,30.97041,66.6638
Kili Ali Muhammad,27.20426,66.57842
Kili Ali Muhammad Brahui,31.11456,67.13628
Kili Ali Muhammad Shai,30.06479,67.26627
Kili Ali Murad,28.75902,69.24463
Kili Ali Nawaz Chhanal,28.57637,66.14528
Kili Ali She,27.27907,66.63432
Kili Ali Sher,29.9903,66.47541
Kili Ali Zai,28.40349,66.17103
Kili Alif Khan,29.90909,66.47169
Kili Alizai,30.20389,67.69399
Kili Alizai,28.77201,66.38788
Kili Alizai,28.38535,66.19594
Kili Allah Bakhsh,27.80904,66.13083
Kili Allah Bakhsh,29.52183,65.58839
Kili Allah Bakhsh,27.35615,66.30734
Kili Allah Bakhsh,27.93395,65.81184
Kili Allah Bakhsh,27.75558,66.79259
Kili Allah Bakhsh,29.22669,65.89348
Kili Allah Dad,30.38578,66.83354
Kili Allah Yar Khan,29.97792,66.92078
Kili Allahabad,29.83204,66.45627
Kili Allahdad Sarawani,28.0181,63.3055
Kili Allahi Bakhsh,27.46208,66.36477
Kili Allahi Bakhsh,27.17021,66.32244
Kili Almas,30.25713,66.97799
Kili Amada,28.91321,64.01329
Kili Aman Zai,30.6998,68.32947
Kili Aman-ullah,29.42361,64.68872
Kili Amantu,30.55077,66.49349
Kili Amanullah,29.55394,66.58162
Kili Amanullah,27.15893,66.18641
Kili Amanullah Khan,29.39305,64.66096
Kili Amanullah Khan,30.24296,66.96948
Kili Ambo,30.1918,67.68049
Kili Aminabad,28.73487,65.72828
Kili Amir,31.70186,68.3837
Kili Amir Ali Khan,29.43954,69.5568
Kili Amir Bakhsh,28.47661,64.89576
Kili Amir Buland,28.80392,65.39143
Kili Amir Malik,31.63219,68.44667
Kili Amir Muhammad Asman,28.82624,65.28726
Kili Amir Muhammad Azam,28.82926,65.29229
Kili Anari,28.04366,66.58629
Kili Andul Aziz Burhanzai,28.95945,63.7482
Kili Anjuman,30.05371,67.22875
Kili Anwar,29.1356,63.90794
Kili Anwar Jan,29.44956,63.38881
Kili Anwar Khan,27.48164,65.3128
Kili Aorak,30.21588,68.02606
Kili Arbab Inayatullah,30.22507,66.95704
Kili Arbab Karam Khan,30.17832,66.98295
Kili Arbab Muhammad Afzul,30.20596,66.97938
Kili Arbaban,30.20565,66.99005
Kili Aryan Khan,29.30974,63.54617
Kili Arz Muhammad,30.02514,67.12605
Kili Arz Muhammad,27.89512,65.97789
Kili Asad Abad,30.65404,67.56883
Kili Asad Khan,29.70081,66.33551
Kili Asad Khan,30.78065,68.58377
Kili Asad Malik,30.10809,67.29514
Kili Asadullah,27.4302,66.3461
Kili Asghar,28.28047,64.98612
Kili Ashrafabad,30.33444,66.94006
Kili Ashur Khan,28.88988,64.55594
Kili Aspani,30.14972,67.83375
Kili Ata Muhammad,28.65269,65.58465
Kili Ata Muhammad,30.9407,66.69
Kili Ata Muhammad,30.39969,66.43608
Kili Ata Muhammad,28.8514,63.93245
Kili Ata Muhammad,28.91276,65.36372
Kili Atozai,30.48317,66.76317
Kili Atta Muhammad,27.28235,66.47777
Kili Atta Muhammad,28.235,66.39937
Kili Atta Muhammad,27.18854,66.22834
Kili Atta Muhammad,29.29789,64.70785
Kili Atta Muhammad,28.88782,64.88779
Kili Ayub Khan,28.93338,64.25321
Kili Azad Gaz,28.72577,65.5623
Kili Azad Khan,29.61288,66.12882
Kili Azam Khan,29.37799,64.0385
Kili Azim Khan,31.63711,68.33095
Kili Azim Khan,28.71335,65.71138
Kili Azim Khan,28.69644,65.60706
Kili Aziz Muhammad,29.71932,66.05006
Kili Babbar,29.59945,67.99989
Kili Babkai,29.95784,66.74751
Kili Babrai,30.29361,67.17868
Kili Bacha Khan,30.55038,66.37785
Kili Badah,28.38944,65.51277
Kili Badajo,28.06822,66.21798
Kili Badal Khan,29.83468,66.59894
Kili Badal Khan,28.61818,65.5447
Kili Badezi Bakhtiar,30.79624,66.99721
Kili Badini,30.12809,66.97079
Kili Badrang,31.79957,68.54993
Kili Badro,29.50287,65.64086
Kili Badshah,31.02344,67.16254
Kili Baghari,27.42538,66.38161
Kili Bahadar Khan,29.09493,65.88845
Kili Bahadar Khan,30.07708,67.20717
Kili Bahadar Khan,28.89433,66.64311
Kili Bahadur Khan,29.39225,64.07446
Kili Bahadur Khan,27.19871,66.27794
Kili Bahar ud-Din,30.60313,66.50463
Kili Bahawal Khan,29.31289,64.67951
Kili Bahram Sarawani,28.0397,63.2989
Kili Bai Khan,30.34911,67.29249
Kili Baig,28.43227,64.507
Kili Bais Ali Bakhsh,28.57104,66.12686
Kili Bajar,31.32533,68.77198
Kili Bakrai,31.17871,68.80428
Kili Balach,29.59494,66.87711
Kili Balach,28.53979,66.15489
Kili Balach Khan Topian,28.62597,65.56726
Kili Baloch,30.504,66.52442
Kili Balochabad,30.22427,66.98009
Kili Bamai,31.08777,66.93859
Kili Bandai Mirzai,30.71253,68.29515
Kili Bandu,29.51384,66.33574
Kili Bangal Khan,30.04596,67.24801
Kili Bangle,30.59661,66.30045
Kili Bangulzai,28.50267,65.52455
Kili Bangulzai,30.18474,66.9817
Kili Bangulzai,30.12589,66.96846
Kili Bano Bagh,30.40164,67.73157
Kili Bantar Khan,29.96572,66.72889
Kili Baqi,30.51809,66.50181
Kili Baqi Khan,29.39456,64.69688
Kili Bar Khan,29.82156,66.34854
Kili Baran,31.77265,68.61887
Kili Baran,28.555,65.4896
Kili Barechabad,30.22972,66.97504
Kili Barezai,30.26794,67.16958
Kili Barfi Khan,29.31927,66.01059
Kili Barkai,31.61063,68.19727
Kili Barkat Ali,28.86795,65.27458
Kili Barkhurdar,29.92069,66.9682
Kili Baro Suro,28.29276,64.5796
Kili Barwal,30.71482,68.36509
Kili Bashir Ahmad,28.20577,66.39133
Kili Bashir Ahmad,30.16763,66.98171
Kili Bashir Ahmed Shahwani,30.11551,66.96753
Kili Bashkan,29.57674,69.54582
Kili Baslani,29.29528,64.08659
Kili Baz Muhammad,29.17101,63.37543
Kili Baz Muhammad,28.84508,65.25585
Kili Baz Muhammad,31.22991,66.9404
Kili Baz Muhammad,31.1585,66.87948
Kili Baz Muhammad,29.0127,64.28607
Kili Bazrani Kakar,30.56117,66.59392
Kili Bedi,29.67683,65.71125
Kili Begai,29.68474,66.03069
Kili Behram Khan,31.03669,67.44461
Kili Behram Khan,31.00284,67.17482
Kili Behram Khan,29.17535,65.6608
Kili Berkat Ali,28.45519,64.89042
Kili Betani,29.9242,66.75773
Kili Bhait,27.36934,66.34542
Kili Bhakejau,27.46924,66.46959
Kili Bhatto Landi,29.47225,66.02584
Kili Bhawal Khan,28.37795,65.30481
Kili Bismillah Segi,30.5985,66.60636
Kili Bizni,29.53658,66.42763
Kili Bodal Khan,29.45432,66.18945
Kili Bolan Khan,29.27681,63.51164
Kili Bolanzai,28.40691,66.11515
Kili Brahmani,29.57211,67.88522
Kili Brat,30.22732,66.97782
Kili Brauk,28.92487,65.04437
Kili Budhan Khel,30.2454,67.01019
Kili Bulghani,29.55114,66.15371
Kili Bur Jan,29.60644,65.96984
Kili Burma Hotel,30.16136,66.98818
Kili Busheri,28.76659,65.22604
Kili Buzag,28.57662,65.17956
Kili Chail,27.28932,64.86862
Kili Chakar,28.22405,66.39444
Kili Chakar Khan,30.16361,66.9674
Kili Chanal,28.55876,65.52864
Kili Chanal,29.96319,66.68513
Kili Chandar Khan,29.19131,64.6916
Kili Changalzai,31.02813,67.45006
Kili Charmal,30.43986,67.46918
Kili Chashma Geo,30.16969,66.97583
Kili Chhabi,28.4512,65.50722
Kili Chhad,27.38562,64.97368
Kili Chhari,29.53825,66.09275
Kili Chilbaghu,28.41433,66.17103
Kili Chilbaghu,28.4058,66.1439
Kili Chiltan,30.10069,66.9711
Kili Chiltan Hinnari,30.00686,66.86317
Kili Chormi,30.01853,68.6942
Kili Chulam Shah,29.59402,65.55016
Kili Dabbar,30.56459,69.94718
Kili Dad Ali,28.75646,66.37728
Kili Dad Karim,27.41589,66.42522
Kili Dad Khuda,28.4393,64.77385
Kili Dad Muhammad,29.53915,64.79118
Kili Dad Muhammad,31.09118,66.98691
Kili Daduzai,28.59644,65.11946
Kili Dafeab,29.29743,63.32335
Kili Daher,27.28281,66.59216
Kili Dallo,28.37893,64.61129
Kili Dan,28.44668,66.25221
Kili Danno,28.42158,65.52647
Kili Danno,28.41936,65.50684
Kili Dansaijo,27.25333,66.57949
Kili Darakhti,29.21436,66.09626
Kili Darpesh Kach,30.14806,67.83126
Kili Daruabad,28.80849,65.32183
Kili Darwaish,29.09641,64.28719
Kili Darya Khan,31.05531,68.66482
Kili Dasht-i-Goran,28.92562,69.19919
Kili Dashtak,29.55777,65.8004
Kili Dashtigoran,29.31521,64.68092
Kili Dashtok,29.41523,63.41745
Kili Daud Khan,29.01247,64.46729
Kili Daud Khan,29.60808,66.21542
Kili Daud Khan,28.91639,64.41453
Kili Daud Khan,29.30099,63.55383
Kili Daud Khan,30.03877,67.12183
Kili Dewali,31.15039,69.54898
Kili Dhamban,27.33962,64.99069
Kili Dhani Bakhsh,27.18952,66.33382
Kili Dil Muhammad,30.54798,66.3763
Kili Dil Murad,28.3403,64.47089
Kili Dil Murad,29.38396,66.56389
Kili Dil Sorah,30.65493,67.39535
Kili Dildar,28.88799,64.7878
Kili Dildar Khan,29.2054,63.4409
Kili Dilmurad,27.40468,65.90377
Kili Dilmurad,29.16308,65.65048
Kili Dilshad,29.02449,64.12458
Kili Din Muhammad,27.32,66.4716
Kili Din Muhammad,27.14854,66.7263
Kili Din Muhammad,31.60427,68.42458
Kili Din Muhammad,30.61196,66.4201
Kili Din Muhammad,29.37351,65.88231
Kili Dinar,30.33773,66.79119
Kili Dinarzai,28.38522,66.12279
Kili Dinu,30.00823,67.10372
Kili Diwana,30.26339,69.1013
Kili Doda,28.39759,66.11599
Kili Dolu,29.31179,63.32057
Kili Doni,29.60434,67.9279
Kili Dost Muhammad,27.13306,66.2301
Kili Dost Muhammad,30.61393,66.49631
Kili Dost Muhammad,29.6921,66.3787
Kili Dost Muhammad,28.58768,64.21041
Kili Dost Muhammad,29.22203,65.98336
Kili Dum Kach,30.21817,67.78264
Kili Dumb,29.87594,66.73362
Kili Dur Khan,28.23068,66.48804
Kili Dur Muhammad,27.31322,65.34066
Kili Dur Muhammad,27.44626,66.42687
Kili Durkzai,28.57859,65.14302
Kili Durrani,29.94636,66.45462
Kili Ehsanabad,28.42777,66.20128
Kili Eid Muhammad,28.61882,65.35546
Kili Eid Muhammad,28.55949,66.16109
Kili Eid Muhammad,28.63752,65.58167
Kili Ekhai,30.77832,68.03469
Kili Elahi Bakhsh,27.30607,66.31646
Kili Elahi Bakhsh Ramezai,28.05576,66.57986
Kili Ellahi Bakhsh,29.1685,65.65309
Kili Esa Khel,30.37083,66.96652
Kili Essa Khan,29.18524,63.44767
Kili Faiz Muhammad,27.2329,66.32469
Kili Faiz Muhammad,27.37833,66.34776
Kili Faiz Muhammad,31.10311,66.90976
Kili Faiz Muhammad,30.56067,66.98972
Kili Faiz Muhammad,28.04784,66.25919
Kili Faiz Muhammad,27.49304,66.35817
Kili Faiz Muhammad,29.541,64.69053
Kili Faizabad,29.98989,66.75427
Kili Faizullah,31.2321,66.95052
Kili Faqir Dad,28.88193,64.40511
Kili Faqir Dad,28.89285,64.39362
Kili Faqir Muhammad,28.55819,66.13993
Kili Faqir Muhammad,29.10168,65.80923
Kili Faqir Muhammad,28.87477,65.33163
Kili Faqir Muhammad,27.33256,65.75542
Kili Faqir Muhammad Hashim,28.78068,65.43277
Kili Faqir Muhammad Hayat,30.04351,67.26948
Kili Farmanullah,28.74682,61.73001
Kili Fateh Jan,30.82995,66.50039
Kili Fateh Khan,31.00921,66.9347
Kili Fateh Muhammad,30.58516,66.39877
Kili Fateh Muhammad,27.18888,66.27642
Kili Fateh Muhammad,28.34583,64.4696
Kili Fateh Muhammad,30.16353,66.97763
Kili Fateh Muhammad,30.09625,67.31512
Kili Fateh Muhammad,28.3082,64.42297
Kili Fateh Muhammad,29.53447,66.19972
Kili Fatehzai,31.24252,66.92767
Kili Fazal Muhammad,30.95118,66.67811
Kili Fazal Muhammad,31.10505,66.91719
Kili Fazlu,30.68008,66.40115
Kili Fehlan,30.03469,67.12252
Kili Ferozabad,30.17085,66.9848
Kili Firoz Jan,31.206,66.98892
Kili Firoz Khan,30.03716,67.09156
Kili Foj Aliabad,30.07646,66.72081
Kili Fooj Ali,29.66437,66.14256
Kili Gahram,27.64792,65.06492
Kili Gaji Khan,28.95998,66.45698
Kili Gangalzai,30.7473,66.84938
Kili Garbaij,27.87043,65.96562
Kili Garduk,28.76356,65.18486
Kili Gari,29.66508,65.88938
Kili Gashkori,30.16958,66.98316
Kili Gauharabad,30.08961,66.95983
Kili Gazan,25.88828,63.37149
Kili Gazan,28.40967,66.61097
Kili Gazki,27.31807,66.42382
Kili Ghabaizai,30.66111,66.63492
Kili Ghabargah,31.13156,69.55508
Kili Ghafar,30.80941,66.67656
Kili Ghaffar,31.20655,69.66272
Kili Ghaizogan,28.41849,66.24531
Kili Ghamai,31.78881,68.62392
Kili Ghamshad,27.32189,66.48448
Kili Ghandai,30.74822,67.03655
Kili Gharibabad,28.51104,65.52554
Kili Gharibabad Topian,28.62941,65.56847
Kili Ghaus,30.56643,66.54741
Kili Ghaus Bakhsh,27.82025,65.78446
Kili Ghazi,30.72567,66.4614
Kili Ghazi Khan,28.31938,64.32435
Kili Ghazi Khan,28.32601,64.30865
Kili Ghebi,30.24883,66.52624
Kili Ghous Bakhsh,27.83019,65.96279
Kili Ghous Bakhsh,27.93204,65.79775
Kili Ghous Bakhsh Mengal,28.33096,66.12292
Kili Ghulam Haider,30.29258,67.06791
Kili Ghulam Haider,29.11406,66.27996
Kili Ghulam Hussain,27.71519,64.55887
Kili Ghulam Jan,29.49756,66.55508
Kili Ghulam Jan,30.23843,66.97222
Kili Ghulam Jan Shah,29.2765,65.81784
Kili Ghulam Muhammad,27.41776,66.44428
Kili Ghulam Muhammad,31.22878,66.91319
Kili Ghulam Mustafa,28.71875,65.735
Kili Ghulam Nabi,28.5838,65.29081
Kili Ghulam Nabi,31.28795,68.93759
Kili Ghulam Nabi,27.42754,66.40116
Kili Ghulam Qadir,29.00491,64.392
Kili Ghulam Qadir,28.89643,65.47239
Kili Ghulam Ras,29.52148,65.80639
Kili Ghulam Rasool,28.96577,63.7646
Kili Ghulam Rasul,27.71093,64.49249
Kili Ghulam Rasul,27.3505,66.37385
Kili Ghulam Rasul,28.5658,65.2587
Kili Ghulam Rasul,27.35934,66.3395
Kili Ghulam Rasul,27.41397,66.36717
Kili Ghulam Rasul Shakir,29.39645,66.11087
Kili Ghulam Rusul,28.31176,64.27295
Kili Ghulam Takya Shah Salar,29.22316,64.69663
Kili Ghullam Yahya,30.86307,66.63136
Kili Ghund,30.7044,67.73328
Kili Ghundai,30.46094,67.59074
Kili Gidar,31.12363,68.17837
Kili Gohar Khan,28.5985,65.2653
Kili Gokab,29.05041,65.44471
Kili Gol Ghazi,30.02588,66.49539
Kili Golan Bagh,31.04809,66.9156
Kili Gorani,28.21875,66.39215
Kili Gorej Raisani,30.10506,66.94122
Kili Gorgej,29.24836,65.7662
Kili Gowandan,28.37899,66.00908
Kili Goza,30.18632,67.84255
Kili Gul Baran,30.97353,66.66507
Kili Gul Baran,30.7625,66.69319
Kili Gul Barar,31.64352,68.4463
Kili Gul Bārān,30.97361,66.665
Kili Gul Khan,31.06062,66.98969
Kili Gul Khan,29.58202,66.1094
Kili Gul Muhammad,28.68055,65.44313
Kili Gul Muhammad,28.6078,65.27923
Kili Gul Muhammad,30.24192,66.98213
Kili Gul Muhammad,30.09655,67.25166
Kili Gul Muhammad,28.77677,66.39071
Kili Gul Muhammad,30.63204,66.71341
Kili Gul Muhammad,30.32116,69.23788
Kili Gulab,30.31316,67.3628
Kili Gulab Khan,31.36109,68.97347
Kili Gulsher,31.78143,68.62028
Kili Gulwana,31.56067,68.13426
Kili Gulzar,29.32541,66.98758
Kili Gulzar Abad,27.85802,65.80705
Kili Gurde Murgha,31.04374,67.06014
Kili Gurni Khan,29.02225,64.53504
Kili Habib,31.01562,67.47611
Kili Habib,31.05188,67.12354
Kili Habib Muhammad Hassani,30.08526,66.94136
Kili Habib Shah,29.46643,64.7612
Kili Habib-ullah,29.23093,65.77515
Kili Habibullah,29.985,66.76858
Kili Habibullah,29.26672,63.34459
Kili Habibullah,28.90896,64.14578
Kili Habibullah,29.6832,65.88798
Kili Habibullah,29.6936,66.10487
Kili Habibullah Khan,29.11263,64.46456
Kili Hadi Ismail,28.39289,66.1739
Kili Hafiz Nawaz,27.88286,65.97367
Kili Hafiz Sirajuddin,29.47215,63.48234
Kili Hafizabad,27.38609,66.36812
Kili Hafizabad,30.11179,66.50431
Kili Hafzani,29.05292,66.42346
Kili Haider,30.73878,66.45449
Kili Haider Khan,28.87157,65.35043
Kili Haii Abul Raul,30.46943,67.55298
Kili Haj Malik Said Khan,29.38993,63.29151
Kili Haja Malak,30.84605,66.51042
Kili Haji,29.22213,65.75729
Kili Haji Abdul Aziz,31.60652,68.65536
Kili Haji Abdul Hakim,29.24692,64.25222
Kili Haji Abdul Hakim,30.13853,66.53274
Kili Haji Abdul Hakim,28.62352,61.85304
Kili Haji Abdul Kahman,30.85567,66.51514
Kili Haji Abdul Karim,31.22656,66.89631
Kili Haji Abdul Karim,30.45667,67.0636
Kili Haji Abdul Karim,30.46583,67.10076
Kili Haji Abdul Majid,28.45347,65.37601
Kili Haji Abdul Manan,30.88042,66.51475
Kili Haji Abdul Rasul Bohr Zai,28.03489,66.72398
Kili Haji Abdul Rehman,29.50664,66.01898
Kili Haji Abdul Samad,30.99672,66.70387
Kili Haji Abdul Satar,31.71011,68.15095
Kili Haji Abdul Sattar,31.51313,67.64756
Kili Haji Abdullah,30.89715,66.51527
Kili Haji Abdullah Jan,30.54448,66.98661
Kili Haji Abdullah Jan,31.21794,66.96666
Kili Haji Abdullah Khan,30.77146,66.67069
Kili Haji Abdur Rahim,30.06359,66.96407
Kili Haji Abdur Razzaq,30.29835,66.92723
Kili Haji Ahji,31.3245,68.76424
Kili Haji Akhtar Muhammad,28.98266,65.24609
Kili Haji Ali Dost,29.38013,63.99119
Kili Haji Ali Dost,28.58082,65.28293
Kili Haji Ali Muhammad,28.40152,65.72376
Kili Haji Ali Muhammad,28.357,65.2292
Kili Haji Allah Bakhsh,29.00756,65.30937
Kili Haji Allah Muhammad,30.83265,66.61218
Kili Haji Alldu Nar,30.8662,66.52713
Kili Haji Amanullah,30.9651,66.71118
Kili Haji Amin,30.81961,68.13526
Kili Haji Amir,29.45977,63.37181
Kili Haji Amir Bakhsh,28.78108,66.35151
Kili Haji Amir Khan,29.8792,66.56711
Kili Haji Amir Malik,31.6688,68.29244
Kili Haji Azam Khan,31.38768,68.34619
Kili Haji Aziz Muhammad,28.57365,65.10865
Kili Haji Badin,29.53902,64.81008
Kili Haji Baghwan,30.87784,66.52667
Kili Haji Bakhtiar Jatak,30.14863,67.00042
Kili Haji Bangan,29.44292,66.11872
Kili Haji Barat Khan,30.86547,66.51507
Kili Haji Bari,28.96258,64.01321
Kili Haji Barkat,31.10689,66.98794
Kili Haji Barkat,30.21273,66.83302
Kili Haji Behram Khan,27.66595,65.45484
Kili Haji Bhai Khan,29.54859,64.80781
Kili Haji Bukhar Khan,28.6468,66.16905
Kili Haji Burhanzai,28.91468,63.74099
Kili Haji Dad Karim,29.28172,64.54208
Kili Haji Dad Muhammad,29.6307,66.37357
Kili Haji Dad Muhammad,29.55235,61.16685
Kili Haji Din Muhammad,30.19062,66.82149
Kili Haji Din Muhammad,28.63291,64.12606
Kili Haji Din Muhammad,28.55036,65.52791
Kili Haji Dur Muhammad,27.24593,66.31127
Kili Haji Dur Muhammad,30.16261,66.98368
Kili Haji Eid Muhammad,28.99849,64.01168
Kili Haji Faizo,30.72231,66.99482
Kili Haji Fateh Khan,30.80328,66.72431
Kili Haji Fazal Karim,31.22615,66.93562
Kili Haji Ghat,31.74898,68.3503
Kili Haji Gheni,28.64202,61.83014
Kili Haji Ghulam Nabi,28.95228,65.05791
Kili Haji Ghulam Rasul,27.87163,65.79711
Kili Haji Gohar Khan,28.2971,65.0654
Kili Haji Gohar Khan,29.39928,64.65691
Kili Haji Gul Muhammad,29.47614,64.75745
Kili Haji Gul Muhammad,30.75158,66.70612
Kili Haji Habibullah,30.97312,66.72112
Kili Haji Hadyat Ullah,27.5048,66.51162
Kili Haji Hakim Kare,30.08947,66.51773
Kili Haji Hayat Khan,29.35424,66.63326
Kili Haji Hayat Khan,29.52336,67.65087
Kili Haji Hayot,30.99596,66.72833
Kili Haji Hazur Bakhsh,29.39242,66.49762
Kili Haji Ibrahim,31.02158,66.86635
Kili Haji Ikhlas,30.66609,66.3908
Kili Haji Inam,28.67176,65.58914
Kili Haji Isa Khan,29.57046,66.12465
Kili Haji Ismail,27.31556,66.33253
Kili Haji Jalal Khan,30.55838,66.96069
Kili Haji Jamat Khan,30.76178,66.6517
Kili Haji Janan Achekzai,30.3086,66.93714
Kili Haji Janu Khan,29.14848,64.7026
Kili Haji Jorak,29.30765,66.23673
Kili Haji Juma Khan,27.88543,65.77411
Kili Haji Kamal Khan,30.08068,66.96852
Kili Haji Kamalan,29.10472,64.32052
Kili Haji Kare,30.29502,69.18917
Kili Haji Kashmir Khan,31.56595,68.70746
Kili Haji Kashmir Khan,31.68059,68.64165
Kili Haji Khair Bakhsh,30.08768,66.7632
Kili Haji Khair Muhammad,30.17381,68.59038
Kili Haji Khair Muhammad,30.94882,66.74576
Kili Haji Khair Muhammad,30.5636,66.96615
Kili Haji Khan,28.23355,66.46588
Kili Haji Khan,30.77061,66.73021
Kili Haji Khan Muhammad,30.25167,66.98894
Kili Haji Khan Muhammad,27.22321,66.33083
Kili Haji Khan Muhammad Nuli,28.80066,63.72404
Kili Haji Khar,30.64333,66.83917
Kili Haji Khawar,31.03088,68.29921
Kili Haji Khuda Bakhsh,29.51193,61.25938
Kili Haji Khuda Bakhsh,28.88828,64.4146
Kili Haji Khudai Nazar,28.89299,64.26538
Kili Haji Khushdad,29.37014,66.66126
Kili Haji Kuchal,29.28352,64.67451
Kili Haji Lal Bakhsh,28.75852,65.05986
Kili Haji Lal Bakhsh,28.56761,66.16457
Kili Haji Lal Muhammad,28.88593,64.77238
Kili Haji Lal Muhammad,30.78683,66.59741
Kili Haji Lal Muhammad,30.3402,69.23371
Kili Haji Lal Muhammad,30.9563,66.73592
Kili Haji Lalu,29.57415,66.37452
Kili Haji Maddad Khan,29.38024,66.6462
Kili Haji Mahmud,27.48704,66.44869
Kili Haji Malik Dad,27.5437,65.05027
Kili Haji Malik Said Khan,29.34702,63.31728
Kili Haji Malik Shah,29.46821,63.49114
Kili Haji Malik Tori,30.82339,66.60409
Kili Haji Mano Khan,29.9769,66.7087
Kili Haji Marjan,31.28892,68.80657
Kili Haji Marwand,31.6349,68.10862
Kili Haji Maula Dad,29.04966,65.93144
Kili Haji Mehbat Khan,29.14923,64.71204
Kili Haji Mian Gul,30.86062,66.5074
Kili Haji Miandad,28.24217,66.4649
Kili Haji Mim Khan,28.51379,64.71599
Kili Haji Mir Hasan,29.24011,64.70261
Kili Haji Mir Muhammad Azim,28.97347,64.39027
Kili Haji Mubarak Khan,29.64207,66.206
Kili Haji Muhammad,28.90213,64.94919
Kili Haji Muhammad,28.88398,64.07627
Kili Haji Muhammad,27.78286,65.6873
Kili Haji Muhammad,30.77464,66.68035
Kili Haji Muhammad Akbar,31.56951,69.5409
Kili Haji Muhammad Akbar,31.63074,68.23115
Kili Haji Muhammad Akbar,28.55806,65.51842
Kili Haji Muhammad Ali,27.05693,66.67877
Kili Haji Muhammad Amin,28.93095,66.36016
Kili Haji Muhammad Amir,30.88698,66.53206
Kili Haji Muhammad Azim,28.33469,64.42865
Kili Haji Muhammad Azim,28.83791,64.63098
Kili Haji Muhammad Bakhsh Ramezai,28.05182,66.59082
Kili Haji Muhammad Ghaus,30.53444,66.98445
Kili Haji Muhammad Hasan,29.3637,65.63865
Kili Haji Muhammad Hassan,28.76512,66.35215
Kili Haji Muhammad Isa,30.20215,66.82323
Kili Haji Muhammad Karam,28.65307,65.41098
Kili Haji Muhammad Murad,29.12243,65.85371
Kili Haji Muhammad Murad,28.98743,64.01851
Kili Haji Muhammad Nalab,29.54567,64.7976
Kili Haji Muhammad Rahim,29.47432,66.575
Kili Haji Muhammad Rasul,28.96116,64.59627
Kili Haji Muhammad Umar,28.75429,63.88738
Kili Haji Muhammad Umar Khan,29.47966,65.96385
Kili Haji Muhammad Yaqub,29.19837,64.67972
Kili Haji Muhammad Yousaf,28.83947,64.74831
Kili Haji Muhammad Yousuf,29.62854,65.989
Kili Haji Muhammad Zarif,29.59538,65.54237
Kili Haji Multan,30.3182,69.34008
Kili Haji Murad Ali,29.59147,66.47272
Kili Haji Murad Khan Drachal,28.86713,63.71611
Kili Haji Murad Muhammad,29.40885,64.73563
Kili Haji Musa,28.34274,65.1942
Kili Haji Musa Jan,31.57483,68.48268
Kili Haji Musa Khan,28.75218,63.86782
Kili Haji Musa Khan,28.54393,65.15891
Kili Haji Musafar Khan,29.55438,66.37216
Kili Haji Nabi Bakhsh,28.64145,65.5619
Kili Haji Nabi Dad,29.15317,65.83404
Kili Haji Nabidad,29.40612,66.64489
Kili Haji Naik Nam,31.20221,67.39197
Kili Haji Nazar Muhammad,30.5099,66.5185
Kili Haji Nazar Muhammad,30.60766,66.41564
Kili Haji Nazar Muhammad,28.6739,65.16335
Kili Haji Nek Muhammad,31.23803,66.88596
Kili Haji Niaz Muhammad,28.79155,64.02233
Kili Haji Nur Bakhsh,29.54489,66.36083
Kili Haji Nur Muhammad,29.66399,65.97417
Kili Haji Nur Muhammad Marri,30.06109,66.95773
Kili Haji Pare,30.33245,69.22542
Kili Haji Pattan,30.31511,69.24671
Kili Haji Payo Khan,31.50966,69.81363
Kili Haji Pekai,30.29998,69.32059
Kili Haji Peri,30.15897,67.81605
Kili Haji Pir Bakhsh,29.39521,63.38666
Kili Haji Pir Dad,28.96963,64.31338
Kili Haji Pir Muhammad,27.35601,66.37114
Kili Haji Pir Muhammad,29.47042,64.76601
Kili Haji Pirdad,28.92075,63.57847
Kili Haji Qadir Bakhsh,30.13215,67.28162
Kili Haji Qadir Dad,31.57934,68.46467
Kili Haji Qaim Khan,29.19864,65.89442
Kili Haji Rafique,30.06124,66.96485
Kili Haji Rahim Khan,29.37221,66.64237
Kili Haji Rahmatullah,27.43833,66.428
Kili Haji Rashid Khan,30.47329,66.48143
Kili Haji Rasul Bakhsh,28.20965,66.39224
Kili Haji Rasul Khan,29.16831,64.69931
Kili Haji Raz Muhammad,30.83234,66.53022
Kili Haji Reham Dil,29.53289,65.44208
Kili Haji Rehmat Din,30.24938,66.99019
Kili Haji Rehmatullah,29.15551,63.49139
Kili Haji Rehmatullah,29.40575,63.98603
Kili Haji Rehmin,29.03562,65.93763
Kili Haji Sabir,31.62535,68.07151
Kili Haji Sabral Khan,28.24001,66.47723
Kili Haji Sabzal Khan,30.2158,66.97243
Kili Haji Safdar Azam,29.47102,63.54356
Kili Haji Sahib,30.16823,67.80959
Kili Haji Sahlu,31.55937,68.28229
Kili Haji Sakhi Dost Muhammad,28.9524,64.38101
Kili Haji Salam Muhammad,30.68733,68.67424
Kili Haji Salim,31.57752,68.47389
Kili Haji Samunder Khan,31.69653,68.62159
Kili Haji Sanzar Khan,30.80594,68.26707
Kili Haji Sattar,29.45773,63.37458
Kili Haji Sattar Khan,31.01614,66.92549
Kili Haji Ser Khan,31.50198,67.92681
Kili Haji Shadi Khan,27.2208,66.56163
Kili Haji Shah Karim,29.51106,66.02389
Kili Haji Shah Wali,31.32512,68.94877
Kili Haji Shakardad Karim,27.23721,66.30962
Kili Haji Sher,30.7588,66.68224
Kili Haji Shin,31.6593,68.13895
Kili Haji Siddique,29.42236,63.72995
Kili Haji Siddique,30.64091,66.80863
Kili Haji Sultan Muhammad,31.16529,66.92629
Kili Haji Taj Muhammad Badini,29.62109,66.00769
Kili Haji Umid,29.2702,65.76519
Kili Haji Wali Muhammad,31.04225,68.24188
Kili Haji Yahya,28.87269,64.76946
Kili Haji Yaqub,29.28452,64.72204
Kili Haji Zangal Khan,29.62558,66.19288
Kili Hajizai,29.09669,66.4211
Kili Hakim Khan,31.68961,68.63218
Kili Hakim Khan,30.0092,66.91021
Kili Hali Bohr Khan,28.63819,66.16926
Kili Halim Bakhsh,29.25738,65.65788
Kili Halimabad,28.43338,66.20034
Kili Hamal Khan,29.32174,63.55621
Kili Hamir Hamza,30.47352,66.40032
Kili Hamza,29.82556,66.72028
Kili Haniza,29.19239,66.17636
Kili Hanuk,27.78451,65.9587
Kili Haqabad,30.15735,66.99062
Kili Haqdad,30.68453,68.64417
Kili Harun,27.3311,66.43426
Kili Haruni Wal,29.4295,65.94942
Kili Hasham,27.13503,66.30648
Kili Hashlu,29.0402,65.41922
Kili Hasir Ahmad,27.32713,66.34984
Kili Hassan,27.21426,66.57629
Kili Hatim Khan,29.67838,65.66375
Kili Hayat,31.19626,66.96005
Kili Hayat Khan,28.63011,65.55031
Kili Hayat Khan,31.07534,66.98832
Kili Hazar Juft,29.51897,65.78532
Kili Hazrat Nur,31.57803,68.42414
Kili Hazrat Sahib,31.62552,69.33526
Kili Hazur Bakhsh,29.33425,64.6905
Kili Hazur Bakhsh,27.12071,66.30071
Kili Hazur Bakhsh,28.88414,66.4647
Kili Hazur Bakhsh,28.46611,65.52347
Kili Hazur Bakhsh,30.08698,67.14193
Kili Hazur Bakhsh,29.32759,66.04188
Kili Humai,29.107,62.28151
Kili Hunan,30.42649,67.67842
Kili Husain Bakhsh,29.17807,65.89808
Kili Husaini,30.20762,66.98919
Kili Hushim,29.0729,65.50628
Kili Ialrai,30.75415,66.83647
Kili Iaman,30.18531,67.84002
Kili Ibrahim,29.11347,65.81095
Kili Ibrahim,30.83293,66.48799
Kili Ibrahim,27.32667,66.45752
Kili Ibrahim Khan,30.66664,66.44499
Kili Ibrahimzai,27.42325,66.41686
Kili Ibrahimzai,30.18792,66.98997
Kili Ibrahimzai,27.36928,66.37516
Kili Ibrahimzai,28.55395,65.52343
Kili Ibrahimzai Ghundi,30.7448,67.037
Kili Id Muhammad,27.36398,66.37308
Kili Ikhlas,30.32411,67.34192
Kili Imam Bakhsh,29.19095,65.44998
Kili Imam Bakhsh,29.10807,65.54799
Kili Imam Bakhsh,27.85079,66.14451
Kili Imam Dad,30.04857,67.23786
Kili Inzar,30.82293,67.05498
Kili Inzar,30.77921,66.89741
Kili Inzar Khaizai,31.39054,69.77002
Kili Inzer Kach,30.72092,67.7452
Kili Iran,30.27172,66.95389
Kili Isa,28.18139,66.51826
Kili Isa Khel,30.27659,67.18812
Kili Isa Khel,30.48062,67.11032
Kili Ismail,29.22331,64.4023
Kili Ismail,30.21583,66.99818
Kili Ismāīl,30.23419,66.9706
Kili Jabbar,29.37843,65.68069
Kili Jafar Muhammad,31.23479,66.88474
Kili Jaffar Khan,28.95786,66.31737
Kili Jahan Shah,29.3684,65.96556
Kili Jahangir,30.69259,68.34382
Kili Jahangir,29.06467,64.27159
Kili Jahangir Khan,28.8656,65.31625
Kili Jahfar Khan,28.30813,64.50393
Kili Jalab Khan,29.01174,64.34551
Kili Jalal,28.07083,63.2536
Kili Jalal Din,29.55147,66.09828
Kili Jalal Khan,29.38516,64.02686
Kili Jalal Shah,29.2264,65.78074
Kili Jalalzai,28.4949,65.51402
Kili Jamadar Abdullah,28.55514,65.18396
Kili Jamadar Akhtar,31.51889,67.64833
Kili Jamadar Jiend Khan,28.94622,65.07563
Kili Jamadar Nurudin,27.26265,63.34434
Kili Jamadar Qadir Nuli,28.82072,63.73116
Kili Jamal,28.89072,65.47792
Kili Jamal Khan,27.22956,66.28401
Kili Jamalabad,29.53896,66.01945
Kili Jamaldini,29.53766,65.97213
Kili Jamalzail,29.92637,66.72803
Kili Jamāldini,29.53889,65.975
Kili Jan Muhammad,31.46695,69.84707
Kili Jan Muhammad,27.21021,66.33761
Kili Jan Muhammad,29.09227,65.81651
Kili Jan Muhammad,28.83998,66.60815
Kili Jan Muhammad,30.30819,67.38936
Kili Jan Muhammad Darbar,29.53992,69.54041
Kili Janan,29.02034,64.36981
Kili Jangi Khan,29.25673,65.65339
Kili Jangi Khan,29.48231,65.94741
Kili Jangi Khan,29.80127,66.26774
Kili Jangi Khan,29.69744,65.7095
Kili Jangi Khan,29.1337,65.85543
Kili Jangi Khan,27.30035,66.46263
Kili Jangian,28.39116,64.79255
Kili Jangli,27.93284,65.77224
Kili Janshpari,29.17081,66.08261
Kili Januddin,31.55354,68.10535
Kili Jat,29.58146,67.93914
Kili Jat,29.58422,67.84419
Kili Jatak,29.98226,66.70427
Kili Jatak,30.26046,66.98287
Kili Jezhraghah,31.41047,69.81301
Kili Jhanda Khan,30.00404,67.08218
Kili Jiga Qasim Khan,30.65931,67.17865
Kili Johi Chashma,30.27111,66.95934
Kili Joi Narah,27.30371,66.37302
Kili Juma Khan,28.30132,64.31518
Kili Juma Khan,28.65959,66.31163
Kili Juma Khan,29.34555,66.15811
Kili Juma Khan Burhanzai,28.98808,63.6447
Kili Juma Khar,27.49392,66.53197
Kili Jumma Din,31.35655,68.97415
Kili Jumma Khan,29.33843,63.59283
Kili Jumma Khan,29.75622,65.96156
Kili Jumma Khan,29.50371,66.12267
Kili Jumma Khan,29.85612,66.28802
Kili Jumma Khan,28.68558,65.51712
Kili Jumma Khan,28.71397,65.71097
Kili Jumma Khan,30.7554,66.6979
Kili Juroma Khan,30.78467,66.62987
Kili Kabir,30.20995,66.99946
Kili Kabul,30.62439,67.95908
Kili Kachhi,31.62619,69.27528
Kili Kaftari,29.59296,66.3757
Kili Kaftari Jadid,29.56807,66.39199
Kili Kakahir,27.40165,66.39566
Kili Kakarabad,30.21526,66.96787
Kili Kakazai,30.23427,66.98338
Kili Kakozai,30.73357,66.69771
Kili Kala Bent,27.40146,66.45204
Kili Kalati,28.44904,64.51808
Kili Kalshinan,28.72792,65.14241
Kili Kaluk,27.26912,66.27445
Kili Kamal Khan,27.29293,65.40588
Kili Kamran,31.29188,67.03723
Kili Kanian,28.55846,65.55187
Kili Kanian Nia,28.55904,65.57426
Kili Kanri,28.64134,65.44059
Kili Kaowan,30.76387,66.91816
Kili Kar Khan,30.1072,67.4244
Kili Karam Khan,30.24492,66.96871
Kili Karam Shah,29.32233,64.29168
Kili Karamzai,30.45832,66.4031
Kili Karang,30.8008,67.01851
Kili Karbala,30.21373,66.52699
Kili Karez,30.72275,68.36835
Kili Karez,31.0161,67.75612
Kili Karez,31.15613,69.53228
Kili Karez,30.46035,67.5663
Kili Karim Bakhsh,28.67438,65.49594
Kili Karim Bakhsh,28.49686,65.45157
Kili Karim Bakhsh,29.02071,63.82997
Kili Karim Bakhsh,28.5784,65.51319
Kili Karimabad,30.1674,66.38748
Kili Kashmir,31.79538,68.5905
Kili Kashmirabad,30.16037,66.97542
Kili Kasho,30.81399,67.05921
Kili Kasorgi,30.14786,67.8226
Kili Katir,30.34196,66.92169
Kili Kattwan,30.7429,66.90101
Kili Kaur Kalak,28.59365,65.25266
Kili Khad Kharani,29.55241,66.36194
Kili Khadarnai,29.58832,66.47146
Kili Khadim,30.70237,66.43726
Kili Khair Bakhsh,28.16494,66.30565
Kili Khair Bakhsh,29.35784,66.15289
Kili Khair Din,28.87456,65.45903
Kili Khair Muhammad,28.80533,64.85871
Kili Khair Muhammad,28.22162,66.46946
Kili Khair Muhammad,28.43673,64.83074
Kili Khair Muhammad,29.26243,66.01677
Kili Khair Muhammad,28.51464,66.14545
Kili Khair Muhammad,29.29526,66.13823
Kili Khair Nabi,30.54591,66.48634
Kili Khairabad,29.17608,66.18795
Kili Khairati,30.22529,66.96621
Kili Khairzai,31.14267,67.2687
Kili Khaizai,28.38305,66.10211
Kili Khalgai,30.67545,69.95275
Kili Khali Kahnak,29.94634,66.70819
Kili Khalifa Kher Jan,28.84801,64.05943
Kili Khaliqabad,30.17914,67.00194
Kili Khaliqdad,29.38343,66.48379
Kili Khaliqdad,30.01992,67.11436
Kili Khaliqdad,29.16417,63.29001
Kili Khan,31.5924,68.41732
Kili Khan Jan,29.419,64.67213
Kili Khan Jan Brahui,27.48371,65.28503
Kili Khan Muhammad,27.20615,66.33611
Kili Khan Muhammad,29.59126,65.54137
Kili Khan Muhammad,27.11294,66.27741
Kili Khan Muhammad,30.07278,67.20235
Kili Khan Muhammad,27.97912,65.94459
Kili Khan Muhammad,28.49065,65.15541
Kili Khan Muhammad,30.85152,66.65017
Kili Khandian,30.11611,67.84968
Kili Khandora,28.44666,65.53461
Kili Khanogai,30.30325,67.13078
Kili Khanuzai,28.22187,66.40868
Kili Khar Karan,30.71836,68.3272
Kili Kharazi,29.59245,66.15922
Kili Khatakza,30.25134,67.13002
Kili Khati,29.5805,66.24398
Kili Khatkandri,31.53572,68.27503
Kili Khatun,28.07405,66.85593
Kili Khazhobi,31.45075,69.89563
Kili Khial Muhammad,31.3313,68.93067
Kili Khiazai,29.21197,69.29458
Kili Khiazi,30.19255,66.9511
Kili Khilji,30.23148,66.95807
Kili Khrina,29.40169,65.72371
Kili Khuda Abad,30.18589,66.98372
Kili Khuda Bakhah,28.4859,65.427
Kili Khuda Bakhsh,28.56723,65.45546
Kili Khuda Bakhsh,27.30593,66.44307
Kili Khuda Bakhsh,29.31986,65.96518
Kili Khuda Bakhsh,29.45567,64.76346
Kili Khuda Bakhsh,29.21308,64.44442
Kili Khuda Bakhsh,30.8263,68.09146
Kili Khuda Bakhsh,28.9312,65.1075
Kili Khuda Bakhsh,29.60081,66.20478
Kili Khuda Bakhsh,29.09551,65.8412
Kili Khuda Bakhsh,27.19074,66.29882
Kili Khuda Bakhshzai,29.37739,66.48511
Kili Khuda Dad,29.30956,64.70383
Kili Khuda I Rahim,29.1779,63.59036
Kili Khuda-i-Mir,30.95674,66.70358
Kili Khuda-i-Nazai,28.63145,61.84306
Kili Khuda-i-Nazar,29.38129,64.02604
Kili Khuda-i-Rahim,30.101,67.26745
Kili Khuda-i-Rahim,29.24124,65.80021
Kili Khuda-i-dad Khan,31.08455,66.99006
Kili Khuda-i-nazar,29.33032,64.71371
Kili Khudadad,29.4933,66.53717
Kili Khudadad,31.33663,68.94025
Kili Khudadad Khaisar,29.6181,66.11636
Kili Khudar Bakhsh,28.5576,65.4442
Kili Khudave Dost,30.63583,66.40182
Kili Khudazi Rahim,29.20428,64.47608
Kili Khudda Bakhsh,28.31859,64.51575
Kili Khuni,31.4418,67.70065
Kili Khurasani,29.64718,66.38705
Kili Khurgi,30.58017,66.45369
Kili Khurmagai,28.31041,64.54559
Kili Khwasti,28.69558,65.37937
Kili Kirani,30.17204,66.95242
Kili Kirgi,27.97736,65.78861
Kili Koda,27.76629,65.91574
Kili Koda,27.76183,65.89262
Kili Koe Khan,28.88678,64.42188
Kili Kot,31.09234,69.55542
Kili Kotori,29.60787,66.26857
Kili Kuchalzai,29.23435,65.75352
Kili Kulli,29.88299,67.27433
Kili Kun,30.57309,66.83702
Kili Kunri,28.45808,65.50468
Kili Kurram,30.08392,66.49351
Kili Lager Koh,29.09409,65.49305
Kili Laghap,28.92811,64.55253
Kili Lahor,30.39561,68.7627
Kili Lahora,30.87407,66.72057
Kili Lahoreh,31.01515,67.14365
Kili Laila,30.59324,66.97527
Kili Lakkar Khan,28.59659,65.26977
Kili Lal Baig,29.52917,66.78456
Kili Lal Bakhsh,29.32048,66.12293
Kili Lal Jan,29.69233,66.15281
Kili Lal Khan,29.45926,69.50911
Kili Lal Muhammad,29.0919,64.31507
Kili Lal Muhammad,27.17069,66.22613
Kili Lal Muhammad,28.55492,65.55924
Kili Lalabad,30.07784,66.93976
Kili Lalabad,29.93478,66.76921
Kili Lalu,31.35898,68.93013
Kili Lameran,30.57361,67.00222
Kili Landi,29.5088,65.65596
Kili Lango,28.69601,66.52043
Kili Lashkar Khan,27.38353,66.3112
Kili Lashkar Khan,29.00084,65.74452
Kili Lashkari,29.82769,66.26368
Kili Lawang Khan,29.73694,66.33681
Kili Lehan Shah,30.26229,66.42383
Kili Liddi,28.87213,65.17288
Kili Liji,29.37315,64.71469
Kili Loi Boz,27.41249,66.48459
Kili Lop,27.30768,66.4755
Kili Lundi Jadid,29.5486,67.78956
Kili Lundi Qadeem,29.54603,67.8005
Kili Machhi,28.58984,65.57001
Kili Machhu,28.17312,66.90443
Kili Madabad,30.14934,66.3759
Kili Madad Khan,29.2509,65.79351
Kili Madad Khan,28.99849,65.27448
Kili Madad Khan Sumalani,28.35861,66.14478
Kili Magdud,29.49681,66.30499
Kili Mahboob Ali,27.4056,66.42666
Kili Mahbub,30.9434,66.5084
Kili Maheem Khan,29.19703,65.92362
Kili Mahmi,27.35985,66.50626
Kili Mahmud,30.14823,67.01579
Kili Mahmud Khan,29.39027,64.70072
Kili Mahmudabad Koti,30.62842,67.60822
Kili Mahmuzna,30.46687,67.55952
Kili Mailal,28.24787,66.49493
Kili Maji Abdul Majid,29.57537,66.36497
Kili Majid,28.71013,65.54019
Kili Majur,28.14871,66.86764
Kili Makan Tuk,29.14882,64.31996
Kili Maki,29.30187,66.80536
Kili Mal,29.5199,66.38573
Kili Malak Kabir,30.23422,67.00864
Kili Malang Khan,28.75358,66.40601
Kili Malanzai,28.40896,66.14275
Kili Malhar Khan Umrani,28.24007,67.94118
Kili Mali,28.17542,66.53011
Kili Mali Painth Khan,30.21868,67.41608
Kili Malik,29.17808,65.66316
Kili Malik Abdul Ali,30.36597,66.95476
Kili Malik Abdul Rahim,31.05344,67.4474
Kili Malik Abdullah Jan,30.33363,69.26463
Kili Malik Allah Bakhsh,29.15498,64.66719
Kili Malik Allah Dad,30.78256,66.63295
Kili Malik Amanullah,31.61611,68.10674
Kili Malik Amir,31.6792,68.33414
Kili Malik Attaullah Khan,29.35137,66.06198
Kili Malik Badal Khan,28.98614,65.25963
Kili Malik Bahar,30.03338,67.13147
Kili Malik Bilal,30.04808,66.93723
Kili Malik Daru Khan,30.78794,66.68661
Kili Malik Ghulam Hyder,30.36142,67.49381
Kili Malik Ghulam Jilani,30.90163,66.52323
Kili Malik Ghulam Muhammad,30.83989,66.51301
Kili Malik Hasan Khan,31.6194,68.10651
Kili Malik Hassan Khan,31.11648,68.76352
Kili Malik Jalandar,31.71292,68.39225
Kili Malik Jan Muhammad,30.74035,68.26327
Kili Malik Karim Bakhsh,29.66345,66.38921
Kili Malik Khamt,30.80258,66.64739
Kili Malik Khuda Bakhsh,28.63224,61.83746
Kili Malik Khuda Dad,31.69497,68.38709
Kili Malik Mahmud,30.68714,67.022
Kili Malik Majid,30.84022,68.49787
Kili Malik Mirza Khan,28.28538,64.42025
Kili Malik Muhammad,28.63445,61.83574
Kili Malik Muhammad,31.20321,67.4154
Kili Malik Muhammad Afzal,30.81142,66.52338
Kili Malik Muhammad Azam,28.89509,64.94868
Kili Malik Muhammad Bakhsh,29.11624,65.81871
Kili Malik Muhammad Ismail,30.78551,66.66154
Kili Malik Muhammad Jan,30.23387,66.95664
Kili Malik Muhammad Rasul,31.04772,67.48093
Kili Malik Muhammad Yousef,30.81937,66.5306
Kili Malik Pindok,28.6836,65.38075
Kili Malik Pir Muhammad,30.11419,67.85748
Kili Malik Rasul Bakhsh,28.89709,64.40997
Kili Malik Raz Muhammad,31.18634,67.41487
Kili Malik Raza,30.52259,66.97127
Kili Malik Roshan,29.24341,64.67766
Kili Malik Sahin Khan,28.68929,64.18534
Kili Malik Saleh Muhammad,30.70597,66.67011
Kili Malik Sarwar,29.14556,64.68372
Kili Malik Sarwar Khan,29.46781,63.39345
Kili Malik Sattar,30.5336,66.96158
Kili Malik Shah Salim,29.1362,65.56153
Kili Malik Shah Sawar,29.02612,64.38246
Kili Malik Sher Khan,28.96101,64.68442
Kili Malik Tahir,30.78052,66.60696
Kili Malik Taj Muhammad,30.24012,67.09835
Kili Malik Umar,29.49111,67.65117
Kili Malik Walli Muhammad,30.85779,66.60207
Kili Malik Zakria,29.65209,66.39378
Kili Malikgaran,30.33708,69.36905
Kili Malkhi Khan,29.31189,66.06856
Kili Mamai,27.99404,65.78557
Kili Mandan,30.68209,67.39752
Kili Mando,28.50743,64.96517
Kili Mandozai,28.64612,66.16858
Kili Manezai,31.09378,69.54336
Kili Mangi,30.3697,67.4613
Kili Mangi Langav,29.67484,66.4116
Kili Mangi Mengal,29.66647,66.41267
Kili Manrah,31.47321,69.96753
Kili Mardan,31.03662,66.96152
Kili Marhel,30.65483,67.16117
Kili Maroi,27.43005,66.46088
Kili Marri,30.14185,66.94801
Kili Maruf,31.25462,66.98533
Kili Mashirzai,28.5777,65.10164
Kili Masiti Landi,29.1324,65.26923
Kili Maskan,28.88376,64.44749
Kili Master Abdullah,28.92955,66.65062
Kili Master Niaz Muhammad,28.34248,64.4782
Kili Masti Khan,28.46594,64.54499
Kili Masti Khan,28.4903,64.6344
Kili Mauj Ali,29.45679,69.55406
Kili Maula Bakhsh,30.06213,66.951
Kili Maula Bakhsh,27.29908,66.302
Kili Maula Dad,28.4365,65.1234
Kili Maula Dad,29.21821,65.94884
Kili Mauladad,29.42041,66.14475
Kili Maulvi,28.23497,66.48292
Kili Maulvi Bakhtiar,30.78928,68.3519
Kili Mazang Jano Khan,28.92161,64.82156
Kili Mazar Khan,29.67337,66.13824
Kili Mazar Khan,29.64253,66.39269
Kili Mazar Khan,28.9606,65.29925
Kili Mazarwal,28.87456,66.3105
Kili Medadzai,30.25509,67.19821
Kili Mehat,29.19581,69.29743
Kili Mehmud Khan,31.1149,66.96208
Kili Mehmud Khan,29.14241,65.83039
Kili Mehrab,28.0607,63.2585
Kili Mehrab Khan,29.15306,63.47944
Kili Mehrab Khan,31.38486,69.90329
Kili Mehroun,29.80702,66.59724
Kili Mengal,29.58564,66.00029
Kili Mengal,28.45992,64.79864
Kili Mengal Abad,29.23577,65.93415
Kili Mengal Baranzai,30.20453,66.98866
Kili Metha Khan Lehri,30.09837,66.94988
Kili Mevand Road,30.20282,66.97035
Kili Mian Jee,30.59803,67.00498
Kili Mian Khan,30.31423,69.27456
Kili Mili Zia Abad,30.24072,67.05092
Kili Minab,28.5587,65.11545
Kili Mir Abdul Karim,27.30745,66.50019
Kili Mir Abdur Rab,28.5532,65.46407
Kili Mir Afzal Khan,29.58777,65.5336
Kili Mir Ahmad,29.51659,65.42462
Kili Mir Alam Khan,29.58495,65.54839
Kili Mir Ayub Khan,28.94097,64.24092
Kili Mir Baig Khan,28.47139,64.59904
Kili Mir Baz,28.51378,65.40042
Kili Mir Dost,29.10344,65.50364
Kili Mir Dost,29.01647,65.33472
Kili Mir Dost,28.90639,66.63489
Kili Mir Dost Khan,29.37484,64.63365
Kili Mir Faiz Muhammad,27.48828,66.53111
Kili Mir Ghulam Haid,29.28413,66.22361
Kili Mir Gohor Khan,27.92146,65.8092
Kili Mir Habib Khan,28.76949,66.38071
Kili Mir Hasan,28.67464,65.50632
Kili Mir Hassan,29.64606,65.7101
Kili Mir Hussain Khan,28.84179,64.40028
Kili Mir Izzat Khan Mararzai,27.38776,65.89545
Kili Mir Khan,27.92584,65.79805
Kili Mir Khan,29.3601,66.00555
Kili Mir Khan Jan Gurginari,28.33103,66.11447
Kili Mir Khuda Bakhsh,28.22886,66.40922
Kili Mir Mengal Khan,28.29666,64.5245
Kili Mir Muhammad,28.70623,65.63374
Kili Mir Muhammad,29.17178,63.32102
Kili Mir Muhammad Azain,28.55734,65.44512
Kili Mir Muhammad Gul,28.83233,65.27411
Kili Mir Muhammad Khan,29.3873,66.15972
Kili Mir Muhammad Khan Sinjrani,29.1267,64.69469
Kili Mir Muhammad Qasim,28.83727,65.2661
Kili Mir Muhammad Sharif,28.84906,65.25821
Kili Mir Muhammad Warik,27.47303,66.51671
Kili Mir Musafir,28.42732,65.36988
Kili Mir Nur Mahammad,28.84254,65.26145
Kili Mir Pindok,28.00472,63.30333
Kili Mir Pir Muhammad,27.45374,66.54208
Kili Mir Qadir Bakhsh,27.46065,65.27613
Kili Mir Safar Khan,28.55873,65.45632
Kili Mir Saleh Muhammad,27.38035,66.51446
Kili Mir Saleh Muhammad,27.47492,66.53767
Kili Mir Yar Muhammad,28.78493,66.38732
Kili Mir Zaman,30.56231,66.958
Kili Miraji,27.26111,66.55869
Kili Miraji,28.29695,66.04774
Kili Miran,29.94431,66.7392
Kili Mirza Khan,31.76821,68.14137
Kili Mirza Khan,29.65654,66.21662
Kili Mirza Khan,30.42333,68.8893
Kili Mirza Khan,31.08025,68.85395
Kili Misri,30.72139,66.44694
Kili Misri Khan,29.4229,66.11567
Kili Mistri,29.76378,66.23265
Kili Mitha Khan,29.45917,69.54377
Kili Mitha Khan,27.00975,66.2651
Kili Mohammad Hayat,30.0717,67.26801
Kili Mola Fateh Khan,31.40165,68.89202
Kili Moladad,31.32101,68.87193
Kili Molvi Habib Ahamd,28.57365,65.55805
Kili Molvi Jamal,29.28821,63.64007
Kili Momen,30.31169,67.36894
Kili Moulvi,29.62221,66.70304
Kili Moulvi Abdul Qadir,27.19117,66.2431
Kili Mubarak,30.20244,66.9942
Kili Mubarak,30.24067,66.96597
Kili Mubarik,28.6267,64.83638
Kili Mubark,27.02667,66.71647
Kili Mudali,30.68582,66.55312
Kili Muhamad Hussain,28.58656,64.2084
Kili Muhammad,27.43706,66.362
Kili Muhammad,29.7277,66.18563
Kili Muhammad,28.30061,66.13303
Kili Muhammad,29.73012,66.18255
Kili Muhammad,27.33241,66.50433
Kili Muhammad,29.1635,64.30805
Kili Muhammad Afzal,28.95691,63.64424
Kili Muhammad Afzal,28.90889,66.59222
Kili Muhammad Afzal,28.89362,64.79708
Kili Muhammad Afzal,29.27997,63.38472
Kili Muhammad Afzal,29.54321,66.0552
Kili Muhammad Akbar,29.62486,66.41014
Kili Muhammad Akber,28.60508,66.15023
Kili Muhammad Akram,31.18432,67.37479
Kili Muhammad Alam,28.93822,65.06139
Kili Muhammad Ali,28.75177,66.34844
Kili Muhammad Ali,29.48152,66.18414
Kili Muhammad Ali,27.2226,66.23336
Kili Muhammad Ali,29.37104,63.50212
Kili Muhammad Ali,29.4108,66.19321
Kili Muhammad Ali Khan,28.5542,65.4633
Kili Muhammad Amin,27.01016,66.14029
Kili Muhammad Amin,29.8143,66.70394
Kili Muhammad Amin,29.20797,63.4082
Kili Muhammad Arbi,27.13407,66.2774
Kili Muhammad Arif,28.32866,65.70047
Kili Muhammad Arif,28.90867,64.955
Kili Muhammad Arif,28.02267,66.13115
Kili Muhammad Ashraf,29.11998,64.32665
Kili Muhammad Ashraf,28.60109,66.14854
Kili Muhammad Ashraf,27.02783,66.1772
Kili Muhammad Aslam,29.61883,65.69752
Kili Muhammad Ayub,29.06759,65.81302
Kili Muhammad Azam,28.78337,66.3967
Kili Muhammad Azam,29.41596,65.95391
Kili Muhammad Azam,27.64492,65.06884
Kili Muhammad Azam,28.98908,63.61914
Kili Muhammad Azam,28.37799,65.4674
Kili Muhammad Azam,29.17861,65.69005
Kili Muhammad Azam,29.49273,66.23653
Kili Muhammad Azim,28.72604,65.55409
Kili Muhammad Azim,28.87048,63.94021
Kili Muhammad Bakhsh,28.33883,64.44751
Kili Muhammad Bakhsh,28.61969,66.1684
Kili Muhammad Bakhsh Zaik,27.91328,65.88378
Kili Muhammad Buta,29.67194,66.15055
Kili Muhammad Din Boro,30.10195,66.9584
Kili Muhammad Fazal,28.37166,65.71725
Kili Muhammad Ghour,31.5567,68.32414
Kili Muhammad Gul,28.84189,63.92696
Kili Muhammad Gul,28.82618,64.65386
Kili Muhammad Gul,31.46499,67.62724
Kili Muhammad Halim,29.2806,65.80901
Kili Muhammad Hanif,28.73462,65.5717
Kili Muhammad Hasan,30.81661,66.6888
Kili Muhammad Hasan,29.12985,65.57596
Kili Muhammad Hasni,29.88348,66.52031
Kili Muhammad Hassan,30.60852,68.3305
Kili Muhammad Hassan,29.04873,63.8738
Kili Muhammad Hassan,28.56565,66.1407
Kili Muhammad Hassan,27.2482,66.31335
Kili Muhammad Hassani,28.1353,66.2935
Kili Muhammad Hassani,30.07758,66.98201
Kili Muhammad Hassani,30.19429,66.96792
Kili Muhammad Hayat,29.5404,65.44761
Kili Muhammad Hayat,30.08359,66.51434
Kili Muhammad Hayat,28.93091,63.62662
Kili Muhammad Hayat,28.57541,64.65136
Kili Muhammad Hussain,27.88222,65.80991
Kili Muhammad Hussain,29.17826,65.93486
Kili Muhammad Hussain,28.93181,63.8532
Kili Muhammad Hussain,28.9061,64.80609
Kili Muhammad Hussain Sajid,27.88492,65.9336
Kili Muhammad Ibrahim,28.10821,64.52206
Kili Muhammad Ibrahim,29.05729,62.44297
Kili Muhammad Ibrahim,27.00812,66.40239
Kili Muhammad Ibrahim,27.20834,66.2842
Kili Muhammad Ibrahim,28.3038,65.0209
Kili Muhammad Ibrahim,28.6126,65.25964
Kili Muhammad Isa,28.41252,64.6993
Kili Muhammad Isa,30.31333,67.37688
Kili Muhammad Ismail,29.69646,65.74137
Kili Muhammad Ismail,27.86482,65.96964
Kili Muhammad Ismail Chah,28.98726,64.1297
Kili Muhammad Jafar,31.14564,66.90593
Kili Muhammad Jahangir,27.1303,66.31968
Kili Muhammad Jan,30.03535,68.59114
Kili Muhammad Jan,28.59262,65.53656
Kili Muhammad Jan,30.59803,66.49466
Kili Muhammad Jan,29.49148,66.22308
Kili Muhammad Jumma,28.34365,64.62062
Kili Muhammad Jumma,28.38034,64.61054
Kili Muhammad Karim,28.10723,64.51523
Kili Muhammad Karim,28.59266,65.09908
Kili Muhammad Karim,28.96899,66.38115
Kili Muhammad Karim,31.58296,68.41966
Kili Muhammad Karim,31.06806,66.9875
Kili Muhammad Karim Raisani,30.11152,66.94258
Kili Muhammad Khan,29.69173,66.04424
Kili Muhammad Khan,29.13811,65.82102
Kili Muhammad Khan,28.93538,65.49435
Kili Muhammad Khan,28.51232,66.09558
Kili Muhammad Khan,28.34807,65.19597
Kili Muhammad Khan,29.95076,66.47489
Kili Muhammad Khan,29.2156,69.27039
Kili Muhammad Khan,30.06192,66.95123
Kili Muhammad Khan,29.19085,64.35008
Kili Muhammad Khan,29.46911,66.19541
Kili Muhammad Khel,30.00476,66.57284
Kili Muhammad Khān,28.3109,65.0913
Kili Muhammad Mubarik,28.60778,65.26673
Kili Muhammad Murad,29.51542,64.71884
Kili Muhammad Murad,27.02884,66.16941
Kili Muhammad Murad,29.3868,66.28731
Kili Muhammad Musa,27.27421,66.30115
Kili Muhammad Nabi,29.47303,63.50572
Kili Muhammad Niaz Khan,30.20668,66.95828
Kili Muhammad Nur,29.83703,66.35084
Kili Muhammad Nur,29.04171,64.10095
Kili Muhammad Nur,30.77675,68.33376
Kili Muhammad Nur,29.29851,63.99291
Kili Muhammad Nur,28.56767,64.80055
Kili Muhammad Qasim,28.9326,66.47135
Kili Muhammad Rafiq,29.00585,62.46066
Kili Muhammad Rafiq,29.02552,65.34606
Kili Muhammad Rahim,30.05698,67.14598
Kili Muhammad Rahim,28.83208,64.63308
Kili Muhammad Rahim,30.53777,66.85277
Kili Muhammad Rahim,30.08822,67.07632
Kili Muhammad Ramzan,27.04932,66.74772
Kili Muhammad Ramzan,29.05722,65.4746
Kili Muhammad Rasul,30.7617,66.67641
Kili Muhammad Raza,28.98138,64.64661
Kili Muhammad Salam,31.12353,66.94187
Kili Muhammad Saleh,28.67745,65.61906
Kili Muhammad Saleh,27.20936,66.24834
Kili Muhammad Salim,28.44613,63.31867
Kili Muhammad Shahi,29.35422,66.59356
Kili Muhammad Shahi,30.12614,66.9997
Kili Muhammad Shahi,30.10514,66.96996
Kili Muhammad Shahi,30.06159,66.74508
Kili Muhammad Sharif,28.92929,64.97448
Kili Muhammad Sharif,29.49847,65.472
Kili Muhammad Sharif,28.59535,65.10937
Kili Muhammad Siddiqu,30.21042,66.82737
Kili Muhammad Siddique,27.29986,65.33131
Kili Muhammad Siddique,29.58724,66.85823
Kili Muhammad Siddique Qaim Khan Zai,28.02275,66.70366
Kili Muhammad Taj,28.61394,65.26314
Kili Muhammad Umar,29.1753,65.64734
Kili Muhammad Umar,27.20884,66.55247
Kili Muhammad Umar,30.23808,66.98529
Kili Muhammad Umar,28.70369,65.67929
Kili Muhammad Umar Khan Sinjrani,29.20899,64.67381
Kili Muhammad Usman,29.4886,64.7571
Kili Muhammad Usman,29.74523,66.19201
Kili Muhammad Usman,28.39101,65.72898
Kili Muhammad Waris,28.94155,65.07458
Kili Muhammad Waris Khan,30.10822,66.73171
Kili Muhammad Yaqub Khan,31.0817,68.75087
Kili Muhammad Yar,29.47429,66.21362
Kili Muhammad Yousaf,28.77109,66.34831
Kili Muhammad Yousaf,28.96092,63.88703
Kili Muhammad Yousaf Radhani,28.04911,66.63418
Kili Muhammad Yousuf,28.5527,65.57127
Kili Muhammad Yusuf,28.91368,64.96174
Kili Muhammad Zaman,30.09449,66.96867
Kili Muhammad Zaman,29.33362,66.53064
Kili Mukhira,30.74701,67.49596
Kili Mula Abdul Jabbar,31.73623,68.10005
Kili Mula Abdul Qayyum,31.67431,68.42867
Kili Mula Khuda Bakhsh,28.32098,64.45054
Kili Mula Khuda Bakhsh,28.34488,64.37386
Kili Mula Paind,31.14159,66.90917
Kili Mula Shamak,31.71198,68.18577
Kili Mula Shirin,31.70913,68.26704
Kili Mulia Nur Shah,28.90496,64.86779
Kili Mulla Abdul Razaque,29.01553,64.39463
Kili Mulla Abdul Rehman,28.67566,64.7834
Kili Mulla Adam Khan,31.57889,68.43389
Kili Mulla Alam Gul,31.55291,68.68365
Kili Mulla Amir Muhammad,29.28204,65.95477
Kili Mulla Chah,29.27964,63.44647
Kili Mulla Chakar,29.18191,69.28913
Kili Mulla Dad Muhammad,28.55291,65.26862
Kili Mulla Elahi Bakhsh,28.60986,65.55759
Kili Mulla Fateh Khan,31.37273,68.86612
Kili Mulla Gul Muhammad,31.05655,66.98295
Kili Mulla Inam,29.69101,65.68634
Kili Mulla Ismail,28.53102,64.56716
Kili Mulla Jamalluddin Chir Dheli,28.36328,65.23678
Kili Mulla Jan Muhammad,29.15956,63.47315
Kili Mulla Jan Shah,29.28449,65.86658
Kili Mulla Jani,30.34743,69.2458
Kili Mulla Kalat,28.99425,63.5741
Kili Mulla Khel,30.24798,67.01773
Kili Mulla Khel,30.43454,67.06657
Kili Mulla Khel,30.28581,67.04556
Kili Mulla Muhammad Azam,29.19583,63.4749
Kili Mulla Muhammad Bakhsh,28.59211,65.30128
Kili Mulla Muhammad Bakhsh,29.22123,63.94567
Kili Mulla Muhammad Raza,28.90309,66.68819
Kili Mulla Nasir Muhammad,28.4989,65.341
Kili Mulla Nur-ud-din,30.20858,66.56267
Kili Mulla Pai Muhammad,31.136,66.93119
Kili Mulla Qadir Bakhsh,27.27989,65.31465
Kili Mulla Shado,30.54576,66.96672
Kili Mulla Shah Muhammad,31.22852,66.98058
Kili Mulla Shehdad,28.6654,65.59682
Kili Mulla Sher Ali,31.08844,66.90065
Kili Mulla Sher Muhammad,28.45521,64.85435
Kili Mulla Wazir,31.16367,66.8833
Kili Mullah Ghaib,29.46975,63.51471
Kili Mullah Hayat,29.08447,65.81368
Kili Mullam Faiz Muhammad,27.19406,66.25509
Kili Mullan Abdullah,27.21532,66.29479
Kili Mullan Fateh Muhammad,27.02291,66.17853
Kili Mullan Karim Bakhsh,27.43946,66.32803
Kili Mullan Khel,30.25267,66.89273
Kili Mullan Nauhad,27.13972,66.29595
Kili Mullan Yar Muhammad,27.17153,66.31427
Kili Mullazai,28.40663,66.13087
Kili Multani,30.8824,68.44601
Kili Munat,30.61661,66.44089
Kili Murad Bakhsh,29.64654,66.11197
Kili Murad Khan,27.27115,66.46145
Kili Murad Khan,27.97161,65.79997
Kili Murad Khan,29.67575,66.32192
Kili Murgha,31.03763,67.45943
Kili Musa,30.60021,66.30766
Kili Musa Jan,31.36363,68.80351
Kili Musa Khan,28.74711,63.86935
Kili Musa Khan,29.22446,64.71908
Kili Musa Khan,31.62538,68.461
Kili Musa Khan,29.32614,66.52888
Kili Musa Khan,28.72688,65.66243
Kili Musa Khan,31.00215,67.11444
Kili Musafer Baloch,27.45611,65.44188
Kili Musafir,28.97739,63.64173
Kili Mustafa,28.92845,64.96953
Kili Mustafa Khan,29.65624,66.24409
Kili Mustafa Khan,29.375,64.04945
Kili Mustimabad,30.17964,67.83751
Kili Nabi Bakhsh,29.0979,65.89506
Kili Nabi Dad,28.63372,65.4892
Kili Nabu,30.5844,66.39498
Kili Nadir,30.63549,66.70905
Kili Nadir Khan,29.61527,65.56338
Kili Nadir Khan,30.94208,66.57666
Kili Nagot,28.8119,65.25681
Kili Naib Khan,30.65269,66.37673
Kili Naib Khan Qandil,30.98136,67.09912
Kili Naichari,28.34248,66.18026
Kili Naik Muhammad,30.95283,66.54475
Kili Naik Muhammad,29.18901,65.70174
Kili Naik Muhammad Mengal,28.31564,66.12919
Kili Nakhal,31.32749,69.95504
Kili Nakhel,30.27729,66.89096
Kili Nali,28.83027,63.7836
Kili Nali,30.84182,68.03106
Kili Naqib,28.84964,65.31743
Kili Naro,28.39533,65.52367
Kili Nashk,30.77592,67.09127
Kili Nasir Muhammad,27.3437,66.32932
Kili Nasiran,30.38278,66.97889
Kili Nasiran,30.24167,67.04833
Kili Nasran,30.40083,68.56244
Kili Naukar Khan,29.69454,66.37519
Kili Nauraz,29.73748,66.1919
Kili Nautak,30.84219,68.05944
Kili Nawab,29.2918,63.48754
Kili Nawab Khan,29.65964,66.38508
Kili Nawab Raisani,30.1783,66.99315
Kili Nazar,30.82649,66.69854
Kili Nazar Gul,30.80806,66.59611
Kili Nazar Gul,30.8369,66.5375
Kili Nazar Jhalawan,28.58925,65.42425
Kili Nazar Muhammad,28.8051,63.9891
Kili Nazar Muhammad,29.53216,66.11571
Kili Nazar Muhammad,30.87446,66.53459
Kili Nazar Muhammad,28.54599,65.45589
Kili Nazar Muhammad,28.76196,65.32771
Kili Nazar Muhammad,30.06496,67.17114
Kili Nazar Muhammad,31.19818,66.97931
Kili Nazarzai,28.57504,65.0874
Kili Nazer Hussain,31.18077,67.15868
Kili Nazir Ahmad,28.94818,65.04452
Kili Nehal Khan,29.91134,66.77704
Kili Nek Muhammad,28.83423,64.55859
Kili Nek Muhammad,29.19899,63.38715
Kili New Bangu,30.14964,66.97965
Kili New Nichari,30.21168,66.98974
Kili Newabad,30.15815,66.978
Kili Niam Bela,29.44043,65.9384
Kili Niamat,30.48972,66.48456
Kili Niamat Khan,31.15327,67.13967
Kili Niaz Muhammad,28.61243,65.56928
Kili Niaz Muhammad,28.55705,65.28323
Kili Niazabad,30.11537,66.73214
Kili Nihal,29.42609,65.96005
Kili Nikko,28.3172,65.0536
Kili Nilgan,29.23323,63.49426
Kili Nizamuddin,29.17558,67.46668
Kili Nobat,27.7023,66.78215
Kili Nok Bandag,29.13307,64.71809
Kili Nokabad,27.39903,64.98842
Kili Nokjo,29.49591,65.97005
Kili Noor Muhammad,28.97245,64.01933
Kili Nosherwan,29.17708,65.6453
Kili Nugai Nesha,30.72885,68.32498
Kili Nur Ahmad,29.559,65.72113
Kili Nur Ahmad,28.92169,65.45527
Kili Nur Ahmed,28.92126,65.49353
Kili Nur Bakhsh,29.29013,66.11291
Kili Nur Bakhsh,28.58524,64.2253
Kili Nur Bakhsh,29.63347,66.13605
Kili Nur Khan,29.53657,66.05388
Kili Nur Khan,29.22754,65.94843
Kili Nur Khan,28.98925,65.2661
Kili Nur Khan,30.00207,67.09099
Kili Nur Muhammad,27.88463,65.77759
Kili Nur Muhammad,28.53523,66.15332
Kili Nur Muhammad,28.69604,65.64595
Kili Nur Muhammad,29.21274,65.60302
Kili Nur Muhammad,30.97455,66.77774
Kili Nur Muhammad,31.21243,66.9965
Kili Nur Muhammad,28.87758,64.76735
Kili Nur Muhammad,31.03425,67.1709
Kili Nur Muhammad,31.11089,68.26983
Kili Nur Muhammad,30.05967,67.13958
Kili Nur Muhammad,28.33974,64.38911
Kili Nur Muhammad,29.01984,64.52039
Kili Nur Muhammad,29.38738,66.57238
Kili Nur Muhammad,29.21518,64.40064
Kili Nur Muhammad Mardan,28.51377,66.15464
Kili Nur Muhammad Shai,30.08617,67.26478
Kili Nur Shah,29.38008,63.94335
Kili Nur-ullah,28.92758,64.25537
Kili Nurullah,28.44108,64.83479
Kili Nurzai,30.55268,66.57179
Kili Obashtai,31.11703,68.15229
Kili Olangi,28.78894,65.24295
Kili Olangi,28.78073,65.27393
Kili Padag,29.03236,65.36795
Kili Padag,29.04054,65.39057
Kili Paden,29.71718,66.40054
Kili Pahashte Shonk,28.0195,62.82898
Kili Painda Khan,30.81326,68.58162
Kili Painda Khan,30.22816,66.98475
Kili Paitab,28.0328,62.81993
Kili Palli Mas,27.37802,66.48968
Kili Palya Khan,29.60842,66.28837
Kili Pandai,31.31394,68.85666
Kili Pandrani,29.94945,66.7642
Kili Parkani,30.13879,66.98519
Kili Paru,28.92748,65.23519
Kili Pasand Khan,27.93754,65.80429
Kili Pasand Khan,27.43534,66.2851
Kili Pasand Khan,29.63775,66.3928
Kili Pasi,28.04143,63.25888
Kili Pasondi,31.64096,69.40618
Kili Pehalwan Urak Muhammad,30.88218,66.43523
Kili Pesha,30.85452,67.03699
Kili Pharsi,29.36017,64.70979
Kili Pholad,27.02955,66.14941
Kili Pindokh Khan,29.40462,65.73106
Kili Pindokzai,28.49086,65.51692
Kili Pir Dad Khan,29.40548,64.0256
Kili Pir Jan,28.6067,65.2651
Kili Pir Muhammad,31.55831,68.01388
Kili Pir Muhammad,28.45287,64.91093
Kili Pir Muhammad,29.44553,63.46702
Kili Pitao Bianzai,30.61397,67.00185
Kili Poti Nasiran,30.40003,66.96214
Kili Punga,30.19541,67.75266
Kili Qaba,30.45568,67.60186
Kili Qaba,30.4607,67.58317
Kili Qabul,29.37366,65.62821
Kili Qabul,29.36304,65.63735
Kili Qadar Bakhsh,28.43191,65.38058
Kili Qadar Bakhsh,29.334,66.25985
Kili Qadir Bakhsh,27.49051,66.28874
Kili Qadir Bakhsh,29.6362,65.98332
Kili Qadir Bakhsh,29.32346,64.36203
Kili Qadir Bakhsh,27.37744,65.88765
Kili Qadir Bakhsh,27.83654,65.791
Kili Qadir Bakhsh,28.52538,65.38279
Kili Qadir Bukhsh,29.31362,63.48979
Kili Qadir Bukhshi,28.65462,61.81523
Kili Qadirabad,29.59278,66.01097
Kili Qadirabad,28.47474,66.62095
Kili Qadirdad,31.29481,68.80569
Kili Qadus Khan,29.17192,64.68523
Kili Qaim Khan,28.89945,65.49214
Kili Qaim Khanzai,29.08218,66.42713
Kili Qamar-ud-Din,27.84726,66.17774
Kili Qamaruddin,30.22246,66.55747
Kili Qambrani,28.30732,66.05487
Kili Qari Nida Muhammad,31.10616,66.88171
Kili Qasar,31.43513,69.77742
Kili Qila Khan,31.02502,66.94504
Kili Ragha,30.28934,67.01164
Kili Ragha,30.67531,68.55055
Kili Raghah Dadak,31.42935,69.77437
Kili Rahamn Zai,29.19725,65.67663
Kili Rahim,30.24346,66.98949
Kili Rahim,29.26801,66.1206
Kili Rahim Bakhsh,28.41283,66.18795
Kili Rahim Bakhsh,28.31576,64.29238
Kili Rahim Dad,28.46382,64.55254
Kili Rahim Gul,30.28018,66.89994
Kili Rahim Khan,30.18627,67.42744
Kili Rahim Khan,31.6726,68.62365
Kili Rahim Ullah,28.9069,64.95099
Kili Rahimdad,27.4198,66.36187
Kili Rahm Dil,30.07401,66.5791
Kili Rahmanzai,30.5801,66.67394
Kili Rahmanzai,30.60905,66.63604
Kili Rahmatullah,27.02177,66.23265
Kili Rahmatullah,28.0396,63.2526
Kili Rais Ghulam Muhammad,27.7106,66.78385
Kili Rais Jara Khan,28.56312,66.1193
Kili Rais Khan,29.60342,66.1318
Kili Rais Lal Bakhsh,28.5022,66.14167
Kili Rais Muhammad Khan,27.71893,66.79461
Kili Rak,29.21651,63.48049
Kili Rakham Khan,29.35754,64.63957
Kili Raki,29.14683,63.43739
Kili Ramzan,31.38227,69.7882
Kili Ramzan,30.19888,66.95577
Kili Ranmat Ullan,28.31623,64.29763
Kili Rasanan,31.32747,68.97454
Kili Rashid Talib,30.60428,67.03347
Kili Rasul Bakhsh,29.13252,64.32277
Kili Rasul Bakhsh,27.65127,64.23198
Kili Rasul Bakhsh,29.00891,65.30615
Kili Rasul Bakhsh,30.02884,67.12413
Kili Rasul Bakhsh,29.21339,64.7006
Kili Rasul Bokhsh,28.57151,64.77845
Kili Raz Muhammad,30.88623,66.61905
Kili Raz Muhammad,30.04705,68.70849
Kili Raz Muhammad,30.3198,67.39024
Kili Raza Muhammad,28.31512,65.16925
Kili Raza Muhammad,28.47739,64.97073
Kili Razai,28.75793,65.19928
Kili Razi,28.94338,65.45075
Kili Rehman Khan,29.28282,64.18055
Kili Rehmanzai,28.56495,65.55698
Kili Rehmat,27.04495,66.3931
Kili Rehmatullah,28.73785,65.65537
Kili Rehmatullah,27.43258,66.40159
Kili Reko,28.90201,65.21485
Kili Reko,28.56785,65.12039
Kili Rihan,29.28895,66.12131
Kili Rindabad,30.18111,66.98239
Kili Risaldar,30.10961,66.97048
Kili Rishwank,28.85907,65.19308
Kili Rodini,29.61427,66.40028
Kili Rodini,30.1443,66.52033
Kili Ronian,27.40518,65.76079
Kili Ros,27.27383,63.41756
Kili Rosdin,31.32658,68.87271
Kili Rozi Khan,31.68175,68.62901
Kili Rozi Khan,31.50024,68.64711
Kili Rozi Khan,31.63276,68.43565
Kili Rozi Khan,31.68493,68.39301
Kili Rustam,29.18555,65.6534
Kili Rustam,31.35976,68.90802
Kili Rustam Burhanzai,28.9258,63.7369
Kili Rustam Khan,28.64334,64.83098
Kili Sabil,30.24392,66.92642
Kili Sabiq Shah,29.53267,64.73807
Kili Sabzal Khan,30.07948,67.07609
Kili Sadiq,27.16687,66.32032
Kili Sadiq,31.20452,69.67364
Kili Sadullah,27.18554,66.27446
Kili Sadullah,30.44044,66.47198
Kili Saeed Khan,30.22629,66.53031
Kili Safar Khan,28.45807,64.86481
Kili Saffar Khan,31.50585,67.73933
Kili Saffar Khan,31.16293,67.2324
Kili Safian,30.47315,67.0575
Kili Saghzai,30.88276,66.52808
Kili Sahib Jan,30.80522,68.1593
Kili Sahib Khan,30.59999,66.40907
Kili Sahib Khan,30.23465,66.9698
Kili Sahib Khan,28.9499,65.40251
Kili Sahib Khan Jat,29.18885,68.17813
Kili Said,30.73661,66.90635
Kili Said Khan,28.75783,66.40511
Kili Said Khan,28.0462,63.3118
Kili Said Khan,28.6926,65.59974
Kili Said Muhammad,30.95536,66.78216
Kili Said Muhammad,29.80698,66.3437
Kili Saidabad,28.5808,65.16577
Kili Saidal Kachh,30.13419,66.58917
Kili Saidu Wal,29.50377,65.70126
Kili Sain Khandar,28.71649,65.31968
Kili Sair Shah,29.62768,65.56345
Kili Saiyid Abdul Majid,29.22756,64.69849
Kili Saiyid Faqirdad,29.27998,64.46873
Kili Saiyid Gul Amir Shah,29.31693,64.43447
Kili Saiyid Halim,29.92993,66.71025
Kili Saiyid Muhammad Shah,30.16867,66.97622
Kili Saiyid Qadir,29.23461,64.67956
Kili Saiyid Sultan Muhammad,29.41269,65.95031
Kili Saiyidan,29.97544,66.74363
Kili Saiyidan,30.2469,66.98335
Kili Saiyidan,30.72465,66.65053
Kili Saiyidān,30.24711,66.98378
Kili Sajid,27.90448,65.93108
Kili Sakam Sakan,30.6525,66.35162
Kili Sakhi Bahadar Khan,29.06849,64.31657
Kili Sakhi Behram Khan,29.18938,65.1154
Kili Sakhi Malik Khuda Bakhsh,28.98354,65.22185
Kili Sakhi Mazar,29.44094,65.69597
Kili Sakhi Muhammad Azeem,28.91085,65.16979
Kili Sakhi Nek Muhammad,29.33866,64.5352
Kili Sakhi Sultan,28.33604,64.41233
Kili Salaiman,27.3729,66.47571
Kili Salam,30.57946,66.2914
Kili Saleh Din,30.71396,67.44104
Kili Saleh Muhammad,29.69495,65.73031
Kili Saleh Muhammad,27.36295,66.34601
Kili Saleh Muhammad,28.57673,65.29793
Kili Saleh Muhammad,29.80583,66.51084
Kili Saleh Muhammad,29.69986,66.03675
Kili Salim Khan,29.285,64.20562
Kili Salimabad,28.43791,65.68089
Kili Samalabad,30.26359,66.96832
Kili Samalani,29.90978,66.6235
Kili Samiza,30.7243,67.4305
Kili Sanad Khan,29.08663,65.52996
Kili Sanat,30.73824,66.33495
Kili Sangin,29.52749,65.56972
Kili Sanjar Khan,27.29147,65.37568
Kili Sapairkal,31.6359,68.03197
Kili Saqi,30.80605,66.59691
Kili Sar Jangal,28.58472,66.15484
Kili Sara Khwa,31.15039,66.90004
Kili Sarangzai,30.27429,67.15459
Kili Sarap,27.92396,65.94018
Kili Sarawan,28.57258,65.52874
Kili Sardah Number One,30.11655,66.96205
Kili Sardah Number Two,30.11992,66.96818
Kili Sardai Allah Gul Sasoli,30.13331,66.43572
Kili Sardar,30.94255,66.5733
Kili Sardar Bahawal Khan,30.04975,67.13076
Kili Sardar Gowahram Khan,29.7037,65.72523
Kili Sardar Hasim Khan,28.89593,64.40233
Kili Sardar Khan,31.33999,68.4151
Kili Sardar Khuda Bakhsh,29.30129,63.53484
Kili Sardar Mahmud,29.38329,65.67938
Kili Sardar Wali,31.35647,68.81147
Kili Sardor Yousaf Khan Sasoli,27.66773,66.80392
Kili Sari,30.47904,67.48871
Kili Sarnai,31.12189,69.55146
Kili Sarrai,31.21197,69.70041
Kili Satak Zai,30.04547,67.25145
Kili Satowai,31.18323,68.89064
Kili Sattara,29.88355,67.30152
Kili Sepa Ruke,31.19582,68.88433
Kili Sera Dola,31.21204,68.89366
Kili Seragara,31.16635,68.89103
Kili Serday,30.10453,66.95886
Kili Shabak,30.29111,67.06762
Kili Shabaz,29.46515,63.34253
Kili Shabo,30.22388,66.9951
Kili Shad Ban,27.39792,66.34509
Kili Shadar Khan,30.75254,66.64167
Kili Shadezai,30.26649,67.1899
Kili Shadi Khan,28.49373,64.92163
Kili Shadi Khan,30.22139,66.97133
Kili Shadlan,28.1239,64.47084
Kili Shafait Khan,31.24043,70.21495
Kili Shafat,28.59834,65.54605
Kili Shafi Muhammad,29.52272,66.21883
Kili Shafi Muhammad,27.44479,66.35189
Kili Shafi Muhammad,29.55145,64.80066
Kili Shafi Muhammad,28.43648,65.4666
Kili Shafique Khan,31.31325,68.333
Kili Shah Ali,29.17301,69.26919
Kili Shah Baig,28.33506,66.08718
Kili Shah Bakhsh,30.01375,67.10844
Kili Shah Dad,29.21127,65.5682
Kili Shah Gul,31.1371,66.92803
Kili Shah Jahan,29.35911,63.65659
Kili Shah Jahan,29.03934,64.43708
Kili Shah Jahan,28.32176,64.49051
Kili Shah Jehan,28.31809,64.50506
Kili Shah Mauladad,29.25406,66.09752
Kili Shah Miran,29.93437,66.71397
Kili Shah Muhammad,27.00976,66.14199
Kili Shah Muhammad,28.51149,65.35943
Kili Shah Muhammad,29.09547,65.86933
Kili Shah Muhammad,30.37164,66.76254
Kili Shah Muhammad Tankai,29.1869,61.62479
Kili Shah Murad,28.8162,65.32443
Kili Shah Murad,28.53697,65.43188
Kili Shah Murad,29.02687,64.38967
Kili Shah Nawaz,30.10084,66.97948
Kili Shah Nawaz,29.80687,66.69208
Kili Shah Nawaz,30.04895,67.12334
Kili Shah Nazar,29.47139,63.63436
Kili Shah Sawar,28.75768,64.243
Kili Shah Swan,29.63309,66.37714
Kili Shah Wali,31.23876,66.99578
Kili Shah-e-Mardan,30.18693,67.45166
Kili Shah-i-Mardan,29.29829,66.86664
Kili Shahabad,28.98769,63.56808
Kili Shahabad,30.12884,66.74253
Kili Shahbaz,30.8315,67.62651
Kili Shahdini,29.99679,66.48786
Kili Shahdinkor,28.46976,65.50333
Kili Shahkir,29.03186,64.38665
Kili Shahla,30.46547,67.60188
Kili Shahmir,31.02284,67.45123
Kili Shahu,31.33097,68.93451
Kili Shahwani,30.06508,67.17147
Kili Shahwani,28.47832,65.52369
Kili Shaikal,28.84559,64.77091
Kili Shaikh,30.06196,67.26195
Kili Shaikh,27.69353,66.83876
Kili Shaikh Daud,27.38483,66.31725
Kili Shaikhan,29.80653,66.84957
Kili Shaikhan,30.18193,66.99146
Kili Shaikhan,30.64248,69.9583
Kili Shaikhan,31.75436,69.7245
Kili Shakar Khan,30.09297,67.08458
Kili Shakar Muhammad,28.4449,65.3021
Kili Shakardin,29.39084,66.47802
Kili Shakarzai,30.24856,66.9741
Kili Shakh,31.0269,67.07397
Kili Shakkar Khan,29.39617,66.65109
Kili Shakur,30.69891,66.45964
Kili Shakur Malezai,30.79187,66.96671
Kili Shamak,30.75755,66.67557
Kili Shamali Anjiri,28.01311,66.55763
Kili Shamamzai,31.15127,69.49784
Kili Shamas-ud-Din,30.53576,66.96156
Kili Shamas-ud-Din,30.15824,66.45411
Kili Shaozai,30.19599,66.98706
Kili Shapche,29.54722,66.39672
Kili Sharah,30.46492,67.58225
Kili Sharai,31.12708,69.54246
Kili Sharakh,28.4822,66.24695
Kili Sharbat Khan,29.60634,66.36548
Kili Sharbat Khan,29.60412,66.35911
Kili Sharif Khan,29.42656,65.94274
Kili Sharif Khan Nuli,28.81922,63.71946
Kili Sharifabad,30.15247,66.97029
Kili Shas,31.35228,69.9267
Kili Shehmasha,31.14869,69.62047
Kili Sheikh,31.78863,68.52663
Kili Sheikhan,30.21776,67.71307
Kili Sheikhan,30.45526,66.94013
Kili Sheikhan,31.15529,69.95515
Kili Shekhan,30.2967,67.35644
Kili Shekhan Jirga,30.29697,67.40213
Kili Sher Jan,31.58041,68.44428
Kili Sher Jan Agha,29.59428,66.22836
Kili Sher Khan,29.71596,66.3366
Kili Sher Khan,29.30014,65.86317
Kili Sher Khan,30.34679,69.23923
Kili Sher Khan,30.34261,69.25361
Kili Sher Muhammad,30.32837,67.40225
Kili Sher Muhammad,30.62888,67.5791
Kili Sher Muhammad,26.28635,64.74801
Kili Sher Muhammad,30.04302,67.12677
Kili Sher Muhammad,31.47723,68.59966
Kili Sher Muhammad,29.92715,66.77178
Kili Sher Muhammad,27.34625,63.68764
Kili Sher Muhammad,27.20093,66.2398
Kili Sher Muhammad,27.15113,66.27052
Kili Sher Muhammad,29.48707,66.20821
Kili Sher Muhammad,27.34376,66.3855
Kili Sher Muhammad Tagak,28.38643,66.1735
Kili Sher Nawab,30.07896,67.21434
Kili Sher Shah,31.56322,68.34854
Kili Sherani,30.19944,66.98807
Kili Sherbano,27.1577,66.18956
Kili Sherghunda,30.61763,67.10341
Kili Sherin,31.1709,67.31912
Kili Sheyan,28.5297,65.48296
Kili Shimmay,28.09902,66.11264
Kili Shina,30.7535,68.36397
Kili Shina Shila,30.21647,67.75484
Kili Shinband,31.67205,68.0978
Kili Shingro,29.28367,63.28927
Kili Shirin Shaikhan,30.55853,69.78509
Kili Shoap,29.02812,65.90855
Kili Shomozai,30.2736,67.17703
Kili Shorang,31.43718,67.99038
Kili Siah Reg,29.14811,62.11392
Kili Sibbi,28.52675,65.51007
Kili Sikandar Khan,31.35183,68.41282
Kili Singhnar,28.80887,66.57887
Kili Sires,28.43128,65.5049
Kili Siri Kalag,28.73617,65.15357
Kili Sitki,28.58197,65.08024
Kili Smar Khan,27.31788,66.46143
Kili Soe Malik Mehrab Khan,30.45521,67.48579
Kili Sohai,31.2701,68.80307
Kili Sohbat Khan,30.78443,68.36845
Kili Solar,27.12817,66.70203
Kili Soro,30.66832,67.39412
Kili Spre,31.66078,69.41985
Kili Sra Gurgai,30.28352,67.01911
Kili Sri Toi,31.67402,69.41414
Kili Sufi Abdul,29.36413,63.9618
Kili Sufi Hasan,30.95409,66.68984
Kili Sufi Qadir Bakhsh,28.81885,65.31612
Kili Suhrab,30.05937,67.22097
Kili Sulaiman Zai,31.11334,69.538
Kili Suleman,27.23063,66.32572
Kili Suleman,29.16593,63.8418
Kili Sultan,30.27289,67.60399
Kili Sultan Khan,31.72106,68.63688
Kili Sultan Mohammad,29.57956,65.52667
Kili Sultan Muhammad,28.95968,64.69102
Kili Sultan Muhammad,27.94583,65.81343
Kili Sultan Muhammad Khel,28.54226,65.50983
Kili Sultan Piaz,30.80726,66.95373
Kili Sultan Shah,29.72167,65.79023
Kili Sumalani,30.11032,66.99039
Kili Sumalani,30.11295,66.96223
Kili Sumalani,30.09022,66.94313
Kili Sumalani,28.29304,66.14876
Kili Sur,30.20332,67.70203
Kili Surat Khan,31.18345,67.18605
Kili Surkhab,29.38977,65.94342
Kili Syed Abdul Baqi,30.49495,66.96173
Kili Syed Abdul Khaliq,28.53496,65.39926
Kili Syed Gulab Shah,27.18456,66.2547
Kili Syed Habibullah,30.20598,66.53836
Kili Syed Kalan,30.22766,66.55797
Kili Syed Muhammad Khan,28.32666,64.35943
Kili Syed Nur Muhammad,28.52125,65.37141
Kili Sūrgazo,28.2507,65.0946
Kili Tabas Khan,28.88064,65.33054
Kili Tafui,29.24386,65.81669
Kili Taikaig,28.37531,66.18032
Kili Taj Muhammad,29.19774,64.69378
Kili Taj Muhammad,30.1234,66.9848
Kili Taj Muhammad,30.29171,69.9012
Kili Taj Muhammad,29.23066,65.90264
Kili Tajakabad,30.15744,66.97072
Kili Takhoi,31.11766,69.54384
Kili Takrai,31.7476,68.37697
Kili Takri,29.27042,66.10457
Kili Takri Dur Muhammad,30.10362,67.30811
Kili Takri Gol Dad,29.8038,66.39033
Kili Takri Qadir Bakhsh,27.20083,66.23156
Kili Takri Rahim Bakhsh,28.9842,66.63504
Kili Takri Raza,29.93247,66.75676
Kili Talank,28.40162,64.62462
Kili Talban,30.58287,66.98452
Kili Tamaz Khan,28.5469,65.4558
Kili Tamur Khan,29.28574,64.1937
Kili Tank,28.77977,65.27949
Kili Tarkhan,30.21654,66.96386
Kili Tash,29.45119,66.31462
Kili Taus Khel,30.25006,66.96514
Kili Terati,28.49089,65.50259
Kili Thekedar Sh,30.25888,66.88746
Kili Tirkha,31.41785,67.74756
Kili Tirkha Manda,30.24401,66.53345
Kili Titi,28.5482,65.50503
Kili Tondai,28.44347,65.30364
Kili Tor Tangi,30.74212,66.45493
Kili Trawa Chungi,30.85108,68.39766
Kili Trip Gharibabad,27.38318,65.43385
Kili Tur Khan,30.24387,66.99452
Kili Ubaidullah,27.44905,66.29036
Kili Umar,28.24031,66.40022
Kili Umar Dargai,31.03256,67.10355
Kili Umar Shah,29.51014,64.7809
Kili Umar Shah Dostin,29.52661,65.437
Kili Umar Shah Khan,31.05639,66.87762
Kili Umarabad,30.13047,66.38798
Kili Usman,29.08925,65.80055
Kili Usman,29.08539,65.79891
Kili Usman Ghani,30.51471,69.23777
Kili Usman Khan,29.90096,66.96748
Kili Usmanabad,30.28624,66.96459
Kili Usmanzar,30.44657,66.35907
Kili Vakil Samand,31.45269,67.97987
Kili Viyardin,27.6541,64.07694
Kili Wadera Abdat Nabi,28.14317,66.75212
Kili Wadera Ahmad Khan,28.51549,66.88736
Kili Wadera Majid,30.06585,67.26354
Kili Wadera Yaqub,29.58281,66.39585
Kili Wagra,30.18979,67.8335
Kili Wahid Bakhsh,28.37628,67.3747
Kili Wahshboi,28.5756,65.1289
Kili Wal,30.76958,66.93187
Kili Walang Haqdad,31.07588,67.41766
Kili Walang Sakhidad,31.12596,67.41577
Kili Wali Muhammad,29.96851,66.72262
Kili Wali Muhammad,30.08175,66.56387
Kili Wali Muhammad,28.78162,65.39699
Kili Wali Muhammad,30.03462,68.70395
Kili Wali Muhammad Nuli,28.81725,63.70781
Kili Walid,27.04161,66.16439
Kili Walla,30.2954,67.3704
Kili Walmi Babar,31.29273,69.59511
Kili Wareh,27.37472,66.44246
Kili Warhi,28.7845,65.32179
Kili Waris,28.5625,65.53409
Kili Waris Khan,28.83833,65.45068
Kili Wazir,31.34839,68.96564
Kili Wazir Khan,30.1693,66.9772
Kili Wazir Khan Sinjrani,29.12307,64.69748
Kili Wazir Muhammad,28.0409,62.77046
Kili Wazir Muhammad,31.11497,66.87951
Kili Wiar,30.59951,69.98386
Kili Won Kharizai,31.02591,67.22558
Kili Yaqub,27.3237,66.44924
Kili Yaqub,29.94149,66.76163
Kili Yaquba,30.68338,67.49792
Kili Yaquhzal,29.81204,66.86579
Kili Yar Muhammad,28.99605,66.5932
Kili Yar Muhammad,28.69721,65.73945
Kili Yar Muhammad,29.55885,64.80412
Kili Yar Muhammad,29.2609,66.21433
Kili Yar Muhammad Khan,29.35954,64.6512
Kili Yar Muhammad Shahwani,29.89914,66.4529
Kili Yar Muhammad Yaru,30.02239,66.73692
Kili Yasin,29.89825,66.41444
Kili Yusuf Khan,29.91396,66.68575
Kili Zabir Khan,30.93479,66.57569
Kili Zaffran,30.63206,66.42494
Kili Zafram,30.94274,66.54198
Kili Zaik,27.89492,65.85694
Kili Zainuddin,29.61249,65.55701
Kili Zaman,30.84532,68.246
Kili Zamin Khan,29.96234,66.71779
Kili Zangi Nawar,29.43682,65.78712
Kili Zangiabad,29.42093,66.0002
Kili Zardad,28.71586,65.54792
Kili Zarghun,30.20221,67.21337
Kili Zargi Khan,28.91187,63.57506
Kili Zarif Khan,30.29159,67.37446
Kili Zarin,29.52202,66.02
Kili Zarozai,28.55122,65.09061
Kili Zarrin Jungle,29.24955,65.93538
Kili Zawa,30.46086,67.54899
Kili Zehri,28.37391,66.15593
Kili Ziaba,31.36157,68.84736
Kili Ziarat Dastagir,29.51439,66.01176
Kili Zori,28.24607,66.9358
Kilil Karchhap,29.35098,66.44912
Kill Muhammad Ali Pehlwan,30.95894,66.55087
Killi Ali Dost,28.921,69.26707
Killi Ali Dost,28.98626,69.40862
Killi Beh,28.94395,69.31766
Killi Doctor Abdul Rehman,28.96542,69.39153
Killi Geti,29.27179,66.77723
Killi Gul Khan Lehri,28.43032,67.94014
Killi Haji Abdur Rehman,31.03248,66.95909
Killi Haji Taj Muhammad,30.04074,66.39238
Killi Ibrahim,28.79421,63.97911
Killi Jano Barhui,29.29806,66.0726
Killi Lal Muhammad,30.08882,66.38523
Killi Lashkar Khan,30.09884,66.35538
Killi Malik Abdul Ghani Pirkani,30.07426,66.40695
Killi Malik Ismail,28.99276,63.89067
Killi Malik Qadir Bakhsh,28.995,65.2674
Killi Pathan,28.98294,69.38448
Killi Sahib Khan,29.41605,66.17446
Killi Sardoar Hashim Pirkani,30.05887,66.39435
Kiln Malik Abdur Razzaq,30.52839,66.98086
Kimli Kili,27.78081,64.29555
Kinai,30.68444,68.54038
Kinchu,27.41184,66.85302
King Kai Mind,31.66278,69.4502
Kingi Faqir,25.15946,66.76481
Kingri,30.44361,69.81306
Kiralabad,30.65248,67.03706
Kirar Kand,28.43978,67.46234
Kirdgap,29.6427,66.41967
Kiri Shar Ali,29.86623,66.58881
Kirir,27.288,67.04735
Kirku Kili,27.71974,66.13405
Kirli Sardar Wali Muhammad,28.89218,64.555
Kirmani,28.4738,67.71967
Kirmi Chat,26.17853,62.04659
Kirta,29.6076,67.48808
Kirtaka,29.46442,61.39563
Kisano,26.12625,62.38898
Kishan,29.21181,66.82317
Kishari,26.91876,64.92919
Kishari,29.08737,66.05952
Kishari Bagh,26.40035,66.32712
Kishari Bent,26.66481,66.49559
Kishingi,29.59187,66.15538
Kissan,28.65997,65.79591
Kitak,27.90162,66.30281
Kithagi,28.08333,63.3
Kiti Rahim Khan,28.8226,64.70562
Kito,28.36724,65.39603
Kiwan,31.08229,70.12869
Kiya Kalat,25.32818,62.30346
Kiyara,30.81746,70.18605
Kiyazai,27.7766,66.54337
Kiyazi Kili,28.68387,66.14981
Kiza Manda,31.39435,69.70817
Klair Kuchh,25.49308,62.22392
Klak,31.18333,67.41667
Klak,31.13487,67.44129
Knuda Bakhsh,25.29855,64.37446
Koar,25.38333,64.11667
Koban,25.79465,62.69787
Kocha,27.50826,65.94245
Kochah,25.54555,62.86074
Kochau,27.42155,66.35861
Kochha,28.38611,67.38072
Kochhu,28.55238,66.71065
Kocho,27.78963,66.30442
Kodak,27.73144,65.86908
Kodarav,28.21429,66.82242
Kodi Mara Zakriani,30.04233,69.77128
Kodi Shaikh,30.04706,69.78061
Kodin,30.6131,67.55027
Koghai Tsah,30.83202,69.26905
Koh Bun,25.25789,62.96339
Koh-i-Bal,27.66722,64.83049
Koh-i-Nur Kili,30.94259,66.47471
Kohai,30.61806,68.06806
Kohaluien Bent,25.53333,64.38333
Kohana Chah,28.3,64.52343
Kohar,26.12643,62.4342
Kohar Kalatuk,26.12088,62.46311
Kohda Abdul Hakim,26.63756,63.41122
Kohi,27.28647,65.73691
Kohi,31.06998,69.49198
Kohing,29.06563,66.59276
Kohiwal,28.82478,64.73527
Kohlu,29.903,69.231
Kohna Kalat,26.93235,64.76267
Kohuribal,25.37778,63.875
Kohyan Kili,31.01834,69.1007
Koi,28.34224,66.08423
Koi Chah,28.28023,64.25781
Koibar,31.00796,67.87963
Kolai,30.8412,67.18537
Kolaro,28.12517,66.16737
Kolaro Sarap,28.10968,66.13858
Kolat,30.0604,67.22086
Kolenj,26.62498,65.57587
Koli China,30.97393,67.96699
Koli Malagi,27.29484,66.57133
Kollu,29.15746,66.50657
Kolpur,29.90321,67.13313
Kolpur,29.19566,66.83007
Kolwa,26.03333,64.3
Komal Goth,26.98824,66.21181
Kondi,27.52788,65.7906
Konj,27.51798,66.17129
Kopchani,26.40361,62.52969
Koqaba Dera Nur Muhammad Mandrani,28.81179,69.17723
Kor Haji Mir Khan,28.38531,68.34343
Kor Melan,31.06865,68.71312
Kor Viala,30.46721,69.14937
Kora Allahabad,28.9052,67.8254
Korachao,28.06944,66.23194
Koragai,31.16978,67.00567
Korak,26.84535,65.73232
Korak Ngaha,28.01047,66.46781
Korani,29.09077,67.86402
Korask,27.57442,65.79498
Koredok Lardi,28.94636,64.70815
Korej Bazar,25.45469,63.0728
Koreja,28.18431,67.44183
Korezai Kili,31.65767,69.76196
Kori,27.10273,66.2446
Kori,26.97598,66.12479
Kori,29.16966,67.66513
Kori Dan,26.60199,65.55008
Kori Kach,30.94331,67.34908
Korju,26.08683,62.48907
Korkanj,29.11901,67.765
Korn Chhalgari,28.82414,67.92243
Koro Shah,29.76931,69.38077
Korodak,28.95602,64.68451
Kosgo,25.46508,62.98745
Kosh Kalat,26.10701,62.41534
Koshi,29.18276,66.23803
Koshk,26.30109,63.19278
Koshk,26.0051,63.039
Koshkan,27.92152,63.03136
Kosk,27.78768,66.60358
Koskra,29.92314,69.54852
Kosn Kalat,26.01047,63.01319
Kosowai,27.77436,66.78381
Kot,29.41667,67.56667
Kot,29.24124,67.13223
Kot,31.24659,69.65534
Kot,27.92275,66.25724
Kot Ali Khan,29.97328,68.08565
Kot Amal Khan,28.39139,68.32927
Kot Bachal Shah,28.52611,67.49404
Kot Barozai,29.47744,67.93836
Kot Faiz Bakhsh,29.4406,67.58127
Kot Ganwar Khan,28.28194,67.89167
Kot Ghulam Ali Buledi,28.91919,67.74479
Kot Haji Abdul Rehman,27.78222,66.10931
Kot Haji Nur Muhammad,28.38486,68.32237
Kot Hambi,28.70114,67.97963
Kot Isa Khan,28.40094,68.32247
Kot Jan Muhammad,28.8041,67.6195
Kot Kahi,29.43397,67.59021
Kot Khair Bakhsh Marri,28.036,67.69897
Kot Kili,31.73651,69.74386
Kot Kili,31.07529,69.57672
Kot Lashari,28.47821,68.70837
Kot Malik Barkhurdar,30.20379,66.98723
Kot Mengal,29.41543,67.57147
Kot Nawab Muhammad Akbar Bugti,28.08855,67.7538
Kot Pathan,28.52629,67.48038
Kot Raisani,29.41877,67.57705
Kot Yusuf Ali,27.97147,67.64882
Kotah,26.45985,62.59618
Kotan,30.33471,67.71776
Kotan,31.26262,66.96188
Kotan Kili,30.79574,68.1651
Kote Shahr,29.83856,69.03226
Kote Shahr Tambu,29.94293,69.20569
Kothi Khalifa,28.85968,68.43734
Kotiro,26.23899,67.24196
Kotiya,27.77991,66.392
Kotkai,30.43787,69.10203
Kotori,27.9923,66.89405
Kotra,28.55919,67.3798
Kotra,27.89549,66.72916
Kotro Bel,28.40523,66.80391
Kotwal,30.38371,68.93332
Kotwal,30.23563,67.00252
Kotwal,30.2406,67.01102
Kotwali,25.99825,62.98639
Kouing,28.38326,67.80097
Kour Jusar,26.01361,62.97604
Koza Melan,31.17733,68.5438
Kozh Kach,30.61798,67.46762
Kozh Kach,31.00571,67.79544
Kozha,30.83768,67.53304
Kozhaki,30.80583,67.56124
Kuan Mori,25.32215,62.1964
Kubharo,27.61961,66.80046
Kubri,29.85485,69.5518
Kuch,30.17488,69.70707
Kuch,27.10182,65.54921
Kuch,26.54542,65.2994
Kuch Bazar,25.7065,62.30197
Kucha,27.67427,66.25207
Kucha,29.16894,67.57013
Kucha,28.14712,66.26045
Kucha,28.19085,66.32039
Kucha,25.77044,62.1658
Kuchak-o-Mar Gar,26.0548,63.2731
Kuchakki Chah,29.0695,65.48808
Kuchal,29.20518,65.72742
Kuchal,29.09107,65.54924
Kuchh,25.70272,62.30248
Kuchh,26.59559,65.67281
Kuchh Kili,30.74285,69.45037
Kuchhari,29.89983,69.51001
Kuchlagh,30.35218,66.94017
Kuchmina,31.89296,69.76267
Kuchmina,31.86666,69.81054
Kuchnai Dobandi,31.1768,66.85564
Kuchnai Tembrak,30.70592,67.18514
Kucho,25.77141,62.15294
Kudadad Bazar,25.30496,62.70187
Kudai Gaz,26.85359,63.69575
Kudak,26.34358,64.79342
Kuddan,25.71085,62.54214
Kuddi,28.73994,66.69567
Kudzai,31.03544,66.81145
Kuhai,31.07639,70.09316
Kuhai,31.03344,66.94848
Kuhak,28.91386,67.06437
Kuhak,25.74681,62.54263
Kuhan,28.31077,67.22775
Kuhi,28.31667,67.13333
Kuhli,30.01767,66.76832
Kujha Basti,29.8904,69.61137
Kujug,26.56273,62.80408
Kuk Shakh,30.81288,67.55581
Kukari Bent,26.085,65.7875
Kukri,29.3264,69.53303
Kul Kaur Bazar,25.39832,62.73044
Kul Kour Bazar,25.41795,62.74717
Kulachi,28.88792,67.67259
Kulahu,26.06845,62.56123
Kulak,30.73175,66.80223
Kulak,30.72108,66.79203
Kulak,30.71245,66.78535
Kulalzai,30.68325,66.74506
Kuldan Bazar,25.33845,61.77364
Kuldan Bazar,26.15736,64.24418
Kuli Camp,30.20888,67.06182
Kulki,28.65717,66.65856
Kulki,26.27919,65.00606
Kulli,26.82718,65.73304
Kulozai,29.6698,66.76378
Kulshan,26.61074,63.37119
Kulu,30.08066,69.94871
Kumb Bazar,25.49222,62.70815
Kumb Shabe Khan,29.23108,63.36212
Kumbari Kalag,26.78047,63.37249
Kumbhar,28.87308,67.62733
Kumbhi,26.97503,64.8809
Kumbi,28.56254,67.33027
Kumbi,29.00014,66.35987
Kumbi,28.4278,66.76809
Kumbi,26.46721,63.97987
Kumbi,26.61856,65.68137
Kumbi,29.54166,66.69991
Kumbi,29.55556,66.55833
Kumbi Kalag Bazar,26.40174,62.74715
Kumbil,25.72414,62.22393
Kun,28.44597,66.54615
Kun Jhal,27.00383,66.16849
Kunal Basti Janiani,30.08299,69.76676
Kunar Bazar,25.71458,62.41584
Kunara,28.63965,67.37876
Kunari,25.81953,62.61265
Kunarkul,27.0129,66.19943
Kunchti Dasnt,25.78552,62.62188
Kund,29.64407,66.63366
Kund,28.14212,66.30821
Kund,28.21258,66.04702
Kund,31.05959,70.11411
Kund Kili,31.65161,69.71613
Kund Malir,25.3941,65.46251
Kund Mas,29.53566,66.79532
Kund Mas,29.76632,67.08795
Kundal,30.47614,66.56568
Kundalari,29.45435,67.49832
Kundeli,29.4534,69.53072
Kundi,28.7946,66.62007
Kundi,31.15479,70.01137
Kundi,31.14436,70.07368
Kundi,30.72313,69.77795
Kundi,31.13343,70.14312
Kungarh,29.7839,66.83773
Kungihar,28.59604,67.7251
Kungu Shah,28.94486,67.69681
Kunh,27.88332,66.65396
Kunh Dora Bent,27.85732,66.61248
Kunj,27.76226,66.48311
Kunj,29.61923,66.75832
Kunri,26.2999,64.90346
Kunri,26.43981,64.92848
Kunri,26.30902,65.60301
Kunri,26.2971,64.8873
Kunri,26.29647,64.87317
Kunsal,31.07333,66.77617
Kunsat,31.23871,66.93101
Kuntdar,25.87211,62.65637
Kuntzai Wasta,31.17287,70.08043
Kurabad,29.46694,67.64628
Kurai Kili,31.06865,68.72017
Kurak,29.56593,67.94324
Kuram,31.26282,67.81181
Kuramb,26.0937,61.89249
Kurdabad,30.12401,66.94744
Kurdabad,29.47424,67.66308
Kurduna,31.18671,66.84616
Kurduna,31.23556,66.83371
Kurgi Sher Muhammad,26.30418,65.5809
Kuria Wasta,31.56543,69.82261
Kuriawasta,31.07698,68.5869
Kurk,28.25,66.48333
Kurk Sang,25.29966,64.23907
Kurki,28.7258,66.07741
Kurki,25.38478,64.10297
Kurmani,25.34306,64.34722
Kurmin,25.35,61.76667
Kurram,30.11648,66.52382
Kurram Kili,30.6016,69.13117
Kurri,27.56902,65.72572
Kursha,30.54033,69.70108
Kurt,29.97585,66.99182
Kurta,30.99109,70.08441
Kurwalo,28.17387,66.88456
Kushak,29.90833,66.82002
Kut,30.87621,67.35255
Kut Mandai,29.74884,68.28192
Kuta Bun,28.74442,65.12518
Kutan,28.40687,65.40721
Kutkay,30.81976,67.55434
Kuto,26.58262,65.70632
Kuwat,31.1014,66.78656
Kuz Bargar,30.25317,69.1479
Kuz Kach,30.45034,67.34133
Kuz Negandh,30.60628,67.23049
Kuz Shasa,30.87528,67.20444
Kuz Ziaba,31.39517,68.70092
Kuza Wolang,31.08818,68.56064
Kuzay Wasti,31.07413,68.59347
Kuzay Wastizai,31.08779,68.58405
Kuzh Hudkai,30.87663,67.38791
Kuzhshapa,30.65006,68.46797
Kwat,30.86805,67.34722
Kwath,30.8775,67.87056
Kāni,29.2209,64.7243
Kārchhāp,29.32917,66.47778
Kārez,25.85,63.23611
Labour Colony,30.07484,67.25255
Labour Colony,30.11815,66.99388
Labour Colony,30.14134,67.01116
Labour Colony,30.2454,67.02511
Labour Welfare Colony,27.80056,66.59182
Lachar,28.81314,67.87182
Lad,27.71591,66.80179
Lad Shahr,26.51972,62.45979
Ladday,26.36826,65.03275
Ladgasht,28.53991,65.09341
Ladha Saiyid,29.83731,66.84575
Ladho Brahui,25.671,67.11711
Ladi,26.51743,62.48451
Ladu Khan,28.13208,67.63843
Laekar,27.06816,66.64706
Lagad Usmanzai Kili,31.26488,69.54283
Lagad Usmanzai Kili,31.34361,69.52791
Lagai Manda,30.46402,68.50163
Lagdai Kili,31.56461,69.40519
Laghab Londi Number Two Hundred Eleven,28.9262,64.50685
Laghara Binzai Kili,31.26853,69.94797
Laghara Kili,31.30471,69.97753
Lagharai Kazha Kili,31.60747,69.78297
Laghir Chhib,27.69465,66.27964
Laghonai,31.29437,69.93035
Laghoshkai Kili,31.46063,69.47736
Laghri Wal Burj,31.6843,69.56708
Lagi Chah,28.98243,65.1838
Lagi Shahr Sher Muhammad,29.47823,66.79701
Lagnur Zarad,27.72713,66.27235
Lagrak Bazar,26.64878,63.45561
Laguni Zawar,30.38873,68.03663
Lahal Muhammad Brahui,28.30683,68.13714
Lahar Kili,31.45708,69.80594
Lahere,30.84275,68.0431
Lahin Kili,31.45333,69.80654
Lahl Bakhsh,27.43776,65.87558
Lahr,31.28919,70.10877
Lahri,29.18189,68.21032
Lahri,29.21213,67.63301
Lahri,27.77474,66.29946
Lahri Kili,29.97419,68.74177
Lahu Khan Muhammad,29.16876,67.76092
Laidi,27.88087,66.3107
Lailangali Thal,29.25656,67.28194
Laiq,30.33767,68.77651
Laiq Khan,29.2174,68.01745
Lairwani,28.08937,66.29846
Laje,28.9983,65.8697
Lajetok,28.97658,65.8674
Lajwari Kili,30.63948,66.63343
Lak,28.68115,66.81481
Lak Sahibzada Abdul Karim,30.58477,70.05253
Laka,29.85683,66.79425
Laka Shawi,31.39611,69.97149
Laka Shawi War,31.39871,69.98248
Lakaband Kili,31.06472,69.2725
Lakaband Kili,31.00246,69.49592
Lakai Kili,31.62388,69.88059
Lakar,30.84071,67.10035
Lakarai,30.9607,67.62937
Lakarai Kili,30.5836,66.45406
Lakare Kalag,26.28469,63.6336
Lakarh,30.97234,67.31001
Lakator,26.83333,66.1
Lakh Lath,28.30002,67.26125
Lakha,30.85968,70.23984
Lakha Baloch,25.38022,64.03455
Lakhan,28.89943,67.65119
Lakhani,27.67083,67.26389
Lakhanzai,30.86955,67.15474
Lakhi,27.13704,65.6231
Lakhmir Mastol,28.84003,67.87198
Lakho,26.27304,65.89947
Lakhra,25.86467,66.45174
Lakhrai,30.67141,69.85488
Lakhurian,28.23063,66.3163
Laki,27.03961,64.34284
Lakkhu,26.10424,66.41681
Lakkun,27.87188,63.63359
Lakra,31.45886,68.96788
Lakrai,31.01105,66.85305
Lakthi,28.79377,67.5801
Lal Bakhsh,27.75868,66.24217
Lal Bakhsh,26.29276,65.58619
Lal Bakhsh,26.37389,65.59696
Lal Bakhsh,26.24127,65.38596
Lal Bakhsh Log,25.29492,62.54463
Lal Bakhsh Magsi,28.30569,67.93307
Lal Bakhsh Naswar,28.22834,68.04698
Lal Bakhsh Shawal,28.14358,66.49153
Lal Bazar,26.42577,65.61697
Lal Gando,28.32231,67.66872
Lal Gul Kili,31.92835,69.42013
Lal Han Kili,31.20669,68.46641
Lal Jan,28.7521,67.70814
Lal Jan Basti,28.97538,67.77723
Lal Jan Bazar,26.21855,64.60582
Lal Kachh,29.54822,69.60061
Lal Khan,29.88512,69.48728
Lal Khan,29.22729,66.25578
Lal Khan Chah,28.82141,64.54227
Lal Khan Nambardi,30.29565,69.78235
Lal Khanzai,31.16133,67.18872
Lal Khanzai Wat,30.66431,67.02781
Lal Mandar,28.28326,68.2768
Lal Muhammad,28.64839,66.76547
Lal Muhammad,29.9771,67.08579
Lal Muhammad,26.57165,65.52209
Lal Muhammad,29.93831,67.06334
Lal Muhammad,26.36831,66.56978
Lal Muhammad,28.01565,66.42639
Lal Muhammad,25.66296,67.10822
Lal Muhammad Bazar,26.6691,64.06194
Lal Muhammad Joe,28.68549,66.13617
Lal Muhammad Namberdi,30.29613,69.78621
Lala Gis,26.3849,64.03125
Lalakzai,31.49397,69.69321
Lalakzai Kili,31.14174,69.39771
Lalakzai Kili,31.20689,69.38894
Lalandari Camp,26.4979,65.8471
Lalazar Town,25.08173,66.88053
Lalbeg,30.9424,66.46836
Lallain,26.07427,62.68836
Lallain,26.0578,62.68585
Lalle,30.15593,69.93595
Lallozai,28.86141,66.39772
Lalo Qila,30.44675,68.96685
Lalu Bazar,26.02317,64.16469
Lalu Kili,31.85078,69.37172
Lalu Wains,28.96082,67.64243
Laluzai,29.57189,67.06152
Laluzai Karez,30.73565,67.62674
Lamai Tor Murgha,30.78588,67.19296
Lambi,27.29775,66.13912
Lamboj,28.67443,66.53743
Lamchak,30.72663,68.79235
Lameran Colony,30.57644,67.01867
Lamran,30.72249,66.82075
Lamut,31.77303,69.39962
Landa Balina,28.73333,68.46667
Landa Melan,31.14686,68.55481
Landai,31.41056,70.1522
Landai,30.07805,67.96338
Landai,31.35564,70.17163
Landai,31.11028,69.97111
Landai,30.79066,69.90422
Landai,31.08667,69.96806
Landai,31.22014,70.12246
Landai,31.0975,69.96556
Landai Aghbargai,30.87848,67.36173
Landai Kazhi Kili,31.57691,69.71241
Landai Kili,31.08323,68.11763
Landai Kili,31.43487,69.65414
Landai Mina,31.17307,69.40217
Landai Mir Khan,30.06662,69.08177
Landai Shah,30.87501,68.87489
Landai Shahr,29.89487,66.50962
Landai Shorai,31.03038,67.00503
Landaibor,31.0157,69.98904
Lande Kili,31.6446,69.68117
Landhi Karedak,28.94571,64.70931
Landhi Khan Bahadar,28.10095,67.91006
Landhi Seventy Six,28.89253,64.90609
Landi,28.7028,67.89095
Landi,31.14192,70.1943
Landi,31.16768,67.08725
Landi,28.80259,64.10661
Landi,30.83164,66.92822
Landi Buz,29.44094,65.7005
Landi Dhalok,28.74852,63.75288
Landi Fifty,28.77767,62.17843
Landi Fifty-two,28.81442,62.01139
Landi Isa Tahir,28.76754,62.97373
Landi Kili,30.55278,69.1
Landi Koh-i-Dalil,28.78788,62.08788
Landi Koh-i-Sultan,28.79578,62.85012
Landi Muhammadzai,29.71385,65.75913
Landi Three Hundred Sixty-three,28.92976,61.82084
Landi Two Hundred Eighty-three,28.7632,63.0412
Landi Two Hundred Fifty-four,28.7353,63.5039
Landi Two Hundred Fifty-nine,28.7274,63.42136
Landi Two Hundred Fifty-one,28.74217,63.56012
Landi Two Hundred Ninety,28.77048,62.93074
Landi Two Hundred Seventy-two,28.73123,63.2262
Landian,31.2128,69.62592
Landinai,30.26497,68.32619
Lando Karez Kili,28.74793,65.68258
Langa,29.97232,66.99682
Langari,28.72417,66.62168
Langasi Bazar,25.68843,62.29955
Langat,28.87066,67.04668
Langerji,27.72828,67.20227
Langra,26.44528,66.34351
Lanjani,30.08004,69.81531
Lanjani,30.03965,69.80507
Lanjani,30.0667,69.82231
Lanjar,26.43834,65.66397
Lanjar,27.49505,66.19642
Lanji,25.83542,63.44466
Lar Nishpa,31.30664,70.09716
Lar Obash Takai,30.98309,67.16618
Lar Qila,29.7316,60.98822
Laro,27.24976,65.72307
Larzai,30.88077,69.7027
Las Bent,25.39444,63.425
Lasezai,29.95362,69.39371
Lashar,28.408,67.60873
Lashari,28.45879,67.85178
Lashgo,29.21249,65.61213
Lashkar Khan,29.12044,65.58329
Lashkar Khan Kili,30.01431,66.94257
Lashkar Miraji,26.70129,66.83365
Lashkari,28.32284,66.15191
Lashkari Bazar,25.79845,62.19716
Lashkari Halq,26.88322,63.87228
Lashkari Khan Jamali,28.05278,67.92778
Lashkarzai,31.15523,66.75473
Lashkian,29.00747,69.43038
Lashkri,31.09383,70.2294
Lasht,30.649,67.40331
Lashtai,30.66695,66.49841
Lashtai,31.15678,66.99485
Lashti Kili,30.39627,68.54926
Lass,27.93871,66.69125
Lasso,27.34013,66.68098
Lat Band,31.7329,69.74175
Lathhi,27.85491,63.63499
Lathidan,25.50629,63.00418
Latida,25.50078,62.99871
Latif Aghbargai,30.92055,67.97043
Latifabad,29.10229,67.57469
Laung Khan,29.22111,67.91195
Lawana,31.46947,68.77052
Lawang Khan,29.91846,67.02587
Lawang Khan,28.76583,67.4165
Lawang Kili,30.37994,66.97459
Lawar Bargar,30.26244,69.1853
Lawara Kili,31.50908,69.32661
Lawarzai,28.96084,66.34654
Layar,30.96466,67.06842
Lazad,30.70666,68.31193
Lazagh Kili,30.02146,69.23623
Lease Number Seven Colony,30.09354,67.25229
Lediani,30.2223,69.68158
Leghai,30.97775,67.30357
Lehrani Ziarat,27.44515,66.25935
Lehri,29.00195,67.6174
Lehri,27.72724,66.78832
Lehri,27.89586,66.71771
Lehri,29.19475,67.64352
Lehri,27.61944,66.32149
Lehri Afzal Khan,29.2447,67.61945
Lehri Khan Bakhlani,28.46142,68.98544
Lehriabad,30.12613,66.95804
Lel Gat,30.52511,67.66308
Leni,28.46667,69.35
Lera But Kili,27.49065,64.16072
Les,30.06637,67.26613
Les,30.13348,67.2766
Levy Thana,31.33556,69.2
Lewaghwaz Kili,31.2469,69.87082
Lewanai Kawar,30.54758,69.02848
Liaqat Khan Jamali,28.34355,68.138
Liaqutabad,27.10507,65.59595
Liari,25.68842,66.49072
Libach,26.48176,65.22242
Lichu,29.29856,66.34449
Liji,29.00174,65.8723
Linju,27.79845,66.61861
Linwari,26.31225,65.83469
Lissu,27.32059,66.14537
Livies Kili,31.51734,68.56075
Liwane Kili,30.95487,66.44957
Loap,25.3674,64.1087
Lodhigap Kamal Bazar,25.62097,61.9108
Loe Aghbarg,31.106,67.78301
Loe Badini,31.51061,67.83659
Loe Bashar,30.79386,66.6385
Loe Kach,31.11657,66.76725
Loe Kili,31.40326,69.64333
Loe Mina,31.24778,70.00782
Loe Murtat,30.39905,68.73175
Loe Nawat,31.8146,69.48879
Loe Nishpa Kili,30.65111,69.10343
Loe Nispha Kili,30.64513,69.07457
Loe Shin Magh,30.35362,67.03863
Loe Sraz Khan,31.21657,67.14145
Loe Sur Karez,31.18741,67.11512
Loe Tembial,30.70024,67.21964
Loe Urmazh,30.58111,67.53611
Log Mulla Qadar Bakhsh,25.14941,62.03625
Logar Kili,30.51212,69.37093
Loghai,30.87361,69.76667
Loghai,30.85417,69.76806
Loghai Darra,30.86141,69.76315
Lohar Shehr,29.82914,69.53691
Lohi,27.30861,66.40192
Lohi,28.60088,67.55679
Lohi Hafiz,28.93922,68.10253
Lohi Hayat,28.92149,68.09774
Lohi Saifullah,28.92644,68.10343
Lohra,28.28811,68.35053
Lohra,27.88129,65.06202
Loi Karez,30.83663,67.78874
Loi Post,26.21682,67.2733
Loi Ziaba,31.47065,67.8983
Loilani,26.31932,66.31797
Lokani,28.08259,67.49815
Lokh,29.16687,66.2018
Lokhai,30.87371,70.02931
Lokhal,30.88341,70.03447
Lol Jan Bazar,26.23869,64.7061
Lolai,28.89763,67.48403
Lolakai,31.25943,70.20746
Lonai,30.99699,67.93954
Lonar Kili,30.11188,67.87062
Londa,29.93129,66.86897
Londai,31.10884,69.96107
Londi Gazzi,27.72349,65.89281
Longani,28.08828,67.49597
Lop,27.29112,65.85659
Lop Densar,27.52003,66.20778
Lor Kach,30.46197,67.34505
Lor Tor Tangai,30.84025,67.29147
Lora Abu China,30.85832,67.26494
Lora Kili,30.82764,69.00602
Lora Kili,30.71667,68.54028
Loralai,30.37051,68.59795
Lorhi,30.44656,68.89113
Lori Chakul,29.27103,66.13384
Lori Sham,27.78302,66.41535
Lori Shum,27.79307,66.39848
Lorital,29.26562,66.25638
Lorwari,28.00704,66.88058
Lotani,28.10158,66.32842
Lothani,28.22395,66.47039
Loti,28.95877,69.39421
Lowar Karez,30.15553,66.99246
Luddi Chib,26.30259,64.91027
Ludhiani,29.94741,69.58781
Lughai,31.03968,67.53531
Luhli,29.08333,63.33333
Luhma Zerin,29.81336,69.49853
Lui-e-gar,26.4463,63.0269
Luk Khamis Haliani,30.11046,69.7718
Lukh,27.84717,66.15819
Luma,30.05737,69.72941
Lumna Kili,31.57486,69.43465
Lumuskun,31.02611,69.14111
Lun,27.78507,65.11233
Lund,29.17723,67.89293
Lund,29.34338,67.26006
Lund,29.08165,67.54525
Lund Traili,28.4242,67.4813
Lunda,30.06491,69.72118
Lunda,29.81107,69.4422
Lunda Laskani,28.42198,67.47654
Lundai Bobi,31.58928,69.37532
Lundai Vehala,30.28841,69.19919
Lundi,30.82419,67.76433
Lundi Nasir,28.88997,68.17425
Lundian,31.22924,69.60364
Lundimar,30.23978,70.00708
Lundo,27.9687,66.53932
Lundra,29.44924,69.5534
Luni,25.79059,62.6907
Luni Shahr,29.63167,67.92142
Lup,29.23,66.87831
Luqman Arain,28.42012,68.11455
Luqman Bazar,26.08126,64.66296
Luqman Bazar,26.2629,64.90381
Lurki War,31.20111,66.82881
Lurnshapa,30.64497,68.45665
Lus,28.80566,65.15654
Lusi,29.25901,67.85646
Lutaf Ali Jamali,28.29432,68.0739
Lwang Kili,31.57193,69.01539
MR and Safty Station Sinjidi,30.10662,67.27232
Ma Wali,28.89402,67.50413
Mach,30.72035,67.38353
Mach,29.86371,67.33018
Mach Chat,25.86179,62.34414
Machhan Bazar,26.4557,62.68464
Machhi,29.48164,68.05622
Machhi,28.97124,67.68048
Machhi,26.35228,64.93566
Machhi,28.81014,67.45433
Machhi,28.92884,65.88588
Machhi,29.14766,67.86233
Machhi,26.3718,62.9686
Machhi,25.46744,63.00526
Machhi Barohi,28.6437,67.76015
Machhi Inam,28.97148,67.89301
Machhi Jat,28.64927,67.84175
Machhi Wasti,29.01731,67.81694
Machka,30.74238,66.67884
Machuwara Goth,26.28465,66.33285
Madad Ali Shah,28.96685,67.72619
Madak,26.23405,64.74202
Madak Dhor Bazar,26.08216,64.25675
Madaki,30.88524,67.67566
Madat Khan,30.06723,69.06922
Madat Khan,29.54541,68.1162
Madat Khan Kili,30.04092,69.06444
Madat Ragha,30.54455,67.63794
Madazai,29.69356,67.0574
Maddadpur,28.35605,68.29005
Madersa,31.46826,69.80093
Madersa-Al-Arabia Darilalum,28.9038,64.95656
Madezai Kili,31.20926,69.45287
Madha Kalat,26.18957,64.48316
Madherok,27.02382,66.57779
Mado,30.65986,66.82166
Mado Khan Rind,28.29676,68.08717
Madrasa Arbia Jamiat-ul-Islam,28.39359,65.52497
Madrasa Darul Ulum,28.06181,66.38485
Madresa,31.16476,69.2808
Madrisa Arabic Faizul Islam,31.04041,66.77425
Madrosah Imam Abu Hanijah,30.55359,66.97583
Madrsa Dar-ul-Ulom Hamaidia,28.40543,66.1461
Madrsa Kili Molvi Jamil Ahmad,28.57827,66.16031
Madrsa Sadatullah,28.7222,66.3427
Madzai Behnai,31.20877,69.49947
Maenik,30.72222,67.36746
Maghuta,30.68694,67.645
Magli Kalat,26.78528,65.38815
Magsi,28.16514,66.54164
Magzai,29.59479,67.0377
Mahabat,29.27649,65.44819
Mahabat,29.2709,65.43505
Mahal Tangi,31.03141,67.28893
Maharapi Kili,31.64626,69.68886
Maharban Kash,31.11777,67.95528
Mahedin Kili,30.94895,66.41126
Mahena,30.73744,68.32949
Mahesar,28.89088,67.47194
Mahesar,28.9607,67.7888
Mahesar,29.18333,67.65
Mahi Bohar,28.04986,67.98096
Mahi Faqir,28.26308,67.49611
Mahir Shahwani,29.18497,67.64125
Mahiwal,30.43463,69.00099
Mahjan Kili,30.10788,69.08933
Mahmud Bhatti,28.92611,67.85552
Mahmud Dani,28.02958,66.57098
Mahmud Jamalani,30.15715,69.73084
Mahmud Khan,31.1685,66.75062
Mahmud Khan Karez,29.84045,66.76308
Mahmudi,28.35,65.85
Mahmudi Bazar,26.21607,64.65141
Mahol,30.35479,68.66738
Mahr Alizai,29.26333,66.47365
Mahram,28.85037,67.81659
Mahri,26.98975,66.75133
Mahrullah,28.1337,67.81623
Mahīwāi,30.43277,68.99824
Mai Nathi,25.68086,66.47636
Maidad Nika,31.0675,66.89
Maidan,31.36867,70.06481
Maidan,28.2102,66.69337
Maidan Sasol,28.96093,65.71038
Maidangai,30.96933,69.82899
Maidangai,30.96127,67.46251
Maidangi,30.45863,69.37802
Maighozai,27.7827,66.6342
Mainiaz,26.295,63.08624
Mairum,28.05,63.33333
Mait Khwule Kalai,30.75833,68.37222
Maizai,30.72244,66.98638
Majah,28.34986,67.23809
Majak,30.69293,66.75214
Majja Bazar,25.33301,61.74504
Major Dad Muhammad Halq,26.88811,63.89263
Makan,31.18106,66.99765
Makesar,25.70594,62.50632
Makh,29.71135,68.91016
Makhai Kili,31.68649,69.68502
Makhal Kaul,30.80549,66.76472
Makhalu,27.95864,66.92633
Makhi,28.70069,66.08073
Makhi Khel,30.73474,67.55522
Makhu,30.35156,69.23631
Makhuya Jalal Shahr,30.26772,69.05792
Makhzhe Kili,31.28702,69.91973
Makkad Bazar,26.63047,63.58268
Makkal,27.76964,66.50513
Makola,25.50515,64.05723
Makri Khand,27.26679,66.31156
Maku Kach,30.98522,66.78547
Mal,25.35473,64.40045
Mal,27.89563,66.43567
Mal,28.6893,66.3393
Mal,27.90103,66.44961
Mal,28.11145,66.32951
Mal,28.59533,66.75766
Mal Karimabad,28.16224,66.15463
Mal Mekh,29.19846,65.69914
Mal Shahurai,28.65201,66.33088
Malagan,29.2938,67.2292
Malagran,30.89001,67.99404
Malah Khel,30.38434,68.53953
Malak,30.7622,67.33548
Malakabad,26.09839,62.44435
Malal Ghat,30.94111,68.96529
Malan,25.4208,65.3302
Malan Bandar,25.3849,65.2808
Malang,29.35843,64.29872
Malang,30.54992,67.10925
Malang Gis,29.26053,63.75281
Malang Log,25.34915,62.51777
Malangzai,29.36347,66.61803
Malani,28.3415,67.62275
Malanri,29.95958,69.64982
Malant,26.13165,62.33272
Malazai,30.60923,67.5236
Malazai,30.61515,67.52336
Malazai,30.31126,66.93022
Malazai,30.31841,66.92215
Malazai Sakhabai,30.56929,67.50624
Maldin,28.78504,65.153
Malendi Wad,29.18333,61.41667
Malendi Wad,29.2,61.425
Malezai,30.53495,66.71565
Malezai,30.94721,67.06419
Malezai,30.67769,66.96596
Malezai,30.24191,67.04814
Malgazar,28.42863,68.42926
Malghuzar,28.46246,66.67821
Malghuzar,29.07983,66.58136
Malguzar,30.90203,67.71441
Malh,28.11279,66.33403
Malhat,30.53029,69.80721
Mali,28.2663,66.4208
Mali Karma,29.67189,66.78908
Mali Menga,28.87432,66.38868
Malia Kili,30.19279,67.95578
Malik Abad,26.00711,63.05574
Malik Abdul Koruna,31.87707,69.3879
Malik Abdul Rahim,28.84344,64.45403
Malik Abdul Rehman Kili,29.12893,63.93275
Malik Abdullah Jan,30.21803,66.98062
Malik Abdullah Khan Kili,31.07129,68.71251
Malik Agha Muhammad Khan,31.00248,67.17627
Malik Akhtar Muhammad,31.43064,67.625
Malik Alamgul Mailan,30.81667,68.35
Malik Ali Muhammad Notizai,28.92721,64.54963
Malik Allah Bakhsh,29.73741,65.9606
Malik Amir,31.13778,66.87576
Malik Amir Kili,30.77169,68.26109
Malik Ata Khan Kili,30.56306,66.54167
Malik Azam Kili,29.23881,63.94482
Malik Badshah Kakozai,30.58319,66.51453
Malik Baluch Khan,30.26078,66.50803
Malik Baran Kili,30.7616,68.2583
Malik Dad,29.07839,63.93281
Malik Dad,27.41389,65.88015
Malik Dad Muhammad,31.05254,66.68518
Malik Dadan,30.56806,66.61667
Malik Daru Khan,31.08614,66.71203
Malik Dilshad Gis,29.37624,64.1904
Malik Dinar,26.95958,64.81282
Malik Dora Kili,29.59167,65.88333
Malik Esa Gis,29.32421,64.13522
Malik Faizullah,30.45477,66.46829
Malik Fateh Khan,30.71613,66.45115
Malik Fateh Khan Kili,30.82203,68.12069
Malik Haji Ali Muhammad,29.05909,63.96405
Malik Hanif Kili,30.83531,66.93185
Malik Hassan,28.13072,67.79934
Malik Hayat Karez,31.17623,67.58007
Malik Hayat Khan,31.25826,67.6062
Malik Inam,30.56647,66.62529
Malik Ismail,30.56429,66.60063
Malik Jahangir Kili,30.05221,68.8393
Malik Jalal Khan,30.74671,68.29742
Malik Jalal Khan Kili,30.58489,66.52289
Malik Jandai Kili,31.53808,69.53369
Malik Jhang,29.87125,69.54276
Malik Karim Dad Kili,30.75502,68.18712
Malik Khala,29.92846,69.28434
Malik Khuda-e-Dost Mirani Kili,30.37109,66.73277
Malik Lalhan Mailan,30.80833,68.26944
Malik Mir Dost Gis,29.26818,63.7682
Malik Miran Khan,29.23785,68.00545
Malik Moeen Khan Gis,29.28625,63.82286
Malik Momin,30.62175,66.69557
Malik Muhammad Amin,30.55282,66.59583
Malik Muhammad Ayub,31.27099,66.88117
Malik Muhammad Hassan,31.08968,69.12515
Malik Muhammad Khan,31.00382,67.18441
Malik Muhammad Nur,29.02565,63.96464
Malik Muhammad Nur,28.85154,64.46938
Malik Muhammad Nur Kili,29.08284,63.99805
Malik Muhammad Shah Kili,30.56353,66.54913
Malik Muhammad Umar Gis,29.33096,64.19938
Malik Muhammad Umar Kili,30.56056,66.55611
Malik Muhannad Isa Khan,31.09913,66.9
Malik Mundrani,28.34868,68.18596
Malik Murad Bakhsh,29.71358,65.98287
Malik Nahak Mailan,30.76653,68.27812
Malik Nali,30.60113,66.62875
Malik Nazar Kili,30.5675,66.54333
Malik Nazar Muhammad Kili,30.57494,66.42513
Malik Niamatullah Segi,30.57131,66.61817
Malik Niaz Muhammad,30.1053,67.85783
Malik Nur Bakhsh Gis,29.27399,63.94313
Malik Qadir Bakhsh Gis,29.31634,64.21122
Malik Rahmtan,30.13749,69.6536
Malik Raza Khan Kili,31.92722,69.50523
Malik Sadiq,31.03126,66.73811
Malik Salim Mela,31.85138,69.67323
Malik Shadir Khan,30.74779,66.64101
Malik Shakat Gis,29.40031,63.75199
Malik Shakoor Gis,29.27163,63.89672
Malik Sheikh Kili,31.93215,69.47576
Malik Shin Kili,31.44531,69.45543
Malik Sipahi,30.57948,66.67782
Malik Sultan Jan,30.54237,66.62557
Malik Taj Kili,30.23492,68.93912
Malik Turak Kili,30.81686,68.16012
Malik Wazir,30.7485,68.29809
Malik Zaffran,30.53804,66.36278
Malik Zarghon Khan,30.9101,69.85757
Malik Zarif Khan Kakozai,30.73681,66.63777
Malik ka Ghar,29.06278,67.92216
Malikabad,26.01667,62.85
Malikazi,29.08925,67.58883
Malikdad Chah,29.36667,63.3
Malikyar,30.69552,67.09694
Malisud,28.16076,66.74402
Malitia Post,29.38499,66.64135
Malkan Kili,29.96712,66.72208
Malkhana,30.45529,67.74195
Malkhanzai,30.71796,67.00903
Malkhazo Zrandah,31.11607,66.78522
Malkhor,27.8447,66.47917
Malkhozgai,30.92457,68.05835
Malkhozha,30.81833,67.42917
Malkhuzai,31.2428,67.76106
Malkhuzuna,30.64444,67.59056
Malki,28.03333,66.43333
Malki,29.0863,66.57679
Mall,29.65683,67.0441
Mall,28.00762,66.87187
Mall Nau,29.43333,67.98333
Mall Purana,29.39986,67.9913
Mall Sohriani,29.36933,67.9898
Malla,30.85148,67.31829
Mallah Khan Bugti,28.60479,68.34632
Mallazai,30.60814,67.49413
Mallian Kili,30.03351,69.11017
Maloi Bazar,26.58109,62.85401
Malokar Kili,31.56504,69.79307
Malpakir Kili,30.55122,66.56517
Malu Kili,31.45256,68.64525
Maluk Khan,28.48333,68.61667
Maluk Shah,28.51517,68.53305
Malum,29.20308,69.52672
Malzai Kili,30.6788,69.38726
Malzai Kili,31.52105,69.66853
Mama Nikka,30.7529,67.20164
Mamdan Mithwani,30.26962,69.75946
Mamezai,30.98879,69.17237
Mamu,28.37174,66.62177
Mamuk,27.57989,66.80982
Mamun Kili,31.63472,69.56944
Mamzai,30.66193,69.31031
Man Garh,30.68899,68.99837
Mana,30.46741,67.71851
Mana,30.45098,67.75268
Manai,27.55044,65.75225
Manai,28.7729,66.55458
Manara Kalan,30.41509,68.4139
Manattu Siah,29.94904,66.58401
Manchhar,29.01047,67.67623
Mand,26.11667,62.03261
Mand,26.14859,62.01446
Mand Gar,26.72286,66.80321
Mand-i-Haji,29.38322,66.62439
Mand-i-Parag,26.26528,65.06944
Manda,31.41267,69.69866
Manda China,30.98877,67.16874
Manda Kili,29.67887,65.95385
Manda Kili,31.40985,69.69893
Manda Masjid,30.81162,67.04556
Mandai,29.75232,68.17548
Mandai Kili,29.45076,65.96123
Mandai Kili,31.03508,69.45399
Mandai Zai,28.69243,66.16323
Mandak,30.85983,67.72684
Mandak Kili,30.81589,68.77224
Mandan,30.47407,66.95565
Mandana Karez,30.94736,67.09339
Mandar,27.28169,66.76553
Mandar Khan Jat,28.17054,67.47428
Mandawal,28.36033,66.19477
Mandazai,31.28708,70.08756
Mandazai Kili,31.33303,69.50714
Mande Kili,31.27873,69.50143
Mande Kili,31.27549,69.49307
Mandezai Kili,31.48072,69.40065
Mandha,28.7906,67.8843
Mandha,31.0763,67.00244
Mandi,28.7012,66.68485
Mandil,27.10948,65.59211
Mando,27.40704,63.20702
Mando Khel Colony,30.2387,67.0157
Mandozai,30.87314,67.15405
Mandu,31.27295,67.0234
Mandu Khan Bunglani,28.36537,67.44584
Mandwani,30.08602,69.7829
Mandwari,29.13294,67.77069
Mangal,30.3774,67.17454
Mangal,31.20758,67.39195
Mangal Khan,28.54935,68.51099
Mangalabad,25.03941,66.90252
Mangali,28.46924,68.26754
Mangalzai,30.47598,66.51108
Mangalzai Kili,31.47965,69.74153
Mangalzai Kili,31.26018,69.89026
Mangalzai Sherani Kili,31.42448,69.71044
Mangayzai,28.22368,66.17171
Mangi,28.91667,68.08333
Mangi,30.36611,67.48472
Mangia,26.10105,66.32599
Mangle Kot,28.48997,68.26192
Mango,28.90759,67.51475
Mangochar,29.35045,66.6291
Mangri,29.31636,66.52439
Manguli,26.73279,65.35488
Mangura,30.82306,67.76361
Manikhawa,31.40399,69.81196
Manjka,30.85493,70.11644
Manjo Gul Hasan,28.41881,68.11685
Manjo Shori,28.45403,68.03697
Mankai Kili,31.62278,69.74889
Manki,30.06621,68.73417
Manna Jille,31.05638,66.82316
Manrah,31.69609,69.77941
Manro,27.64013,66.79666
Manro,26.27282,65.78382
Mantu,30.49407,66.41035
Manun Kot,31.29083,69.62861
Manvalo,27.95086,66.93798
Manwali,29.92632,69.3274
Manzai,31.04366,70.17785
Manzai,30.11306,68.86398
Manzai Kazha Kili,31.56044,69.70804
Manzai Kili,30.08527,68.90447
Manzaka,30.45285,67.07627
Manzakai,30.92167,67.54056
Manzakai,30.44313,67.0651
Manzakai,30.8727,67.19154
Manzakai,30.75358,67.16463
Manzakai,31.16203,69.31687
Manzakai,30.74719,67.15643
Manzakai,31.36586,68.97966
Manzakai Kili,30.06141,68.87263
Manzakai Kili,30.41921,68.48058
Manzake,31.05559,67.44468
Manzaki,30.70681,67.07106
Manzaki,30.24476,69.06613
Manzaki,30.49363,69.21976
Manzaki Bangal Khan,30.74855,68.43506
Manzar,30.74646,67.00362
Manzari,30.74932,66.9861
Manzghalai,30.86167,67.75444
Manzur Khan,28.62462,68.41044
Manzur Khan Khosa,28.3669,68.26239
Manzur Lehri,28.1993,68.12735
Manzurabad,29.39069,66.54315
Maokoi,28.61759,66.59276
Maqam Rudgai,30.51672,67.42137
Maqbool Ghis,27.17369,63.7865
Mar Gat,30.11752,67.28337
Mar Khawar Gai,31.49763,67.88689
Mara,30.49871,68.9618
Mara,26.16261,64.80778
Mara Dagar,25.3359,64.26241
Mara Tangi,30.50422,68.943
Mara Yusuf Hadira,30.51603,69.04299
Maragh,30.31667,68.21667
Marani Ka Loh,30.12673,69.65456
Marap,28.69365,66.16302
Marapzai,31.18307,69.37468
Marav,29.16962,67.10538
Marav Get,29.7195,67.06188
Marav Khand,29.68592,67.03806
Marawaro,30.7145,66.71617
Marband,28.34863,65.29074
Marband Bazar,26.91032,64.95057
Mard Gul,30.90276,67.40114
Mardghul,31.1025,67.20985
Mardghul Chah,31.10232,67.1932
Marfani,28.74904,67.49136
Marghazani Kalan,29.50147,67.89748
Margho Kili,30.04091,67.70368
Marhatta,29.17509,67.65439
Mari,29.82335,69.45694
Mari Bazar,25.35463,62.49198
Mari Hakim Khan,29.98131,69.80918
Mari Kan,26.0378,63.39536
Mari Pingar,28.58405,67.39234
Mari Sabzkani,28.25826,67.37097
Mariam Kili,31.43477,69.28644
Mariam Kili,31.40513,69.29502
Marimandil,27.1129,65.57841
Marjan,30.80833,68.2625
Marjan Aika,31.10559,68.12149
Markai,30.75327,70.11329
Markhush Karez,31.08222,67.0739
Marki,27.58897,66.19153
Marki,27.57288,66.16473
Marki Muhammadabad,27.54327,66.17937
Maroi,28.14595,66.74889
Maroki Dasht,27.50899,66.59721
Maror,30.15575,69.95623
Maror Pur,28.66952,67.81895
Marozai,30.76069,68.85556
Marozai Kili,30.72962,68.88226
Marozha,30.45264,68.8743
Marpal,30.69404,67.63445
Marpani,30.07206,67.94236
Marqani Shahr,30.00261,68.70408
Marrak,25.47643,62.02219
Marrao,27.86945,66.48995
Marriabad,30.17944,67.03363
Marro,28.2555,66.08256
Marro,28.01042,66.35419
Marsal,29.70188,66.75997
Marsia,31.00405,67.59562
Marsina,30.99866,67.69364
Marsina,31.00631,67.71166
Maruf,30.78353,66.66099
Marufai,31.12,66.9475
Marufani,30.05804,69.78632
Marv,27.2089,66.5791
Marwar,30.05675,67.42681
Marwerai Kili,30.74747,69.179
Marz,27.99192,62.79294
Marzaghan,30.66152,67.86142
Marāo,25.33694,64.26167
Masezai,30.74563,66.7301
Masezai,30.69487,66.70423
Masezai,30.68341,66.70005
Masezai,30.68777,66.6915
Mashad-i-Sar,25.41667,62.03333
Mashe Zamah,31.26695,69.05293
Mashi,26.4426,65.22155
Mashiān,26.43167,65.21028
Mashkai,27.11136,65.56132
Mashkai,26.88573,65.43365
Mashkai,25.85556,63.53333
Mashkanrai,31.82799,69.64039
Mashkar Khapzai,31.39471,70.10693
Mashkel,27.92385,62.92523
Mashkhahzai,31.29471,70.18624
Mashkhel,27.68364,63.38831
Mashki Chah,29.00784,62.44936
Mashqul,27.41941,65.19521
Masis,25.0693,61.80174
Masit,28.47806,65.4745
Masiti Kili,28.75235,66.70151
Masjid Namro,24.98298,66.80293
Maskan Bazar,26.20523,64.81792
Maskian,31.18454,70.0631
Mast,30.45478,66.51644
Mast,30.46266,66.52756
Mastan Khan,29.8125,67.03464
Mastani,28.30384,66.08302
Mastarzai,30.47098,66.93387
Master Abdul Nabi,29.60416,66.90071
Master Jafar Bugti,28.38907,68.33148
Master Shaker Khan,29.11439,66.49154
Masti Khan Chanal,28.20019,66.41812
Masti Khan Dinari,28.55563,67.91123
Mastoi Faqir,28.03415,67.96786
Mastung,29.79966,66.84553
Mastung Road,29.88019,66.84185
Masu,29.18248,67.78028
Masud Shadi,28.48059,66.8568
Masum Khan Kili,30.89105,66.49529
Mat,28.30659,65.97808
Mat,28.0843,63.2034
Mat,30.4267,69.11108
Mat,28.65236,67.6952
Mat Bai,28.88038,65.68864
Mat Kalu,28.33572,67.61578
Mat Khetran,29.7078,69.66734
Mat Khetran,29.73491,69.63478
Mat Khula,30.76667,68.3926
Matan,28.07859,63.22729
Matar,29.15601,67.86759
Matarsezal,27.67278,66.80021
Mateze,30.29352,68.3241
Mathang Chal,25.24963,64.60944
Mathang Cohban,25.19593,64.65114
Mathang Kara,25.20136,64.63951
Mathang Panjag,25.20539,64.62305
Mathi,28.24468,66.5478
Mati Tar,29.83268,66.71252
Mato,30.56785,66.63044
Matora,30.00544,66.91503
Matorakh,29.80156,67.9312
Matti,28.43333,65.43903
Matti,28.43546,65.41929
Maula Bakhsh,28.17113,67.46179
Maula Bakhsh Bazar,26.9775,64.93276
Maula Bakhsh Bazar,26.17954,64.80116
Maula Bakhsh Bazar,26.14807,64.4504
Maula Bakhsh Brahui,28.30687,68.12307
Maula Bakhsh Khosa,28.45557,67.4483
Maula Bakhsh Mathang,25.46393,64.89239
Maula Bakhsh Shahul,26.68764,66.82645
Maula Bukhsh Goth,26.27437,66.76869
Maula Dad,31.47903,67.95463
Maula Dad Bazar,26.66593,63.97724
Maula Dad Gis,29.25589,63.8299
Maula Jejar Mathang,25.44221,64.81955
Maulabad,29.54985,66.38892
Mauladad,30.55887,66.37694
Mauladad,28.4523,65.1213
Mauladad Kili,30.88245,66.44282
Mauladad Kili,30.92806,66.75802
Maulvi,28.48389,67.67078
Maulvi Abdul Mannan,27.52529,66.39785
Maulvi Amir Muhammad,30.68925,68.71261
Maulvi Atta Muhammad Brahui,28.5022,68.6062
Maulvi Sultan Ali,30.82137,68.52997
Maulvi Zahir,30.83346,68.5324
Maulwi Shahr,29.563,67.8857
Maume Kalag,26.28054,63.64357
Mauza Sarwam,31.36419,70.09992
Mawand,29.6546,68.7065
Maz Kach,30.99291,66.80955
Mazahsar,28.0171,62.76562
Mazahsar,28.01631,62.77374
Mazai Adda,30.68156,66.71196
Mazan Band,25.9069,62.5085
Mazanin Bazar,25.49491,63.27757
Mazar,25.81667,66.48333
Mazar,30.77147,66.99876
Mazar Dan Halq,26.93795,63.90751
Mazar Khan,26.45799,65.64179
Mazar Khan,29.92101,67.06813
Mazar Pir Muhammad Taqi,29.07752,67.87773
Mazar Rudini,28.36754,66.1338
Mazarabad,26.41575,65.11818
Mazarai,30.77126,66.97815
Mazarai,30.75895,66.99556
Mazarani Kili,28.31649,67.38181
Mazardan,27.48609,65.78949
Mazardan,27.50416,65.78885
Mazari,29.98,67.05788
Mazari Kahan,26.02587,62.94888
Mazarzai,28.87132,66.34532
Mazarzai,27.36582,64.72619
Mazdak Haider,30.73724,67.67041
Mazdhalu Bazar,26.76371,64.11632
Mazgha Wara,31.0407,69.19673
Mazhabi,30.76184,67.37837
Mazi,28.04722,66.33333
Mazwa Kili,31.41284,69.09269
Mazwal,29.86689,66.81935
Mazwi,30.74493,68.29621
Mecian Kili,30.71232,66.671
Meen,27.12299,65.58719
Mehal Kata Bagh,30.46645,66.91872
Mehandar,27.39372,66.39969
Mehar,26.0983,61.95863
Mehar Ali,30.97534,67.87113
Mehar Dil,28.97356,67.70336
Mehboob Bhangar,28.53127,68.34409
Mehbub,27.96009,67.76777
Mehbub Ali Chana,28.316,68.16997
Meherki,26.36746,65.60109
Mehi,27.28621,65.69578
Mehlab,28.88948,67.8185
Mehmanzai,31.07916,68.6314
Mehnaz Kili,31.06872,66.75304
Mehr Ali,29.50728,65.81965
Mehr Dil Shahwani,29.90027,66.43521
Mehrab,28.38005,67.82305
Mehrab Kach,30.755,67.20793
Mehrab Khan Kili,30.66855,68.4632
Mehrab Khan Umrani,28.48207,68.32367
Mehrabpur,28.10773,68.02554
Mehrabpur,28.43458,68.50974
Mehram Khan Mehrabzai,28.40763,67.99085
Mehrani,29.42335,67.8016
Mehrani,29.39586,67.81825
Mehrban Kili,31.41851,69.79178
Mehrban Kili,31.59254,69.42081
Mehrgarh,29.40145,67.59837
Mehri Zaranda,31.05283,66.74002
Mehtarzai,30.42389,67.00234
Mehtarzai Kili,30.28937,66.89338
Mehtko Bazar,26.32196,65.56613
Mehupur,28.43205,68.57641
Mekan,29.17965,67.79392
Mekhtar,30.47467,69.36444
Melan Gave,30.43959,69.52674
Memon Abad,30.14086,66.98827
Mengal,27.77021,66.51036
Mengal Bazar,26.31513,64.74251
Mengal Colony,30.07977,66.98269
Mengal Colony,30.14088,66.98847
Mengal Gis,29.3114,64.16137
Mengal Khan,28.25893,67.85229
Mengal Kili,29.24243,65.72612
Mengal Kili,29.11696,65.89781
Mengal Shahr,28.93404,66.15986
Mengalabad,30.1339,66.9609
Mengalabad,28.06065,66.83633
Mengol Gis,29.26513,63.75816
Meoak Bagh,30.98732,66.80516
Meran,30.28174,69.89897
Meri,28.29822,66.07166
Mesha,30.90272,67.25056
Meshang,31.39327,68.96761
Mesi Jan Kili,30.81624,68.60332
Meti,27.70425,65.85361
Meva Khan,28.47824,68.63071
Mewa,28.53255,67.80967
Mewa Khan,29.95551,69.85091
Mewar,27.0989,65.557
Meyaro Bazar,25.97558,63.99177
Mezan-i-bund,25.87659,62.47864
Meze Ahmad Khan,27.11744,67.15861
Mezo Saraar Sher Khan,27.06421,67.07848
Mezwal,27.71509,66.83608
Mi,29.00202,65.18242
Miadadi Kudai,28.48333,65.51667
Miam Pat Khan,28.87997,65.15822
Mian,25.93333,66.58333
Mian Goth,25.39212,65.47901
Mian Kachh,29.94132,68.06148
Mian Kachu,26.31496,65.95119
Mian Kanshag,26.82134,65.7119
Mian Khan,29.36137,66.62536
Mian Khan,30.7476,68.26816
Mian Khan,30.74037,67.12839
Mian Khan,29.1522,67.75395
Mian Khan,27.97778,67.73335
Mian Khan Eskhobai,30.60672,67.39081
Mian Khan Goth,26.97845,66.11942
Mian Khan Kachh,30.36273,69.03568
Mian Khan Lodhwani,30.23206,69.99049
Mian Khanzai,29.84083,66.46564
Mian Nabi Bakhsh,27.94422,67.73612
Mian Nabi Bakhsh,29.18829,67.91842
Mian Qalandar Shah,28.86006,67.88046
Mian Rasul Bakhsh,29.18079,67.91754
Mian Roda,28.99203,67.80347
Mian Saidullah,28.72748,67.69191
Mian Zaman Katbar,28.36981,68.14555
Miandad,25.27968,62.74997
Miandan,26.46289,62.90969
Miani,27.89735,63.47681
Miani Kalat,27.04182,65.52695
Mianosao,26.12182,66.27409
Mianri Takra,30.13243,68.01789
Mianrud,27.78333,63.8
Miftah-ul-Alam,26.99032,64.15073
Mihrabzai,30.19779,66.79201
Mihrani,30.06615,66.76973
Mikki Dak,25.48205,63.12397
Mikkis Ki Dak,25.48852,63.14363
Milanda,29.91857,66.95004
Militia Colony,30.29246,66.91929
Mim Khan Brahui,28.76228,65.69355
Mina Bazar,31.06529,69.27325
Mina Post,31.04722,69.22528
Minakwal,30.98615,69.6881
Mindro,26.2487,62.98671
Mines Labour Welfare Colony,30.06167,67.41777
Minghani,30.25382,70.02131
Minhu,26.03302,62.87917
Minji,27.992,62.79319
Mir Abdul Karim,27.65115,65.61436
Mir Afzal,30.75867,68.6248
Mir Afzal,31.15323,66.74735
Mir Ahmad,28.4835,68.12353
Mir Ahmad Badini,28.87953,65.61594
Mir Ahmad Gis,29.27648,63.81183
Mir Ahmad Khan,30.15874,68.58754
Mir Ahmed,30.62519,66.42426
Mir Alam,30.71651,68.36217
Mir Alam Bakhsh Khabarzai,28.08591,66.46187
Mir Ali Khel,31.73438,69.59357
Mir Ali Khel,31.72834,69.58208
Mir Allah Ditta,28.37548,68.01105
Mir Bagh,29.45158,67.59813
Mir Dil Khan,28.39295,67.47703
Mir Fateh Muhammad,28.02454,63.30931
Mir Garhi,28.862,67.451
Mir Ghulam Mustafa,28.57717,64.86263
Mir Gohar Khan Jamali,28.33338,68.19039
Mir Gul Hasan Jamali,28.45183,68.20742
Mir Gul Hasan Mundrani,28.36685,68.19944
Mir Gul Mosiain,28.44799,68.22906
Mir Habib Khan,28.18939,68.05625
Mir Hair Muhammad Bazar,26.01238,64.66222
Mir Hair Muhammad Bazar,26.07241,64.63009
Mir Haji Kot,29.89463,69.55325
Mir Hamal Bazar,26.20349,64.05296
Mir Haman Khan Jamali,28.20662,68.11646
Mir Hasan,26.4979,65.29446
Mir Hasan Khan,28.85005,64.40931
Mir Hassan,28.2413,66.50203
Mir Haveli,29.90599,69.56211
Mir Ibrahim,26.95362,64.89302
Mir Israrullah,28.05504,66.39183
Mir Jan,28.24393,67.95076
Mir Jan Killi,29.64805,65.8839
Mir Jat,28.58054,67.44587
Mir Jat Bazar,25.42729,61.83367
Mir Khai,26.91559,65.76901
Mir Khan,29.12081,67.83289
Mir Khan Muhammad,26.74414,65.68103
Mir Khan Muhammad,26.3862,65.6075
Mir Khanzai,28.23917,66.19864
Mir Khuda Bakhsh Brahui,28.39216,68.09027
Mir Khuda Bukhsh Channal,26.63099,65.80144
Mir Khuna,30.27852,68.30492
Mir Lal Muhammad,26.90048,65.61123
Mir Lal Muhammad Bazar,26.76701,64.15353
Mir Lashari,28.50015,68.67368
Mir Laung Khan Shahid,28.8764,66.3865
Mir Machhi,25.4809,63.07023
Mir Machhi,25.3461,62.7448
Mir Machhi,25.31895,62.76596
Mir Malik Kili,31.0967,69.85443
Mir Mohtaj,28.06942,63.28619
Mir Muhammad,30.25429,68.61328
Mir Muhammad,30.11126,69.69526
Mir Muhammad,28.35894,66.22515
Mir Muhammad,26.32431,66.56256
Mir Muhammad,27.73775,67.03431
Mir Muhammad Bazar,26.0974,64.06163
Mir Muhammad Gis,29.30325,63.76394
Mir Muhammad Goth,26.15309,66.54001
Mir Muhammad Ismail Channal,26.61639,65.79885
Mir Muhammad Masori,29.85308,69.79691
Mir Muhammad Shahwani,29.20351,67.68799
Mir Muhammad Zahir Rind,28.3951,68.23077
Mir Muhammd Bazar,25.41637,62.30018
Mir Nabi Bakhsh,28.43036,68.09311
Mir Nawab Khan,28.69459,66.82006
Mir Niaz Ahmed,28.04355,66.39122
Mir Qadir,28.06447,66.36995
Mir Qadir Bakhsh,27.35142,66.14104
Mir Qalam,30.55311,66.60219
Mir Qalam Kili,30.0676,66.27268
Mir Rashid Khan,29.82934,66.84803
Mir Rasul Bakhsh,28.02256,66.42178
Mir Rasul Bakhsh,26.4332,65.669
Mir Sahibdad,25.75649,62.75994
Mir Shahr,28.00819,66.5326
Mir Tawakkal Khan Jamali,28.33666,68.16024
Mir Tor Khan,28.92147,66.15355
Mir Wah,28.17706,67.45248
Mir Wah,28.35,67.9684
Mir Wah,28.82416,67.91689
Mir Wali Khan,28.08602,67.93074
Mirabad,26.08263,62.60878
Miragan,30.07486,69.06377
Mirai Khel,31.44621,69.20361
Mirak,31.4397,67.7968
Miral Khel,31.44364,69.21385
Miran Bazar,25.52045,61.95899
Miran Bazar,25.49074,61.94106
Miran Ka Goth,26.4704,66.19619
Miran Pir,25.39917,66.70806
Miran Rind Shehr,29.8045,69.52415
Mirani,28.54088,66.32504
Mirani Goram,25.93016,62.68559
Miranzai,29.4047,66.58494
Mirdabad Baluch Kili,30.25127,66.62569
Mirdad,29.74006,68.31806
Mirdad Haider,27.35357,62.88389
Mirdadzai,31.02037,69.81634
Mirdi,30.08752,66.76321
Mirewari,25.20997,66.8506
Mirhan Rabbani,30.12918,69.70925
Miri,26.04388,63.01635
Mirian Kalat,28.44903,65.46222
Mirisoi Kurju,26.1046,62.39718
Mirjan Nikka,30.66098,67.429
Mirjan Usterana,30.10127,69.07693
Mirjanzai,30.12234,69.12089
Mirmir,26.03299,62.87434
Miro,29.14819,67.91361
Miro Kucho,28.47885,66.68656
Miroi Bhal,25.4,64.56667
Mirozai,29.48004,65.4992
Mirpur,28.52771,67.73393
Miru Goth,26.74228,64.74633
Mirwah,28.76413,67.72847
Mirza Bah,28.94382,69.25589
Mirza Chah,29.23333,63.3
Mirza Khan,30.76111,68.35278
Mirza Khan,30.03556,67.10889
Mirza Khan,30.03359,67.13137
Mirza Khan Chhalgri,28.38439,68.14109
Mirzai,29.13124,67.61159
Mirzani,29.48924,67.9819
Mishk,28.42782,66.84523
Mishpa Karamdad,31.209,70.04442
Mishri,28.05399,67.14311
Mishtal,27.34021,64.73319
Miskan,29.87818,67.05978
Miskan,28.53333,65.46667
Miskan Kalat,28.48403,65.49354
Miski,25.40028,63.53278
Miskinzai,29.59493,67.07736
Misrani,28.3756,67.82889
Misrani,28.24548,67.91422
Misrani Zerina,28.25278,67.88611
Misri Goth,25.82016,67.32949
Misri Khan,29.16463,67.7581
Misri Khan Gis,29.36879,63.87241
Misri Khan Khosa,28.3938,67.45569
Mistri,30.23559,66.95094
Mitanzai,29.09477,67.58904
Mitap,26.39953,63.04433
Mitasing,25.90214,62.04993
Mitha,29.21868,69.38157
Mitha,27.97512,67.50678
Mitha Jatoi,28.45031,68.13176
Mitha Khan,28.16667,67.85
Mitha Khan,29.34731,66.59166
Mitha Machhi,28.07713,67.72927
Mithal Silro,27.97854,67.79465
Mithani,29.08193,67.75641
Mithi Karez,29.78851,66.6708
Mithi Khui,30.01287,69.5006
Mitho Khan Brahui,28.56309,68.46341
Mithri Shahr,29.36335,67.81648
Mithu Goth,25.4765,66.68272
Mithu Jat,28.39076,67.40343
Mithu Khokhar,28.87719,67.8347
Mithu Kili,30.41773,69.39497
Mitthi,25.93766,66.91292
Mitting Bazar,25.55553,62.0611
Mizghat,28.16774,66.89699
Mizri,29.493,67.91684
Mizri Ragha,31.02333,70.21583
Mobar Goth,25.32776,66.87495
Mobin,30.81281,66.65194
Mobin,30.25936,67.62495
Moch,29.17708,67.98747
Mochi Goth,28.16392,67.41299
Mochi Kumhar,28.85185,67.63336
Mochi Ziarat,30.61801,67.421
Model Town,30.2073,67.0055
Moedrah,25.21729,66.81506
Mogulu,25.73333,62.56667
Mohabat Pur,28.26049,68.2278
Mohabatpur,28.23896,68.19708
Mohal,28.1,67.91667
Mohammad Hasni Churak,28.07834,66.12419
Mohim Khan,29.87007,69.47081
Mohim Khan Brahui,28.0537,67.93675
Mohsanabad,30.43827,69.8042
Moianki,28.45724,66.70677
Moin Kili,31.45688,69.92008
Moj Faqir Tunia,28.15529,67.49104
Mola,26.27922,65.56205
Molai,28.88422,67.49504
Molan Muhammad Urta,28.1896,68.13559
Molla Dad Kili,31.23088,68.73994
Molvi Abdul Wahab,28.0313,66.11001
Molvi Abdul Wahid,26.73981,66.76824
Molvi Ahmed Khan Kaul,30.87194,66.81833
Molvi Ishaq,27.19441,66.86532
Momin Bazar,26.02917,64.23966
Momin Thakri,30.11809,68.35786
Mominabad,30.17954,67.03025
Momiyani,30.25463,69.88245
Monda Khan Jattak,28.17978,67.38616
Mondar Gurganari,28.1095,66.47291
Monder Burro,28.65857,68.37539
Monim Khan,29.91384,69.85591
Moola,28.04164,67.11302
Mor Takoh,28.26034,66.10476
Morami,30.55762,67.55079
Mordan,28.19927,66.70643
Morgand,29.23657,66.81163
Morghani Jhik,25.33513,64.16183
Moristan Bazar,26.01374,64.18781
Morjang,26.06756,66.36603
Morjanzai,30.4802,66.8402
Morjen Nala,28.53333,63.6
Moryani,26.33084,66.26017
Morzai,30.47915,66.39432
Motazai Kili,31.53741,69.50111
Motiani,26.24921,66.34029
Motiawaro Goth,26.30288,66.25412
Moto Mir Khani,28.97916,69.5267
Motu,29.11696,67.82652
Mouivi Shakar,28.69839,66.77517
Moulvi Mehar Jan Mina,31.01922,70.14928
Moulvi Raza,31.47442,67.80991
Mowale,30.5853,67.21259
Moza Jamat Walo,26.34248,66.31525
Mozaniar,26.3386,62.80163
Mozas-i-bund,25.88834,62.49092
Mozo Abdul Dayuni,27.57474,67.16813
Mozo Abdul Ghafur,27.53219,67.13544
Mozo Ahmad Branni,27.7659,67.02934
Mozo Ajbani,27.75029,67.18104
Mozo Alam Brahui,27.81979,67.07613
Mozo Alangi,27.67792,67.13278
Mozo Ali Haidar Chhutti,27.59771,67.17298
Mozo Allah Bakhsh Dilro,27.58331,67.12306
Mozo Bilawal,27.91683,67.03638
Mozo Chukli,27.75429,67.1689
Mozo Dath,27.75967,67.03761
Mozo Daud Jatak,27.97679,67.23548
Mozo Dost Ali,27.74899,67.00527
Mozo Ghulam Nabi Sasoli,27.58395,67.07586
Mozo Ghulam Sarvar,27.55174,67.12851
Mozo Hafiz Hasan Sheikh,27.52347,67.08492
Mozo Haji Muhammad Usman,27.54295,67.08148
Mozo Halu Tharani,27.60331,67.17368
Mozo Jumman,27.53777,67.12843
Mozo Kahani,27.82346,67.19996
Mozo Kanak,27.78934,66.58699
Mozo Khair,27.69406,67.10164
Mozo Khoso,27.69681,67.11126
Mozo Kotero,27.79379,67.18967
Mozo Kunj,27.7717,67.1847
Mozo Mando,27.54813,67.15535
Mozo Maula Bakhsh,27.57112,67.162
Mozo Mir Muhammad,27.5409,67.13972
Mozo Mizar Khan Chhutto,27.55524,67.08363
Mozo Muhammad,27.53007,67.13929
Mozo Muhammad Ayub,27.52714,67.08405
Mozo Muhammad Chhutto,27.52223,67.1924
Mozo Muhammad Hasan Jamot,27.93204,67.27707
Mozo Muhammad Ismail,27.55115,67.14014
Mozo Muhammad Miraji,27.62282,67.1334
Mozo Muhammad Nur,27.77097,67.02782
Mozo Muhammad Urs,27.52399,67.19483
Mozo Muhammad Usman,27.5451,67.1485
Mozo Muhammad Zahri,27.53185,67.07715
Mozo Mulki,27.75989,67.17128
Mozo Nur Muhammad Dilran,27.57454,67.14082
Mozo Rahim Bakhsh Dilro,27.55122,67.08161
Mozo Sadullah Brahul,27.61503,67.13294
Mozo Salari,27.70193,67.0996
Mozo Sanaullah,27.7683,67.02375
Mozo Soz Ali Jatak,27.92282,67.24829
Mozo Sund,27.82498,67.19098
Mozo Umar Musani,27.97799,67.16376
Mozo Usman Brahuj,27.75071,67.04319
Mozo Yar Muhammad,27.76663,67.15896
Muap,28.44342,65.4978
Mubarak Bazar,26.02433,64.30618
Mubarak Bazar,26.89907,64.79257
Mubarak Chat,26.18602,62.00505
Mubarak Gis,29.37389,63.77866
Mubarak Gis,29.3724,63.77618
Mubarak Kili,29.80442,66.13378
Mubarakani,26.28984,66.3336
Mubarik Khan Jamali,28.0876,67.92638
Mubarikzai,28.2147,66.16425
Mubark Bazar,25.3228,62.18139
Mubārak Mengal,29.2298,64.708
Muchain Kili,30.58588,66.99184
Muchian,30.36219,66.95847
Muda,29.18333,63.83333
Mugai Bargai,30.59796,67.44818
Mugalgor,27.21667,64.71667
Mughal,31.3,67.81667
Mughal China,31.02261,67.80841
Mughal Ghundai,31.28012,69.31667
Mughal Khan,28.36854,67.38006
Mughal Kot,31.86826,69.71958
Mughal Kund,29.46644,66.57346
Mughal Qila,30.42302,68.8352
Mughal Selaj,30.30319,69.89222
Mughalm Jat Simano,28.44144,67.47332
Mughals Qala,30.18644,68.89839
Mughalzai,29.03839,66.58493
Mughbali Kili,29.14776,66.05067
Mughutian,30.39366,66.98633
Muhabbat Khan,28.67073,65.71285
Muhabbatpur,28.5,68.55
Muhallah Zehri Zarina Khan,27.79492,66.63448
Muhamad Saleha Kili,26.31533,63.35232
Muhamamd Ali Zahri,28.04064,66.30434
Muhammad,29.23333,63.13333
Muhammad,27.82113,66.48499
Muhammad,27.99108,66.51705
Muhammad,25.7812,67.0455
Muhammad,29.93302,66.76196
Muhammad,26.27431,65.84949
Muhammad Abad,28.18112,66.17521
Muhammad Afzal,31.46002,67.93002
Muhammad Alam,28.73881,66.56319
Muhammad Alam,28.07287,66.35905
Muhammad Alam,28.13405,67.9854
Muhammad Alam Chah,27.37998,63.91828
Muhammad Alam Gis,29.33418,64.09463
Muhammad Alam Jalamani,28.4425,68.00982
Muhammad Alam Khan,28.10846,67.78457
Muhammad Alam Mags,28.0949,67.7863
Muhammad Ali,26.71781,65.58293
Muhammad Ali,29.1954,63.44407
Muhammad Ali Bazar,27.17808,64.52786
Muhammad Ali Bazar,26.05612,64.4607
Muhammad Ali Chanal,28.17521,66.43898
Muhammad Ali Jamali,28.37738,68.19118
Muhammad Ali Khan,28.44031,68.2303
Muhammad Ali Khan,29.58692,65.99463
Muhammad Ali Khan,28.21291,68.06806
Muhammad Ali Qalandarani,28.04567,66.33149
Muhammad Allah Bazenjo,26.9002,66.19134
Muhammad Amin,29.21445,67.77985
Muhammad Amin,29.9786,67.04303
Muhammad Amin Khan,28.46798,68.74299
Muhammad Amin Log,25.32704,62.53878
Muhammad Anwar,29.40816,66.63811
Muhammad Aslam,31.11256,66.71322
Muhammad Aslam Sasoli,28.9312,65.68829
Muhammad Ayas Kili,30.86312,66.52742
Muhammad Ayaz,31.49792,67.7415
Muhammad Ayub,26.39229,66.6357
Muhammad Ayub Bazar,26.24928,64.9426
Muhammad Ayub Kili,30.5483,66.60443
Muhammad Azeem Gis,26.40228,63.36755
Muhammad Azim Bazar,26.64033,63.43399
Muhammad Azim Dik,28.69407,64.36841
Muhammad Azim Khanabad,28.03167,66.13088
Muhammad Aziz Chanal,28.16265,66.48544
Muhammad Bakhsh,27.56017,65.39633
Muhammad Bakhsh,27.79649,66.45722
Muhammad Bakhsh,28.03321,66.37599
Muhammad Bakhsh,28.99431,64.87269
Muhammad Bakhsh,28.10836,66.49503
Muhammad Bakhsh Brahui,28.28802,68.24982
Muhammad Bakhsh Brahui,28.42925,68.22981
Muhammad Bakhsh Gola,28.41992,68.17387
Muhammad Bakhsh Jamali,28.31421,68.09015
Muhammad Bakhsh Mastoi,28.28643,68.08371
Muhammad Bakshsh,26.55601,66.87291
Muhammad Baqa,28.57162,67.71954
Muhammad Bazar,25.31737,62.43027
Muhammad Bazar,26.20283,64.75959
Muhammad Bazar,25.35302,62.40008
Muhammad Bukhsh,26.91073,65.63249
Muhammad Bukhsh,26.66482,66.97939
Muhammad Bukhsh Channal,26.64523,65.75791
Muhammad Burj,30.72727,68.2854
Muhammad Colony,28.64394,69.19193
Muhammad Dano Bazar,25.5101,61.93015
Muhammad Darwesh Hasni,30.32181,69.92309
Muhammad Din Colony,30.57959,67.0219
Muhammad Dinar,27.42993,66.82301
Muhammad Essa,26.4355,63.5449
Muhammad Goth,26.33412,67.0641
Muhammad Gul Kili,30.89903,66.38967
Muhammad Gulzar Khan,30.02962,68.59362
Muhammad Hajwani,28.17127,68.01662
Muhammad Hanif Gis,29.30575,64.23619
Muhammad Harun,26.40786,66.70906
Muhammad Hasan,26.33714,66.53579
Muhammad Hasan Brahui,28.30104,68.19657
Muhammad Hasan Halq,26.92298,63.9055
Muhammad Hasan Khan Gola,28.5,68.53227
Muhammad Hasan Kili,30.90609,66.45192
Muhammad Hasan Kili,31.52466,69.02048
Muhammad Hasan Omrari,26.45019,66.0444
Muhammad Hasan Pandrani,28.16405,67.72318
Muhammad Hashim,26.94869,64.28678
Muhammad Hashim,27.79513,66.47069
Muhammad Hashim Chah,28.31929,64.46582
Muhammad Hashim Khan Sinjrani,29.20898,64.69616
Muhammad Hassan,27.59488,65.38908
Muhammad Hayat,27.68021,65.63033
Muhammad Hayat,26.4606,65.4547
Muhammad Hayat Chah,28.9123,65.04208
Muhammad Hayat Chanal,28.13384,66.41214
Muhammad Hayat Jattak,28.47343,68.09129
Muhammad Hayat Jodhani,28.22482,67.39606
Muhammad Husain,26.33615,66.59435
Muhammad Hussain,28.16345,68.0953
Muhammad Hussain,25.3248,62.4266
Muhammad Hussain,27.59448,66.58798
Muhammad Hussain,28.06119,66.37831
Muhammad Hussain Gis,29.34726,63.8094
Muhammad Hussain Khan Jamali,28.05814,67.86779
Muhammad Hussain Kili,29.06257,64.13994
Muhammad Hussain Kili,29.15653,63.92252
Muhammad Hussain Qalandarani,28.03172,66.315
Muhammad Hussain Shah,28.59222,68.3498
Muhammad Hussain Umrani,28.52756,68.38058
Muhammad Hyat Mirwani,26.38077,65.31621
Muhammad Hāshim Khān Sinjrāni,29.2081,64.6832
Muhammad Ibrahim,26.72369,66.82006
Muhammad Ibrahim,26.703,65.76702
Muhammad Ibrahim Nasir,30.14438,68.5671
Muhammad Idrim,27.28139,64.35542
Muhammad Isa Kili,30.83268,68.59411
Muhammad Isa Pandrani,28.48728,68.27764
Muhammad Ishaq,28.00127,66.36178
Muhammad Ishaque Sasali,26.62909,66.82375
Muhammad Ismail,28.58029,68.46152
Muhammad Ismail,26.69491,66.28319
Muhammad Ismail Chah,28.98779,64.12623
Muhammad Ismail Gis,29.32276,63.84466
Muhammad Jamali,27.93648,67.68916
Muhammad Jan,30.79488,66.67157
Muhammad Jan,30.71805,66.43276
Muhammad Jan,31.17168,67.09591
Muhammad Jan,30.10854,66.76498
Muhammad Jan Bazar,26.1946,64.81194
Muhammad Jan Kili,30.85724,66.48917
Muhammad Karim,26.94532,65.62807
Muhammad Karim,27.35437,65.17887
Muhammad Karim,31.63278,68.42611
Muhammad Karim,31.47018,67.82737
Muhammad Karim,26.38182,64.18956
Muhammad Karim Bazar,26.63477,63.33811
Muhammad Karim Chah,27.3986,63.91946
Muhammad Karim Kili,28.4324,65.445
Muhammad Katwar,28.17731,67.51033
Muhammad Khan,28.36767,68.24865
Muhammad Khan,29.32407,64.03874
Muhammad Khan,29.93906,67.04299
Muhammad Khan,25.48058,63.07084
Muhammad Khan,26.26311,62.90995
Muhammad Khan,29.94206,66.72655
Muhammad Khan,28.74797,65.67067
Muhammad Khan Gis,29.34387,63.81698
Muhammad Khan Gis,28.22114,65.07261
Muhammad Khan Gola,28.17735,67.68461
Muhammad Khan Jamail,28.01057,67.94645
Muhammad Khan Jamali,28.09258,67.79307
Muhammad Khan Kili,30.04053,69.05581
Muhammad Khan Korai,28.1724,68.08376
Muhammad Khayat Bazar,26.24346,64.92603
Muhammad Kili,29.05802,63.95994
Muhammad Latif Bazar,26.22437,64.62477
Muhammad Log,25.29878,62.54387
Muhammad Malezai,31.14062,66.72303
Muhammad Mathang,25.46484,64.86073
Muhammad Mithwani,30.28041,69.76548
Muhammad Mubasher,27.46795,64.30101
Muhammad Murad,28.88807,65.6616
Muhammad Murad,27.38893,64.35071
Muhammad Murad,26.98774,66.14313
Muhammad Murad,26.29234,66.51253
Muhammad Murad Gis,29.31142,64.02206
Muhammad Murad Kili,29.1197,63.87807
Muhammad Musa,26.43942,65.37458
Muhammad Musa,26.42161,63.6229
Muhammad Musa Goth,26.33577,66.76156
Muhammad Mustafa,28.73029,66.52612
Muhammad Nabi Colony,30.21328,66.96694
Muhammad Nawaz,28.32053,67.46701
Muhammad Nawaz Pathar,28.15891,67.8304
Muhammad Nur,26.4162,63.7046
Muhammad Nur Bazar,27.22123,64.7316
Muhammad Nur Kili,29.0844,63.9709
Muhammad Panah Umrani,28.35544,68.12416
Muhammad Qadir,30.85374,67.95844
Muhammad Qasim,29.97164,67.0747
Muhammad Qasim Goth,26.29879,66.78179
Muhammad Qayyum,31.17334,66.74731
Muhammad Rafiq,27.44311,66.84515
Muhammad Rafiq Zahri,28.04653,66.3023
Muhammad Rahim,26.96874,64.84467
Muhammad Rahim Goth,25.36282,66.90236
Muhammad Ramzan,28.80995,66.19752
Muhammad Ramzan,28.1068,67.94102
Muhammad Ramzan Bazar,26.17448,64.23419
Muhammad Ramzan Masori,29.83537,69.76231
Muhammad Rasul,31.26134,66.92662
Muhammad Rasul Baluch,29.2734,64.24493
Muhammad Rasul Kili,30.77145,68.21531
Muhammad Rasul Kili,30.92806,66.41511
Muhammad Raza,27.28683,66.7862
Muhammad Raza Chah,29.61583,61.18833
Muhammad Raza Rakhshani,27.45399,65.87891
Muhammad Roshan,28.13956,68.00885
Muhammad Roshan,28.46216,68.15977
Muhammad Saddique Nasir,30.14986,68.61218
Muhammad Sadia Bazar,26.24515,64.1787
Muhammad Sadiq,31.29877,66.946
Muhammad Sadiq,31.08406,66.70378
Muhammad Sadiq,26.37976,65.672
Muhammad Safar,28.17161,68.07267
Muhammad Saleh Bagti,28.45462,68.2375
Muhammad Saleh Shawal,28.09315,66.49061
Muhammad Salim Kili,30.82048,68.77404
Muhammad Shafi,29.54513,66.38627
Muhammad Shafi,28.72866,66.62233
Muhammad Shafi Chah,28.05111,63.18501
Muhammad Shafi Jamali,28.47126,68.18865
Muhammad Shafiq Nazir,30.14483,68.61577
Muhammad Shah,29.06147,66.81697
Muhammad Shahi,29.79919,66.85823
Muhammad Shahi Kili,29.81402,66.86507
Muhammad Siddique,26.29798,67.10873
Muhammad Siddique,26.72713,66.96473
Muhammad Siddique Lohari,26.68466,66.85285
Muhammad Somlani,27.44384,65.91094
Muhammad Suleman,31.26629,66.89843
Muhammad Tawa,28.63604,66.53583
Muhammad Umar,30.93501,66.47018
Muhammad Umar,26.48308,63.50295
Muhammad Umar,25.33489,62.30001
Muhammad Umar,25.82955,67.07068
Muhammad Umar,26.32679,66.52362
Muhammad Umar Khan,26.54434,65.48904
Muhammad Umar Lashkar,27.46809,67.15219
Muhammad Umer,28.68209,66.3192
Muhammad Usman,28.46384,68.22651
Muhammad Usman,26.66945,65.77956
Muhammad Usman Lehri,28.43753,68.24371
Muhammad Wal,31.1849,67.02665
Muhammad Wal,29.76615,66.67698
Muhammad Yaqub,26.48956,65.27241
Muhammad Yaqub,25.85299,67.04601
Muhammad Yaqub Gis,29.32502,64.09486
Muhammad Yaqub Lahri,28.11786,66.49224
Muhammad Yaqub Qalandarani,28.02409,66.3901
Muhammad Yousaf Ghis,27.30487,63.12089
Muhammad Yusuf,30.75358,68.277
Muhammad Yusuf Rind,28.37893,68.24409
Muhammad Zahir,31.16544,66.86123
Muhammad Zai,30.92884,66.87488
Muhammad Zaman Jamali,28.1238,68.03299
Muhammad Zarkun,30.04072,68.98655
Muhammad zai,28.89867,66.29581
Muhammad-Azman,26.48554,63.52106
Muhammadai,27.61646,66.48044
Muhammadani,28.489,66.65643
Muhammadani,27.98833,66.55791
Muhammadi Bazar,25.32325,62.74745
Muhammadi Bazar,25.75081,62.78379
Muhammadi Bazar,26.16466,63.95945
Muhammadi Chat,26.16794,62.00417
Muhammadpur,29.19399,67.8921
Muhammadpur,29.10197,67.9579
Muhammadwal Karez,29.77686,66.67131
Muhammadzai,31.21198,69.97128
Muhammadzai,28.91146,66.31559
Muhammadzai,30.53619,66.71543
Muhammadzai,27.80602,66.47843
Muhammadzai,31.12251,69.93565
Muhammadzai,30.48227,66.59179
Muhammadzai Kili,31.184,69.98867
Muhammah Azam Gis,29.39581,63.76799
Muhammed Hussaini Kili,29.9347,66.71418
Muhanj,28.46059,67.20946
Muhna Samad Khan,30.16829,69.96827
Muholi,29.33638,67.56313
Muijd Mathang,25.38572,64.84076
Mujib Khan,28.60569,68.46151
Mukh,26.96225,64.84243
Mukhtaz Kili,31.60922,69.86396
Mukkar,25.14419,66.79339
Muklawai,30.279,68.28769
Mula,25.76667,66.51667
Mula Abdul Halim,30.6956,68.67719
Mula Abdul Khalaq,30.6878,68.64976
Mula Abdul Rahim,30.69039,68.70297
Mula Bakhsh Jhakrani,28.43718,68.22631
Mula Baran,28.5651,64.12573
Mula Chat,25.8971,62.45254
Mula Dad Goth,28.03307,67.90547
Mula Ghani Kili,30.74832,68.28027
Mula Muhammad,26.67044,65.5614
Mula Muhammad Khan,27.89659,65.78829
Mulai Nagore,25.61548,62.24257
Mulam Usman,27.20065,66.32427
Mulao Kili,31.39891,68.86768
Mulaship,25.33333,63.51667
Mulawal,25.48,63.25154
Mulayan Kili,31.39568,69.18295
Mulgaroni Kili,30.00649,68.75804
Mulia Shabb,30.8987,69.86871
Mulian,26.1224,61.88601
Mulla,28.83507,67.44892
Mulla Abdul Ghani,27.55469,65.38897
Mulla Abdul Khaliq Mullazai,31.48495,67.7429
Mulla Abdul Rashid Kili,29.19436,63.76366
Mulla Aghbarg,30.7692,67.20322
Mulla Aghbarg,30.7721,67.00571
Mulla Alam,31.29577,66.98493
Mulla Ali,30.74752,68.33598
Mulla Azat Kili,30.26393,66.58848
Mulla Azim Tsah,30.89167,69.11389
Mulla Bakhtpur Kili,31.37523,69.00592
Mulla Baran,31.31123,68.99527
Mulla Dad Kili,29.10602,64.13462
Mulla Dahya,30.75857,67.35279
Mulla Dilbar,31.17711,67.67756
Mulla Duni,27.6113,65.57348
Mulla Faiz Muhammad,26.99932,64.91862
Mulla Ghaus Bakhsh Muhammad Hasni,28.96128,65.51979
Mulla Haidar,31.20466,66.93754
Mulla Hamid Karez,31.03304,67.17435
Mulla Ismail Chah,29.20245,63.13788
Mulla Izzat Kili,29.04627,64.14449
Mulla Jumma Kili,29.44799,64.25725
Mulla Kamal Kili,31.41229,68.71872
Mulla Karim Bakhsh Kili,28.4791,65.4326
Mulla Killi,29.78891,66.22395
Mulla Kondal,30.73724,67.21347
Mulla Kurba Ziarat,31.35132,68.09019
Mulla Mahmud Ahmad,27.25564,66.76566
Mulla Majid,30.76667,68.28194
Mulla Malik Muhammad Bazar,25.29067,61.97607
Mulla Muhammad Hasan,28.2837,68.05336
Mulla Muhammad Rafique,29.1968,63.46502
Mulla Muhammad Ramzan,29.08071,63.9737
Mulla Muhammad Yaqub,25.28845,62.45336
Mulla Nek Muhammad,29.05905,63.90664
Mulla Rahim Khan Kili,30.37024,68.53178
Mulla Rahman Kili,31.63731,69.46985
Mulla Rahmatullah,31.49365,67.73691
Mulla Ramzan,26.35897,66.56644
Mulla Sadiq,30.97182,67.12441
Mulla Saiyid Bazar,26.07033,64.22528
Mulla Sarwar,29.27178,64.33371
Mulla Shah Nazar,28.34931,65.21789
Mulla Shakh,30.84353,67.56498
Mulla Sharif,30.78333,68.36667
Mulla Siddique Duni,27.68595,65.72486
Mulla Umar Kili,29.78868,66.12402
Mulla Wali Dad,25.59557,61.90849
Mulla Yahya Kili,31.68027,69.26799
Mulla Yar Muhammad,26.23456,64.82496
Mullah Bazar,25.53656,62.0189
Mullah Hamzo,26.73239,66.81488
Mullah Ishaq,29.0198,64.11036
Mullah Karim,25.79299,67.04381
Mullah Muhammad Gul Gis,29.28497,63.82114
Mullah Raghah,31.41501,69.82221
Mullai Bazar,25.9989,63.0345
Mullak Abdul Gaf,26.82924,63.33816
Mullaka,26.25962,66.34433
Mullan Chat,26.17235,62.04702
Mullan Lal Jan Gis,29.3304,63.78503
Mullan Nur Gis,29.41096,63.77318
Mullan Qader Bakhsh,25.30003,62.74032
Mullan Tawiz Khan,30.45581,69.67629
Mullaullah,31.49595,67.73245
Mullayan,30.81917,66.83139
Mullayan Kili,31.43604,69.0598
Mullazai,28.07457,66.26429
Mullazai,28.32846,66.16178
Mullazai Kach,30.79444,67.58306
Mullo Machi,28.4864,68.17485
Multanai,31.71153,68.16105
Multanai Kili,31.01639,69.05972
Mumin,30.47111,66.62028
Mund Khan Qambrani,28.05972,67.92459
Mundai,31.14639,66.99722
Mundani,28.95,68.13333
Mundar Kot,28.06371,67.84794
Mundi,26.9582,63.5227
Mundrani,29.06784,67.85779
Mungar,29.07623,67.84566
Muni,27.68936,66.79609
Munir Abad,27.60255,65.8925
Munir Khan,29.86348,69.46501
Munir Khan Jamali,28.16966,68.06211
Munjro Khand,29.25328,66.04711
Munshi Goth,28.48866,68.76881
Munwar Khan,28.6022,68.41973
Munzur Kili,30.08161,68.99682
Murad Ali,26.95796,65.63897
Murad Ali Chah,28.32812,64.44242
Murad Ali Qalandarani,28.05214,66.28573
Murad Bakhsh,26.48377,64.58568
Murad Bakhsh Bazar,26.39165,63.61319
Murad Bakhsh Bazar,26.20011,64.05203
Murad Bakhsh Bazar,26.80668,64.47139
Murad Bakhsh Bugti Khu,28.8664,68.45711
Murad Bakhsh Mathang,25.47258,64.82247
Murad Bazar,26.22431,64.51617
Murad Bazar,26.63685,63.47083
Murad Bazar,25.40523,63.13022
Murad Bazar,26.54256,65.32315
Murad Boher,28.34955,68.13763
Murad Ganj,28.46588,66.79352
Murad Gis,26.31499,63.46486
Murad Hasan,26.36003,66.52566
Murad Khan,29.88387,66.86472
Murad Khan,30.53257,69.04707
Murad Khan,27.47525,65.12337
Murad Khan,28.71567,66.61442
Murad Khan Bazar,26.36217,64.14573
Murad Khan Goth,25.48782,66.67391
Murad Khan Kili,31.26861,69.04806
Murad Khan Kili,30.18168,68.99681
Murad Khan Mullazai,30.53784,69.06245
Murad Khan Raisani,27.60048,66.4486
Murad Mama,31.05438,67.10838
Murad Muhammad,25.3113,62.3497
Murad Muhammad Bazar,26.22025,64.62267
Murad Shahi,28.9568,66.174
Murad Shahi,28.9421,66.166
Muradani,29.15692,67.85815
Muradhan Kili,29.8085,69.05816
Muradwah Gola,29.24157,68.12301
Muradwah Janubi,29.2144,68.02859
Muragh Kili,31.31791,68.21732
Murat Machhi,25.34974,62.84835
Murgap,27.03285,65.51946
Murgha,30.85427,67.52002
Murgha,30.72662,67.82328
Murgha,30.96926,67.53756
Murgha Faqirzai,31.05462,67.78025
Murgha Kibzai,30.74274,69.42305
Murgha Kili,29.82372,66.8445
Murgha Kili,30.75877,69.39762
Murgha Mehtarzai,30.72193,67.54927
Murgha Murzghun,30.72605,67.81893
Murgha Zikriazai,30.67977,67.38324
Murghai,30.94063,67.81061
Murghakai,30.99289,67.69793
Murghakai,30.59167,67.31452
Murghazai Kili,31.21389,69.94
Murgho,27.49364,66.29005
Murgho,27.66424,63.96742
Murghzan,31.24042,69.95736
Muria Kili,29.97521,66.46031
Murid,28.70088,66.81823
Murid Chah,26.8817,63.83496
Murid Chah,26.18813,61.89593
Murid Gwaranjo,26.47484,66.06688
Muridani,26.2846,66.27882
Muridzai,28.99059,66.34122
Murnal,28.32394,68.3677
Muro,28.08162,66.48574
Murrad Khan,26.16795,66.53727
Mursal,29.68015,66.74577
Murtan,26.77693,64.29477
Murwi Bazar,26.02609,62.79831
Murād Ali,28.43889,68.5
Murād Khān,26.52361,65.47778
Musa,26.68953,65.56052
Musa,26.38277,66.73716
Musa,31.05736,66.75002
Musa Bazar,25.9961,62.90133
Musa Bazar,26.13463,64.47269
Musa Bazar,25.42521,62.06551
Musa Colony,30.1445,66.99206
Musa Colony,30.14004,66.98305
Musa Colony,30.18846,67.03282
Musa Dasht,27.65188,66.42985
Musa Gazzi,27.73843,65.89814
Musa Gul,30.40404,69.6063
Musa Halq,26.86965,63.97597
Musa Kalim,30.55736,66.61693
Musa Khan,30.55697,66.61309
Musa Khan,28.34575,66.10031
Musa Khan,27.48651,66.51965
Musa Khan Jamal,28.0533,67.9085
Musa Khan Kili,30.75712,69.89058
Musa Khel Bazar,30.85944,69.82208
Musa Tahlani,29.18383,68.06129
Musafar,30.3935,66.65803
Musafer,29.00086,63.63206
Musafir Bazar,26.86301,64.6372
Musafir Bazar,26.22079,64.52381
Musafir Chakal,27.95,65.5
Musafirpur,30.96713,69.14969
Musani,26.26623,66.32597
Musaseji,25.80639,62.33333
Musazai,30.4046,66.4799
Musazai,30.32667,66.60111
Musazai,30.38585,66.53823
Musazai Kili,31.00431,69.21256
Mushawal,30.66513,68.93143
Mushkaf,29.50815,67.67781
Mushkai,29.07274,66.06021
Mushtaq,28.3243,67.4702
Musiani,28.45668,66.70693
Muski Qila,26.64377,63.36697
Muslimabad,30.10731,66.96555
Muslimabad,30.92247,66.46422
Muslimbagh,30.82428,67.734
Muso,26.35156,66.53896
Mustafa Bazar,26.91789,64.67672
Mustafa Gis,29.28483,63.87585
Mustafa Karez,30.84626,69.08653
Mustafa Khan Kili,29.91015,66.96428
Mustafa Mena,31.02609,70.19042
Mustafaabad,29.30175,65.81004
Mustafaabad,29.08012,66.60726
Mustafabad,30.15494,66.9767
Mustafabad Bazar,26.26699,64.0805
Mut Qobul,28.64309,67.83497
Muthu Qalandari,26.61444,66.81859
Mutriba,29.8082,66.86253
Muzan Bund,25.90565,62.48256
Muzzaferabad,27.82951,66.61496
Māsūm Khān Kili,30.89167,66.49417
Nabi Bakhsh,25.81382,67.07235
Nabi Bakhsh Bhangar,28.54629,68.34693
Nabi Bakhsh Chah,28.31649,64.4708
Nabi Bakhsh Jamali,28.37033,68.16874
Nabi Bakhsh Kili,29.11995,63.8289
Nabi Bukhsh,26.44573,66.71518
Nabi Dad,28.24331,68.17989
Nabidad,29.92218,67.11406
Nabidad,29.64437,66.76268
Nabidad,29.78464,67.0104
Nabidad Jamali,28.00426,67.81821
Nabroz Kili,29.2326,64.17294
Nadar Zai,31.1041,70.03138
Nadgai,30.47229,67.7149
Nadil Bazar,26.88997,63.51867
Nadir,30.60122,66.62069
Nadir Khan Sinjrani,29.13704,64.70713
Nadirabad,29.29489,64.67304
Nag,27.41271,65.13201
Nag,28.32129,64.44992
Nag Bazar,26.15588,64.22333
Nag Thal,26.37697,62.84916
Nag Zamaran,26.39822,62.85595
Nagak Bazar,26.16254,64.26099
Nagangai Kili,30.44845,68.39947
Nagar Bazar,25.6119,62.24343
Nagar Kili,30.52028,69.04901
Naghar,30.8119,67.20012
Naghar,30.96957,67.60404
Naghar,30.72282,67.32352
Naghar Bah,30.8895,69.94445
Naghari,29.40512,67.63085
Naghari,29.41638,67.63976
Naghur,28.30185,67.36974
Naghza,30.70433,67.83502
Nagi,25.51988,62.97538
Nagidar,26.09705,62.20069
Nagsho Pand Mehla,31.74107,69.71412
Naguman Karez,29.78732,66.68414
Nahar,29.93681,69.34437
Nahar Kili,31.07785,69.36657
Nahar Kot,29.76673,69.46613
Nahral Levy Post,30.0014,69.07075
Nai Manzai Kili,30.05574,68.87294
Nai Mir Wah Umrani,28.44807,67.85353
Naib Aziz Gola,28.9983,67.71164
Naib Fateh Muhammad,28.2447,66.4622
Naik,30.75861,67.78528
Naik Muhammad,28.11586,67.9219
Naik Muhammad,26.54055,66.83452
Naim Nothani,27.64571,66.28512
Naimatabad,30.58232,66.97384
Naka Jau,26.21158,66.24122
Naka Kharai,25.252,66.73669
Naka Pabni,25.27079,66.92711
Nakam,30.00064,69.65925
Nakam Khan,26.21293,66.02036
Nakami,29.98828,69.64963
Nakha Changwani,30.06328,69.78999
Nakhari,31.16437,67.03902
Nakheza,30.8683,70.01558
Nakhshi Dagar,30.4818,69.54013
Nakoi,30.423,68.98442
Nakra Mina,31.28858,70.05365
Nal,27.68689,66.19151
Nal,31.13768,66.91694
Nala,29.01024,67.99764
Nala Khuda Bakhsh Sharti,29.14579,68.11299
Nalai,31.11583,69.19444
Nalai,30.3272,68.7826
Nalai Kili,30.62533,68.89085
Nalai Kili,30.63442,68.91072
Nalai Sir,30.83395,68.81636
Nalar,29.25,63.1
Nalat,30.72163,67.97089
Nali,27.64768,67.18235
Nali,28.04714,66.72319
Nali,26.4613,63.04112
Nali,30.19068,66.52777
Nali,28.37511,65.44178
Nali,27.11327,65.58253
Nali Azam,30.55927,69.31759
Nali Baghdadzai,31.0346,69.85709
Nali Baghdadzai,31.04315,69.8808
Nali Kandak,29.1822,65.786
Nali Malazai,30.47602,69.20803
Nali Mirdazai,31.00806,69.85805
Nali Miyan,30.82575,68.84109
Nali Mullazai,30.55257,69.03999
Nali Musa Khel,30.49111,69.20636
Nali Musakhel Kili,30.50182,69.2112
Nali Pae,30.80865,68.86217
Nali Rabat,30.21509,68.63819
Nali Shadzai,31.00632,69.87202
Nalient,25.33102,62.78121
Nall,25.48056,63.725
Nalli,29.27374,66.34249
Nalli Gis,26.26307,63.9804
Nalod,25.4501,62.78145
Nalunj Bazar,26.41429,62.57832
Nalwari,30.7816,67.2215
Nambar,27.341,66.88292
Nanak Kili,30.74292,68.28443
Nanak Shahi,25.53333,65.5
Nandro Bidrang,26.71623,65.60245
Nandro Pelar,26.88845,65.75079
Nangar Shah,28.40261,67.48235
Nango,30.93961,67.78351
Nao,30.87504,67.43806
Nar,27.92995,66.91526
Nara Khwaza,31.15334,69.93743
Narai,31.10412,66.88701
Narai,30.50373,67.52923
Narai Aghbarg Kili,30.53705,68.40754
Narai Aghbargha,30.76838,69.48008
Narai Ghabarg,30.44396,69.33787
Narai Kili,31.13433,70.15746
Narai Kili,30.62589,68.8309
Narai Kili,30.67314,68.99639
Narai Kili,31.10871,68.62291
Narai Ragha,31.17643,70.15832
Naraizai Kili,31.55342,69.57755
Narap Dun,28.77659,66.3149
Nare Dak,30.52108,68.19951
Narezai Kili,31.56887,69.55476
Nargas,30.91868,69.53472
Nargasa Kili,31.4502,69.59035
Nargasai,30.71641,69.64393
Nargasi Kili,30.35863,69.60374
Nargosi,30.98175,69.40162
Nargozi Kili,30.99067,69.37236
Nargusa Kili,31.70434,69.27162
Nari Guage,29.65391,67.88966
Narin,30.75124,67.28002
Narin,30.67418,67.35725
Narin,30.75556,67.20833
Narin Hena,30.78985,67.34793
Naringai,30.75305,67.3823
Narmag,26.75044,65.67086
Narmagi,27.03299,65.06867
Narmangi,26.74983,65.67344
Narmu Sukai,31.15243,66.83008
Naronki,28.4133,65.42776
Narwarsak,31.34804,69.92617
Nasib Khan,26.26715,65.51008
Nasib Mandau,30.81158,66.60343
Nasibabad,30.14754,68.57167
Nasibullah,26.37109,65.57994
Nasibullah,28.45963,68.60804
Nasibullah,28.40707,68.36165
Nasidad Marri,28.38451,68.22436
Nasir,30.92574,67.4113
Nasir,25.43362,64.69443
Nasir Ahmad,30.28772,69.78579
Nasir Bagh,30.92396,66.82535
Nasir Chah,30.55469,69.88791
Nasir Khan,30.07521,69.72167
Nasir Khan,28.49618,68.62683
Nasir Khan,30.55826,67.53391
Nasir Khan Jatoi,28.45636,68.13093
Nasir Khan Mala Gat,30.5822,67.53042
Nasir Khani,30.02163,68.8718
Nasir Kili,30.22823,69.52232
Nasir Muhammad,28.00384,67.91602
Nasir Pir,30.39604,68.91169
Nasir Skhobai,30.51611,67.33167
Nasir-ud-Din Kili,30.36229,66.51009
Nasirabad,29.18468,67.74389
Nasirabad,30.18389,67.03432
Nasirabad,28.8427,67.65066
Nasirabad,26.06688,62.71339
Nasirabad,27.58446,66.18971
Nasirabad,28.38694,68.40026
Nasirabad,30.13959,68.60455
Nask,30.27425,68.28256
Nasoba,30.1762,68.98634
Nasozai,30.48261,66.94409
Nasran Kili,30.40916,68.85501
Nasrat Ragha Kili,31.57737,69.77146
Nasrullah,31.14262,66.72695
Nath,30.87489,70.15083
Nathu,27.80669,66.40793
Nathu Kili,31.18997,68.45813
Nathu Rahmani,30.07609,69.73099
Nathwani,27.97796,66.54242
Nathwani,27.98492,66.58976
Natto,26.46086,62.87757
Nau,30.77677,67.30764
Nau Hisar,30.24144,66.89081
Nau Karbala,30.67785,66.8947
Nau Majok,30.70668,66.75873
Nauabad,30.19066,67.03151
Nauda Taki,30.69772,67.87169
Naugheza China,30.93267,69.13452
Naukar Khan Muhammad Hasni,28.82485,65.52491
Naurak,30.58771,66.55731
Naurang Kili,29.95269,66.47949
Nauro,28.93471,67.66159
Nauroz,30.452,66.53684
Nauroz Kalat,28.78109,65.61147
Nauroz Khan Kili,30.1017,68.91846
Naurozabad,28.55108,65.47458
Naurozabad,28.12961,67.1644
Naushahra,28.8033,67.8291
Naushahra,29.06558,67.84154
Naushahra,28.51303,67.56226
Naushahra,28.90556,68.11389
Naushahra,29.37633,67.58843
Naw-e-mir Ali Khel Mohla,31.67054,69.55643
Nawa Goth,28.04392,67.74208
Nawaabad,29.89705,66.64851
Nawab Karez,30.40354,68.94027
Nawab Khan Kili,29.06396,64.22733
Nawab Khan Muradwah,29.24645,68.13642
Nawab Kot,31.65549,69.89359
Nawab Muhammad Ayaz,30.69788,68.3839
Nawab Rabat,30.21941,68.55877
Nawab Shah,29.77146,69.31695
Nawab Shah Bazar,26.56647,63.28898
Nawah,27.83754,66.61317
Nawai Ghabargai,31.35305,69.63957
Nawan Goth,28.12971,66.301
Nawan Shahr,29.86433,66.79568
Nawan Shahr,29.73136,66.67092
Nawan Shahr,29.17904,67.62252
Nawanabad,30.63654,67.04327
Nawar,28.76728,64.13369
Nawar,28.5246,65.45066
Nawar,28.32801,65.11033
Nawar Imam,28.1,65.03333
Nawara,28.72396,67.87104
Nawat,31.81148,69.46523
Nawe Kili,30.98148,67.38477
Nawe Shahr,30.01922,68.59186
Nawe Viala,30.38055,68.97094
Nawe Viala,30.34061,68.68346
Naweoba,31.55075,69.35933
Nawra,28.23428,68.14507
Naya Karez,30.66464,67.35195
Naya Kili,30.82191,67.74206
Naya Tur Bund,29.26793,67.82007
Nazai Chan,30.08895,67.9587
Nazar Ali Khosa,28.4123,67.46632
Nazar Bagh,30.80939,66.84428
Nazar Gis,28.20425,65.05634
Nazar Muhammad,30.53917,66.3709
Nazar Muhammad,30.64813,66.44289
Nazar Muhammad Gis,29.31061,63.84509
Nazar Muhammad Kili,29.20662,61.6014
Nazar Muhammad Kili,30.93075,66.4068
Nazar Muhammad Kili,30.83866,66.48204
Nazar Muhammad Kili,30.92694,66.42478
Nazik,31.26533,66.98589
Nazir Ahmad Goth,25.86543,67.31972
Nazir Ahmed Bazar,26.77518,64.23927
Nazir Bazar,26.23535,64.45932
Nazir Gis,26.42547,64.16131
Nazir Skhobi,31.24301,67.97552
Nazo Gul Kili,31.11858,68.80003
Nazrabad,26.096,62.4475
Nazub,30.61758,67.10098
Neeko Kaul,30.87171,66.89084
Neghar,28.47049,66.27344
Neik Muhammad,26.74336,64.65877
Nek Bakht Bazar,26.28569,64.11554
Nek Namzai,31.18389,70.05211
Neka,26.59253,65.86101
Neknamzai,31.03577,69.95749
Neko,28.30911,65.0209
Nekoyal Kili,31.383,69.21434
Nekrri,30.03865,69.784
Nelani,30.02606,69.75971
Nenal Goth,28.33329,68.28791
Nesha Kili,30.30356,67.97927
New Dumb Bazar,25.43314,61.87871
New Gabd Bazar,25.37966,61.80202
New Ghulam Bazar,25.36825,61.79602
New Goth Dildar Khan Lashari,28.61076,67.46983
New Hakimabad,30.66783,66.91697
New Hazara Town,30.17969,66.96114
New Isteriza Tagi,31.36017,69.61523
New Kharotabad,30.38117,66.94856
New Kili,30.23593,66.86313
New Kili Gangalzai,30.7485,66.90017
New Kili Gargalzai,30.74022,66.82887
New Kili Haji Manaf,30.65331,67.10254
New Kili Khadharzai,30.38393,66.98494
New Kili Surkhab,30.5947,67.03447
New Mir Jat Bazar,25.41862,61.84989
New Mughalabad,30.1504,67.02499
New Muslim Ithad Colony,30.15357,67.01756
New Saido China,30.01394,68.74301
New Sariab,30.09357,66.97759
Newangaon,30.23878,67.01909
Nezwal,27.70576,66.82487
Nia Chandhar,29.17562,67.86006
Niam Dargi,29.27455,65.94247
Niam Dasht,28.71122,66.80146
Niam Loghur Zard,27.70892,66.2567
Niam Talang,28.90767,67.07449
Niamatullah Achakzai,30.74016,66.66689
Niami Kalag,25.85224,63.45956
Niaz Ali Rind,28.25655,68.03224
Niaz Muhammad,29.92638,69.27072
Niaz Muhammad,27.57019,65.40279
Niaz Muhammad Kili,30.72568,69.37391
Niazi Kot,31.63281,69.9045
Nichair,30.18876,67.02952
Nichara,28.86072,66.75101
Nichari,28.43482,66.74449
Nidah Kili,30.77465,66.49197
Nigand,31.04751,67.48048
Nigand,30.17634,67.2164
Nigangi,31.07057,67.70364
Nigbat Machhi Bazar,25.49708,62.74732
Nigindap,27.3,64.73333
Nigor,25.28203,62.23998
Nigzanzai Kili,30.95571,69.52901
Nihalan,29.98563,69.31815
Nihar Kili,30.04941,69.10064
Nikagan,31.46791,69.68073
Niko,30.8834,67.41559
Niko Jorki Bazar,25.46801,63.24256
Nikotash,30.69068,67.19111
Nikri,29.85498,69.48745
Nikroz,30.95223,67.75527
Nila,30.43051,67.05666
Nilag,25.8043,62.6204
Nilangi,25.30833,62.43333
Nilara,29.96667,69.7
Nilra,30.06756,69.70479
Nilra,29.76753,69.44888
Nimani,26.22546,66.37984
Nimargh,29.17477,66.30014
Nimki,30.07518,68.89527
Nimki Allahabad,30.05998,68.89861
Nimmi,26.50919,66.3685
Nindani,28.9662,68.13103
Nindrani,28.29157,67.46295
Nindāni,28.95,68.13333
Ningori,30.88824,67.96915
Nirian,25.43333,64.36667
Nisai,30.99575,69.42728
Nisai,30.81558,68.04328
Nishpa,30.88373,69.46267
Nishpa,31.12187,69.6835
Nishpa,31.28889,70.09498
Nishpa,31.05765,69.56579
Nishpa,31.33846,70.05917
Nishpa Karimdad,31.28242,70.06126
Nishpa Kili,30.75741,69.18761
Nishpa Kili,30.65038,68.46613
Nishpar,31.23438,69.61086
Nivano,26.36784,62.72079
Nizam Choti,30.06595,69.68151
Nizam Haveli,30.05805,69.6881
Nizam Kili,30.0772,69.02012
Nobatpur,28.26219,68.25337
Noda Zakriani,30.02927,69.75049
Nodiz,26.05777,62.7704
Nogai,28.025,66.41944
Nogru Bazar,25.29236,62.44302
Nohalan Shahr Girsani,29.96994,69.22486
Nok Chah,28.9604,64.81573
Nok Chah,27.44062,63.24797
Nok Jhao,26.28019,64.74337
Nok Jo,26.35238,64.82114
Nok Jo,27.41261,66.46814
Nok Kalat,26.01506,63.00287
Nok Kundi,28.82704,62.75039
Nokabad,26.80763,63.62872
Nokabad,26.00787,62.99641
Nokabad,26.97474,64.04306
Nokabad Tasp,27.00781,64.07039
Nokabad Tasp,27.0024,64.04375
Nokaf,25.38821,65.0747
Nokahan,26.02767,62.90112
Nokaji,27.78357,67.19411
Nokar Bazar,26.98832,63.51648
Noke Shan,25.45222,64.48528
Nokeen Kalag,26.37663,62.51825
Nokhbur Kalat,25.48855,63.03247
Nokin Lene,25.68764,62.29769
Nokinawara,28.86917,64.565
Nokjo,27.23281,65.70826
Nokjo,28.38678,66.22209
Nokpati,25.86723,62.57974
Nokushk,26.00678,62.83647
Noohzai,30.8331,69.8149
Norkandi,27.68287,66.78106
Notakzai,29.67218,66.39622
Notani,26.20495,66.33737
Notani,28.52564,65.46354
Nothani,27.65419,66.28471
Noti Bant,26.90776,65.40452
Noza Kili,29.94016,66.74929
Nuhli,28.8,63.71667
Nukh Shahr,29.10747,67.57429
Numi Kili,30.39971,68.61455
Nunari Gajan,28.72817,67.43542
Nur Ahmad,28.23449,66.05529
Nur Ahmad,26.79821,64.37064
Nur Bakhsh Gis,29.30992,63.7567
Nur Bakhsh Kili,30.00572,66.37672
Nur Gama,28.56198,66.74362
Nur Hasan Pandrani,28.57538,68.2805
Nur Khan,30.27616,69.90228
Nur Khan Jamalani,30.16228,69.73221
Nur Muhammad,26.48333,66.36667
Nur Muhammad,29.76908,67.00986
Nur Muhammad,25.65476,67.13966
Nur Muhammad,28.30984,67.36552
Nur Muhammad,26.97982,64.87796
Nur Muhammad,31.19427,67.22562
Nur Muhammad,28.83675,66.59843
Nur Muhammad,26.54191,65.51383
Nur Muhammad Ali Log,25.31086,62.72957
Nur Muhammad Bazar,25.40612,62.27961
Nur Muhammad Brahui,28.32375,68.22661
Nur Muhammad Brohi,27.38576,67.11427
Nur Muhammad Ghis,27.45836,62.99179
Nur Muhammad Gis,29.3196,64.0069
Nur Muhammad Jamor,26.15886,66.53148
Nur Muhammad Joe,28.6798,66.14713
Nur Muhammad Khan,28.20605,68.0322
Nur Muhammad Kili,29.14238,64.19711
Nur Muhammad Nambardi,30.29169,69.79462
Nur Muhammad Shahul,26.6569,66.86569
Nur Muhammd Jamali,28.3713,68.15189
Nur Ud Din Bakhlani,28.45527,68.9764
Nura,30.01077,69.92628
Nura Hara,28.91463,67.65405
Nurai,31.01546,66.83603
Nuran Shehr,29.83649,69.54824
Nurani Hotel,28.54156,66.29408
Nurdad Panhiar,28.57901,68.27471
Nurdin,26.24377,64.71211
Nurowha,28.34416,67.85995
Nurpur,28.1585,67.90293
Nurpur Jamali,28.17982,68.02222
Nuruddin Bazar,26.19798,65.45063
Nuruddin Suriani,27.96091,67.7882
Nushki,29.55218,66.02288
Nushki,28.05071,67.73613
Nushpa,31.21595,70.05638
Nushpa,31.0943,70.07466
Nushpai,31.02399,70.06503
Nusrat Zam,31.63804,69.64783
Nusro Kaul Panazai,30.92823,66.98829
Nādir Khān Sinjrāni,29.1383,64.6998
Oandee,30.96257,67.78259
Oba,25.7,66.33333
Obara,26.15,66.36667
Obash Behramshi,30.87812,67.14331
Obashtagai,30.97511,67.46239
Obashtagai,30.93131,67.37924
Obashtgai,30.63983,67.56077
Obashtgai,31.13816,67.32193
Obashtgai,30.72467,67.41523
Obashtgai,30.7314,67.41505
Obashtkai,30.5496,67.82043
Obashtkai,30.70151,67.54687
Obastakai,31.00924,67.19375
Obelisk,29.68333,67.52639
Oblun,30.84165,67.62044
Obo Saiyid,30.92528,67.35889
Obosar Kili,31.55393,69.84796
Ochakke,31.38486,68.86962
Ochobai Kili,31.34331,69.1449
Odewar,31.23051,70.01912
Odlah,30.22089,69.71222
Oewang Chah,29.28333,63.31667
Officer Colony,30.2062,67.00862
Ogai,26.9109,65.44959
Ogi Karez,30.73981,67.64806
Okar,25.12308,61.76178
Old Mach,29.87671,67.3033
Old Sui,28.64088,69.20916
Omaid Ali Goth,25.33166,66.77155
Orakzai Zrandah,31.00628,66.76784
Orbalan,31.18242,69.5035
Ormara,25.21018,64.63626
Ormara Raik,25.28333,64.55
Ornach,27.00571,66.15327
Orokai,30.84142,68.46185
Osantir,31.14986,67.28469
Oshta,30.31835,68.7096
Osman Beth,25.81405,62.5923
Ozd Kolak Kili,31.60855,69.17046
Ozhan,31.51913,69.79396
Pabni,25.24629,66.95123
Pabuni Chowki,25.26667,66.95
Pachchu,28.4129,66.85087
Pachh,28.5512,67.4093
Pachin Koh Colony,29.19439,62.58109
Pachka,27.5,66.8
Padag,29.00305,65.31538
Padag Road,29.10522,65.18119
Padgiaban,29.27286,64.51918
Padi Gazu,26.66028,63.84778
Padin,29.03273,65.76086
Padizah,31.03903,70.01892
Pahalwanzai,29.56223,66.86134
Pahind Kushta,29.96762,66.76761
Pahkami,29.4687,66.75734
Pahlan Pasta,31.58447,69.70345
Pahlara,25.42029,62.76796
Pahlwan,28.32184,67.49741
Pahor,29.10493,67.7967
Pahri Khwara,31.11726,66.79599
Pahrod,28.90356,66.15045
Pahrod Khand,29.01413,66.17866
Pai Muhammad Kili,31.58457,69.63897
Pai Ragha,31.00354,70.14501
Pai Takht,28.09314,64.51145
Paij Bogi,28.5898,69.33414
Paind,31.08588,66.89968
Paind Khan Mullazai,30.55407,69.05133
Paind Kili,30.04939,69.04542
Paindai Milan,31.05876,68.00707
Paindazai Kili,31.55421,69.49868
Paindo China,31.10619,68.17648
Paiozai Kili,31.23223,69.48196
Paizai,30.66566,66.69038
Pajan Khan,30.20045,68.92618
Pak Ada,31.00333,69.87861
Pakhewal,30.6107,68.83068
Pakhrai Kili,31.57319,69.37096
Pakhtunistan Kili,30.18553,67.71958
Pakistan Air Force Colony,30.23219,66.94161
Pakistan Military Account Colony,30.19224,67.03035
Pakistan Mineral Development Corporation Colony,30.06844,67.21679
Pakistan Public Works Department Colony,30.097,66.96835
Pakra Khan Jamali,28.32827,68.21964
Palalabad,26.61139,63.80417
Palantak,27.50021,64.12727
Palaru Chatti Bazar,25.45132,62.73334
Pale Tangai,31.13237,69.67498
Paleri,25.25339,61.99593
Paleya Khan,29.61437,66.29
Palezgir,31.42085,68.02775
Pali Kahor,25.39222,63.9098
Palitan,31.0493,66.79144
Paljat,28.20855,64.95877
Palli Mas,27.3602,66.5138
Paln Logar,30.9464,70.06723
Palow,28.63763,66.59815
Palwan Mena,31.09473,70.20376
Palwan Ragha,31.15594,70.15309
Pan Ja Gola,28.90142,67.56167
Pan Malik Kili,30.77838,69.89768
Pan Taka,30.18838,68.23111
Pana Pota,30.88294,66.95093
Panaki,30.71958,66.56021
Panawi Fushi,31.20571,70.12607
Panchi Kuhn,26.95485,64.04175
Panchzai,31.02425,69.23328
Pandhrani,28.16255,68.10867
Pando Badezai,30.6366,66.80266
Pandoi,28.69086,65.76303
Pandran Kash,28.7324,66.76177
Pandrani,28.73492,66.728
Pandrani Daim,28.17332,66.47274
Pandrāni,28.062,67.749
Panezai,30.68657,67.00372
Pangjur,26.96667,64.1
Panhwar,28.42821,68.77912
Pani Wand,28.23856,67.22546
Paniham,28.57443,63.21332
Paniham,27.96163,62.8175
Panir,29.68129,67.515
Panirbadi Chukkle,27.43543,64.55186
Panja Khan,28.10034,67.83803
Panjal,27.87816,66.61111
Panjgan,28.39504,66.76022
Panjgur,26.97186,64.09459
Panjpai,30.01661,66.57421
Panjpai,29.91408,66.49796
Panjpai Jadid,28.10655,67.80685
Panju Kachh,31.17256,70.21215
Panjuk,28.45715,67.52879
Panki Alam Khan,26.84558,66.10849
Panodi,25.79188,62.46465
Panr Kili,31.27112,69.22846
Pansar Shahr Haji Suleman,29.29942,66.28705
Panwan,25.10784,61.79713
Panzulonazai,30.18702,69.54092
Pappu,26.7248,63.8695
Par Chah,29.46667,63.5
Paradin,31.25725,66.84399
Parag Bazar,26.06991,64.57823
Parakai Melan,31.15863,68.73927
Parangai,31.05097,67.03817
Parey,29.15811,66.82033
Pareza,30.64171,67.52933
Parezai Kili,31.77758,69.56442
Pargara,30.22549,69.70573
Parhag,27.06786,64.17664
Pari Karondah,31.22651,69.55379
Pariko,27.9025,66.2228
Pariko,27.72482,66.22943
Parkan Chib,26.91325,64.97649
Parkanda,30.82306,67.75568
Parkotag Hoshab,26.02093,63.94024
Parkotag Malma i Bazar,26.03336,63.95984
Parni,31.25633,70.12161
Parome,26.57562,63.65485
Parpakki,27.29241,67.01882
Parpet,28.41778,65.36742
Parpet,28.40801,65.36208
Parpukduri,27.71636,66.78593
Parpuki,27.34841,65.75882
Parpuki Dasht,27.36298,66.27917
Parro Bhaggi,29.53355,69.57712
Parsha Menah,31.2304,69.5369
Parshagai,31.18107,67.69127
Parsu,29.88619,66.79105
Parwar,27.02524,65.53935
Parya,28.28333,67.89861
Pasand Bazar,26.68013,63.20756
Pasand Khan Basti,28.99206,67.767
Pasha Bakalzai,30.83338,67.55279
Pashasha,30.88854,67.23134
Pashma,28.02835,66.27962
Pasht Khan,28.09803,66.82541
Pasht Koh,26.9,65.26667
Pasht Rud,27.91725,62.97614
Pashtun Dara Colony,30.1585,67.02635
Pashtunabad,30.16502,67.01832
Pasil,26.31936,65.59671
Pasmandai Kili,31.61278,69.59306
Pasni,25.26302,63.46921
Pasra,30.26684,68.33066
Passu,25.14209,62.00045
Past Gwazhe,30.78,67.86611
Pasta,30.64583,67.63444
Pasta,30.99662,67.40795
Pasta,31.50198,69.79448
Pasta Khawasa Kili,30.15734,68.44058
Pasta Kili,30.68171,68.97542
Pasta Kili,31.43931,69.49651
Pasta Skhobai,30.40002,67.31989
Pastaki Kili,30.72496,69.12587
Pastanai,31.07222,69.90778
Pastanai,31.08152,69.90308
Pat,28.78333,63.25
Pat,25.47144,63.23798
Pat Gowanka Kili,29.05873,64.01924
Pat Izzat,27.87825,63.05461
Pat Kalra,28.55912,67.65426
Pat Kohna,28.85306,67.92767
Pat Manjnu Nau,28.84693,67.92204
Patai,28.56043,66.49136
Patak,27.75381,65.61598
Patakan,28.138,65.7818
Patan Kanur,26.01476,62.98549
Patham Ka Bent,28.01631,67.07506
Pathan,27.76868,66.97357
Pathan Kals,28.89337,67.86034
Pathan Kot,30.32225,68.54795
Pathani,26.47114,62.95212
Pathri,29.22546,66.33155
Pathri,25.48577,64.40056
Patibhaint,28.95347,65.80228
Patindar Halq,26.77983,63.89069
Patkan,27.92661,63.48348
Patkan,26.7984,64.3697
Patki,29.46884,66.35012
Patki,27.54553,66.19625
Patkin,29.07868,65.79242
Patkin Thana,29.07939,65.80362
Patkok,26.7826,63.32039
Patkok,29.4494,63.38191
Pato Skhobai,30.64942,67.65398
Patokai,30.84333,68.75473
Patozai Kili,30.64342,69.90813
Patra,29.92915,69.36709
Patra,29.82291,69.42055
Patri,28.66309,67.36916
Pattask,26.9184,65.7898
Patti,29.0705,69.28274
Pattozai,31.09309,69.95371
Patwani,30.18179,69.58901
Patwar Khana,28.3334,65.1116
Patwari Abdul Rahim Kili,29.65022,65.98013
Payao,30.29523,66.88511
Payao Kas,30.39165,69.06115
Payo,30.78333,68.38889
Payo Kili,31.51387,69.00448
Pazai,31.3431,70.10433
Pazai Kwashna,31.32177,70.07542
Pazha,29.89804,68.72347
Pechi Karez,30.4364,67.66083
Pehalwan Khan,28.47181,68.73308
Pehlawan,30.91084,67.48583
Pehri,30.26477,67.77514
Pelar,26.8823,65.75409
Pena,31.12221,67.17861
Per Muhammad,25.64409,63.46915
Peri Kalat,25.28333,64.6
Perjadāb,25.71667,63.59167
Pero Dana,30.20011,68.08546
Perol,30.76426,67.07614
Perpuki Chhib,27.73097,66.29887
Peshai Kili,31.13769,68.07008
Peshano Shpah Kili,31.2972,69.96921
Peshi,29.72733,67.48559
Peshi Kappar,27.58355,66.56406
Petwari,28.24306,67.87083
Pewar Kili,31.07176,69.15814
Pewara,31.23285,67.69495
Phadal Goth,25.63501,66.55466
Phadden,27.73049,66.05346
Phagar,27.17312,65.62775
Phait,29.86726,67.11695
Phakar jo Goth,27.94091,67.70793
Phal Chahi,26.17742,64.82689
Phal Dal,30.3492,67.7869
Phalwanzai,29.27928,65.84041
Phapro,31.28705,67.02855
Phatankonri Gresha Nal,27.53728,65.96135
Phateliwali,29.92555,69.62006
Phelawagh,29.42251,69.49548
Phod Kili,30.1779,66.97854
Phogan,27.86436,63.03949
Phogus,28.8549,65.11955
Phorozai Kili,31.09354,69.4105
Phuari,25.08559,66.70435
Phuj,28.90551,67.65936
Phul,29.73992,67.12439
Phul,29.76411,67.11805
Phulabad,26.12653,62.3938
Phulani,26.02782,62.91838
Phuleji,28.9986,68.34769
Phuleji,29.17917,68.10569
Phuliani,29.91289,69.80638
Phulki,27.02754,64.99513
Phullan Bazar,26.46657,64.53176
Phullan Bazar,26.02797,64.29324
Phullemasi,29.09576,66.55581
Phulu,26.33915,65.84072
Phunhal Khan,28.05381,67.96838
Phurdozai,29.25377,66.48712
Phurdul,29.85508,66.82483
Phurki,27.60965,66.21758
Piadokwal,26.91537,64.75371
Pialkha,31.15877,66.88881
Piaro Jamali,28.07316,67.85811
Pidarak,25.84158,63.23504
Pidd Bazar,25.74343,62.78328
Pihargo,26.05555,62.73208
Pilan Kili,27.46761,64.06165
Pimazi,28.55322,66.53373
Pinakai,30.82708,67.25967
Pinakai,30.8224,67.24649
Pinakai,30.82778,67.49089
Pinakai Kili,31.28135,69.90966
Pindo Bazar,25.91807,63.91831
Pindrani,27.74722,66.80811
Pinjar,27.50723,66.30594
Pipai,25.93333,61.84167
Pipar Goth,26.52276,67.17499
Pipili,27.92016,66.28984
Pipli,28.56111,66.11944
Pir,30.30605,67.35507
Pir Abdul Rahman,25.47142,63.91118
Pir Alizai,30.65418,66.68215
Pir Alizai,30.71481,66.73223
Pir Baba Shaikh Farid,30.59633,67.01987
Pir Bakhsh,26.8823,64.62966
Pir Bakhsh,28.8038,66.226
Pir Bakhsh,26.45547,65.17099
Pir Bakhsh,28.24357,67.87248
Pir Bakhsh,28.05182,67.82774
Pir Bakhsh,25.33357,62.4217
Pir Bakhsh,26.277,65.53235
Pir Bakhsh,25.56333,64.35946
Pir Bakhsh,28.00017,67.88273
Pir Bakhsh Bazar,26.23479,64.83429
Pir Bakhsh Bazar,26.96346,64.29505
Pir Bakhsh Jamair,28.15868,67.97803
Pir Bakhsh Laghani,28.44699,68.9225
Pir Bakhsh Shar,28.61093,68.35919
Pir Bambol Ghazi,25.89471,66.19907
Pir Bari,27.57242,67.16913
Pir Bukhsh,28.25354,67.49663
Pir Bukhsh Brahui,28.63019,67.77844
Pir Chattal Shah Nurani,28.46754,67.29482
Pir Dad Gis,29.38212,64.17879
Pir Dooasi,29.47195,67.58591
Pir Faqirabad Bazar,26.91754,64.09229
Pir Ghaib,28.79078,66.62118
Pir Ghaibo,25.25935,63.31019
Pir Ghulam Ahmed,27.03891,65.25736
Pir Haider Nika Ziarat,30.77479,67.17641
Pir Haji Kech,25.99124,66.25412
Pir Hazir,28.69095,66.1382
Pir Hussain Shah,29.09788,67.86469
Pir Ibrahim,27.54003,67.12879
Pir Ibrahim Shah,24.9288,66.73106
Pir Ismail Ziarat,30.04366,67.43163
Pir Jan,26.66016,65.54335
Pir Jani Bazar,26.32161,64.87899
Pir Jongal,29.08319,67.17096
Pir Kachhi,29.97004,69.89752
Pir Kala,28.40729,67.68971
Pir Kanai,30.37668,66.63111
Pir Kani,29.2414,67.66662
Pir Kanu,29.78597,66.84687
Pir Ki Baithak,29.83007,69.33492
Pir Koh,29.14203,69.09877
Pir Kuana,26.39195,66.5503
Pir Lakha,28.00558,67.0366
Pir Lakho,27.36335,67.05001
Pir Mahmud Aulla,28.92553,67.74914
Pir Manqha,25.72192,66.53826
Pir Mubarak,25.59604,67.28644
Pir Muhammad,26.53421,64.87012
Pir Muhammad,26.356,64.31887
Pir Muhammad,26.48259,65.66535
Pir Muhammad,30.34167,66.90194
Pir Muhammad,25.45586,62.02548
Pir Muhammad,27.41135,65.2158
Pir Muhammad,27.03256,64.32874
Pir Muhammad,25.78565,67.04848
Pir Muhammad,31.33029,69.67216
Pir Muhammad,31.26398,67.02085
Pir Muhammad Bazar,26.04207,64.12317
Pir Muhammad Bazar,26.63474,63.43317
Pir Muhammad Brahui,28.45087,68.15002
Pir Muhammad Chanal,28.15351,66.43311
Pir Muhammad Colony,30.21393,66.97317
Pir Muhammad Gis,29.38381,63.77956
Pir Muhammad Gis,26.30127,63.47703
Pir Muhammad Zahri,27.51282,67.08596
Pir Mulai Kili,31.01636,69.03901
Pir Naujwan,25.60972,62.70667
Pir Pahalwan Shah,29.16338,67.81142
Pir Panch,29.51453,69.57668
Pir Shah Bandul,29.4321,67.56952
Pir Shah Mahmud,29.80138,69.2535
Pir Shahr,28.56223,66.77651
Pir Shaib Butt,28.87446,66.47036
Pir Shaikhan Lal,28.23101,67.37293
Pir Shrawan,30.47121,69.2528
Pir Tiar Ghazi,29.10037,67.81035
Pir Ziarat,25.78333,66.6
Pira Kach,31.05185,67.00996
Pirahin Tok,25.19085,61.93734
Pirak Goth,26.4967,66.22076
Piral,28.42778,68.79722
Piral Khan,28.1149,67.93632
Piral Khan Bachkani,28.43812,68.89293
Piralabad,28.21565,67.92933
Piran Bast Bazar,25.71101,62.46946
Piran Ditta,28.13537,67.98958
Piran Kili,30.59886,67.03294
Pirandar,26.49953,65.28484
Pirani,28.46168,67.48832
Pirani Lumb,25.89922,62.68083
Pirao Adosh,30.77266,66.86576
Pirari,29.73035,67.10957
Pirdad,25.32063,62.36835
Pirdan,26.49365,63.11334
Pirdan,26.47185,62.8871
Pirdazai,29.35226,66.61648
Piri Kahar,26.02762,62.95753
Pirizoi,29.59157,66.84153
Pirju,27.79499,66.51279
Pirki Dun,28.61918,66.6194
Pirotak,25.80639,62.33476
Pirotak,25.82583,62.31361
Piru,26.32772,65.04659
Pirwani,30.96118,69.51276
Pishah,30.84913,70.12179
Pishak,28.12421,66.47279
Pishak,27.92961,66.35261
Pishakabad,28.13753,66.37791
Pishal,25.33933,61.99957
Pishi,29.1175,63.98172
Pishi Daraj,26.44838,62.35128
Pishin,30.58176,66.99406
Pishuk,28.94289,64.61028
Pishuk,27.55,65.31667
Pishukan,25.12364,62.06674
Pisso Ka Goth,26.47701,66.12132
Pitaogai Kili,30.72099,68.78916
Pitawazko Zai,31.03927,69.47231
Pittan,25.83573,62.98766
Pitti Bagh,29.8336,66.82303
Pittok,25.90764,62.54051
Piyara,28.49379,68.42805
Plan Kili,30.84848,69.31709
Plasin,31.26292,70.12375
Pnorah Landi,29.17063,65.48875
Pochen,26.34806,63.87861
Pogi,27.90897,65.79796
Polan,25.45754,64.68313
Polytechnic Colony,30.14281,66.98635
Pongai,30.19583,67.75278
Popal,31.05344,66.91257
Popalzai,30.60961,66.77452
Poshan,30.32433,69.29421
Poshan Kili,30.85081,69.4634
Post Wam,31.40356,69.922
Postal Colony,30.20067,67.00628
Posth,25.51885,62.80132
Posti,29.25304,64.25288
Posti Number One,29.24096,64.26271
Postu,25.49311,62.77883
Potai,30.79108,67.25104
Potai Mangalzai,30.76442,67.20374
Potai Zakriazai,30.79005,67.24704
Potakai,31.04972,66.75778
Poti,30.90391,67.40623
Potoi,30.33543,68.70943
Poyan Bazar,26.7479,63.95459
Prahag,25.25141,63.46171
Prahdab,28.89889,64.92139
Prain Tai,25.54257,62.75787
Prang,31.06523,66.81667
Pringabad,29.87985,66.86425
Psha,30.83287,66.64939
Psha,31.05216,67.65817
Psha Sra,30.82519,67.6222
Pshai,30.70417,67.37611
Pudag,27.50333,65.8787
Pudno,27.15154,67.16441
Pui,30.3466,68.08103
Pulabad,28.10078,63.23143
Pulabad Thul,28.13288,63.22667
Pulan,31.11462,70.00087
Puleji,28.63307,66.59651
Pundraniabad,29.04332,66.66421
Punga,30.34475,68.69771
Punga Kili,30.19464,67.74827
Punhal Jat Simano,28.44651,67.46055
Punnel Khan,28.43537,68.62246
Punun Bazar,25.69705,62.32858
Pur,29.99392,68.31989
Purana Abad,28.41792,67.66659
Purana Babbar,28.91813,67.89804
Purana Chaman,30.86344,66.52434
Purana Chandhar,29.18129,67.85514
Purana Ganjlu,28.93814,67.80724
Purana Khokha,28.76924,67.70149
Purana Makhan Bela,28.75429,67.80447
Purana Manguchar,29.34725,66.63889
Purana Nasirabad,30.16592,68.57555
Purana Sanjawi,30.28294,68.3436
Purana Zayan,28.44367,65.28034
Purani,28.45808,67.51224
Purani Duki,30.17748,68.5676
Purdam Farms,30.92094,66.41888
Purdil,30.60394,66.48505
Purduzai,29.22874,66.50883
Puri,30.26754,68.59048
Puru,25.82028,62.14889
Pusha,30.5009,67.56371
Pushai,30.96176,67.60329
Pusht,31.07112,69.24484
Pushtako,28.08461,66.27044
Puthan Bazar,25.57603,62.05477
Putwani,25.82711,62.71136
Puvi,27.52131,66.42171
Pāyo Kili,31.55833,69.04
Pīrān Ziārat,29.66306,61.04556
Qabal Zai,31.01818,69.60981
Qabul,28.611,67.8037
Qabula Dil Murad,28.23734,67.88068
Qabula Ghulam Muhammad,28.21835,67.88598
Qabula Karam Khan,28.2307,67.8792
Qabula Nabi Bakhsh,28.22783,67.88391
Qabula Pul,28.20555,67.89062
Qadan Khan,28.15861,68.03118
Qadar Bakhsh Jamali,28.29453,68.09022
Qadar Bakhsh Mach,27.71727,63.11049
Qadar Goth,24.98871,66.72099
Qadir,31.4673,67.81602
Qadir Bakhsh,27.38212,66.92921
Qadir Bakhsh,25.697,67.09006
Qadir Bakhsh,27.99515,67.77954
Qadir Bakhsh,29.8922,67.06538
Qadir Bakhsh,28.06071,66.34766
Qadir Bakhsh,28.09936,67.90544
Qadir Bakhsh,26.8195,64.45302
Qadir Bakhsh,28.03856,66.36017
Qadir Bakhsh,28.11009,66.14499
Qadir Bakhsh Abro,28.83066,67.86498
Qadir Bakhsh Brahui,28.24104,68.14567
Qadir Bakhsh Hasani,28.06454,66.2095
Qadir Bakhsh Muhammad Hasani,28.07647,66.21774
Qadir Dad Bazar,26.01912,64.31253
Qadir Dad Jaoh,26.42286,65.21301
Qadir Kaul,30.93775,66.88915
Qadir Khan Lahri,29.85129,66.86013
Qadirabad,28.40974,68.12564
Qadirabad,26.97059,64.02337
Qadirabad,28.12671,66.18283
Qadirabad Bazar,26.32666,64.73165
Qahur Khan,28.0375,67.90694
Qaim Khan,27.98288,67.65329
Qaim Khan,28.70289,66.85902
Qaimabad,28.0732,67.73478
Qaisrani Shahr,29.91142,69.21704
Qait Melan,31.18728,68.56473
Qala Ghwazha,30.14489,67.96155
Qala-i-Kurd,29.30142,64.31756
Qalandar Kili,31.33178,69.88831
Qalandar Shah,30.02193,68.70839
Qalandaran,27.58999,66.49065
Qalandari,25.32583,64.44139
Qalandrani,29.7645,67.02007
Qalandri,29.33835,69.54663
Qalsar Shah,29.7657,69.30958
Qalser,25.44308,64.41957
Qamar,28.20999,64.85865
Qamara,30.84764,67.30402
Qamardin Karez,31.6591,68.40331
Qamarzai Kili,31.25097,69.41788
Qambar Khan,28.37465,67.43349
Qamber,25.30427,64.40777
Qamber Bazar,26.01789,64.1399
Qamber Khan Mashkool,28.20397,67.48464
Qambrani,27.98469,66.46009
Qamruddin Karez,31.09853,67.0601
Qamur-ud-Din,30.79931,67.47629
Qandil segi,30.57919,66.75451
Qari Nadir Khan,31.26886,66.93641
Qari Sadallan Kili,29.06998,64.10205
Qasai,28.83183,67.48873
Qasai Kili,31.5957,69.86317
Qasim Goth,25.96425,67.33407
Qasim Khan Khosa,28.44378,68.61655
Qasim Kili Number Two,30.41209,66.99184
Qasimi Chat,26.15084,62.06783
Qazi Ismail,28.70093,67.4002
Qazi Kot,28.18348,67.98069
Qazi Mir Wah,29.15693,68.22491
Qazi Wandh,28.9624,67.85184
Qazi Wandh Inam,28.97284,67.82019
Qila,30.77115,67.25247
Qila Abdullah,30.71931,66.65652
Qila Abdullah,30.72803,66.66117
Qila Aozi,30.67548,68.63188
Qila Baz Khan,31.05706,69.52325
Qila Daman Allahdad,30.70648,67.12863
Qila Gwarjak,26.99682,65.50168
Qila Haji Dad,30.62384,67.25762
Qila Haji Hayat Khan,30.71766,68.40565
Qila Kach,30.76737,67.25913
Qila Mian Aghazai,30.71372,67.15288
Qila Nawab Muhammad Khan,30.68585,68.50047
Qila Nawab Muhammad Khan,30.68996,68.45941
Qila Nawab Taimur Shah Jogezai,30.72395,68.4263
Qila Nawabzada Azim Khan Jogezai,30.72021,68.44035
Qila Ribat,29.81748,60.9216
Qila Roedad Khan,31.00765,69.44054
Qila Safed,29.03333,61.48333
Qila Saifullah,30.70077,68.35984
Qila Sardar Usman Khan,30.69144,68.38589
Qila Sardaran,30.73255,67.15579
Qila Sher Ali Khan,30.73972,68.41182
Qila Viala,30.81077,67.2768
Quaidabad,30.18915,67.02171
Quat,29.74604,68.11047
Qubba Amir Khan,28.23055,68.17446
Qubba Pir,26.17516,66.32567
Qudrat Ullah,27.40787,65.14236
Qudusabad Shimshi,27.8567,65.17679
Quetta,30.18414,67.00141
Qutab China,31.49438,67.91803
Qutab Khan,29.8744,69.48165
Qutub Skhobi,31.17008,67.70692
Raba China,30.47895,68.99672
Rabat,30.23032,68.55018
Rabat,30.22136,68.66096
Rabat,27.47463,65.8851
Rabauk Chah,29.382,64.04243
Rabbuwani,26.25493,66.33335
Rabdaju,29.16396,63.93105
Rabu Shehr,29.84607,69.56507
Rachil,28.33562,65.3265
Rachil,28.36384,65.34147
Radhani,28.40451,66.77367
Radozai Kili,31.00646,69.34783
Rafique Afghan,29.39875,66.53964
Ragha,30.81283,67.39412
Ragha,30.89063,67.35777
Ragha,30.79184,67.41419
Ragha,30.85338,67.01646
Ragha,31.11607,67.88766
Ragha,30.72993,67.33027
Ragha,30.89701,67.30538
Ragha Ahmad Khanzai,31.16961,67.11945
Ragha Bakalzai,30.80557,67.58871
Ragha Kili,30.95141,68.95819
Ragha Lake Kili,31.64359,69.68873
Ragha Sultanzai,30.90178,67.65971
Raghah,30.8556,67.22175
Raghga Sar,31.41735,69.91696
Ragho Sapna,31.35924,70.15437
Raghzai,31.26192,70.07677
Rahat Colony,30.17319,67.01251
Raheja Gagan,28.47639,67.75173
Rahelo,25.42899,62.87856
Rahi,27.82315,63.02864
Rahi Abdul Samad Khān Sinjrāni,29.1676,64.6749
Rahija Muhammadani,28.19593,67.39424
Rahim Abad Sahrif,25.04147,66.922
Rahim Bakhsh,28.24218,68.10467
Rahim Bakhsh,29.89558,66.86214
Rahim Bakhsh Bazar,26.48879,65.46733
Rahim Bakhsh Bazar,26.32538,64.67976
Rahim Bakhsh na Khalq,25.89082,67.1054
Rahim Bukhsh,26.37477,66.74551
Rahim Bukhsh,26.3887,66.53342
Rahim Bukhsh Bazar,26.74678,64.16108
Rahim Colony,30.20168,67.00658
Rahim Dad,26.97203,64.85732
Rahim Dad Jamali,28.21335,68.08781
Rahim Jan Brahui,28.2915,68.14959
Rahim Kaul,30.99607,66.98023
Rahim Khan,28.82158,66.19758
Rahim Khan,24.99906,66.75207
Rahim Khan,28.3486,66.09745
Rahim Khan Brahui,28.51959,68.57767
Rahim Khan Kili,31.26495,69.9176
Rahim Kili,30.9622,68.32912
Rahim Shikari,25.44691,62.1203
Rahima,30.9595,66.93037
Rahimabad,27.02915,65.55854
Rahimabad,29.93623,66.88368
Rahimabad Ghazi Khanzai,28.18872,66.16312
Rahimdad,29.28299,64.69138
Rahimdad,30.77778,68.38333
Rahimdad,29.11938,63.64924
Rahimdad Kili,31.52855,69.02723
Rahimdad Log,25.30808,62.60012
Rahimzai,31.188,66.79957
Rahkand,27.93959,63.3453
Rahmabad,28.23337,68.1101
Rahman Kachh,30.38022,68.8161
Rahmat,31.47452,67.94685
Rahmat Faqir Jakrani,28.78876,68.37652
Rahmat Gorstani,25.46032,63.05783
Rahmatabed,28.09173,67.81251
Rahmatpur,28.83969,67.94456
Rahmatullah,26.5305,66.87441
Rahmatzai,29.3125,66.47222
Rahmgul,30.73972,67.60639
Rahmono,26.5438,66.87835
Rahr,31.235,70.11045
Rahu,29.27958,66.30089
Rahuja,27.9817,67.75871
Rahuja,28.54805,67.44684
Rahzan Shahr,29.8192,69.04984
Rahīm Khānzai,29.35,66.59444
Raigora,30.30335,68.24222
Raija,29.22956,67.63914
Raiko,27.93484,66.98074
Railway Colony,30.19202,66.96437
Railway Quarters,30.18906,66.99576
Rais Abdul Rehman,28.49038,68.23174
Rais Arbab,28.16105,68.04737
Rais Azizullah,28.98369,67.70976
Rais Faiz Muhammad,28.77096,66.35277
Rais Ghulam Rasul Bhangar,28.68008,68.3715
Rais Gul Muhammad,29.6002,66.887
Rais Gul Muhammad Bhangar,28.77696,68.31937
Rais Hath,28.95237,68.00982
Rais Jan Muhammad,28.22716,67.85107
Rais Jorak,28.3409,66.07056
Rais Karim Bakhsh,28.01667,67.95556
Rais Mehrab Khan,28.24515,67.8487
Rais Muhammad,28.45692,67.94377
Rais Nabi Bakhsh Bhangar,28.78191,68.34956
Rais Nur Muhammad,28.19464,68.10756
Rais Sangat Machhi,29.1535,68.13838
Raisabad,26.09699,62.55451
Raisani,30.30384,69.88646
Raja Gahi,28.46223,67.79881
Raja Khan,28.3,67.46667
Rajab,28.03101,63.17408
Raje Kili,28.27401,62.6678
Rakh,29.81464,67.9663
Rakha Khan,28.03523,67.87019
Rakhni,30.0442,69.92577
Rakhshani,27.63259,66.20856
Ram Shah,29.75108,69.36146
Rambra Spihak,25.39167,63.725
Ramdani,28.80833,68.14444
Ramdani Jhalawani,28.80919,68.16595
Ramelizai,29.32795,66.47571
Ramezai,28.79359,67.44294
Ramin,26.52005,65.26816
Ramin Kili,30.83763,66.4524
Ramzan Bazar,25.2887,62.48668
Ramzan Ghis,27.26522,62.96683
Ramzanabad Bazar,27.17976,63.65939
Rana Bhit Goth,25.44687,66.67781
Ranak,31.33453,70.13724
Randheli,27.9467,66.97679
Randozai Kili,30.26444,66.83306
Rangawala Gis,29.36078,64.05377
Rangi Muhammad Shahi,29.33296,66.62422
Rangon,28.1834,66.52857
Rangpur,28.77615,67.65653
Rangu,28.38056,67.80889
Rangul Saiyid Kallani,30.16913,66.56836
Rangun Karuna,30.63828,67.9477
Rani Bagh,30.17242,66.99558
Ranjhalki,27.86062,66.4505
Rankaloto,27.8581,63.07817
Raoji,29.94509,69.84303
Raojo,27.02071,65.51184
Rapwa Khan,31.2613,66.95959
Rarah Sham Janubi,30.36435,69.85956
Rarah Sham Shimali,30.38508,69.85071
Rarkan,30.26432,69.89717
Rash Pesh Bazar,26.62859,63.33604
Rashid Ahmed Shah,28.59998,68.35607
Rashid Faqir,28.70758,67.79293
Rastari,28.70884,66.51499
Rastari,27.71792,66.82346
Rasul Bakhsh,29.18773,66.29402
Rasul Bakhsh,28.80326,66.43223
Rasul Bakhsh,29.99153,67.08608
Rasul Bakhsh,28.10307,67.82028
Rasul Bakhsh,28.18386,68.0181
Rasul Bakhsh,27.94923,67.80271
Rasul Bakhsh,29.15027,63.92081
Rasul Bakhsh Budhu,28.10258,67.76159
Rasul Bakhsh Chhutto,27.44962,67.17549
Rasul Bakhsh Kochho,28.38292,66.53064
Rasul Bakhsh Rind,28.14767,67.91038
Rasul Khan Kili,31.93408,69.45227
Rasulabad Umrani,28.42887,67.98669
Ravatani,28.29314,67.48665
Rawandai,31.08811,66.81297
Rawani,26.25617,66.33809
Rawani,26.21715,66.32775
Rawat Khan Mengal,28.41989,68.21752
Rawela,28.9919,67.806
Raz Ahmad Kili,31.22133,68.46649
Raz Muhammad Kili,30.08166,69.04572
Raza Khan Kota,31.89902,69.43431
Raza Muhammad,28.49522,67.79223
Raza Muhammad,28.17186,67.45069
Raza Muhammad,28.60232,68.38308
Raza Muhammad Khan,28.42685,68.7234
Raza Muhammad Lashari,28.24558,68.04108
Razai Bazar,26.09233,64.26535
Razai Khan Baluch,30.17334,68.54643
Razai Khan Gis,29.38821,63.76913
Razariban,26.08333,62.46667
Razi,28.85516,67.85076
Razi Chah,29.3,63.93333
Razi Khan Bazar,26.33445,64.20542
Raziq Khan Umrani,28.5146,68.35922
Reg Bazar,26.10641,62.14469
Reg Burida,27.86306,63.60111
Reg Farang,27.92778,63.49083
Reg-i-Wakab,28.3,63.4
Regai Baianzai,30.62361,67.05882
Regati,26.35068,65.05028
Regati Fateh Muhammad,26.35013,65.09371
Regi,27.86893,63.04024
Regi Harooni Kili,30.29158,66.84825
Regi Nasirabad,30.29876,66.85137
Regi Washuk,27.86975,63.02544
Regiwar,25.95,65.73333
Regwash,29.27007,67.23935
Rehain Chat,26.16464,61.93091
Rehan Kasha,30.9627,69.88083
Rehanzai,29.05703,67.73235
Rehanzai Khuna,29.04316,67.74568
Rehman Lohar,29.93225,69.27825
Rehmat Bazar,26.4292,63.53821
Rehmat Bazar,26.18595,65.43482
Rehmat Bazar,26.67358,63.95859
Rehmat Bazar,26.90532,64.67385
Rehmat Colony,30.17386,67.00716
Rehmat Dhal,27.65745,66.18127
Rehmat Khan,28.14632,66.3963
Rehmat Pur,28.11217,66.26693
Rehmat Ullah Kili,29.17925,64.17568
Rehmatan,29.9672,69.81536
Rehmatullah Bazar,26.74936,64.02742
Rehmatullah Gis,29.33188,63.93622
Rej,30.1136,69.66164
Reja,29.63952,66.70918
Reja,25.85207,66.59425
Reka,28.4936,66.65
Reka Bent,28.22823,66.94619
Rekani,25.51857,62.70337
Rekchahi,26.19299,64.84671
Rekhani Bazar,25.49896,62.69747
Rekho,27.7802,66.49418
Reki,27.11901,65.58321
Reki,29.82121,66.83526
Reki Buz,29.61652,66.74536
Reki Zai,27.87513,66.48505
Rekin,26.4226,65.2332
Rekni Bet,26.01365,62.84861
Reko,28.39566,66.70757
Reko Diq,29.13961,62.11295
Reku,29.30709,65.95713
Reshak,28.58326,66.70841
Reshan Khan Jamali,28.0164,67.9489
Reshlun Kili,30.74845,69.08782
Retak Chah,29.28333,63.95
Reti Khan,28.14722,68.03516
Rezak,25.34522,64.0894
Riabastizai Kili,31.47611,69.61639
Riash,31.42361,69.79527
Ridet Wok Bazar,26.25507,64.00984
Ridig,26.09708,61.85227
Riej,27.63602,65.98487
Rig Malek,28.7458,61.7303
Rigti Rak,25.49713,61.93115
Rijani,29.86687,69.46877
Riko,26.2806,63.10256
Rind,25.83333,61.78333
Rind Ali,29.48676,67.64008
Rind Takhtani,30.14194,67.01102
Rindak,27.20946,65.69362
Rindak,29.71673,66.77316
Rindki,30.1326,69.91298
Rindo,27.30529,66.14351
Rindok,28.23516,66.03719
Rindon Ka Goth,28.33558,68.11489
Rindra Muhammad Bakhsh,29.20498,67.76456
Rindra Qadir Khan,29.15003,67.8025
Rindra Raisani,29.19314,67.76305
Rira,28.87845,67.43344
Ro Shair,29.02267,66.57976
Rod,28.1,63.2
Rodangi,29.63589,66.61326
Rodbun,26.10668,62.50235
Rodeni,29.86865,66.85047
Rodeni,28.5001,66.26415
Rodian,27.92542,63.01308
Rodini,28.28559,66.06499
Rodlin,30.38476,68.57293
Rodris,29.86889,66.87157
Roghani Kili,30.78659,66.45826
Roghanza,31.09694,69.9275
Roghanzai,31.06408,69.90906
Roghi,30.13301,67.94783
Roghnai,30.99973,67.90332
Roghni,30.17087,67.81028
Rohbar,25.15672,61.90679
Rohbar,25.16785,61.92035
Rohk,31.60065,69.41873
Rojhan Jamali,28.32179,68.26168
Rojhan Kohna,28.27453,68.26009
Roki Buz,29.62412,66.75633
Rol,28.1889,66.71672
Romezh,30.76278,67.84861
Ronjan Gaddani,27.37965,65.76053
Roshan Bazar,26.06678,64.65054
Roshan Bazar,26.01563,64.328
Roshan Colony,28.64242,69.18487
Roshan Khan Jamali,28.29195,68.13094
Roshan Kili,28.0918,64.49
Roshanabad,28.20196,66.10727
Rotak,26.82171,63.73398
Rotak Bazar,26.83496,63.74305
Rounjan,27.40096,65.74645
Rounjan,27.38467,65.72924
Rozak Kili,30.04397,69.03441
Rozi,28.811,65.7197
Rozi Khan,27.42345,65.89532
Rozi Khan Kili,30.59057,67.03163
Rudan Kaur,26.09736,62.07133
Rudeni Band,25.4,65.05
Rudenjo,28.85241,66.46437
Rudkan,26.10357,64.31292
Rudkan Bazar,26.11946,64.34178
Rudkan Bazar,26.10807,64.3213
Rudsar Bazar,25.68079,62.33739
Rughan Shahr Gondrani,26.38704,66.22131
Rumbak,29.60061,66.85265
Rumra,25.38694,63.73972
Runga,28.50812,67.6335
Rungani,26.63087,65.71064
Rusi,28.16691,66.02283
Ruski Jamaiat,31.54335,69.84365
Rust Wal,29.70836,66.6552
Rustam,31.03146,66.8788
Rustam Gis,26.46797,64.05062
Rustam Khan,28.08757,67.80161
Rustam Khan Nidwani,28.4328,68.83227
Rustam Khan Rajwani Jamali,28.49199,68.19047
Rustam Khan Shahr,26.98083,66.1175
Rustamabad,26.73774,66.28656
Rustamabad Bazar,26.64077,62.94184
Rustamzai,29.40146,67.80321
Ry Chauki,30.68944,68.55122
Ry Chauki,31.1023,69.26373
S.K.B. Colony,26.0013,66.53605
Sa-ado Kalat,25.61389,62.12917
Saadat,31.44205,67.91634
Saadat Skhobi,31.19176,67.84181
Sabakzai,30.95323,69.3265
Saban-i-hoshab,26.48881,62.55808
Sabarwal Kili,30.57839,69.19015
Sabaz Ali Umrani,28.44807,68.1901
Sabaz Kili,30.11552,69.05122
Sabil,27.4033,65.42622
Sabirabad,28.11492,66.15189
Sabirabad,28.11706,66.15565
Sabizai Kili,30.84841,68.72952
Sabra,30.56125,68.85958
Sabro Mathang,25.45569,64.85351
Sabura,31.04296,67.28554
Sabz Ali,25.43422,64.33516
Sabz Kamb,29.84887,68.75483
Sabzai,28.75196,66.59185
Sabzaj Khan,28.1332,67.7935
Sabzal Bazar,26.707,64.0797
Sabzap,27.16431,64.51108
Sabzkani,28.26562,67.30514
Sabzkani,28.19667,67.32939
Sachu,29.13597,67.73291
Sad Bela Pahor,29.03401,67.72038
Sad Khel,30.33228,68.87792
Sada Muhammad Bazar,26.65639,64.04153
Sadabad,26.03333,62.88333
Sadagho,30.85101,67.83819
Sadanzai,30.701,66.99341
Saddiq Kili,31.36939,69.65918
Sadig Kili,30.75328,66.57807
Sadiq Ali,26.99015,65.53883
Sadiq Bazar,25.31179,61.7087
Sadiq Kaul,30.82688,66.85701
Sadiq Mullazai,31.45603,67.71852
Sadiq Umrani Muhammad,28.29749,67.98802
Sadiqabad,30.10051,66.98953
Sadiqabad,28.87062,66.47039
Sado,30.99737,67.86419
Sadowal,30.93712,69.96238
Sadozai Behnai,31.2252,69.51881
Sadozai Kili,31.24106,69.49852
Sadrani,30.12927,69.64542
Sadrani,26.2432,66.32383
Sadrani,29.98605,69.6216
Sadullah,31.45048,67.61483
Saeedabad,27.62822,66.66772
Safad,27.90384,66.73677
Safar Khan,30.5466,69.05227
Safar Khan Umrani,28.31484,68.14377
Safdarabad,30.06306,67.96492
Saffar,26.3013,65.83482
Saffar Khan Brahui,28.24564,68.15182
Safi,30.4259,68.77537
Safi Bund,30.04588,69.77053
Safi Khan,29.36231,66.62186
Safi Kili,31.62139,69.55361
Safir,26.31101,65.03403
Safrani,28.3879,67.40636
Safray,31.1248,68.62794
Sagai,30.64872,67.27813
Sagai,30.96074,67.43725
Sagai,30.69778,67.26249
Sagai,30.65629,67.67609
Sagai Band,30.47935,67.70233
Sagai Kili,30.63144,69.09648
Sagai Kili,31.05809,68.19482
Sagal,30.72628,67.66216
Sagandhi Kili,30.09552,67.86449
Saghri,30.40611,68.86519
Saghzai,30.48096,66.54267
Sagr Lahri,30.36832,68.63471
Sagrand,30.60611,67.54024
Sahabi,30.04438,68.0824
Sahaq Chah,29.10976,65.82178
Sahib Jan,31.45824,67.62517
Sahib Khan,28.19018,68.08153
Sahib Khan,30.45636,67.06302
Sahib Khan,29.78709,67.01601
Sahib Khan,28.13189,66.24997
Sahib Khan Bazar,26.95773,63.94791
Sahib Khan Goth,26.35046,66.75284
Sahib Shah,29.7817,69.33397
Sahibdad,28.38333,65.4
Sahibdad Tanki,28.1282,64.61276
Sahibjan Pawinda Kili,30.21497,68.91091
Sahibzada,30.26796,67.16267
Sahibzada Kili,30.5409,67.01287
Sahibzada Kili,30.38054,66.95312
Sahibzadgan,29.5605,65.96882
Sahihan Kaledor,29.06762,69.25366
Sahmabad,27.74031,66.64439
Sahmulao Kili,31.37947,68.83628
Sahorai Kili,30.80457,69.29168
Sahra Kili,30.05576,68.06522
Sahudi Narai,31.13686,70.15413
Said Abad Bazar,26.16884,64.06595
Said Alam,29.92884,66.74192
Said Dam,26.40719,65.63445
Said Khan Bent,26.51833,66.4233
Said Khan Marri,28.47514,68.16042
Said Muhammad,29.29446,64.3187
Said Muhammad Khan,29.38454,63.45689
Said Muhammad Kili,29.08481,64.14104
Said Ullah,29.95917,67.0618
Saidabad,30.1831,67.03202
Saidabad,28.56222,65.08549
Saidabad,29.23768,61.52564
Saidabad,31.5528,69.67297
Saidal,31.18719,66.93252
Saidan,26.69862,65.70588
Saidan,26.63976,63.90124
Saidom Gazzi,26.67517,65.70628
Saidzai Kili,31.20333,69.40022
Saifal,27.948,67.75588
Saifal Baba,31.21038,67.09563
Saifuddin,31.01513,67.83373
Saifullah Colony,30.11352,66.973
Saifullah Karaz,29.87553,66.82231
Saifullah Karez,30.298,66.92222
Saifullah Kili,30.88593,69.07771
Saikal,26.30016,64.95617
Saimi Aghbarg,30.8473,69.94147
Sain Bukash,26.63897,63.28162
Sain Rakhio,26.11426,67.34528
Saindad,28.49783,68.59365
Saindad Jatak Hotel,27.8766,67.36442
Saindak,29.27769,61.56619
Saindak Colony,29.23802,61.58453
Saindal Karez,27.4307,66.1323
Saith Zubair,26.57903,65.52767
Saiyan,30.13019,67.95089
Saiyed Ali,30.80142,66.98693
Saiyed Mehmood Shah,28.52356,68.36541
Saiyed Mohiuddin Shah Kili,30.71464,66.67437
Saiyed Yusaf Shah,28.52807,68.30364
Saiyid,29.89863,66.79381
Saiyid Abad,25.45325,64.52429
Saiyid Akbar Kili,31.48083,69.47028
Saiyid G.A Shah,28.37037,68.19014
Saiyid Gul Amir Shah,29.30984,64.36916
Saiyid Gul Muhammad,30.60441,66.6236
Saiyid Haji Pir,25.28542,66.69877
Saiyid Haji Sahib,28.7289,67.35569
Saiyid Hamid,30.56648,66.77827
Saiyid Ismail,31.25891,66.86644
Saiyid Karo,30.54092,66.74523
Saiyid Khair Muhammad,29.97518,66.74439
Saiyid Khair Shah,28.44334,68.11535
Saiyid Khudadad,25.45203,64.48553
Saiyid Kili,31.32286,68.74943
Saiyid Lango Ziarat,29.59148,66.2315
Saiyid Malik Tobo,27.11448,65.60214
Saiyid Muhammad Ban,25.50333,62.70444
Saiyid Murad Shah,27.99199,67.78574
Saiyid Rahmat,30.74273,68.3479
Saiyid Sahib Shah Gis,29.40829,64.20877
Saiyid Salar Ziarat,29.21667,64.71667
Saiyidabad,30.04458,68.8999
Saiyidal,30.32903,69.27298
Saiyidal Kili,30.04816,66.93805
Saiyidan,30.69228,67.13626
Saiyidan,30.32177,69.27485
Saiyidgai Kili,31.74767,69.28352
Saizai,30.27329,67.15899
Saizai,31.02922,69.95161
Sajan Goth,25.81163,67.30812
Sak Kili,30.97273,69.25495
Sak Shaikhio Goth,25.995,66.50722
Saka Kalat,27.05226,65.03489
Saka Zai,27.68795,66.08687
Sakai Kili,31.35019,69.42035
Sakanchin,25.6925,62.52267
Sakar,29.81946,69.43619
Sakhamun,28.80721,66.60808
Sakharai Lundai,31.41493,69.63662
Sakhi Ahmad Machhi,28.44114,68.53283
Sakhi Bazar,26.13879,64.07528
Sakhi Dad,25.4675,63.05857
Sakhi Dad Bazar,25.30178,62.44359
Sakhi Dad Halq,26.82269,63.81204
Sakhi Diwana Gis,29.4517,64.23156
Sakhi Ibrahim,28.8714,68.3496
Sakhi Karez,30.81603,67.60533
Sakhi Ramzan,28.83089,66.52294
Sakhi Shah Dost,27.90924,65.86762
Sakhiabad Natizai,28.6955,63.69458
Sakhidad Bazar Guzi,26.21948,64.66683
Sakhobai,30.80941,67.20839
Sakht Ragha Lakai,31.31507,70.18143
Sakht Ragha Spinkai,31.32056,70.16662
Saki Chah,27.94629,62.9085
Saki Dak,30.09904,68.02433
Saki Kili,30.09802,68.00733
Sakran,25.06369,66.95828
Sal Muhammad Bazar,26.13678,64.42669
Salach,25.13123,61.82365
Salach,25.35583,63.44139
Salachian,30.00691,68.48508
Salai,30.81925,67.32467
Salai Gwaranjo,26.39128,66.18734
Salak,31.03912,67.83214
Salakh Din Kili,31.03745,68.215
Salam Aghbarg,30.83941,67.32971
Salam Complex,30.16543,67.00232
Salam Kili,31.31252,69.37058
Salam Kili,30.76379,68.28252
Salam Log,25.35083,62.50702
Salambek,28.30901,65.14865
Salar,30.56667,67.9
Salarani,30.12692,69.80166
Salarzai,29.48984,66.51584
Salas Tangi,30.17406,67.72846
Salawat,30.59442,67.54218
Saleh,26.35322,65.6144
Saleh,26.23074,65.39626
Saleh Karez,31.62435,68.45882
Saleh Mahar,28.83269,69.24922
Saleh Muhammad,28.07552,66.42087
Saleh Muhammad Chanal,28.15058,66.4286
Salehzai,31.04528,66.75
Salel,26.9966,66.24491
Sali Kili,31.72667,69.36806
Saliani,30.15364,69.69904
Saliazai Zarand,31.33505,69.5798
Salih Muhammad,29.98512,67.05351
Salihzai Kili,30.15169,68.65872
Salim,31.17223,66.94145
Salim Chah,29.11667,63.71667
Salim Complex,30.1893,67.00899
Salim Khan,30.81866,67.55062
Salim Kili,31.35636,69.76707
Salim Lari,30.06269,69.03152
Salk Mills,31.04328,67.82531
Salmanj,28.48214,66.64321
Salun Kohr,30.20904,69.58379
Salwat,30.45528,67.13185
Sam Ghurman,30.12255,67.95611
Sam Khel,30.52107,66.82991
Sam Khel,30.34455,66.93337
Sam Khel,30.84371,67.78807
Sam Landi,28.83363,62.38563
Sama Khola Kili,30.70209,69.05523
Sama Kili,30.19335,67.69349
Samad Bazar,26.81559,64.47719
Samad Brahui,28.49886,68.21606
Samad Khan,29.69864,67.00234
Samadzai,31.1974,66.80715
Samaily,25.94025,61.88216
Samak Karez,30.77319,67.52415
Samalar,28.81449,65.73816
Samalo,29.2463,66.22138
Saman,26.28333,62.93333
Saman,25.54444,61.67583
Saman,25.94167,63.25556
Saman,27.6648,66.68052
Saman-i-Kalat,26.77867,64.27565
Samand Sakhabai,30.56536,67.51479
Samandar,28.90833,66.52781
Samander Khan,28.58906,68.38398
Samanzai,30.9839,67.62799
Samanzai Kili,31.47203,69.61574
Samar,27.62415,66.53256
Samati Bazar,25.47857,61.92959
Samatul Kili,30.30018,69.43806
Samaza Kili,30.835,69.11147
Samazai,31.19817,69.43032
Samazai Kili,31.33922,69.78377
Samban,27.99399,66.49343
Sambaza,31.51137,68.66035
Sambe,28.22375,68.05575
Same Zai,29.53298,67.92599
Sami,26.03818,63.41449
Sammi Chat,26.16001,61.97019
Samochi,25.86148,63.5661
Samous Karez,31.50739,67.85165
Samozai Kili,30.82581,69.11229
Samu,31.03533,66.78147
Samundar Bugti,28.0961,67.82811
Samungli,30.24359,66.91823
Samungli Housing Scheme,30.21694,66.98672
Samuzai Kili,31.61948,69.06233
Samwari,28.56682,66.75286
San,31.19294,66.75217
Sanai,25.29983,64.38116
Sanao Jalil Kili,30.2326,68.955
Sanari,30.0249,68.04148
Sanari,28.3366,66.13994
Sanata,30.44256,66.67948
Sanbar Band,27.95125,66.97312
Sanda,30.48323,69.29407
Sandam Bazar,26.29867,64.68137
Sandaq Kili,30.01846,69.23387
Sandat Kili,31.23924,68.03585
Sandora,28.00646,67.91272
Sang Kalat,26.02929,62.96607
Sang Saidai,29.19725,66.43685
Sangan,29.87482,67.65385
Sangar,30.66917,67.52222
Sangar,31.04451,67.84193
Sangar Kalat,26.69359,63.99594
Sangar Zerin,25.28798,66.88165
Sangarai,30.28065,69.08218
Sangarh,30.47626,66.56816
Sangas,28.05611,66.66276
Sanghlai,31.39341,69.9026
Sanglun,31.20229,67.39224
Sangori Kili,30.37345,69.58684
Sangsila,29.09051,68.85757
Sangsilla,29.03992,68.70695
Sanguri,30.25977,69.08508
Sangury,28.03577,66.37193
Sanhri,28.9219,67.59347
Saniwa,29.85445,67.11365
Sanjal Khan,29.70126,66.63241
Sanjar Khan,28.36985,68.13097
Sanjari,26.26584,66.31167
Sanjawi,30.26663,68.31288
Sanjo,30.43443,68.98038
Sanjrani,28.35008,67.62405
Sank,27.90834,66.72492
Sanni,29.15374,67.56221
Sanni,29.01058,67.51928
Sanota,30.35478,66.62436
Sanra,28.46786,68.62945
Sanran Jump,25.33008,61.76938
Sanwal Khan Brahui,28.77269,65.71771
Sanwar,27.41801,67.08664
Sanzahi,30.83358,66.50282
Sanzalai,31.45337,67.88601
Sanzilai Kili,31.03996,68.56189
Sap Mena,31.0343,70.14432
Sapar,28.81667,68.21667
Saparsat Kili,31.36252,69.76804
Sapat Bandar,25.41908,65.83205
Sapna Laghzai,31.19265,70.12253
Sapparaghundai Kili,31.17474,69.20229
Sapru Kach,31.03897,66.99684
Sapunala,28.48959,66.88618
Saqi Baloch Bazar,26.16414,64.03119
Saqizai,30.61818,67.32988
Sar Ap,28.43199,65.40314
Sar Band,31.19335,69.68743
Sar Bulak,30.44535,68.92717
Sar Ghozai Kili,31.10599,68.92731
Sar Gonki,26.0411,63.35999
Sar Janga,28.56826,66.16055
Sar Khanzai,30.75468,67.14806
Sar Kili Bagarzai,30.69512,67.03817
Sar Lakai Kili,31.47527,69.84651
Sar Machhan,26.42971,62.62624
Sar Malak,30.44903,68.93364
Sar Naz,31.07074,67.0127
Sar Nilag,25.80038,62.78076
Sar Pandi,30.54554,67.68169
Sar Range Pakistan Mineral Development Corporation,30.16367,67.21004
Sar-i-Parom,26.62934,63.35374
Sara Aghbarg,30.70395,69.26396
Sara Harboza,31.23187,69.80133
Sara Korum,31.29031,70.07387
Sara Melah,31.86098,69.81087
Sara Puzai,31.31717,70.0967
Sara Tsahan,31.74807,68.68036
Sara Urbaz,31.37443,69.88595
Sarachu,27.45012,66.29359
Saraddrag,30.43473,69.17496
Saraeyara,30.47835,69.38311
Saragai,28.58732,65.25125
Saragharzama,31.49549,68.64791
Sarah,28.46221,65.46678
Sarah Bidrang,27.29276,66.30785
Sarai,26.71972,63.86694
Sarai,31.40339,69.8092
Sarai,30.42357,69.13923
Sarai,26.3047,63.1258
Sarai,30.97294,67.35248
Sarai,30.6172,66.4384
Sarai Karez,31.52069,67.87453
Sarail Kili,30.8451,66.43965
Saran,27.28687,67.03781
Saran Tangai,30.40851,67.19311
Saranan,30.60452,66.85093
Saranan,30.58516,66.87253
Saranan,30.57687,66.6425
Saranan Nou Kili,30.59572,66.84169
Sarang Khan,29.85566,67.05435
Sarap,27.87698,66.69774
Sarap,28.45864,66.83031
Sarap,27.45487,66.53305
Sarati,30.01371,69.76722
Sarati,29.99249,69.76674
Sarawan,27.00379,64.09866
Sarazawar Kili,30.89805,68.86163
Sarband,30.46965,69.51476
Sarbiland,30.88935,68.13603
Sarbuland,30.9936,66.73555
Sarchib,26.28793,62.82393
Sarchib Pisteau,26.26667,62.7
Sarchibi,25.32417,62.74722
Sardab,25.66611,62.05028
Sardar Abdul Hamid Khan,28.60237,68.40776
Sardar Ali Shah,28.50558,68.52942
Sardar Allah Dad Bazar,26.48245,65.40588
Sardar Allah Gul Sasoli,30.15009,66.40989
Sardar Ayub Khan Kili,31.40432,69.79912
Sardar Baz Khan Kili,30.83776,69.92862
Sardar Bebrag,28.08004,63.25823
Sardar Chah,28.55874,65.21612
Sardar Chah,27.96667,64.83333
Sardar Chah,27.07748,64.41623
Sardar Dinar Khan,29.8974,67.09152
Sardar Haji Muhammad,28.54508,68.52876
Sardar Haji Muhammad,28.55044,68.53572
Sardar Hashim Khan,30.12175,68.87402
Sardar Kach,30.42899,68.92402
Sardar Karez,29.18411,66.29034
Sardar Karez,30.14408,66.95196
Sardar Khan,29.6895,66.75165
Sardar Khel Isplinji,29.6208,67.04392
Sardar Khel Kurd,29.69395,67.06666
Sardar Khuda Bakhsh,29.26132,64.36187
Sardar Khudai Khan,28.22368,67.88477
Sardar Kili,29.85718,67.32015
Sardar Mir Israr,28.05619,66.39433
Sardar Mohi Uddin,29.26008,63.63882
Sardar Nabi Bukhsh,29.98165,66.47894
Sardar Rozi Khan,30.73297,68.28754
Sardar Rustam Khan,28.18303,68.06623
Sardar Rustam Khan,28.04737,67.66938
Sardar Sher Muhammad,28.25327,68.14353
Sardar Tahir Khaloni,30.14406,68.47758
Sardar Yar Muhammad,28.47464,68.2531
Sardar Yar Muhammad,28.47822,68.26284
Sardari Dhal,27.66205,66.12454
Sardari Sher,28.01373,66.37004
Sardarza,29.18537,66.28053
Sardashti,25.49583,63.0175
Sardawah,28.20499,66.34259
Sardo Bazar,26.13393,64.16326
Sardu Bazar,26.22157,64.45049
Sare Kili,30.50303,66.70681
Sarej,27.6605,65.97861
Sarel Sulaimani,30.01994,69.76656
Sarfraz Kili,30.68131,68.30648
Sargara Dargai,30.56655,68.0973
Sargarhgi,30.98064,67.4227
Sargari,28.05,63.43333
Sarghunzai Kili,31.11196,67.0756
Sargurdan,28.60998,65.30748
Sargwaza Dawsub,26.8817,64.6566
Sari,30.72573,69.37337
Sari,27.27316,66.59465
Sari Kalag Bazar,26.4749,62.68244
Sari Potani,26.47035,63.02207
Sari Tallan,26.47235,63.0814
Sariab,26.56072,62.98502
Sariab Phatak,30.18288,66.99841
Sarikan,26.03739,63.04513
Sarikoran,26.98077,64.13729
Sarila Umarzai,30.6937,67.05565
Sariwar Zaromba,30.65962,67.88663
Sarkai Panr,31.35957,70.10383
Sarkai Tangai,30.90468,68.87882
Sarkandhar,28.88008,67.44081
Sarkari Tangai,30.70947,66.98289
Sarkh,31.00816,68.06392
Sarki,28.45269,68.73622
Sarkiri Bazar,27.1515,63.54171
Sarlakai Kili,31.58942,69.12544
Sarlaki Kili,31.4737,69.85104
Sarlezai Kili,30.24,67.54775
Sarlo,30.27086,68.29834
Sarlop,29.4263,67.2648
Sarlwata,31.17398,68.47833
Sarmachani,26.51713,62.43099
Sarmal,29.28735,65.7998
Saro,30.30857,66.58275
Sarobai Melan,31.03061,68.6465
Saroona,26.3417,66.95929
Sarpal,29.39779,64.63018
Sarpho,30.09772,69.95521
Sarra Kheza Kili,30.83514,69.09557
Sartoi Kili,31.36872,69.76928
Sartopian,28.63851,65.5613
Saru Waranch,27.3386,66.56028
Saruna,26.28318,67.08755
Sarwakai Kili,31.54647,69.13349
Sarwan Halq,26.84836,63.88535
Sarwar,28.05607,66.41001
Sarwar,31.11603,66.74659
Sarwar Kili,31.2797,69.8771
Sarwar Kili,29.23636,61.57248
Sarwar Kili,31.27784,69.87353
Sarwekai Thana,31.38859,69.90349
Sasandai Kili,31.076,68.72984
Sasnak,30.4742,67.77609
Sasoli,26.8067,66.71709
Sasoli,28.17677,66.35856
Sasoli,28.3054,66.14492
Sasoli,29.1868,67.73452
Saspas Kili,31.28363,69.75861
Sassi Punnun,25.31094,66.89008
Sassoli,29.17205,66.29332
Sasuli,27.90592,66.29267
Sasuli Zehri,28.35031,66.11634
Satakzai,29.76301,67.11372
Satbai Bent,26.55935,66.44472
Satel,25.70996,67.26
Satellite Town,30.16152,67.00487
Sathiani,28.98644,67.70849
Satur,28.76023,67.41511
Satwai,30.62247,67.51051
Saudad Bagh,30.98584,66.78694
Saudagar,26.45955,65.91805
Sawal Kili,30.18983,68.57481
Sawali,26.52096,65.93254
Sawali,26.24221,64.72771
Sawali Khan,28.35274,68.09838
Sawali Muhammad,28.37239,67.4378
Sazkhwa Narai,31.29164,70.06265
Sbagazai,28.34732,66.07784
Sbaran,30.73492,66.75357
Sbini Gari,30.57867,68.39184
Scheme,30.21889,66.5847
Sebadagan,25.63426,63.51474
Sebai Lundai Kili,31.59067,69.70564
Sedan Melan,31.1482,68.54774
Segi,30.46789,66.51211
Segi Kili,30.59056,66.6925
Segi Kili,30.57512,66.60481
Seh Dhab,26.67164,65.71966
Sehi,26.36349,64.85674
Sehpad,27.6478,66.27742
Sekani Dagar,25.29536,64.26527
Sekhar Kili,31.43237,69.78459
Seki Bazar,26.64092,63.18866
Selana Kili,30.64495,69.21274
Selman Gis,29.44605,63.82218
Semani Shahr,30.0127,68.69921
Semichan,28.65009,65.07401
Sepai,30.0014,68.10068
Seperah Kili,31.46913,69.46499
Septao,30.45723,67.61972
Ser Dangi,29.13834,63.57003
Serani Thana,29.22801,69.26075
Serghari Kakar,30.55329,66.6011
Serghari Kakar,30.54238,66.62543
Sergi,27.99701,63.31177
Seri Bast,26.11905,62.23361
Seri Malhar,26.33857,64.91968
Seri Mumich,26.49551,62.80316
Serias,25.92778,63.15833
Serijo,27.31003,65.74648
Serlana,31.14585,66.82735
Setaghai Kili,31.23616,69.23171
Seth Anwar Baloch,26.39999,64.18199
Seth Har,28.76785,67.58984
Sethano Kili,30.71541,68.34046
Seven Marla Scheme,29.57698,67.8855
Sevodhare,28.51389,68.55
Sewangai,30.92254,69.32433
Sewrai,31.12981,66.81908
Seyahtagzi,28.51463,65.46374
Sezai Kili,31.47807,69.45293
Shab,30.79449,70.13136
Shabak,30.74708,67.28404
Shaban,30.45858,69.028
Shaban,28.1194,66.8563
Shaban Khan,28.40178,67.49851
Shabar,30.80817,67.19493
Shabbir Khan Khoso,28.62999,68.43409
Shabbirabad,31.02603,69.21298
Shabe,30.32368,69.22253
Shabere,31.03952,69.93108
Shabi Chab,25.18171,62.05988
Shabiar Bazar,26.67716,63.98743
Shabik Gis,29.31953,64.12607
Shabo Kili,31.24546,68.05285
Shabugzai,30.19716,69.55266
Shabzai Kili,30.75279,69.36879
Shacha,30.89902,67.50163
Shacha,30.83975,67.44303
Shacha Mahmudzai,30.75189,67.40458
Shache Kili,31.47232,69.70922
Shad Muhammad,28.66111,66.76801
Shadaizai Kili,31.25968,69.46315
Shadan Draj,29.18197,67.19239
Shadazai,29.39267,65.93471
Shadeni,30.03378,66.75265
Shadezai,31.12333,69.40222
Shadezai,31.16117,69.91165
Shadi Kaan Damp,27.76555,66.23811
Shadi Kaul,30.85329,66.87722
Shadi Khan,29.87223,66.85052
Shadi Khan,30.8802,69.91241
Shadi Khan,29.50883,66.36507
Shadi Khan,29.21859,67.79742
Shadi Khan Kili,30.33396,66.55553
Shadi Khan Takri,28.81896,65.64892
Shadiani,30.22623,69.00352
Shadinzai,27.22026,65.69988
Shadiship,29.26902,64.69301
Shadizai,30.90471,67.23825
Shadizai,27.64709,66.21082
Shadizai,30.55111,66.79964
Shado,26.63504,66.086
Shado,30.06192,69.04166
Shado Shehr,29.83934,69.53621
Shadrog,28.63029,66.60292
Shadruk Bazar,26.6698,63.25172
Shaffi Muhammad Sasuli,28.95267,64.59522
Shaffu,26.13493,66.37718
Shafi Colony,30.16763,66.98541
Shafi Muhammad,27.54342,66.40444
Shafi Muhammad,27.24913,66.59697
Shafi Muhammad,29.47321,66.52268
Shafi Muhammad,25.34172,62.37699
Shafi Muhammad,28.23332,66.48821
Shafi Muhammad,25.68083,67.09445
Shag Khawazha,31.80268,69.82298
Shagai,31.0652,70.18862
Shaganai,30.79145,67.38491
Shaghasi Kaul,30.99109,66.91603
Shah Abdullah Ziarat,29.30733,67.24626
Shah Alizai,29.41048,66.55177
Shah Baikwal,29.43163,65.50218
Shah Bakhsh,29.98391,67.06665
Shah Bakhsh Masori,29.84884,69.77302
Shah Beg Kili,29.97042,66.92837
Shah Begzai,28.5734,66.7543
Shah Colony,30.17831,66.988
Shah Dad Bazar,25.26045,62.1498
Shah Din,27.52078,66.34643
Shah Dost Khan Jamali,28.35999,68.16105
Shah Dostabad Bazar,26.6306,62.8646
Shah Garhi Barai,28.50316,64.93179
Shah Gawash Bazar,25.42562,61.81396
Shah Ghar,29.36228,67.26947
Shah Ghasi,31.16732,66.72974
Shah Gul Bugti,29.80035,69.7796
Shah Haider Baba,30.17662,67.77094
Shah Haji Mubarak,28.912,66.15857
Shah Hakim Bazar,26.3477,64.20051
Shah Hasan Bazar,26.93542,63.83446
Shah Hussain Shah,29.93499,69.46549
Shah Jafu,29.35465,67.21706
Shah Jahan Kili,30.38702,66.96298
Shah Jehan,30.06236,66.96867
Shah Kalag,26.32791,64.81818
Shah Karez,30.40882,68.52235
Shah Kata,27.99348,66.27183
Shah Kili,31.62191,69.69021
Shah Mir,31.09083,66.71806
Shah Mir,30.1146,67.42568
Shah Mir,29.946,67.02961
Shah Mir Bhotani,28.23484,67.6171
Shah Mir Mastoi,28.28936,68.08527
Shah Miran,29.84011,66.76315
Shah Muhammad,29.96538,67.02046
Shah Muhammad Kili,31.12651,68.93422
Shah Muhammad Pandrani,28.39399,68.10283
Shah Murad,30.10113,69.67609
Shah Murad,28.67381,66.60484
Shah Murad,27.37103,66.86954
Shah Murad,28.69864,66.7691
Shah Murad,28.3896,65.4673
Shah Murad Chat,26.17936,62.02582
Shah Murad Gis,29.38781,63.78162
Shah Murad Kili,30.21769,68.97482
Shah Murad Talhani,28.40987,68.32835
Shah Muradzai,27.38443,66.177
Shah Muradzai,27.67052,66.27907
Shah Namaz,29.78279,66.4558
Shah Nawaz,26.92341,65.6194
Shah Nawaz Khan Rind,28.33131,68.08916
Shah Pasand,30.33071,66.91113
Shah Salem Khan,28.82071,61.64313
Shah Sar Mina,31.29003,70.04205
Shah Sor Brahui,26.34711,63.54357
Shah Wali,28.36528,67.42961
Shah Wali Khosa,28.40669,67.46558
Shah Wali Lari,30.05833,69.01491
Shahab,31.06691,66.98459
Shahab Din,30.13711,69.98942
Shahab Nikka,31.63311,68.78758
Shahabad Kili,30.1126,68.89474
Shahabuddin,30.71139,67.03832
Shahan,30.95865,67.30219
Shahan,29.11912,67.78422
Shahan Palal,27.97285,67.72486
Shahana,27.48333,63.75
Shaharwa,28.12521,66.68649
Shahbaz China Kili,30.16986,68.84522
Shahbaz Kach,30.44224,67.33057
Shahbaz Kalat,26.70509,63.95731
Shahbaz Khan Kili,30.82572,66.41737
Shahbaz Khan Kili,30.8341,66.45133
Shahbaz Kili,30.92924,66.40137
Shahbaz Kili,31.18511,68.39671
Shahbaz Town,30.2118,67.0024
Shahbazu,29.1891,67.84391
Shahbek Kalat,26.14099,62.08379
Shahbor,31.0413,66.88725
Shahdad Chat,26.15472,61.94693
Shahdadzai,28.10139,66.10694
Shahdadzai,28.14978,66.08401
Shahdan Kili,30.35172,67.82239
Shahdinzai,28.59689,65.22932
Shahdinzai,30.1241,66.95161
Shahdlan,28.12357,64.45487
Shahgai,30.90151,67.44493
Shahgai,30.74305,68.39382
Shahi,30.86733,67.43002
Shahi Bagh,26.26127,64.65022
Shahi Kallag,26.02849,63.45332
Shahi Karez Kili Saiyidan,30.2451,66.96861
Shahi Khan,28.97306,67.56341
Shahi Kot,30.67728,66.89066
Shahi Lak,29.76652,69.35521
Shahi Masjid,29.01808,66.59355
Shahi Murid Kili,29.15602,66.08837
Shahi Talang,31.14515,70.18421
Shahi Tump Purana,26.00352,63.0182
Shahid Khan,28.43889,68.82222
Shahid Pat,29.10738,63.63384
Shahidagai,30.58348,67.28022
Shahidgai,30.52335,67.34413
Shahik,28.25641,67.47307
Shahin,31.21762,66.83604
Shahin Khan,28.34181,68.1895
Shahin Kili,31.09165,69.21438
Shahiwai,28.05998,63.18384
Shahnawaz Brahui,28.54274,68.54337
Shahnawaz Khoso,28.63624,68.45546
Shaho Garhi Chotta,28.5097,64.95478
Shahozai,29.43378,66.56356
Shahozai Mehla,31.64363,69.58924
Shahpur,28.71975,68.41488
Shahpur Sial,28.40136,67.7726
Shahr,29.17887,66.82194
Shahr Ahmad Khan,28.98707,66.37893
Shahr Ajab,27.68254,66.23965
Shahr Ali Murad,28.78631,67.45799
Shahr Allah Bakhsh,28.89759,66.36275
Shahr Arz Muhammad,29.26711,66.33409
Shahr Brahim,28.877,66.3462
Shahr Fagir Ali Murad,28.6876,66.16392
Shahr Garan Khan,28.72553,66.0771
Shahr Ghazi Khan,29.26389,66.26111
Shahr Ghulam Mustafa Khan,28.69689,66.06184
Shahr Gohar Khan Rind,29.45678,66.55463
Shahr Gul Muhammad,29.43056,66.29583
Shahr Gul Muhammad,29.18531,66.15462
Shahr Gumnar Khan,29.6012,66.9158
Shahr Haji,29.12012,66.4614
Shahr Hamza,29.17422,66.18904
Shahr Hassan Khan,29.2269,66.23505
Shahr Imam Dad,28.87624,66.32909
Shahr Jam,28.43542,66.78151
Shahr Kamal Khan,29.59684,66.89958
Shahr Kambrani,29.12922,66.28781
Shahr Karim Bakhsh,28.7786,66.39322
Shahr Khuda Bakhsh,29.48333,66.35
Shahr Muhammad Bakhsh,29.60819,66.92254
Shahr Muhammad Ibrahim,28.91465,66.34687
Shahr Muhammad Sher,29.28352,66.26871
Shahr Muhammad Waris Khan,28.72476,66.089
Shahr Mulla Abdul Hakim,28.90688,66.60662
Shahr Mulla Din Muhammad,28.92144,66.58816
Shahr Mulla Muhammad Hayat,28.9346,66.59825
Shahr Murad Khan,27.59778,66.44202
Shahr Nur Shah,29.3125,66.31667
Shahr Nuruddin,28.9096,66.47084
Shahr Qadir Bakhsh,29.22761,66.24541
Shahr Rais Ghous Bakhsh,28.7185,66.07025
Shahr Rais Nabi Bakhsh,28.92262,66.57302
Shahr Rais Wali Muhammad,28.67983,66.14714
Shahr Rals Quam Khan,28.70922,66.07343
Shahr Rasul Bakhsh,29.2681,66.28407
Shahr Sako Khan,27.6544,66.0166
Shahr Sardar Kot,29.40456,66.53612
Shahr Sardar Muhammad Shahi,29.35456,66.56878
Shahr Shah Munammad,28.9253,66.28647
Shahr Shaikh,27.69923,66.82029
Shahr Shaker Khan,28.79492,66.41837
Shahrig,30.19005,67.70981
Shahrok,26.03171,63.33524
Shahsah,30.90308,67.51447
Shahsawar,30.57071,66.83492
Shaht Taimur Khan Sumalani,29.73482,66.55229
Shahtangi,25.3365,62.98008
Shahtangi,25.33257,62.99753
Shahu,30.24095,68.99631
Shahu Kuhn,26.9492,64.05903
Shahul,27.53277,65.76654
Shahuzai,29.28798,66.47467
Shahwazar,28.39836,68.10065
Shahzab Bazar,25.90073,63.89671
Shahzad,28.4332,67.477
Shahzado Khan Jamail,28.03718,67.97012
Shahzai Kili,26.25311,63.35112
Shahzai Kili,31.2796,69.43359
Shaidabad,28.52569,65.04196
Shaihani Bazar,25.9997,63.0483
Shaik Haji,29.37026,66.75208
Shaikh,29.58698,65.33479
Shaikh,27.63469,66.26448
Shaikh Ahmadi,25.15499,66.94049
Shaikh Ali Karez,30.26776,66.95952
Shaikh Haji,29.36711,66.79062
Shaikh Khan da Ragha,31.34873,70.12561
Shaikh Manda,30.2527,66.96709
Shaikh Raj,25.64639,66.56667
Shaikh Shahin Kili,30.13805,69.18268
Shaikh Taqi,29.8098,66.84601
Shaikh Taru Masjid,30.62602,67.9169
Shaikh Wali Muhammad,26.3983,65.33428
Shaikh Wasil Ziarat,29.90174,66.62435
Shaikh Yaru,30.63713,67.99711
Shaikhabad,25.09562,66.71994
Shaikhalzai,30.68446,67.05572
Shaikhan,28.72417,66.83478
Shaikhan Kili,31.29949,69.47219
Shaikhan Kili,30.21723,67.70412
Shaikhri,29.19043,66.83694
Shaikhri,29.1625,66.82083
Shaina Nishpa,31.04853,69.97144
Shaista Colony,30.15828,66.99732
Shaji,31.15321,70.07448
Shak Pish,27.73234,66.9458
Shakai,31.49083,69.75286
Shakai Kili,31.47727,69.73431
Shakal Khan Bakhlani,28.46449,68.97407
Shakar,30.58743,67.32976
Shakar Ab,29.4682,65.75898
Shakar Ab,29.18091,64.62961
Shakar Khan,28.41588,68.09196
Shakareji,27.92297,66.84572
Shakaro,25.82265,62.54179
Shakarzai,30.74167,66.885
Shakarzai,30.73404,66.91466
Shakh,30.90248,67.68819
Shakh,30.73626,67.36014
Shakh,31.01251,67.78607
Shakh,30.73602,67.37275
Shakh Khwuna,30.71292,68.37005
Shakh Kili,30.9922,69.00602
Shakhah,30.9585,67.22903
Shakhar Mina,31.13722,70.18999
Shakhgai,30.46154,69.34234
Shakhkai,31.09448,68.60958
Shakkar Khan,29.69286,66.54087
Shakra,29.47176,65.74905
Shal,30.73056,67.16944
Shal,28.89264,67.47521
Shal Chauki,30.59639,67.03639
Shalamzai,31.0925,69.88139
Shaldara,30.1795,67.01872
Shalgha,31.11747,66.79559
Shalkhalzai,30.70346,67.10784
Shalkot Housing Scheme Phase One,30.10209,66.9368
Shalkot Housing Scheme Phase Two,30.10999,66.93277
Shalu,29.79986,69.40317
Sham,29.97903,69.26834
Sham Bazar,26.04356,66.87308
Sham Bazar,25.30628,62.7153
Sham Brahim Zai,27.38265,66.47743
Sham Kheran,29.33359,69.60715
Sham Log,25.305,62.70791
Sham Mara,26.22588,64.81155
Shamai,30.78576,67.34452
Shamai Kalag,28.70976,65.17436
Shamak Kili,31.65585,68.40936
Shamakzai,30.74492,66.56908
Shamakzai,30.74057,66.61769
Shamam Zai,31.15302,69.50268
Shamanzai Kili,30.75528,69.28205
Shamaun,30.98712,67.28277
Shamba,25.34576,63.43888
Shambay Ali,25.33655,62.2685
Shambay Bazar,25.41228,62.27586
Shambe Bazar,25.4601,64.68866
Shambe Bazar,26.96282,63.44807
Shambu,26.29282,65.51277
Shamdm,26.29222,64.92583
Shamezai,29.9302,66.71063
Shamk,27.45437,66.60578
Shamlak Kili,30.23075,67.9748
Shamli,25.80778,62.19667
Shammu Bagh,30.99819,66.83856
Shamozai,31.16458,69.94715
Shamozai,30.11439,66.95057
Shamozai Wander,31.19707,69.99054
Shams-ud-din,30.74627,68.3257
Shamsabad,30.15008,68.55135
Shamsabad Karez,29.81517,66.86521
Shamshan,28.33162,65.09395
Shamshan,28.31095,65.0936
Shamsher Kili,30.04992,69.01778
Shamshozai,30.58915,66.59581
Shamshozai,30.48652,66.53406
Shan Kash,31.02799,67.75128
Shan Tangai,30.50186,69.74493
Shana,28.2177,66.04309
Shanai,30.87747,69.93203
Shanak Kushi,25.44444,63.90833
Shanba Ismail,25.17676,62.33111
Shanbe Log,25.35537,62.55178
Shand,27.92261,62.95387
Shand,25.93388,61.8498
Shangai Alizai,30.96709,67.14509
Shangai Ardozai,30.97074,67.1207
Shanghluna Kili,30.60676,68.28057
Shanglun,30.90501,67.36883
Shank,27.68258,67.12856
Shank,28.04633,66.28904
Shankai Ghunde,31.12504,69.28731
Shanken,26.13277,62.28625
Shanogai,30.34093,69.62443
Shanwari Kili Powinda,30.34671,69.55989
Shao Aghbarg,30.81652,67.1633
Shapch,29.5058,66.52109
Shapok,26.03825,63.37228
Shar,28.35663,66.1693
Sharaf,28.46667,66.81667
Sharan,30.93189,68.02338
Sharan,31.11738,66.95003
Sharan Alizai,30.26318,68.89466
Sharan Alizai,30.42642,68.90349
Sharan Ghat,30.93021,68.93455
Sharan Hamzazai,30.41862,68.85493
Sharan Jogizai,31.03385,68.53185
Sharan Karez,30.47729,67.06837
Sharan Karez,30.66653,67.19464
Sharan Kili,31.67763,69.89965
Sharan Kili,30.86892,69.13411
Sharan Kili,31.59666,69.57622
Sharan Kili,31.03024,68.73234
Sharan Melan,31.03076,68.72961
Sharan Murgha,31.05785,67.80061
Sharan Tangi,30.1306,67.76667
Sharangzai,31.12429,68.1266
Sharbat,30.32128,69.21914
Sharbat Khan Bano,28.46004,68.04221
Sharghalai Kili,31.1233,69.40973
Shari,27.73545,66.25374
Shari Durkri,25.41389,63.88611
Shari Shep Parag,25.40278,63.84167
Sharif,30.57485,66.67111
Sharif Bhatt,29.19247,65.23506
Sharif Log,25.29765,62.71199
Sharif Muhmmad,29.63056,66.70278
Sharin,30.66399,67.3293
Sharkarjo Goth,25.75005,67.34486
Sharqi Turamae,31.33703,68.73334
Sharri,27.73926,66.23991
Sharu Chah,28.29361,64.5744
Shasa,30.74421,67.41203
Shasa,30.85277,67.04887
Shasa Akhtarzai,30.91287,67.15116
Shasa Khairzai,30.90876,67.14155
Shasa Kili,31.28601,69.66469
Shashghani,26.47343,62.90543
Shashghani,26.46489,62.85385
Shatangi,25.32238,63.00933
Shatpaj Raghzai,31.23162,70.04147
Shatraki,27.99538,66.70603
Shauki Jat,28.17636,67.46685
Shauzai Kili,30.26779,67.8186
Shayani,29.99796,69.55274
Shazgu Sha,30.1932,67.35601
She Muhammad Kili,29.18331,63.94373
Shebzai,30.96016,69.38823
Shedani,30.04602,69.93715
Shedani Haibat,30.06387,69.91528
Sheh Kahan,26.03879,62.79668
Sheh Zangi,25.85742,62.31291
Sheh Zangi,25.817,62.37394
Shehani,29.5031,66.81216
Sheher Dat,28.79888,66.31921
Shehri,27.72843,66.99352
Shehzai,29.15773,67.09993
Sheikh Ellahi Bakhsh,28.69935,66.61536
Sheikh Hussainr Kili,29.93664,66.74467
Sheikh Ibrahim,28.70457,66.62227
Sheikh Musa Bazar Paleri,25.29775,61.98999
Sheikhabad,31.16552,69.55365
Sheikhan,30.44289,67.02383
Sheikhan Multane Kili,31.01016,69.06325
Shekh Sasoli,27.45032,65.91287
Shekhan,30.32222,69.27266
Shelabagh Cantt,30.82967,66.58694
Shemozai,31.15516,69.96774
Shen Multani,30.90736,68.47065
Shepah,31.39398,69.91433
Shepelai Kili,31.66949,69.66712
Sher Ali,26.41642,66.50733
Sher Ali,28.13983,66.08555
Sher Baig Bazar,26.0507,64.4702
Sher Bugti,28.11195,67.78763
Sher Dil Sasoli,28.98622,65.60241
Sher Gul Mhammad,28.9737,66.46685
Sher Hindi,26.47381,65.27009
Sher Jan,28.79671,66.2464
Sher Jan Kili,30.80021,68.61568
Sher Jan Kili,31.30124,69.88554
Sher Khan,28.25161,67.48118
Sher Khan Kili,29.86728,66.84619
Sher Khanzai,31.03963,69.95747
Sher Kumb,27.79833,63.73611
Sher Muhammad,26.32706,65.57205
Sher Muhammad,28.46812,68.10471
Sher Muhammad,29.82021,67.0041
Sher Muhammad,29.84775,67.04786
Sher Muhammad,30.88655,69.89858
Sher Muhammad,28.03683,66.44393
Sher Muhammad,26.7125,64.0642
Sher Muhammad Bazar,25.27683,62.42712
Sher Muhammad Bugti,29.78597,69.75623
Sher Muhammad Hasni,30.31281,69.88182
Sher Muhammad Kham,29.82873,69.46962
Sher Muhammad Kili,31.83554,69.52899
Sher Muhammad Mathang,25.44499,64.83313
Sher Shah,29.63299,65.57129
Sher Zaman,30.88108,69.86777
Sher Zaman Kili,31.35144,69.71216
Shera Bulra,28.90863,67.86315
Sheran,29.20389,67.73804
Sheran Kili,31.40389,68.87306
Sheran Nika Ziarat,30.70305,67.44909
Sherani,28.26643,67.37629
Sherawala,29.1844,66.30902
Sherdam Mullazai,31.44236,67.7072
Sherdil,29.98068,67.06939
Sherdil Muradwah,29.22015,68.08068
Shergali,31.50481,69.90141
Sherghali,30.87137,67.32174
Sherghali,30.2168,68.54963
Shergi Karez Mir Behram Khan,27.19326,65.69327
Sherifabad,28.4336,67.9158
Sheriki,27.08287,65.54497
Sherin Kas,30.40207,69.06521
Sherinza,27.80379,65.62237
Shermabad,30.42831,67.03367
Shero,30.73818,66.98416
Sherozai,28.5512,65.4386
Sheru,28.99802,67.65214
Sheru Jhuggi,26.64824,64.89671
Sherwai Kili,31.40861,69.72817
Shik,28.70286,66.6673
Shikari,26.59323,65.5126
Shikari Gazin,29.14877,63.84353
Shikari Kili,29.15272,65.38092
Shikarpur,28.75206,67.6902
Shim Rodini,28.27162,66.07622
Shimshi,27.87822,65.18802
Shin Akbargai,30.51966,67.37511
Shin Band,30.84912,66.98577
Shin Bazai,31.91192,69.80896
Shin Bazai,31.92063,69.83848
Shin Ghaz Kili,31.09847,69.17569
Shin Hauz,31.05341,66.86057
Shin Hitage,30.88878,67.91164
Shin Istargai,30.33023,69.54297
Shin Kach,31.7742,69.20302
Shin Kach,31.35706,69.24898
Shin Kach,31.63649,69.7457
Shin Kachh,29.96379,68.09353
Shin Kaibah,30.67969,68.52097
Shin Kats,31.02682,67.74595
Shin Kazha,31.20436,70.11671
Shin Khana,30.85714,67.46594
Shin Khosai,30.56646,67.29857
Shin Khozah,31.09512,69.24286
Shin Khozai Kili,31.15669,69.78387
Shin Kili,31.39899,68.32252
Shin Manda Kili,31.16686,69.31458
Shin Mazghai,30.36766,67.78789
Shin Raghzai,31.40001,70.10597
Shin Shepa Kili,31.27204,69.69002
Shin Taki,31.07018,68.04636
Shin Tangi,31.78589,69.78272
Shin Tora Khulla,30.59556,67.37408
Shin Urmash Kili,31.66529,69.70986
Shin Wam,30.9054,67.16724
Shin Wam,31.35174,70.16339
Shin Wam,30.29429,67.51747
Shina,30.95502,67.36021
Shina,30.93129,67.39408
Shina Ghara,30.6138,67.50241
Shina Khula,30.76663,67.05433
Shina Khwara,30.97738,67.94929
Shina Khwara,31.65563,69.77892
Shina Khwara Mill,30.57482,67.18664
Shina Khwarah,30.86298,67.88497
Shina Kund,31.68808,69.67452
Shina Kuzai Kili,31.45951,69.66224
Shina Kuzai Kili,31.44678,69.65716
Shina Lashta,30.70288,68.79916
Shina Sabaza,31.38685,69.92258
Shina Urmazha Kili,31.64372,69.73564
Shina Warja,31.6499,69.43335
Shinagrezai Kili,31.56943,69.83609
Shindi,26.63903,65.68124
Shine Pungai Kili,31.25902,69.91336
Shingar,27.4749,65.50798
Shinghar,31.58656,69.73241
Shinghari,30.73806,66.88917
Shinglun,30.45167,67.12166
Shinglun,30.34385,67.1092
Shingnari,30.70967,66.86263
Shingora,30.63473,68.79595
Shini Kani Dor,25.23789,62.39512
Shinkai Kach,31.05389,69.88194
Shinkai Khwuna Kili,31.59895,69.75867
Shinkai Kili,30.68736,68.46633
Shinkai Kili,30.8422,69.05999
Shinkai Manran,31.6623,69.82631
Shinkai Shakh,31.7962,69.89624
Shinkai Tangai Kili,31.33694,69.17472
Shinkata,31.02649,67.73868
Shinkozai,30.49879,66.79445
Shinlaz,30.24731,68.47861
Shinlezai,30.22996,67.59312
Shinshob,30.95338,67.69693
Shinwar,30.18611,69.41638
Shinzani,25.36972,63.30083
Shinzi,29.53716,65.82577
Shipkoi Bazar,26.05859,64.53896
Shipliwar,31.33074,70.11639
Shir Kumb,26.38479,63.94406
Shiran,25.81019,62.74831
Shiraz,31.22168,66.84105
Shirgargan Kalag,26.28083,63.67472
Shirin,30.36766,67.96463
Shirin,30.3693,67.99737
Shirin Ab,29.11772,64.56728
Shirin Narai Mazghai,30.36526,67.96222
Shirm Bazar,25.36888,63.13075
Shishan Baian,30.97018,67.58265
Shishankai,30.64319,67.76343
Shishar,29.50296,67.0365
Shishari,28.73959,66.07288
Shishina,31.08444,66.88129
Shizzi,28.2042,65.0793
Shkar,30.38779,68.90309
Shkarai Kili,31.02726,69.99622
Shna Kazha Kili,31.52197,69.75946
Shna Khezai,30.29491,68.35693
Shna Khizai Kili,31.15237,69.24768
Shna Punga,31.55186,69.75911
Shodiani,30.32577,69.27818
Shohidan,30.66315,68.85902
Shohr Mehrwal,27.69732,66.78916
Shohr Musa Khanzai,28.90047,66.37784
Shoki,27.74273,65.861
Shol Basti,28.45116,67.65114
Shongry,28.06138,67.11325
Shooli Bazar,25.56831,62.14419
Shooli Hotani Bazar,25.55552,62.14244
Shooli Hur Bazar,25.57777,62.19795
Shor,30.21083,67.70639
Shor Kili,30.07202,67.95024
Shor Kili,30.10924,67.86742
Shor Mina,31.17192,70.1081
Shor Mina,31.13842,70.17902
Shor Shahi,30.07384,67.9552
Shorag Gaz,29.2154,63.54022
Shorai Baran,28.36474,66.1239
Shoran,28.86209,67.45182
Shoranzai,29.22625,67.66572
Shori Data,28.54597,68.00712
Shori Manju,28.53883,68.00469
Shori Mina,31.12658,70.07842
Shori Petafa,28.58457,68.00392
Shori Rasul Bakhsh,28.57288,67.99825
Shori Wahid Bakhsh,28.58302,68.00404
Showan Kili,31.35938,69.07564
Shpana Tlerai,30.97239,67.37522
Shpera Gat,30.90772,68.45336
Shrawan,30.43563,69.11154
Shudan,30.58975,67.56572
Shuikh Colony,28.62213,69.17921
Shuja-ul-Mulk,31.42441,67.62062
Shukuki,28.94694,66.74474
Shumali Jo Goth,26.21051,66.53305
Shungal Kaul,30.81203,66.8029
Shunko,28.97114,63.70432
Shuram,31.0854,68.23904
Shutrak,27.85203,66.93193
Shwal Muhammad Bazar,26.71038,63.8226
Shīkārpur,28.749,67.69
Siab,28.16991,63.22548
Siadam,28.54689,63.20884
Siagzi,26.42342,65.1983
Siah,28.13371,66.12909
Siah Dik,29.11415,63.55326
Siah Tallari,26.46444,63.00849
Siahan Chah,27.40888,63.09677
Siahdamb,26.96472,64.82145
Siahgasi Bazar,26.5629,62.89764
Siahlo,25.9216,62.6178
Siahmar Shah,28.6346,66.5411
Sial,28.88333,68.08333
Sial Khan Ramdani,28.20612,68.07431
Sialu Kor,30.23294,69.5811
Sianch,28.79994,67.53794
Sianre,30.04393,68.09273
Sianwaro Khuanr,25.93556,66.57528
Sianzai,29.12654,66.52741
Siao,25.4285,65.51176
Sibdan,25.91097,62.51451
Sibi,29.54299,67.87726
Sibi Jadid,28.06854,67.7958
Sibi Scout,29.53767,67.85098
Sibri,29.3662,67.5756
Sidag Bazar,25.2612,63.29809
Sidak,25.3821,64.1933
Siddiq,31.02081,67.85757
Siddiq Brahui,25.65756,67.11749
Siddiqabad,28.05644,66.32762
Siddique,30.66351,68.28223
Siddique Suphangluna,30.78961,67.44719
Siddiqueabad,29.85639,66.67253
Siddiquezai,31.0246,69.93709
Sigik,26.02583,64.30738
Sigik,26.03972,64.28643
Sihro,27.50458,66.19515
Sijjo Colony,28.63376,69.2094
Sikandar Bandlani,28.43485,68.91402
Sikani,25.2992,64.24851
Sikani,25.29694,64.27028
Sikki Tizha,30.92184,67.54026
Sikozai,29.89616,66.96436
Sikri,30.43347,68.0046
Silad,30.80238,66.82468
Sili Sher Muhammad,29.34226,63.34562
Silli Zai,27.80726,66.45174
Siltan Muhammad,29.09979,63.68873
Simaza,31.04612,69.27739
Simsuri Bazar,26.96621,63.93169
Simzai,30.72987,66.92311
Simzai Kili,30.93929,69.13756
Sinazai Kili,31.50193,69.42115
Sinchi,26.51383,66.39283
Sindhar,28.38489,67.72681
Sindhar Mat,28.30039,67.58277
Sindhi Paso,25.3975,63.4622
Singabad Gis,26.00751,63.69787
Singan Kalat,29.20073,66.19834
Singandaz,28.98192,66.52164
Singawan Bazar,26.53692,62.52978
Singhi,25.81242,62.7146
Sinjawa,28.9427,66.1977
Sinjawa Bagh,28.9411,66.2147
Sinjawal Kili,30.02065,67.64056
Sinjdi,30.16112,66.79638
Sinjdi,29.34574,66.81701
Sinkai,30.61872,68.76471
Sinkori,28.69343,65.77069
Sinkuri,27.61364,65.93141
Sinrha,28.80713,67.54565
Sinzalai Kili,31.03561,68.27033
Sinzale,31.36474,69.0476
Sinzale Maghzai,31.65589,68.63687
Sinzali Kili,31.76049,69.21654
Sipachik,27.50851,66.5436
Sipai Singh,26.24306,65.89917
Sipen,31.44269,67.88652
Sir Shainsian,31.34452,67.82356
Sira Gebrail,31.25173,67.88696
Sira Gohar,31.49672,67.91524
Sira Shala Kili,31.10765,67.0524
Siraduk,27.00938,64.21333
Sirai,30.95772,67.27754
Sirajiabad,29.44772,67.48385
Sirathki,31.24729,67.72044
Siri,27.97104,66.91754
Siri Kalag Kili,25.86009,63.49085
Sirikat,26.01238,63.06336
Sirinkin,26.08333,62.58333
Sirkai,30.72244,67.56291
Sirkai,31.07091,67.86646
Sirkai,31.0633,67.63646
Sirkai Kili,30.15791,68.62755
Sirkai Kili,30.89258,68.83889
Sirkai Tlerai,30.725,67.59222
Sirki,30.17467,67.00459
Sirki,25.39353,64.0852
Sirkzai Bazar,26.59635,62.81223
Sirug,26.17509,61.90199
Sisdi,25.58059,61.8815
Sistag,28.40114,65.49387
Sistag,26.465,65.67306
Sital Pul,28.09217,67.84992
Sithar,28.80561,67.66031
Skhar Khan,30.88211,66.99284
Skhar Zal,30.88309,66.96931
Skhobai,31.06589,67.62121
Skhobai Gat,30.60842,67.51737
Skhobi,31.02083,67.83548
Skhobi,30.83342,67.75291
Skhobi,31.0226,67.87235
Skhobi,31.09069,67.93394
Skhobi,30.8976,67.85479
Skhobi Dildor,31.029,67.75904
Skroragha,30.60631,67.55142
Slaijo,28.12269,66.32629
Smal Khan,28.82692,65.64436
Smalani Colony,29.87031,67.32738
Snaheza,29.77162,66.83051
Snape,30.01424,68.1185
Soba China,30.47525,69.02074
Sobai,28.31142,67.56044
Sobha Bhatti,28.89816,67.88281
Sobheji,26.19638,66.82034
Socha Ghol Kili,31.29971,69.99834
Sodagir,28.7694,65.92592
Sodawal,29.48294,66.53372
Sode Kili,31.69148,69.74631
Sodha Chandrama,28.29311,67.49747
Sodha Chandrama,28.30575,67.494
Soe Maina,31.16552,69.62146
Soe Ragha,31.18625,70.15877
Soe Ragha Kili,31.19211,70.17931
Soesat Kili,31.32759,69.77704
Sog Dargai,30.74205,67.35526
Soga,30.96407,67.31452
Soghai,30.68351,68.48766
Sohani,30.07115,69.84095
Sohbatpur,28.52038,68.54298
Sohel Khan Kili,30.91447,66.39876
Sohi,30.75074,68.16351
Sohlani,29.31842,69.57896
Sohna,29.56459,66.71041
Sohna Faqir,28.04769,67.87735
Sohnipur,28.32453,68.28459
Sohr Karudi,27.55177,65.88953
Sohrab,26.24657,65.8415
Sohrab Khan,28.11903,67.95297
Sohrab Khan,30.67109,67.01388
Sohrab Khan,28.08157,67.84344
Sohrab Khan Brahui,28.16866,68.0867
Sohrab Khan Khosa,28.48943,68.3331
Sohrab Nambardi,30.28294,69.79027
Sohrababad,30.03579,69.93758
Sohrage Bazar,26.54282,62.81077
Sohreh Koh Bazar,26.03254,61.9523
Sohri Kando,28.79546,68.43479
Sohri Sain ki Ziarat,29.16441,68.97228
Sohro,27.9,64.51667
Sohtagan,27.94625,62.865
Sohtak Kalat,28.84822,63.92886
Sohu Brahmani,28.91161,67.46375
Sokal,26.21662,64.78114
Soki,28.06354,66.84911
Soki Gundi,30.13548,67.94662
Sol Aslam,28.07538,65.77187
Sol Chakar,28.01692,65.77425
Sol Reki,27.88184,63.56883
Sola,30.72446,67.82558
Solan Bazar,25.8099,62.2291
Solani,25.8471,63.5505
Solband,26.02596,62.80831
Soldan,27.73673,64.79307
Solok,25.88488,62.40083
Somarani Gadra,25.71056,66.48278
Somari,25.46151,62.9428
Somari,29.18246,66.31024
Somlani,26.42216,66.58353
Sona,28.44894,67.79426
Sona Bhutti,27.35695,66.15928
Sona Khan,28.33282,68.13718
Sona Khan,29.11893,67.82347
Sona Khan,28.48122,68.30239
Sona Khosa,28.39943,67.40952
Sona Kili,29.33929,69.5145
Soni Jalambani,29.4567,67.61552
Sonmiani,25.42385,66.59799
Sono Khan Khoso,28.30184,68.33773
Sonth Landhi,28.45206,67.34338
Sonz Ali Shahban,31.18065,67.68111
Sopak,28.41408,65.47561
Sor,29.61669,66.52999
Sor,29.28333,62.78333
Sor Panrai Melan,31.14265,68.52714
Sorab,27.31667,64.75
Sorab,29.25291,67.71372
Soradar,27.36086,67.07116
Soragi,28.03333,63.38333
Sorah Kili,29.06315,64.0784
Sorai Raghzai,31.36116,70.12362
Sorain Bazar,26.60943,63.7382
Sorakh,26.83128,63.27177
Sorange,30.16666,67.22048
Sorap,26.05718,63.93411
Sorap,26.92092,63.76799
Sorap,26.18999,61.86813
Sorap,27.28333,65.31667
Sorap,27.60849,66.58543
Sorap Chah,28.49323,63.9456
Sorap Kili,28.4627,65.4658
Sordan,29.58566,65.73427
Sordar Khan,28.63103,68.40166
Sordop,27.5649,65.89798
Sore Amag,28.3192,65.1859
Sorenkik,27.18333,64.1
Sorgaz,27.73531,66.69474
Sorgaz,29.88516,66.84532
Sorgaz,27.97656,62.8169
Sorgaz,29.90522,66.86636
Sorgazo,28.24342,65.09119
Sorgo,25.86629,62.21054
Sori,29.67811,67.36927
Sorkhoi,27.33752,64.78069
Soro,29.22078,66.20187
Soro,28.05488,63.19903
Soro,25.45139,62.73361
Soro,29.22602,66.20563
Soru,29.99398,68.47484
Soru,29.92662,66.67333
Sorwan Kalat,26.86817,63.86323
Sotga Basti,28.82601,68.76439
Sowali,25.31067,64.34525
Sowara,28.1062,67.78083
Spalghun Kili,30.92537,68.96974
Spalmai Karam,31.11349,70.12789
Spar Kili,31.38159,69.09047
Spedar,30.46669,68.28368
Speleza,30.33343,67.49346
Spenalli Kili,30.61976,69.15082
Spera Aghbarg,31.18887,68.33164
Spera Aghbargai Melanr,30.59931,67.8873
Spera Ragha,30.54079,67.65126
Spera Sharan Melan,31.02573,68.68973
Speratara,31.15382,67.61682
Spesta,31.4503,69.82335
Spezandai,30.52426,67.64554
Spezandai,30.52263,67.67074
Spilkai Part Thana,30.25816,68.63393
Spin Hadira,30.50496,69.01141
Spin Hud,30.78517,67.1058
Spin Kachhona,31.3314,70.22197
Spin Karez,30.71712,67.56994
Spin Kazhe,30.96977,68.98735
Spin Khezai,30.86457,67.28878
Spin Kili,31.18226,68.07277
Spin Kili,30.95951,69.00777
Spin Labour Colony,30.05761,67.42257
Spin Lakai,30.7797,67.21135
Spin Magnzai,30.3523,67.7026
Spin Masjid,31.01804,68.0238
Spin Pan,30.76096,67.29314
Spin Ragheh,31.3819,69.9123
Spin Ragheh,31.39075,69.90923
Spin Shakh,30.83694,67.51507
Spin Shakh,30.83053,67.51029
Spin Tangai Kili,31.56824,69.45724
Spin Tangi,29.94165,68.09742
Spin Tangi,30.56241,67.90163
Spin Tangi,30.20192,67.21317
Spina,30.77896,67.35669
Spina Ghubarg,31.04653,69.07236
Spina Shah,31.35955,69.65737
Spina Tizha,31.11816,67.03724
Spinatizhe,30.99417,67.34778
Spingai,31.18009,67.53179
Spingai,31.26478,67.84399
Spini Khezai,30.7631,67.08752
Spinkai,31.39639,70.16105
Spinkai,30.80521,67.40138
Spinkai Shah,30.80889,68.66553
Spinshakar,30.52042,67.73231
Spinwana,30.85308,66.55462
Spra Wana,31.38989,69.92209
Spronai,30.71592,67.3281
Sra Dhaka,30.46667,69.53333
Sra Ghara,30.81262,67.61814
Sra Ghubarg Kili,31.11893,69.14136
Sra Grug,30.2906,67.00835
Sra Gundai,30.4932,69.518
Sra Kach,30.99444,69.14444
Sra Kassai Kili,31.59675,69.06719
Sra Kheza,30.81421,69.30794
Sra Kheza,30.82057,69.28927
Sra Kheza,30.55386,67.59261
Sra Khezai,30.45459,67.46503
Sra Khula,30.75215,67.51608
Sra Khula,31.09861,69.17639
Sra Khula Kili,31.09504,69.15702
Sra Khwa,30.83392,67.32404
Sra Kili,30.22618,67.56586
Sra Makhsai,30.55104,67.47019
Sra Panona,30.78723,67.60644
Sra Sakai,31.17128,68.53544
Sra Salawat,30.73048,67.81617
Sra Salawat,30.66596,67.89117
Sra-Khula,30.27626,67.07198
Sragh,30.6583,68.88059
Sraghara,30.66379,68.90127
Sraghara,30.26592,69.08529
Srai,31.25679,67.89267
Srawate,31.59421,69.7206
Srawusila Mela,30.90239,69.75625
Sri Gjara Kili,31.59411,69.66732
Staghezhawe Kili,31.56027,69.08607
State Bank of Pakistan Colony,30.19508,67.03145
Sualehgai Karez,30.52985,67.04635
Subedar Gohar Kili,28.3752,65.4552
Subedar Khan Jamali,28.38354,68.18749
Subedar Khan Rind,28.27232,68.05451
Subha Katohar,28.44058,67.59249
Subha Khan Zarand,30.45087,69.05629
Subhani,30.12558,66.94848
Subhani Dil Murad,28.41128,67.7955
Subhani Pir Bakhsh,28.41649,67.80588
Sufi Abad,29.39189,65.93037
Sufi Abdul Samad Kili,29.11868,63.77909
Sufi Abdul Waheed Kili,29.11596,64.12681
Sufi Abdullah,27.51485,65.34945
Sufi Kili,30.07261,69.06518
Sufi Muhammad Din Khuda Abad,28.95225,64.44828
Sufi Muhammad Gis,29.29286,63.93266
Suhbat,31.23628,67.02464
Suhee,25.64695,62.05142
Suhr Kalag,26.3078,63.67728
Suhrab Khan Bachkani,28.43279,68.88721
Suhrab Khan Khosa,28.44878,68.93237
Suhri,29.90026,69.56909
Sui,28.63167,69.17888
Sui Colony,28.42972,68.92467
Sui Gas Pipe Line Colony,30.10924,66.98488
Suinai,29.66389,66.71667
Sukhi Jhal,27.07877,66.58912
Sukhia Khan Jamali,28.22847,68.15084
Suki Ghund Soki,30.14318,67.95016
Sulai Khan,30.80262,66.97309
Sulaikhanzai Kili,31.09458,69.42274
Sulaiman,31.20307,67.41519
Sulaiman Bazai,26.19595,63.82388
Sulaiman Bazar,26.69456,63.38425
Sulaiman Bazar,25.27392,62.13964
Sulaiman Khan Bazar,26.26587,65.48615
Sulaiman Khel,30.56048,66.54318
Sulaiman Khel,30.68433,66.6345
Sulaiman Khel,30.72556,66.84417
Sulaiman Khel,30.63807,66.94035
Sulaiman Wam,31.77091,69.19228
Sulaiman Zai,31.05519,69.63742
Sulaiman Zai Ghashai,31.0028,69.58189
Sulaimanzai,30.55306,66.85503
Sulaimanzai,30.67876,66.65353
Sulaimanzai Gash Kil,30.99635,69.58341
Sulaman,30.45091,66.51876
Suleman,25.33305,62.31465
Suleman Baloch,26.63721,66.34271
Suleman Bazar,25.35596,62.43697
Suleman Kaul,30.80127,66.80066
Suleman Khan Bazar,26.17048,65.41348
Suleman Khel,30.38677,68.53105
Suleman Khel,30.47643,66.69685
Suleman Log,25.31201,62.55125
Sulo,26.30302,63.11129
Sultan Dun,29.59838,66.73631
Sultan Kili,30.35322,66.68669
Sultan Kili,30.74861,68.30556
Sultan Muhammad,31.01704,67.86527
Sultan Muhammad China,30.33597,68.73529
Sultan Muhammad Kili,31.0225,69.2325
Sultan Ziarat,29.56472,66.05661
Sultanabad,28.25981,66.05981
Sultanpur,28.76634,67.88431
Sultanpur,28.15278,67.87083
Sumalari,27.96254,66.28497
Sumar,25.79498,67.07118
Sumar,25.29518,64.43055
Sumar Brahui,25.67523,67.10056
Sumar Goth,26.0889,66.86302
Sumar Halal,26.40895,64.29675
Sumar Kili,31.08184,69.02013
Sumari,29.15301,66.02457
Sumba,27.91697,66.70322
Sumi,27.87295,66.60246
Sumrani,26.27055,66.30075
Sumro,28.28366,68.31334
Sun Molvi Ghafu,27.21042,66.8775
Sund Kalat,26.12549,61.99283
Sundh,25.31666,64.22706
Sunehri,27.44958,65.76423
Sungar,29.87714,66.85332
Sunni,27.87007,66.60165
Sunni,28.5403,66.68904
Sunrhi,27.44035,65.74314
Sunt,27.3767,64.71092
Suntsar,25.5021,61.98172
Sur,30.85138,66.93955
Sur Algad Kili,31.60996,69.07638
Sur Bandar,25.2248,62.45725
Sur Chaman,30.54901,67.68202
Sur Dabak,30.26985,67.52552
Sur Ghar Kili,31.42818,69.2362
Sur Ghozai,30.9846,67.25779
Sur Ghund Skhobai,30.6325,67.6425
Sur Ghundai,31.17217,69.81471
Sur Kach,31.07969,67.41493
Sur Kach,31.3406,69.19795
Sur Kach,30.64378,67.42303
Sur Kund,31.64383,69.70094
Sur Magu,27.66694,66.2122
Sur Posh Kili,31.20728,67.45173
Sur Ragha Kili,31.57983,69.75884
Sur Shaikh,30.77245,67.01542
Sur Shakha,30.90595,67.02719
Sur Tangai Kili,31.32817,69.22065
Sur Tangai Kili,30.87324,68.47728
Sur Tange,30.83318,68.51192
Sur Tangi,30.75471,67.6582
Surab,28.49276,66.25999
Surab Khan,30.02215,67.12159
Surag Bazar,26.03256,62.86013
Surag Kili,27.49319,64.14564
Surai,30.98444,67.51139
Surai Bayan,31.36114,69.21894
Surak,25.85786,62.27583
Surdab,30.48195,67.07046
Surgha Salai,31.03918,69.91518
Surgha Sona,30.83605,67.36701
Surghbali,31.21554,70.17858
Suri Khan,28.5964,68.37991
Suri Kili,30.48228,67.76446
Surizai,30.12389,66.97145
Surkai,30.53766,67.28737
Surkai Jangal,30.47768,68.36553
Surkai Nahar,31.03339,69.12479
Surkai Pai,31.47343,69.24009
Surkhai,30.93071,67.18648
Surkhaware,31.41581,68.56833
Surkhaware,31.42088,68.56417
Surlund Kili,30.72712,69.15579
Surma Sang,28.70398,66.34122
Surmar,26.34319,65.85587
Surna Kach,30.82541,67.14373
Surnar Kili,30.83815,69.0231
Suro Kili,29.32285,66.30662
Surpan,30.58849,67.60623
Surshahr,30.3001,68.2319
Sursham Bazar,25.37297,63.02743
Surtagan Chib,26.47375,64.65512
Surtangi,30.41705,68.0478
Survey Colony,30.19065,66.98448
Surwai Kalwai,31.67349,69.67054
Surwam Kili,31.29108,69.64072
Surwam Kili,31.26508,69.63585
Suwaith,29.59742,68.79639
Suwali Bazar,25.8213,62.16798
Swarin,28.49951,65.02123
Syed Ali,28.49193,67.46118
Syed Haji Shah Kili,28.32876,67.3658
Syed Jahandad Shah,30.71163,66.62448
Syed Kalani,30.15796,66.53237
Syed Saleh Gis,29.34887,63.79706
Sāmezai Marghazāni,29.5333,67.9251
Sūi,28.61667,69.31667
Ta Gazzi,28.5,66.4
Tabal,30.19791,69.70089
Tabela,31.38561,69.8936
Tabelo Kili,31.41178,69.66762
Tabib Gorech,28.92771,65.0295
Tabina,31.00886,66.73635
Tachab,27.91667,63.01667
Tachap-i-Ulk,27.99455,63.21166
Tadar,26.55,66.08333
Tadozai Kili,31.21831,69.41968
Tadozail,31.01704,69.28682
Taftan,28.94687,61.58661
Tagap,28.38979,65.48039
Tagas,27.11667,64.53333
Tagaz Kand,28.0991,63.1742
Tagazi,28.50688,65.43667
Tagazi,28.48975,65.41834
Taggia Khan Nidwani,28.43529,68.8724
Tagh Shahar,30.90066,69.96089
Taghab,27.69643,66.07948
Taghnai,31.20601,69.88595
Tagranabad,26.09217,62.58136
Tahamal Kili,30.67925,68.31878
Tahdem Bazar Deh,26.58127,63.05226
Tahgai Payer,30.91519,68.90394
Tahir Kot,28.92329,68.32886
Tahk,31.17536,70.14982
Tahoi,28.60583,66.57768
Tahriwar,31.34791,70.16132
Tahsil,25.11889,62.32722
Tahsil,25.05833,61.75
Tahsil,26.4603,65.2367
Tahtanigatan,26.54734,62.93895
Taib Bala,29.12041,67.5776
Taib Zerin,29.12276,67.58634
Tail Bazar,26.17269,64.47593
Taimal,27.87648,66.50629
Taiwar,30.89804,68.74224
Taj Din,28.07246,66.8487
Taj Kili,30.5584,66.73902
Taj Mahammad Kappar Log,25.28617,62.71356
Taj Muhammad,28.01695,66.4379
Taj Muhammad,29.10355,63.71399
Taj Muhammad,29.57561,66.36514
Taj Muhammad Hajwani Jamali,28.48836,68.18836
Taj Muhammad Khan Kandrani,28.43382,68.86471
Taj Muhammad Kili,30.46764,69.99779
Taj Muhammad Shori,27.98198,66.32625
Taj Pur,28.25292,67.87099
Taj Raisani,29.31422,67.80216
Taj Rodeni,29.33065,67.8048
Tajaban,26.02636,63.71304
Tajik,30.08589,67.95871
Tajpur,28.2947,68.30308
Tajuddin,30.775,68.40833
Takai,31.03816,69.90722
Takai,31.14339,69.90172
Takai,31.15526,69.93312
Takai,30.96422,67.82135
Takai Kili,31.37428,69.58344
Takar Amir Bukhsh,26.90336,66.17477
Takarai,31.79615,69.52686
Takarai,31.06164,66.72812
Takarai,31.75191,69.41074
Takarai Kili,31.53215,69.49569
Takarai Kili,31.53775,69.49876
Takei,25.26515,64.48942
Takh,30.06416,69.77513
Takha Shahjhan,31.04165,67.34599
Takhai Behrmazai,30.94821,67.20842
Takhoi Shabezai,30.8593,67.10485
Takht Ahmadabad,29.21561,67.16818
Taki Kili,30.88541,66.48438
Takiwal,29.79468,66.68891
Takr Kili,31.65371,69.44891
Takrai,30.39777,68.23169
Takrai,31.14542,66.7582
Takrai,30.99659,67.82436
Takrai Lahar,30.93248,69.77432
Takrai Lahar,30.91678,69.77264
Takri,29.21205,67.85781
Takri Gharb,28.81675,67.89589
Takri Ghulam Mustafa Khan,28.72377,66.08979
Takri Imām Bakh,28.4387,67.9988
Takri Karam Khan,28.77849,67.46379
Takri Khair Muhammad Nichari,29.46123,66.78204
Takri Kili,30.07724,67.65739
Takri Kurd,29.2246,67.86189
Takri Mehar,29.19887,67.86476
Takri Mehrab Rind,28.29594,68.02887
Takri Rahmat Shah,29.00319,67.43632
Takri Shadi Khan,28.8991,66.45689
Takro,29.20669,69.43281
Takshi,26.05516,62.45294
Tal,29.12604,66.05474
Tal,31.16214,69.56638
Tal,25.50203,62.78065
Tal,25.4907,62.79716
Tal,31.05157,67.73408
Tal,31.22507,69.60435
Tal Ramalan Bazar,25.92361,63.8789
Tal Toba,29.74485,67.38624
Tala,31.01767,66.96977
Tala,27.84964,67.325
Talab,27.94496,66.70227
Talabwala,28.88953,67.65937
Talach,25.9,63.8
Talamb,26.1421,62.00161
Talang Dasht,28.96667,67.13147
Talanga Kili,31.76959,69.34824
Talange Kalag,26.4213,63.62491
Talar Beni,26.78333,65.4006
Talar Bent,25.7089,64.46197
Talar Chhib,27.08186,66.66109
Talarai,30.89354,68.00391
Talari,29.14428,66.28375
Talari,28.11586,66.78301
Talawan,28.532,66.7917
Tale Dap,26.28686,63.2949
Taleri,30.61814,68.39175
Talgan Matig Bazar,25.69731,62.37644
Tali Mat,28.76234,69.20481
Talkh Kavi,29.66929,66.98482
Talkhan Kot,31.7678,69.62856
Talkozai,29.3931,66.61796
Talla,28.83127,67.42217
Tallari,30.48404,67.50117
Talli,29.53032,68.13539
Talo,28.0503,63.1573
Talu,25.39734,64.04078
Talui,25.85228,62.29564
Talui,25.86044,62.30257
Tama Chani,30.17893,69.98963
Tamachi,27.74355,66.6694
Tamal,30.6792,67.53425
Tamaz Kaul,30.98649,66.96122
Tamba,25.97623,63.08219
Tambai,30.68654,67.26943
Tambela,28.52551,67.44963
Tamboo,28.43098,68.02092
Tamir Colony,30.15407,67.01135
Tamni Kili,30.0414,68.87612
Tamp Kuh,25.5,61.65
Tampki,25.34252,62.2533
Tampki,25.3529,62.27681
Tamul,31.14419,66.91219
Tanara Mugheri,28.98829,67.70311
Tand Khudai Khan,28.99516,67.71294
Tand Wani,30.32884,68.00896
Tandbir,31.06184,66.84531
Tando Gulab,28.80104,67.49664
Tandra Mugheri,28.98701,67.71182
Tang,30.00704,69.71365
Tang,29.57244,66.62406
Tang,29.10103,66.47083
Tang Haidarzai,30.82072,69.01312
Tang Khasara,31.30777,69.00774
Tang Sar,31.23933,70.01425
Tanga,30.91305,67.42648
Tanga,31.31474,69.00411
Tangah,30.6975,67.62861
Tangai,30.85347,67.5068
Tangai,30.60463,67.56204
Tangai,30.87622,67.3033
Tangai,30.83222,67.37691
Tangai,28.10286,66.49666
Tangai,30.9679,67.42866
Tangai,31.12411,69.68027
Tangai,30.89324,68.06159
Tangai,30.77357,69.83978
Tangai,30.53729,67.48445
Tangai,30.80856,67.18699
Tangai Kili,31.10817,69.81715
Tangai Kili,31.31618,69.62924
Tange,27.90059,62.94694
Tangi,31.90737,69.6503
Tangi,30.98135,67.49164
Tangi Bazar,25.67371,62.28469
Tangi Kili,31.42085,69.57793
Tangi Kili,31.11778,69.42583
Tangi Sar,30.26296,67.79995
Tangi Sar,31.17763,70.0968
Tangi Sar,30.95,70.06667
Tangi Ziarat,30.88797,68.06104
Tango,28.88703,64.5682
Tangoti,29.09604,67.72488
Tangoti,28.46299,67.62809
Tangoti Arbab,28.99832,67.88212
Tangoti Khan Muhammad,28.98216,67.88327
Tanishpa Kili,31.2,68.43333
Tank,25.43824,62.35645
Tank Bazar,26.04012,64.03391
Tank Bazar,25.74898,62.2632
Tank Na Bar,26.86667,65.43333
Tankak,30.70408,66.96965
Tanki,27.69165,65.8365
Tanki,27.51723,65.53679
Tanoghozh,31.17792,69.64042
Tans,27.26667,64.43333
Tanzag,26.01975,62.993
Tanzela I,26.09849,64.68625
Tanzela Two,26.08357,64.67024
Tap Ragha,31.26625,70.01081
Tapko,27.64556,65.96434
Tapko,27.604,66.00423
Tapko Bedi,27.62816,65.96728
Taplo,26.42039,62.89833
Tar Guk Melan,31.1719,68.69783
Tar Inzar,30.75317,67.71099
Tar Tangi,30.92358,67.82352
Tara,27.17368,64.10977
Tara Khula,31.39629,69.06535
Tara Khula,31.39064,69.07045
Tarach China,30.90486,67.10854
Taradreh,25.46667,66.91667
Taragai,30.87487,68.04514
Tarahu,29.5988,66.74163
Tarai,28.46561,65.40782
Tarai Kili,30.64128,67.72385
Tarai Pasta,31.49658,69.79331
Tarakai,30.31111,67.06806
Tarakai,31.59599,69.55383
Tarakai Kili,31.47109,69.35214
Tarakai Kili,31.29798,69.94038
Tarakai Tangai Melan,31.03251,68.71268
Taraki,31.42031,69.82534
Tarakkar,30.7998,69.86988
Taran,30.62834,67.56846
Tarandra,28.80154,67.50347
Tarasani,28.27465,66.14135
Tarati,25.5004,63.0018
Tarati,26.49262,62.92294
Tarati Kalatak,25.78917,62.69083
Taratoh,28.91281,63.07012
Tarazai,31.12969,69.30519
Targai Khurina,31.58839,69.77546
Targhari,30.52054,67.37356
Tarin,29.16832,66.41807
Tarin Shah,30.25163,67.01845
Tarin Shehr,29.8079,69.60304
Tarir,29.21032,68.23827
Tarji Pelar,26.88483,65.81343
Tarkai Tangai,31.16144,68.58264
Tarkaimena Kili,31.4472,69.85187
Tarkaman,29.85768,66.97522
Tarkha Khazai,31.1697,70.05561
Tarkha Kili,30.84224,68.59171
Tarkha Nigangeh,31.51116,67.92783
Tarkhaiun,30.89059,67.36517
Tarki Khezi,30.75167,67.73544
Tarlang,30.73312,70.03738
Tarpi Tal,27.63315,65.71636
Tarsor Mela Kili,31.19761,69.80366
Taru,30.82878,67.16184
Tarwa Pail,31.9291,69.6842
Tarwah Changai,30.92235,68.91354
Tarwal,30.68961,68.44078
Tarātoh,28.9127,63.0698
Tasan,30.85743,67.57774
Tasht Gis,26.28564,63.91282
Taskai,30.87871,68.0263
Tasohai Kili,31.31913,69.49175
Tasp Colony,26.98376,64.05308
Taspparai,30.39092,68.06224
Tasppari,30.3947,68.08795
Tast,31.01093,67.52142
Tat Mujad Pir,25.34546,66.67713
Tatagār,28.63333,64.93333
Tatai,31.50905,69.32734
Tatgar,26.47943,63.27284
Tattar,29.12891,67.87195
Tauda Gullazai,30.67698,69.06323
Tauda Kadozai,30.70257,69.11242
Tauda Safarzai,30.65944,69.01191
Tauda Salakhzai,30.69933,69.04126
Tauhidabad,29.28428,64.19135
Tauq Ali,29.9159,67.05721
Tauran Kili,31.4385,69.784
Tawak,28.77841,66.67124
Tawakkal,25.29364,64.28177
Tawakkal Bazar,25.31904,61.72962
Tawari,27.35415,66.27711
Tazah,30.78792,67.41741
Tazak,31.3207,69.18965
Tazak,30.79443,67.23752
Tazan,25.265,62.05083
Tazhai,31.13065,70.15683
Tazi Kach,30.60927,67.4783
Tazi Sangani,29.24404,68.22118
Tazina,28.93458,65.8548
Tazu,30.08568,67.95015
Tazu,30.43145,69.15174
Tebri,27.88273,67.35877
Technical Training Center Colony,30.11082,66.98529
Teertage,26.44088,65.15757
Tegak,28.38271,66.18112
Tegardo,25.99696,63.93298
Teghnai Kili,31.3835,69.55241
Tehr,31.14516,70.19648
Tek Kili,30.83926,66.51098
Tel Godam,30.19611,67.02281
Telari,26.69113,65.67653
Telephone and Telegraph Colony,30.20226,67.00381
Telu,29.98945,68.09459
Terak,29.16458,66.70598
Terhi,29.28434,68.14314
Teruhkai,31.71699,68.7038
Tesh Kili,31.94722,69.67128
Teznap,29.31667,63.63333
Thaghman Kaloi,28.75967,67.48967
Thakdar Hassan Kili,29.0597,64.08851
Thaku,26.66981,66.37452
Thal,28.67644,65.79065
Thal,30.35033,69.80888
Thal,25.30111,62.41056
Thal Gola,29.1411,67.65611
Thalo,28.30415,65.05927
Thana,28.91667,63.75
Thana,30.57389,66.99583
Thana Jungle,30.30108,69.12136
Thana Surkhab,30.57117,67.14845
Thana Welpat,26.35671,66.322
Thappi Thana Goth Jumman Bat,26.38904,66.34133
Thar Nala,29.75087,66.14395
Tharah,28.86456,67.49121
Thari Damb,28.37508,68.3664
Tharira,26.25761,66.29582
Tharra,26.93333,66.31667
Tharrahu,29.59555,66.69435
Tharro,26.96019,63.58369
Thasar,27.68241,66.79982
Thatha Kar,27.71384,65.93633
Thatti,30.34713,68.60879
Thogai Kili,31.12704,68.61751
Thok,28.83172,66.52504
Thorah,29.13555,67.86065
Thul,28.39592,65.41555
Thul,29.65004,66.77291
Thul,28.03646,66.63233
Thul,29.72776,66.91597
Thul i Darya Khan,29.80388,66.82518
Ti,30.46936,69.00483
Tiara Pir,26.12048,66.4026
Tiari Kili,30.83886,68.03492
Tibban Kili,30.95078,69.54909
Tibbre,27.63322,66.14412
Tibbro,27.62607,66.15591
Tibbu,27.54673,66.18583
Tibro,27.63172,66.15853
Tierai Muhammad Jan,30.88614,67.70498
Tiga,30.32442,69.24243
Tikhai,30.85417,67.43306
Tikhoi,30.92952,67.58628
Tikri Allah Yar Khan,29.01365,65.32251
Tilani,29.198,68.1101
Tilhai,31.02999,69.94888
Timani,30.13301,67.84128
Timarguli Bagh,30.96611,66.77828
Timkan,28.80535,67.7815
Tintali,29.02817,66.65673
Tipri Shep,26.09827,62.22448
Tir Kashi,27.31524,66.57882
Tirazh,30.5883,69.07388
Tirazh,30.55278,69.02778
Tirazh Mullazai,30.547,69.0308
Tiri,29.87966,66.8197
Tirkha,30.29889,66.90361
Tirkha,30.84082,68.5824
Tirkha Chin,31.49419,67.90143
Tirkha Gurdit Singh,30.30167,66.89444
Tirkha Kih,31.76836,68.24169
Tirkhai Baian Kili,31.71759,69.74868
Tirwa Chungi,30.90833,68.91528
Tirwah Murgha,31.19774,67.80084
Tirwo,30.12804,67.95349
Tisim,30.99481,67.52664
Tiyab,25.225,63.42917
Tizh,30.58378,69.14607
Tler Paind,31.06087,66.8771
Tlerai,30.48056,67.00278
Tlerai,31.03449,67.05362
Tlerai,31.19608,67.17076
Tlerai,30.63761,67.96378
Tlerai,30.69961,67.33432
Tlerai,30.89213,67.98026
Tlerai,30.79301,67.2056
Tlerai,31.16519,67.43517
Tlerai,31.00817,66.84634
Tlerai,30.68923,68.38583
Tlerai,30.68529,66.54278
Tlerai Kuz,31.03209,67.65112
Tlerai Mughaizai,30.88391,67.69719
Tlerai Pas,31.03096,67.63456
Tlerai Skhobai,30.51244,67.42287
Tleri Shabozai,30.83325,67.08688
Toba,29.8619,67.34404
Toba,29.43043,66.2972
Toba,28.32579,66.02283
Toba,29.36257,67.10984
Tobao,28.62632,66.60472
Tobhai,26.24548,64.8704
Tobo,29.13445,66.27903
Togau,29.10354,66.42019
Toghai,30.65,67.41667
Toghan,30.80627,67.03565
Togio Khan Khoso,28.50561,68.42196
Tohidabad,28.40076,67.89823
Tojgi,30.49742,68.899
Tok,28.40518,66.85333
Tokhai,30.9301,67.36662
Tokhal Abu Said,30.88062,67.32318
Tokhiabad,30.24591,67.0166
Toki,29.79497,68.02291
Tolai Khand,27.62121,66.65332
Tolak Koruna,31.74628,69.92146
Tolegi,25.7902,62.55566
Tolgi,25.46028,64.67889
Tolgo,25.50503,63.2238
Tolri Ka Bent,28.0805,67.13293
Tomalak,28.23333,65.71667
Tomulk,28.54519,65.22159
Tomulk,28.55845,65.22438
Tor Aghbargai,30.6827,67.43707
Tor Baghal,31.24898,70.18274
Tor Daman,30.5978,67.32011
Tor Ghar Mazghai,30.09036,67.89786
Tor Ghundai,31.0503,69.89305
Tor Hunduna,31.14418,67.60368
Tor Joi,28.77323,66.08538
Tor Kach,31.19796,67.00451
Tor Kach,31.05233,66.86455
Tor Kach,31.10317,66.89789
Tor Kach,31.04901,66.77858
Tor Kach,30.17509,67.38615
Tor Kach,30.25144,67.12924
Tor Karni Qila,31.8347,69.91444
Tor Khan,30.19803,68.05393
Tor Khulai Kili,31.2998,69.32264
Tor Kili,31.64889,69.53083
Tor Landai,31.3007,70.12945
Tor Masjid,30.98687,67.23076
Tor Nishpa,31.39268,70.09432
Tor Parai Kili,30.46788,68.22571
Tor Ragha,31.12508,70.10747
Tor Ragha,31.67779,69.66455
Tor Ragha,31.11992,70.11781
Tor Raghe,31.17226,69.54307
Tor Sappara Kili,31.19022,69.21142
Tor Shah Kili,30.9699,69.03162
Tor Shakh,30.89678,67.51718
Tor Shakh,30.84769,67.5368
Tor Shor,30.21553,68.06592
Tor Tangai,30.72205,67.33644
Tor Tangai,30.79808,67.36018
Tor Tangi,30.85559,67.67881
Tor Tangi,30.82277,67.28965
Tor Tangi,30.55008,67.78186
Tor Tatai Kili,31.03258,69.44572
Tor Thana,30.46229,69.15817
Tor Tura,30.54206,67.667
Tora,30.91987,67.44849
Tora Darga Kili,31.62881,69.38912
Tora Khulla,30.60657,67.37025
Tora Morghar Kili,31.62461,69.69779
Tora Shah,30.83416,67.41325
Toraghar,31.00172,67.64449
Torak Kili,30.8938,68.947
Toralang Melan,31.01748,68.64138
Toranzai,31.01833,69.22167
Torasha,31.15347,69.28483
Torashgani Kalag,26.45718,63.28931
Torban Narai,31.26006,69.89644
Tore Ghundi,30.90171,68.87749
Tore Shah,30.67695,67.10159
Toreoko,25.66667,66.78333
Torghozh Kili,31.22369,69.88416
Torgul,30.74844,68.31464
Tori,25.82502,66.62296
Torkhahen,30.71838,67.8627
Torkhair,28.18248,67.19857
Torkhel,30.69054,66.74069
Toruski,30.76203,68.17042
Torwam,30.29011,68.27141
Tota Basti,29.84405,69.47597
Tota Colony,28.6199,69.2034
Totazai,28.54901,65.13077
Toti Khan,31.26649,66.95714
Tottar,29.11923,67.86838
Towar Gola,29.43477,67.98581
Tozgi,29.04492,62.29711
Trangru,27.56165,66.81956
Trapro,27.62552,66.58071
Trapu,27.34137,66.86676
Trasiani,28.4824,66.62108
Trati,25.50233,63.43683
Triman,29.62866,69.07466
Trin Kaza,31.37552,70.14637
Tringik,28.42196,66.78815
Trip,27.38243,65.42195
Trip,27.35654,65.40212
Tripi,28.14692,66.85374
Tripro,28.03651,66.62274
Truhani,28.84764,67.4798
Tsahgai,30.38806,67.03
Tsak,30.89389,67.54128
Tsappar Kili,31.25943,69.95899
Tsatsan Kai,30.41208,68.2611
Tsazai Kili,31.54248,69.39596
Tsogai Shaban,31.17183,67.67475
Tsohai,30.81424,69.57393
Tublai Kili,31.08696,68.27249
Tufan Islamabad,28.43623,68.10444
Tuk,29.20346,67.84755
Tuka Bala,30.08614,68.08782
Tuka Zarin,30.07843,68.0782
Tulgarh,25.77698,62.14485
Tulhar,28.97313,67.64884
Tulli,28.06221,66.83318
Tulor,29.31036,63.94761
Tuman Khel,31.24174,69.43236
Tumanzai Kili,31.05162,69.38478
Tumbu,28.24286,67.92835
Tumbu Kohna,28.4147,67.8631
Tumni,30.09676,69.65815
Tump,28.56286,65.48942
Tump,26.10144,62.36587
Tump,27.26667,63.45
Tumpgi,25.36399,63.45228
Tunai Kili,31.36726,69.13705
Tunia,28.82141,67.54486
Tunian,29.10688,68.21384
Tunie,28.86194,67.68572
Tur Chapar,31.35854,70.20768
Tur Jan Agha,30.73522,66.90419
Tur Khel Saidan,30.6449,66.81503
Tur Zur,30.49367,67.50016
Turawara Kili,30.69762,68.48039
Turband,29.28063,67.81732
Turbat,26.00122,63.04849
Turbat Maid Bazar,26.00217,63.06675
Turi,30.88461,67.46524
Turk Ali,28.45,68.775
Turkan,29.85393,67.04717
Turkh Naki,30.36745,67.78758
Turzai,31.05199,66.85958
Tuskan,28.93753,65.77942
Tut Masezai,30.7253,66.73152
Tuta Kachho,27.33596,66.59102
Tutak,28.03582,66.35117
Tuti,28.44083,66.86793
Tutiani,30.17775,69.67746
Tuz Bhut,29.39043,66.57201
Uaman,29.4842,68.03483
Uch Kuza,31.10463,68.09345
Ucha Taki Coy L Ors,30.74335,67.86094
Uchhro,27.19543,66.24625
Uchkand Karez,31.26267,67.69037
Uchra,27.21854,66.23083
Uchri ka Bahan,30.89691,70.16111
Uchwani,30.29925,68.12744
Udai,31.01839,67.67296
Udal,30.81401,68.59314
Udeshi Dagar,25.34511,64.29486
Udhana,28.61092,67.71304
Uid Shabozai,30.39269,68.79353
Ujato,27.03103,66.66967
Ulanaha,31.10766,69.6502
Ulang,30.97277,68.56129
Ulang Kili,30.9447,70.01937
Ulgai,30.50633,67.15772
Ulmai,30.86261,69.86382
Ulmai,30.83863,69.8552
Ulmi,31.23349,70.122
Umai,30.45997,67.1983
Umar,30.76512,68.37013
Umar Bazar,26.72339,63.98987
Umar Bhajee,28.84417,67.51445
Umar Chat,26.17047,61.91243
Umar Dhor,29.82067,66.98676
Umar Khan,29.9287,67.05197
Umar Khan,29.92702,67.02284
Umar Khan Jamali,28.31128,68.18546
Umar Khan Jamali,27.97764,67.75568
Umar Khan Jar,31.18694,69.41917
Umar Khan Katta Khel,30.07957,69.05944
Umar Kili,30.1553,68.62351
Umar Kili,30.85847,66.6005
Umar Kili,29.9796,66.46936
Umar Kili,31.93199,69.4443
Umar Kili,27.46757,64.12263
Umar Mathang,25.46766,64.95362
Umar Shahmir,28.92243,67.84918
Umar Takarai,30.92778,67.12917
Umarabad,30.43527,67.07964
Umarabad,30.10828,66.76498
Umarao,28.06667,65.45
Umarzai,27.80533,66.46894
Umarzai,30.73239,69.43125
Umarzai,30.63809,67.35773
Umarzai Kili,31.16953,69.54427
Umbi Kalag,26.41194,62.73556
Umed Kach,31.03052,66.812
Umed Khan,28.82726,66.22246
Umer Khan,29.86596,69.46675
Umer Khan Bugtl,28.59265,68.36686
Umerabad,28.19212,66.17289
Umerani Kund,29.56696,66.68877
Umid Ali Umrani,28.16726,67.96574
Umidabad,26.08337,67.25769
Umja,31.52972,69.6356
Umrani,28.5474,67.73492
Umrani,26.46254,65.68944
Umrani,28.13866,66.26631
Ungra,31.35472,70.15936
Universal Metal Corporation Colony,30.09472,67.26427
University Colony,30.16551,66.99636
Untam,28.69148,67.89586
Upper Manda,31.40175,69.69761
Urak,30.2725,67.18583
Urak Maghzai,30.98786,68.5952
Urbasa,30.84005,67.29904
Urbuz,30.07758,67.94661
Urekheza,31.04872,67.04529
Urgak,28.21511,65.99864
Urgasai,30.91011,67.60782
Urgasai,30.84053,67.69827
Urgasai Nasir,30.85067,67.6663
Urghar,31.11473,67.70598
Uria Melan,31.17455,68.52958
Uriagi,30.40225,68.58507
Uriani,29.93097,69.32981
Urman Nashnah Kili,31.57376,69.3919
Urmazai,30.95277,67.28732
Urmazh,30.58176,67.55479
Urs Goth,25.90638,67.275
Urya Mina Kili,31.23178,69.13247
Ushe Wasta Kili,31.65916,69.6518
Ushkani,29.6603,67.08115
Ushkani,29.66244,67.06424
Ushkun Dasht,27.51094,66.46578
Uskai,30.99498,67.34915
Usko,31.00467,67.3412
Usman Baluch,25.32027,62.46666
Usman Bazar,25.34499,62.43645
Usman Bazar,26.62316,63.81531
Usman Bazar,26.23119,64.13155
Usman Bazar,25.32852,62.37403
Usman Bazar,25.44088,62.3563
Usman Bent,26.50651,66.38124
Usman Chah,28.78019,64.41333
Usman Gola,29.15787,68.14978
Usman Muhammad Hasni,28.84533,65.61888
Usmanabad,30.13177,66.98404
Usmanabad,29.35665,66.6448
Usmanzai Kili,31.29153,69.54967
Usprin,30.66357,66.55766
Usta Muhammad,28.17723,68.04367
Ustrani Lakai,31.28882,70.17731
Uthal,25.80722,66.62194
Utmanzai Kili,30.9067,69.54358
Uzai,26.10853,62.04537
Uzdghozai Kili,31.54015,69.12018
Uzghai,30.2632,67.5411
Uzgi Aghbargai Kili,30.78898,69.17135
Uzhanga Gat Kili,30.35938,68.32192
Uzhd Ghwazhai,31.61922,69.17913
Uzhda,30.50922,67.22501
Uzhlez,30.26901,68.28676
Uzrabad,30.72711,67.10232
Vagri Chah,26.26667,62.9
Varchum,30.46927,67.52802
Veala Shark Kili,31.45533,69.47528
Viar,27.58271,67.16473
Viriam,28.75035,67.53606
Vitakri,29.69212,69.37332
WAPDA Colony,25.21384,62.33751
Wa,30.63412,68.76433
Wach Sanzalai Kili,31.42722,69.00691
Wacha Kili,31.65889,69.51862
Wad,27.3502,66.43776
Wad,27.33966,66.37183
Wad Thana,27.33333,66.43333
Wadakai Melan,31.50474,68.23468
Wadal Bazar,26.27882,64.163
Wadan,30.30898,69.47999
Wadan Kili,30.307,69.46541
Wade Sar,25.24141,63.46449
Wadera Abdul Aziz,28.72562,66.75058
Wadera Dalil Khan,29.18803,69.31593
Wadera Muhammad Azam,28.73059,66.82304
Wadera Muhammad Goth,24.98723,66.82437
Wadera Subedar Rind,28.23412,68.02729
Wadera Wali Muhammad,29.18163,69.32842
Wadera Yar Muhammad,28.67864,66.86138
Wadhave,27.449,66.91
Wadi,26.55996,65.67149
Wadi,25.51494,61.69744
Wadian Kili,28.28917,62.80053
Wagan Khan Rind,28.32295,68.03922
Wagha,29.27776,67.73883
Wagha Mugheri,29.02335,67.65751
Wagowala,30.00567,69.81871
Wah Kili,30.92364,68.98714
Wahab,30.74137,68.32175
Wahab Kili,30.14674,68.5533
Wahar Khurd,30.39089,68.9391
Wahar Kilan,30.39928,68.9491
Wahdani Kili,28.31347,67.37586
Wahdat Colony,30.19238,66.99032
Wahib Haveli,30.08757,69.72505
Wahid Bakhsh,25.34004,62.28103
Wahid Bakhsh,28.05044,66.06262
Wahid Bakhsh,25.17665,66.94566
Wahid Bakhsh,27.03998,66.18169
Wahid Bakhsh Bazar,26.79107,64.28983
Wahid Bakhsh Bazar,26.46372,65.44627
Wahid Bakhsh Bazar,25.70585,62.41894
Wahid Bakhsh Bazar,26.01615,64.10489
Wahid Bakhsh Brahui,28.24068,68.17429
Wahid Bakhsh Khoso,28.52026,68.41304
Wahid Bakhsh Mengal,28.14872,68.07237
Wahid Khan Chholgari,28.39832,68.14756
Wahir,27.6124,66.51144
Wahn,29.46514,67.63076
Wahwahi Kili,30.11029,68.94394
Waja Bagh,26.36422,65.63833
Wajdar Bazar,26.01596,64.15781
Wakai,26.3228,62.49995
Wakam Rabat,30.2335,68.55512
Wal Zarkun,30.18696,69.01495
Wala Akram Kili,31.48157,69.32639
Wala Kili Akhtar Muhammad,30.33033,67.34193
Walang,30.74227,67.31579
Walang,30.7336,67.3323
Walang Khush Dil,31.09492,67.39474
Walang Masezai,31.119,67.40968
Walani Kili,30.19254,69.29483
Walari Khan,29.50518,67.66888
Wale Oba,30.89147,66.56831
Walgai,30.87535,67.45658
Walgai Kili,31.45217,69.60507
Walgi,30.82317,67.19215
Wali,31.48596,69.93924
Wali Chacha,31.41166,70.17313
Wali Chah,30.78079,67.05205
Wali Dad,31.12083,66.73417
Wali Dad,25.31967,62.13176
Wali Dad,29.93444,69.86919
Wali Dad Bazar,25.40019,63.13208
Wali Dad Chah,28.82853,64.31445
Wali Dad Gis,29.33711,63.83106
Wali Jan,28.12803,67.86256
Wali Jan,26.96106,66.152
Wali Jan Kili,29.67951,65.85465
Wali Kach,30.81822,67.54354
Wali Khan,31.15375,67.67176
Wali Khan,29.87661,66.842
Wali Muhammad,28.06452,66.42421
Wali Muhammad,28.04722,67.96111
Wali Muhammad,28.65373,66.76693
Wali Muhammad,28.3095,67.4195
Wali Muhammad,28.13993,66.3765
Wali Muhammad,29.91645,67.06061
Wali Muhammad,25.4782,62.02387
Wali Muhammad,26.39288,65.6535
Wali Muhammad,28.79297,67.68163
Wali Muhammad Baloch,25.50373,64.05792
Wali Muhammad Bazar,26.75508,64.00177
Wali Muhammad Bazar,26.25011,62.95948
Wali Muhammad Selaj,30.2587,69.87593
Wali Tangai,30.26087,67.23792
Waliabab,30.59244,67.57572
Waliabad,28.33331,66.03191
Waliabad,30.11955,66.95915
Waliani Kili,30.1414,69.19476
Walid,31.23425,66.87386
Walijet,30.11783,66.97502
Walla,30.79843,67.40937
Walmai,31.05291,69.31288
Wam,31.77254,69.19144
Wam Kach,30.23579,67.90156
Wam Korai,30.45083,67.41611
Wam Kotli,30.43879,67.44942
Wamkai,31.11851,70.13584
Wanaka,30.952,67.55658
Wand Lashari,28.49408,68.68597
Wand Unar,28.73431,67.72575
Wandar Mina,31.21936,69.97655
Wandol Dhat,25.82917,64.66667
Wandri,27.69129,66.7933
Wane Kor,31.58417,69.54944
Wangi,30.23598,67.79107
Wango Check Post Levies,27.84401,67.28039
Wani,31.168,69.39027
Wani,30.32187,68.0057
Wanring,30.94703,67.55951
Waperhl,30.04362,68.30345
War,27.36135,66.44993
War Jaroba,31.1315,66.82259
Wara Tlerai,31.24695,67.92924
Warah Kili,31.07528,69.23528
Waram,31.23361,66.86404
Waramzai Shamandai,31.20707,69.24823
Ware Khazai China,30.90225,66.63481
Ware Khezai,30.63895,67.25687
Ware Kili,30.89181,69.20899
Ware Sahib Chah,29.06667,62.05
Warezai Zarkun,30.0208,69.13755
Wargation Kili,31.19554,68.1879
Warghar,31.63097,69.88207
Warghar Kili,31.23292,69.20699
Wargharaha Kili,31.73401,69.18176
Waria,30.61422,67.53159
Wariazai,30.96694,69.37484
Warikha,30.04769,68.24622
Warindo,27.37359,66.98915
Wariyam Jat,28.41391,67.41837
Warjaroba,31.00503,67.69707
Warsak Kili,31.17828,69.34277
Warsak Kili,31.26305,69.31577
Waruki Kili,30.72455,68.41886
Warya,30.90634,67.335
Waryam Rud,31.20565,70.03705
Warzak,30.62837,69.97974
Warzarhob,30.99457,67.69518
Wasali,26.88101,66.57777
Wasand Katar,28.29464,68.27593
Wasandani,26.06847,66.44029
Wasawa,28.55882,67.72239
Wash Dil Bazar,25.53579,61.98706
Washab,26.95893,64.81989
Washain,28.3526,66.05612
Washap,27.13333,63.43333
Washbud,27.00217,64.14422
Washuk,27.72728,64.80972
Wastai Kili,31.57842,69.05444
Wasti,29.08366,67.79698
Wasti Goth,26.26911,64.80738
Wasti Shaikhan,30.08923,67.9539
Water And Power Development Authority Colony,30.07291,66.98059
Water And Power Development Authority Colony,30.15478,66.98274
Water and Power Development Authority Colony,30.24514,67.01634
Water and Power Development Authority Colony,28.99105,68.00773
Water and Sanatation Authority Colony,30.2042,66.96378
Watgam Mozai,30.41572,69.08032
Watgam Walezai,30.50186,69.02859
Wathro,27.35827,66.54216
Wayaro,26.0575,66.5031
Wazai Kili,30.86271,68.76838
Wazar,31.06289,69.95005
Wazar,31.2379,70.15319
Wazareh,31.39139,69.89979
Wazarkai Melan,31.16631,68.69449
Wazdane Mina,31.61195,69.87727
Wazilun China,30.22939,68.21911
Wazir,30.42152,66.73449
Wazir,31.11583,66.73111
Wazir Ali Gis,29.43851,63.83893
Wazir Khan,27.96213,67.80392
Wazir Khan,30.08275,69.72977
Wazir Kili,31.93007,69.49702
Wazir Kili,30.32156,69.0547
Wazir Muhammad Gis,29.27774,64.03209
Wazir Shahr,30.01045,68.64369
Wazira,28.97353,68.15876
Wazirabad,28.87588,67.88345
Wazirabad,28.08291,67.83298
Wazirabad,30.37438,66.93867
Waziran,29.81092,67.98024
Wazlun,30.23342,68.21467
Weir,26.51611,65.23
Wello,29.22237,64.01615
West Pakistan Industrial Development Corporation Colony,30.17897,67.21478
Wetkai,30.27145,69.12974
Whait Dor,25.20206,62.3571
Wilayat Kili,30.68139,67.0414
Windar Camp,25.39125,66.67072
Windar Town,25.38757,66.66518
Winder,25.38536,66.66465
Wor Jarhobah,30.863,67.24256
Woryam,28.41411,67.65762
Wozdan Kili,31.52187,69.79422
Wrazrumba,30.67348,67.54909
Wuch,30.93399,67.33565
Wuch Bianzai,30.90728,67.22887
Wuch Daruna,30.63685,67.59894
Wuch Khulla,30.60199,67.41347
Wuch Kili,31.05547,69.10642
Wuch Murghi Kota,30.36417,66.99972
Wuch Salam,30.39385,68.02015
Wuch Zawar,30.78234,67.55849
Wuchakai,31.04755,66.77422
Wuchakai,31.15086,67.05434
Wuchakai,31.17762,66.97066
Wuchaki,31.18555,67.85054
Wuchobi,30.9902,67.68475
Wuchzama,30.83798,67.64113
Wulagi Shabezai,30.86453,67.12991
Wulang,30.68761,68.55344
Wule,30.91609,67.2318
Wulgai,30.67561,67.48724
Wulgai,30.81169,67.26168
Wulgai,30.67728,67.34892
Wulgai,31.01404,66.71922
Wulgai,30.84407,67.35678
Wulgai,30.68991,67.35204
Wulgai,31.07293,67.09081
Wulgai,31.51959,67.76041
Wulgai,30.71099,67.66299
Wulgai,30.77016,67.08137
Wulgai,30.95724,67.50935
Wulgai,30.76742,66.9099
Wulgai Kili,30.81732,69.36107
Wulgai Kili,30.71111,68.85712
Wulma,30.9427,67.55521
Wulmai,31.50083,69.81884
Wulo Ziaba,31.4034,68.69828
Wuma,30.91312,67.44714
Wumad Kili,30.63186,67.64342
Wurghur,31.05,66.97556
Wurzrhob,30.92288,67.40153
Yadgar,28.96161,64.93801
Yaghardi,29.73385,67.01512
Yaghardi,29.74003,67.00324
Yaghi,28.61134,66.63795
Yaghi Bagh,30.94626,67.021
Yagi Kili,29.19349,65.1543
Yahya Kili,30.57514,66.55116
Yahya Kili,31.32544,68.67039
Yahyawali,30.77373,68.38959
Yakbuzi,28.54919,66.82456
Yakh-Ab,29.13424,64.58354
Yakhab,30.11906,66.94294
Yakub Chah,29.24019,63.94552
Yalani Karod,27.28333,63.4
Yalu,29.05363,66.58676
Yammi Kach,31.17015,66.7805
Yaqub,30.80201,66.69692
Yaqub,31.24873,67.51531
Yaqub Bazar,26.0209,64.31218
Yaqub Bazar,25.45974,63.1974
Yaqub Karez,30.73213,67.63183
Yaqub Karez,31.2436,67.61736
Yaqub Karuna,30.62153,67.98352
Yaqub Khan,28.4698,68.59585
Yaqub Khan Brahui,28.49418,68.13042
Yaqub Khan Ziarat,29.61174,67.03854
Yaqubzai Kili,30.89782,69.28902
Yar Ali,29.93828,67.03078
Yar Gundai,30.88545,69.10851
Yar Khan,28.3777,68.33038
Yar Khel Saldan,30.64917,66.79417
Yar Muhammad,28.7272,66.80791
Yar Muhammad,28.06661,66.42133
Yar Muhammad,26.64372,66.07678
Yar Muhammad,25.44403,62.09179
Yar Muhammad Bazar,26.75204,64.19764
Yar Muhammad Lashari,28.21889,68.15077
Yar Sakhar,30.49187,69.24165
Yar-Muhammad Hasni,30.04306,68.60338
Yarikhezi Melan,31.13209,68.66725
Yarnar Kili,31.19796,68.06214
Yaro Faqir,28.99501,68.40274
Yaru,29.98193,66.75923
Yaru,30.50431,66.95873
Yaru Shahr,30.02817,68.65158
Yasin Kili,29.81745,66.13424
Yasin Kili,29.87228,66.35452
Yasin Kili,30.78463,68.23199
Yasinabad,28.1074,67.8745
Yasinai,30.76043,67.5689
Yasinzai,30.69566,67.00957
Yasinzai Kili,31.52994,69.60518
Yasinzai Mehla,31.49492,69.62092
Yaswala,31.09629,69.47719
Yaswala,31.10015,69.49413
Yateabad,30.07778,68.83553
Yeghale Kili,30.95441,68.9975
Yekhai Tangi Kili,30.79919,69.35527
Yellane Kani,27.73706,63.09491
Yezha,30.89389,67.19271
Yok Mach,28.74533,63.8486
Yousaf Khan,28.54291,68.63113
Yousaf Panonni,28.49562,67.90896
Yousafzai Kalan,29.21327,66.47383
Yousafzai Khurd,29.22029,66.49285
Yousuf Jan,26.47253,65.65659
Yousuf Jan,26.3445,65.64828
Yousufabad,30.10314,66.9715
Yousufzai,29.22377,66.49946
Yusak,26.01472,63.07417
Yusuf,31.00271,67.38017
Yusuf Kach,30.61765,67.45423
Yusuf Kili,31.46578,69.1378
Yusufi Karez,29.08949,66.69539
Zabad,27.55355,65.9384
Zabad Bazar,26.29308,64.21969
Zabad Bazar,26.31065,64.73212
Zabado,25.35509,63.45872
Zabar,28.14824,66.54694
Zabarabad,29.10496,66.60625
Zabardast Kili,30.70296,66.63411
Zabarwal,30.00641,68.08049
Zabarwal Kili,30.0145,68.07897
Zabati,27.72139,66.6316
Zabida Jalai,26.11299,62.03178
Zabro Patrol Station,26.37672,67.14772
Zabtu Khan,30.14757,68.60033
Zaebai Kili,31.66763,69.6841
Zaebai Kili,31.61029,69.59056
Zafar Khan Khosa,28.38235,68.29464
Zafarabad,30.11922,66.94293
Zaffan Colony,28.64395,69.21503
Zag,26.55468,65.32664
Zagharlun,30.62675,68.77103
Zagrana,25.47222,63.925
Zahab Kili,31.20052,68.45323
Zahar,31.13452,70.1095
Zaherin Kahur,25.4854,63.43312
Zahir Shah Kili,31.54754,69.53294
Zahirabad,29.40466,66.63036
Zahmi,27.01257,64.16357
Zahr Bazar,30.88675,69.50409
Zahran,25.60673,61.7955
Zahran Bak,25.61667,62.18333
Zahrazai,29.36429,66.54418
Zahri,27.79405,66.48954
Zahri,28.10206,66.29658
Zahri Bazar,26.21648,64.66
Zahro,25.53052,62.8757
Zahro,29.5056,67.8341
Zahro,29.49624,65.33509
Zaibai Kili,31.72558,69.73367
Zaibai Lande,31.72626,69.71179
Zaiband,26.33981,62.2638
Zaidi,26.54424,62.95634
Zaimki Kili,31.19669,68.44232
Zainullah Jatur,28.51725,68.56068
Zairin Burra,28.20799,67.72075
Zakai,30.02867,68.47809
Zakaraza,30.5554,66.56347
Zakaria,30.93065,67.45463
Zakhpel Dargai,30.56428,68.07102
Zakiazai,29.34706,66.58052
Zakku Kach,30.29227,67.83264
Zakozai,31.05765,69.46348
Zakozai,30.85376,69.50419
Zakozai,31.04791,69.47501
Zakriazai,30.86774,69.55192
Zalam Kili,31.10607,68.90547
Zalawan Tangi Landi,30.17015,67.65813
Zalkan,28.3826,66.66997
Zama,30.82842,67.68523
Zama Karez,30.84891,67.64582
Zaman Bazar,26.21687,64.79805
Zaman Khan Gis,29.30697,64.08364
Zamazan,31.2053,70.06785
Zamdan,26.51206,65.31897
Zami Khair,27.7225,67.02979
Zami Lope,26.61359,65.40192
Zamin Tok,25.3884,63.05114
Zamistan,30.6522,67.28556
Zamistan,30.66843,67.31973
Zamkai Kili Two,31.43443,68.90527
Zamoran,26.45877,62.79877
Zamrey,31.25735,66.87046
Zand Khair,28.13709,66.26533
Zangab,29.28184,64.38235
Zangal,31.03153,67.81336
Zangal Kili,30.23898,69.02547
Zangi,26.78548,64.28072
Zangiabad Landh,29.42533,65.99414
Zangiwal,30.39726,68.62626
Zango Jhal,28.45028,66.75938
Zar Alwa,30.78973,67.56919
Zar Borh,30.66152,69.38885
Zar Gasi Kili,31.32052,69.92735
Zar Ghora,31.29515,69.87599
Zar Ghora Kili,31.30299,69.8738
Zar Kaur Bazar,25.33358,62.21473
Zar Khan,29.9736,69.88157
Zar Kili,30.05576,68.9903
Zara Agbarg,31.26352,67.60037
Zara Ghara,31.05444,68.59595
Zara Qila,31.43772,69.78567
Zara Termi,29.91176,66.81188
Zarabad,29.5085,61.26101
Zarachi,28.6968,66.0615
Zaraghi,29.237,66.2991
Zaraghu,27.77854,66.25436
Zarago,28.88763,65.14411
Zarago Bazar,26.1645,64.06792
Zarai,30.45462,68.86319
Zarai,31.46784,67.79014
Zarai Kazha Kili,31.11776,69.99724
Zarai Qila,30.57788,68.86609
Zarak,30.55545,67.06965
Zarakai Kili,30.78279,68.64589
Zarakai Kili One,31.42831,68.89764
Zaralg Kili,31.66761,69.09763
Zaram,26.06359,66.26964
Zarand,30.46256,67.60999
Zarbano,31.05718,68.61094
Zarchain,27.3581,66.33106
Zard,27.75806,66.39565
Zard,28.67073,64.79419
Zard,28.44287,66.73257
Zard Abdullah,29.54311,66.57579
Zard Hafizabad,28.31908,66.062
Zard Haji Abdul Hamid,28.62515,64.79791
Zard Qalandrani,28.32896,66.06508
Zardad,29.16447,67.79504
Zardain,28.65964,65.09097
Zardalu,30.27842,67.5284
Zardalu China,31.18367,68.34547
Zardarzai,29.71515,67.07802
Zardbaj,27.73952,66.80122
Zarden,29.74065,66.97143
Zardkan,29.4287,64.59149
Zareeb Kaul,30.7788,66.75165
Zaren Bug,25.63776,62.18587
Zargai,30.76332,67.68666
Zargai,30.47675,67.71475
Zargai,30.50317,67.68877
Zargai,30.84851,67.3971
Zargan Ka Jovandan,27.52987,64.9668
Zargar,30.39624,68.84466
Zargar Kaul,30.80103,66.82637
Zargatkai Kili,30.81327,69.42997
Zarghun,30.58595,67.30479
Zarghun Karez,30.00644,68.73194
Zarghun Kili,30.04116,69.06041
Zarghunabad,30.23606,67.01703
Zargulna Kili,31.52592,69.36349
Zargun Ghar Kili Sardar Sawal Khan,30.30474,67.34967
Zarh Kach,30.86267,67.3855
Zarh Nali Kili,30.52441,69.25448
Zarha,30.84801,67.19279
Zari,30.96334,67.64357
Zari,30.36028,66.92722
Zari Khotozai,30.7687,68.40654
Zari Landi,29.06659,65.0911
Zarif Khan,29.66355,66.38956
Zarif Khan,30.7674,67.54138
Zarilona Mangalzai,31.41569,69.71991
Zarin Chungi,30.48928,67.37849
Zarin Wal,29.70108,66.65128
Zarina Marhail,31.35646,69.76289
Zarinabad,30.05286,66.97446
Zark,30.56442,69.71613
Zarkai Kili,31.56644,69.70765
Zarkizai Kili,31.0255,69.97927
Zarlin,30.37468,68.24126
Zarluna,30.95678,69.39909
Zarman,30.11831,67.95697
Zarni,30.77351,70.12249
Zarnia Kotra,28.57322,67.38563
Zaro,28.78944,67.87193
Zaroba,31.03027,67.63353
Zaroba Kur,31.03167,67.65104
Zaroke Kili,30.58829,68.47921
Zarozai,30.8752,69.47555
Zarozai Kili,28.62579,65.52709
Zarrah,30.63333,69.2
Zarrah Kili,30.6199,69.18766
Zarrai Kili,30.71698,68.47194
Zat,25.36814,64.18866
Zava,30.05335,67.94463
Zawag,27.91056,62.92983
Zawah,28.06507,66.37925
Zawar,30.9032,67.34955
Zawar Kachh,31.24722,70.01726
Zawar Kan,30.44011,67.17217
Zawar Kar Kili,31.60947,69.65279
Zawarkai,30.73693,67.36515
Zawino Chah,28.92097,65.03854
Zayak,27.88333,65.83333
Zayaki Jangal,27.9,65.81667
Zayan,28.43228,65.28332
Zebgari,31.09,67.53222
Zeebai Lundi Kili,31.66875,69.67322
Zeh Kili,29.21856,62.14146
Zehak,28.53657,66.71379
Zehragai,29.34506,66.54739
Zehri,28.5675,66.74974
Zehri Benj,27.91685,66.23973
Zehri Chawk,26.3172,67.08807
Zehri Town,30.08742,66.9481
Zehriwan,27.88659,66.69069
Zehrkani,26.79483,65.68722
Zendai Mallu,31.41835,69.78095
Zendai Mallu,31.41237,69.77813
Zendo,29.81408,69.46484
Zeni Khand,29.22671,66.15795
Zera Takai Kili,31.40792,69.60009
Zerah,31.05583,69.20389
Zergat,30.87843,67.93137
Zerkash Kili,29.92893,66.66954
Zerlun,30.59336,67.55638
Zero Point Tower,28.89654,69.1798
Zeshtai,31.21105,69.63035
Zezha Assot,31.21599,69.90412
Zezha Kili,31.10239,69.88179
Zezha Ormazh,30.43164,69.35808
Zhai Stargai,30.26,68.5084
Zhal,28.73627,65.79124
Zhalli,29.7363,66.82347
Zhalo,29.44205,64.76946
Zhar Ghez,31.03668,67.77036
Zhar Kalan,30.26133,68.50246
Zhar Karez,30.43926,68.51097
Zhar Sakhur,30.83067,67.27343
Zhar Shah,30.69635,69.8203
Zhar Targai,31.19994,69.07172
Zhara,30.26054,68.49994
Zharai Laharai,30.69836,69.80535
Zharanz Khwar Kili,30.83094,69.35001
Zhari Murdari Colony,30.17744,67.15547
Zhazhgai,30.48757,69.33999
Zherh Tangai,30.97412,67.39766
Zhizhgai Kili,31.1334,69.20433
Zhizhgai Kili,31.19112,69.16179
Zhob,31.34082,69.4493
Zhowa,30.8937,67.90589
Zhroba,30.36325,68.85874
Zhwe Kili,31.63801,69.24
Zhwe Kili,31.63569,69.25421
Zia Qambrani,27.66751,66.25167
Ziaba,30.9161,67.37136
Ziaba,31.07557,67.61007
Ziaba,30.9037,67.46232
Ziaba,30.64805,67.84432
Ziaba Kili,31.27911,69.07437
Ziaba Kili,31.08169,68.73731
Ziaba Kili,31.35777,68.60607
Ziaba Kili,31.07265,68.15959
Ziaba Kili,31.20588,68.16075
Ziaba Melan,31.07975,68.74929
Ziaba War,31.32491,69.96367
Ziarat,28.90626,65.15827
Ziarat,27.93793,65.32407
Ziarat,29.11691,66.53651
Ziarat,31.00104,67.66069
Ziarat,30.38244,67.72562
Ziarat,25.35325,62.73721
Ziarat,31.05056,67.51278
Ziarat Baba Kach Kili,30.23933,67.5685
Ziarat Bararosh,29.38351,64.55536
Ziarat Bhaint,29.39588,67.21721
Ziarat Bu Ali Qalandar,30.82491,70.11013
Ziarat Ghulam Haider Shah,26.18667,64.48029
Ziarat Haji Muhammad,27.39181,65.74206
Ziarat Haji Pir,25.55417,66.582
Ziarat Hasan Pir,25.15868,67.01201
Ziarat Isa,27.39839,65.74367
Ziarat Kharwari Baba,30.34337,67.74216
Ziarat Khawaja Malik Durk,28.70641,66.06356
Ziarat Laka Lahrani,29.0215,66.58062
Ziarat Machhi,25.30122,62.41037
Ziarat Malik Basiloani,29.26634,64.04224
Ziarat Malik Chahilgazi,29.15,64.2
Ziarat Manjara,30.7872,68.34641
Ziarat Muhamud Gohram,29.35107,66.60731
Ziarat Mulla Ghazi,28.5957,67.3223
Ziarat Mulla Ibrahim,31.07463,66.80026
Ziarat Mulvi Abdul Qadir,28.4939,68.56319
Ziarat Nasir Shahid,28.42999,68.5939
Ziarat Pir Ghulam Shah,26.1704,66.29967
Ziarat Pir Shari,28.7349,68.98126
Ziarat Pir Umar,27.57988,66.94797
Ziarat Pir Umar,26.95585,64.19152
Ziarat Saiyid Hasan,28.73337,68.32684
Ziarat Saiyid Karam Shah,28.92801,64.40312
Ziarat Shah Ko,25.53853,62.8554
Ziarat Sher Jan Agha,29.58338,66.22596
Ziarat Shizani,25.6031,61.86217
Ziarat Yahya Nika,30.7582,67.35228
Ziarati Bazar,25.62626,62.15759
Ziarati Mengal,28.88826,66.34964
Ziauddin,30.75362,66.64226
Ziba,30.70534,67.42752
Zigar Abdul Malik Kohan,26.83924,66.7023
Zigar Masjid Ghulam Haider Kohan,26.8523,66.69809
Zighar,31.13477,66.92497
Zigrana,26.00103,62.89014
Zijgai Melan,31.16435,68.72443
Zik,26.25593,64.76906
Zik,26.02103,63.56919
Zik Bazar,26.2572,64.78943
Zikar Khana Saiyid Isa Shah Zikri,25.45185,64.66813
Zikran Masjid,26.16092,63.33522
Zikri Zikar Place,26.26962,63.53021
Zilac,26.64472,65.7124
Zilag,25.445,64.8475
Zilug,26.92417,64.78259
Zindai Uba,30.33638,69.301
Zindaigar Kor,30.83539,68.50749
Zindian Daz,27.01672,64.19138
Zindo,26.94451,64.97756
Zirdan,26.29359,63.00763
Zirki,28.19026,64.81762
Ziwari,31.24708,70.04955
Ziyar Kach,31.07533,67.32006
Zober jo Goth,26.2568,66.2287
Zohrabad,30.14539,67.02242
Zoki,30.12566,67.84178
Zor Bazar,25.9993,63.0494
Zor Garh,29.56522,67.89315
Zor Goth,28.18074,68.06396
Zor Karez,30.19415,66.81139
Zor Karez,30.72639,67.53889
Zor Miran,30.92146,69.83487
Zorabad,28.46635,65.30148
Zorabad,28.82968,62.75549
Zorazai,30.89377,69.4594
Zorgarh,29.43696,67.57834
Zorgarh Nia,28.78034,67.89017
Zozalan,31.09947,67.3575
Zozlan Kili,31.23619,67.01035
Zubarabad,28.97406,63.4459
Zulfiqarabad,28.28196,68.08083
Zumi,27.72339,65.86593
Zunkai,30.76225,67.36629
Zurnehba,30.62975,67.54157
Zwar Nishpa,31.14204,69.94003
Zwarand,31.16707,67.04344
Zwardam Daf,26.64741,65.03875
Zīk,26.2548,64.7686
karki,26.34528,63.45972
