name,latitude,longitude
Aatar,34.91546,73.04689
Aba Kand,35.14217,71.85574
Aba Khel,32.24736,70.32762
Aba Khel,32.54932,70.26786
Aba Khel,32.24509,70.38308
Aba Khel,33.09714,70.40405
Aba Khel,32.56432,70.82664
Aba Khel,33.94603,72.0285
Aba Khel,33.19443,70.38429
Aba Shahid,31.88179,70.72996
Aba Shahid,31.87608,70.72718
Abad Khel,32.93536,70.94682
Abadanian,34.26736,73.27194
Abadi Umar,32.59669,70.51247
Abai,34.68514,72.82377
Abak,32.56914,69.84105
Aban,34.81068,72.9869
Abashtek Ghari,35.96651,71.58312
Abasin Colony,34.0706,72.6269
Abassi Sairi,34.3449,72.31608
Abazai,34.31927,71.5926
Abazo,34.16849,72.44276
Abazo Dheri,34.36346,71.83498
Abbas Banda,32.631,70.93442
Abbas Kalle,34.41637,71.87389
Abbas Kalle,34.15584,71.84214
Abbas Kalle,32.95937,70.61596
Abbas Khan,32.80603,70.7822
Abbas Khan Kot,32.71292,69.81672
Abbas Khel Raghzai,32.36833,69.78722
Abbas Kili,32.96333,70.52222
Abbasa Banda,32.79083,71.05616
Abbasi Banda,33.36708,70.60246
Abbottabad,34.1463,73.21168
Abbur,35.98157,72.4271
Abdal,34.26389,73.26939
Abdarra,33.98403,71.51181
Abdi Khel,32.81583,70.28391
Abdul Akbar,34.25676,71.80678
Abdul Aziz Koruna,34.34861,71.71944
Abdul Hakim,32.87362,70.64962
Abdul Haliq Koruna,34.34964,71.68479
Abdul Haq Kili,34.2625,71.87949
Abdul Karim Khan,32.81778,70.73337
Abdul Karim Shah,32.75417,70.79917
Abdul Khalil Koruna,34.26772,71.54433
Abdul Khan,34.33347,71.93678
Abdul Khel,32.39967,70.91311
Abdul Khel,32.31461,70.97605
Abdul Majid Banda,33.27192,71.16475
Abdul Majid Korona,34.19076,72.41532
Abdul Manan Kalle,34.31715,71.70517
Abdul Muhammad Koruna,34.27284,71.78382
Abdul Rahim,34.04532,71.62844
Abdul Rahman,32.98303,70.55798
Abdul Rahman Koruno,34.13005,71.81839
Abdul Rashidabad,33.86279,72.23401
Abdullah Bagh Kalle,32.40194,69.68889
Abdullah Banda,34.9275,71.74528
Abdullah Kalle,33.82976,70.06745
Abdullah Khan,32.91961,70.54394
Abdullah Khan,32.898,70.69845
Abdullah Khan Sadozai,32.81117,70.81275
Abdullah Kor,34.50558,71.29568
Abdullah Nur Kaskai,32.42503,70.00176
Abdullah-di-Basti,35.0328,74.032
Abdullaha Akbar,34.32794,71.95567
Abdullahabad,34.20767,71.77164
Abdullahabad,34.03784,71.58054
Abdullahabad,34.05657,71.58933
Abdullahpur,33.97404,72.88598
Abdulwadanai,32.51138,69.84236
Abdur Rahman,32.86194,70.62528
Abdur Rahman Khel,32.56155,69.65101
Abdur Rehman Shah Kalle,34.32357,71.68838
Abezai,32.97316,70.62658
Abezari,32.9671,70.57726
Abhom Baihk,35.10575,73.77372
Abid Khel,33.01985,70.87962
Abizar,32.27702,70.51727
Abo,34.45067,72.76507
Abo Banda,34.1723,72.44136
Abo Bograi,34.89484,71.99289
Aboha,34.66294,72.1875
Abshar Colony,34.02096,71.53445
Abu,34.51362,72.87715
Abu Patti,34.85276,72.11126
Abudag,33.6733,71.02024
Abuwali,32.35043,71.24125
Academy Town,33.99168,71.48029
Achar,34.94006,72.61745
Achar,34.9787,72.66653
Achar,35.19765,72.02613
Achelai,34.24088,72.71718
Achhar,33.97738,71.55978
Achhro Banda,34.95243,73.11378
Achhunagusht,35.72819,71.61113
Achina,33.9714,71.46787
Achini Bala,33.96109,71.46633
Achini Maira,33.96109,71.45192
Achini Payan,33.9676,71.46712
Achini Payan Maira,33.9796,71.4588
Achoti,35.4514,73.36625
Achro Banda,34.84569,72.5845
Achu Khel,32.55213,70.98364
Ad Mela,33.97071,70.20826
Ada Punga,32.49389,69.61083
Adad Banda,34.91055,71.57183
Adai,34.92412,72.01419
Adai,34.82769,71.38686
Adai,34.8776,72.5299
Adai,34.9055,72.54844
Adalat Colony,34.0548,72.69178
Adam Baba Ziarat,33.70604,71.74598
Adam Banda,33.28971,70.70328
Adam Burj,32.36611,69.83111
Adam Dherai,34.68286,72.03567
Adam Kalla,32.94421,70.93891
Adam Kalle,33.28692,70.52536
Adam Khan,34.4114,71.90753
Adam Khan,32.71164,70.66592
Adam Khan Darra,34.59376,72.48651
Adam Khan Darra,34.59529,71.54651
Adam Khan Kili,32.33147,70.12574
Adam Khan Malik Banda,35.62714,72.51828
Adam Khel,33.77058,70.94515
Adam Khel Banda,33.5374,71.11105
Adam Khel Kili,34.1424,71.41101
Adam Shah,35.06402,72.41044
Adam Shahgai,34.90994,71.46686
Adamabad,32.20707,70.34914
Adamzai,32.61786,70.63746
Adamzai,33.98546,72.1591
Adda,34.2166,72.985
Adda,34.36312,72.66838
Adda Lunda Sharif,31.66307,70.78876
Adda Shah Hussain,31.60283,70.77345
Addha Pakha,33.79108,70.70102
Adezai,33.78666,71.57701
Adgan,34.15374,71.70988
Adh Bandiar,34.37987,73.28761
Adha Khiarah,31.68733,70.62838
Adiar,34.58574,73.40232
Adil Kalle,33.85755,71.57154
Adil Sipra,31.62923,70.67432
Adil Sipra Khurd,31.63447,70.68353
Adin Gul Kalle,33.0094,70.79987
Adin Khel,34.57302,71.25671
Adina,34.21943,72.26205
Adinai,35.10104,72.65133
Adira Mela,32.57262,70.01916
Adire Nakka,33.71656,70.6244
Adizai,34.1615,71.59592
Admi Kot,33.02942,69.50985
Ado,34.72638,72.95025
Ado,34.96473,71.56486
Ado,34.93386,71.92613
Ado Garang,33.03387,71.43842
Ado Sion,36.33568,72.27628
Adrakh,36.41269,72.47094
Adrer,35.25806,72.61778
Adrolat Baihk,35.20227,73.75669
Adu Kalle,33.67835,70.45077
Adu Tangai,34.79608,72.12313
Adukai,34.95212,71.96127
Adyo Bagh,33.69094,70.70836
Aero Baro Banda,34.22454,72.62248
Aesif,33.11836,71.24098
Aey Kor,34.51801,71.2852
Afghan Colony,34.02814,71.59255
Afghan Colony,32.97707,70.51287
Afghān Colony Number Two,34.0264,71.5864
Afridi Banda,33.53742,71.24672
Afridi Garhi,34.01171,71.616
Afridi Kalle,34.05371,71.56454
Afridi Kalle,34.11706,71.97119
Afridiabad,33.48671,71.46403
Afridiabad,33.98792,71.57899
Afsare Mall Kalle,34.09528,72.12383
Afshan Colony,33.99173,71.55633
Afsik,36.15798,71.44106
Afzalabad,34.20705,71.83183
Afzalabad,34.46455,73.13533
Afzalabad,34.28185,71.99309
Afzalabad,36.18897,71.67255
Afzalabad,34.36459,73.21702
Afzalian,34.10412,71.82321
Agara,34.59036,71.4303
Agarai,34.38781,72.53502
Agarbia Biland Khel,33.33371,70.53643
Aghai Garh,34.42973,71.76783
Aghal,35.02607,72.33773
Aghal Kalle,33.71849,70.79188
Aghalai,33.70741,70.59314
Aghbargai Khullah,32.39592,69.94744
Agher China,34.68687,72.57249
Agherale,34.94785,71.61255
Aghtargai,32.52068,69.27818
Aghwān,34.88333,72.7
Aghzaikas,32.40628,69.47577
Aghzan,32.97459,69.97888
Aghzan,32.31998,71.14241
Aghzar Khel,32.35867,70.81772
Aghze Poya,33.15509,70.52602
Agli Gali,34.18105,73.29955
Agra,34.82384,71.37218
Agra,33.80082,70.17558
Agram,36.29016,71.60208
Agri Kalla,32.95486,70.91604
Agri Khanzad Khel,32.53521,70.64896
Agro,35.09365,72.51716
Ahad Khan,34.2005,72.39208
Ahal,34.36432,73.04544
Ahata Kotanawala,31.84315,70.91954
Ahd Koruna,34.38372,71.2484
Ahingar Baba Ziarat,34.81083,72.18494
Ahingar Kili,34.33333,71.78083
Ahingaro Baba Kandao,34.81611,72.19627
Ahingaro Cham,35.13257,72.4833
Ahingaro Derai,34.78403,72.33855
Ahl,34.66817,73.14929
Ahl,34.55288,73.15448
Ahl,34.61709,73.20928
Ahl Seri,34.34407,73.02256
Ahmad Abad Garo,34.32101,71.86653
Ahmad Khan,34.2574,71.87157
Ahmad Khan,32.96852,70.56951
Ahmad Khan,32.30056,70.73333
Ahmad Khan Karuna,34.24999,71.89736
Ahmad Khan Kili,34.15288,71.24223
Ahmad Khel,33.16175,71.25168
Ahmad Khel,32.98307,69.9876
Ahmad Khel,32.44697,70.96804
Ahmad Ragai,33.88314,70.28746
Ahmad Shah,32.85333,70.58028
Ahmad Shah,32.86528,70.56667
Ahmad Shah Kalle,32.49261,70.49584
Ahmad Wala,33.06711,71.00711
Ahmadabad,33.03466,70.99075
Ahmadabad,34.29266,71.9709
Ahmadi Kor,34.39836,71.4298
Ahmadi Nakai,33.8462,70.7977
Ahmadi Shama,33.44777,70.44144
Ahmadwal,32.04024,69.36157
Ahmadwam,32.44667,69.90948
Ahmadwam,32.53974,70.00765
Ahmadzai,33.8187,70.13221
Ahmal Banda,35.50747,72.06355
Ahmed Bandi,34.13553,73.08386
Ahmed Khel,33.95645,71.54478
Ahmed Shah,32.25141,70.36427
Ahmedabad,34.31112,71.64836
Ahmedabad,34.22118,73.0139
Ahmedabad,34.08499,71.62135
Ahmedabad,34.05083,71.85739
Ahmedi Banda,33.28666,71.18067
Ahnai Tangi Kili,32.4683,70.03715
Ahnei Kalle,32.47843,70.03202
Ahsam Koruna,34.34944,71.74278
Ahsan Khan,34.35554,71.86361
Ahusai,35.22974,73.20546
Aichar,34.87029,72.91394
Aidal Khel,33.03772,70.76343
Aido,35.06922,71.71742
Aikam Khel,32.9834,70.29094
Aimal Kalla,32.97048,70.91415
Aimal Kalla,32.93473,70.93746
Aimal Khel,32.96621,70.66328
Aimal Khel,33.64277,71.5128
Ain,34.70536,73.09995
Ain Posh,33.7633,70.98171
Aingara,33.74513,70.63556
Aipai,33.81231,70.40529
Aipi Kor,34.57346,71.32609
Airan,34.3345,72.90893
Airho Baihk,35.1726,73.56944
Aisa,34.75032,73.49941
Aizhai Kachkai,32.45739,69.83273
Ajab Garhi,34.28567,72.81213
Ajab Gul Banda,34.26453,72.11025
Ajab Gul Kalle,34.12712,72.31696
Ajab Khan,34.27558,71.9019
Ajab Khan Kalle,32.25778,69.49111
Ajab Khan Pipalai,32.72824,69.68641
Ajab Talab,33.83114,71.53215
Ajabe,34.94215,71.67302
Ajamir Ghundai,34.32769,72.30164
Ajara,34.2172,71.78232
Ajara Kalle,34.27375,71.81169
Ajara Kalle,34.26588,71.75132
Ajdarra,34.59551,71.46115
Ajim Khan,32.42793,69.47033
Ajin Shamal,35.01289,73.02883
Ajlai,34.76462,72.986
Ajlai,34.56234,72.70927
Ajlo,34.87367,72.87572
Ajmair,34.1444,72.57595
Ajmair Khel,33.79151,70.87688
Ajmer,35.07599,72.75684
Ajmera,34.67192,73.01819
Ajmir,34.29948,72.31559
Ajmir,35.07106,72.75774
Ajnal Kot,36.24711,72.19852
Ajorai,35.01667,72.59583
Ajra Kalle,34.3316,71.74589
Ajraw Kalle,34.37614,71.67618
Aju,34.76085,71.93159
Ajun Kalle,34.35024,71.7335
Ajun Kili,34.22289,71.90839
Ajun Koruna,34.22708,71.78117
Ak,35.03476,73.27706
Aka Khel Pungai,32.55632,69.9791
Akal Khel,33.81742,70.6449
Akar Khui,34.307,72.93921
Akarharal,34.36946,72.83834
Akarwala,33.07022,70.89486
Akashawa,33.44632,70.45423
Akbar Ali Khan,32.8491,70.74188
Akbar Ali Khan,32.98704,70.5916
Akbar Khan,34.27417,71.87
Akbar Khan,32.96752,70.69543
Akbar Khan,34.31454,71.8586
Akbar Khan,32.95879,70.49365
Akbar Khan Kalle,34.34488,71.74251
Akbar Khan Kalle,34.18272,71.8359
Akbar Khan Kalle,34.04409,71.5452
Akbar Khan Takhti Khel,32.83208,70.71881
Akbarabad,34.24929,72.03599
Akbarabad,34.14112,71.97928
Akbarabad,34.77145,72.37605
Akbarabad,34.16232,71.73615
Akbarabad,34.21333,71.97083
Akbari,32.35225,70.69973
Akbarpura,34.05797,71.7207
Akharah,34.19022,73.46266
Akheri Sero,35.52844,73.20798
Akhgram,34.92885,72.04268
Akhkak,33.82072,70.46058
Akhkarzai Dag,34.60873,71.26517
Akhlan Tirich,36.1827,71.43206
Akhma Din,32.95152,70.48218
Akhmad,31.82064,70.60578
Akhor,33.73288,71.50132
Akhora,34.28205,73.28082
Akhora,34.6104,73.39522
Akhori,34.64789,73.3699
Akhori,33.87563,72.93968
Akhori,34.64775,73.4588
Akhori,34.62811,73.36396
Akhori,35.4744,72.83876
Akhrila,34.21439,73.36509
Akhrila,34.13699,73.23944
Akhrila,34.4764,73.31211
Akhrojar,35.4354,73.6181
Akhruto,34.03706,73.32236
Akhtar Dherai,34.41778,71.6475
Akhtar Gata,34.87233,72.05587
Akhtar Kili,33.30318,70.53485
Akhtar Miān Kili,34.28389,71.71389
Akhtdrabad,33.89429,72.92607
Akhun Baba Banda,34.35323,72.27649
Akhun Baba Kalle,34.21894,72.05186
Akhun Baba Ziarat,34.6296,72.78067
Akhun Baba Ziarat,34.55364,71.05869
Akhun Baihk,34.74829,73.0266
Akhun Banda,34.60348,71.87544
Akhun Bandi,34.39799,72.92147
Akhun Dheri,34.271,71.76032
Akhun Jan,34.25781,71.87922
Akhun Kalle,34.77644,72.27768
Akhun Kot,33.66649,70.74128
Akhun Serai,34.18825,72.4909
Akhun di Bandi,34.00996,73.05913
Akhund Talao,33.8047,71.52636
Akhundabad,34.00156,71.5914
Akhundan,32.94556,70.94445
Akhundan,32.90138,70.60553
Akhundan,32.92617,70.64674
Akhundan,32.96523,70.59586
Akhundan,32.87763,70.65386
Akhundan Banda,32.85164,70.83388
Akhundan Kalle,32.93787,70.72913
Akhundan Kalle,32.95218,70.6254
Akhundzada,31.64219,70.40154
Akhundzadasar,34.8895,72.93662
Akhune Baba,33.94425,71.59802
Akhunzada Kile,34.34828,71.37861
Akhunzadgan,34.10441,72.184
Akhunābād Number Five,33.9997,71.5904
Akhunābād Number One,33.9981,71.5957
Akhunābād Number Three,33.9986,71.5926
Akhunābād Number Two,33.9995,71.5956
Akhurak,35.9075,71.53071
Akhurian Bela,34.66163,73.22938
Akhūn Dheri,34.07083,72.275
Akit Kili,33.01196,70.55939
Akka Khel,31.95615,70.84534
Aklar,34.68522,72.64824
Ako Dheri,34.37646,71.96898
Akoliar,33.98272,73.3025
Akor Banda,34.82413,72.84445
Akora,34.00337,72.12561
Akorai,35.39791,73.06586
Akori,33.16774,71.21106
Akra,32.87806,70.63778
Akram Banda,33.38228,70.60492
Akram Khan,34.34083,71.92201
Akram Khan Kall,33.04284,70.77509
Akramabad,33.98524,71.57089
Akramabad,34.46689,71.96481
Akramwala,32.6945,70.80511
Akroi,35.34041,71.61382
Akru Wahan,32.35,71.21667
Aksh,36.42032,72.54643
Ala Khan Banda,34.351,72.03604
Alachi,34.45231,71.4296
Alagram,34.78701,72.68035
Alahi Mang,34.53345,73.24744
Alai,34.36196,72.28145
Alai,34.81708,73.12092
Alakul,35.12196,71.94199
Alam,33.99803,72.90486
Alam Beg,34.45743,71.353
Alam Gudar,33.89667,71.42667
Alam Gul Khel,32.97906,70.99521
Alam Kalay,34.45818,71.04277
Alam Khan,32.83755,70.67455
Alam Khan,32.94778,70.71278
Alam Khan Banda,34.35459,72.31662
Alam Khan Kalle,33.02953,70.77471
Alam Khan Kalle,34.25956,71.91102
Alam Khan Kalle,34.43038,71.9915
Alam Khel,32.63794,69.516
Alam Khel,33.68722,71.66365
Alam Khel,33.18718,71.17082
Alam Khel Kas,33.78737,70.72339
Alam Khelan,32.81274,70.6597
Alam Kili,33.81938,71.38609
Alam Kot,32.95611,70.29395
Alam Shah Khel,32.52578,70.96092
Alam Sher,33.85113,70.1696
Alam Sheri,32.98038,70.92541
Alam Tan Koruna,34.34526,71.78975
Alamabad,33.54057,71.05196
Alamdar,33.04059,70.7076
Alamdin Garhi,33.47998,71.61913
Alamganj,34.89822,72.44656
Alamganj,34.45509,72.07495
Alami Banda,34.6626,72.74431
Alami Banda,34.61171,72.65234
Alamkas,33.90969,70.14537
Alanda Koruna,34.22063,71.54484
Alar,35.18098,72.5177
Alari Gam,33.76799,71.30519
Alawal Khel,32.38467,70.90089
Alazai Sar,33.90907,70.63484
Albogh Kalle,33.01419,70.83073
Aldo,33.98057,72.58068
Aleiah,35.12696,74.01052
Alf Khel,33.07036,71.2572
Algad Banda,33.28476,70.90672
Algada Khullah,33.16262,70.73508
Algadai,33.75957,71.45403
Algadi,34.01253,71.06667
Algram,34.48239,72.67951
Ali Baba Ziarat,34.16552,71.38439
Ali Bacha,32.14504,70.14153
Ali Baig,33.99445,71.74256
Ali Banda,32.34679,71.11029
Ali Banda,35.00962,71.61561
Ali Dadi Banda,34.80794,72.12272
Ali Gasar,35.19843,72.10183
Ali Gul Kalle,33.20787,70.70302
Ali Haider Kalle,34.25142,71.9208
Ali Jan,33.85321,71.38771
Ali Jan,34.27191,71.74706
Ali Jan,34.77549,72.98265
Ali Jan,34.78429,72.91188
Ali Jan Kalle,34.71579,71.513
Ali Jan Koruna,34.29373,71.76238
Ali Jan Koruna,34.27962,71.7512
Ali Kalle,33.83031,70.14495
Ali Kech,33.42502,71.15896
Ali Khan,32.30013,71.15304
Ali Khan,34.61638,72.60234
Ali Khan,32.47687,70.0663
Ali Khan,33.98912,72.96742
Ali Khan Bānda,32.62083,70.98333
Ali Khan Garhi,33.73342,70.7827
Ali Khan Khel,33.32746,71.27648
Ali Khan Patai,34.48188,71.60045
Ali Khel,32.98424,70.00262
Ali Khel,32.74515,70.4298
Ali Khel,33.03294,70.56229
Ali Khel,33.73658,71.61197
Ali Khel,32.81268,70.53035
Ali Khel,33.13036,71.32742
Ali Khel,32.9405,70.29231
Ali Khunai,33.08184,69.6021
Ali Masjid,34.01761,71.26882
Ali Masjid,34.01362,72.80428
Ali Mast,34.66998,72.04736
Ali Mast Kalle,33.74764,71.63304
Ali Muhammad,34.01306,72.14056
Ali Muhammad Garhi,34.13196,71.48676
Ali Muhammad Khel,33.91573,70.90742
Ali Muhammad Kili,34.16084,71.41895
Ali Muhammd Sam,33.9118,70.27647
Ali Punga,32.56155,69.89917
Ali Qasim Kili,33.83125,70.05818
Ali Raza Banda,33.03052,70.93543
Ali Shah,34.05311,71.73808
Ali Sharila,34.83229,73.01339
Ali Sher,34.56075,71.32631
Ali Sher,34.74943,73.18722
Ali Sherin,33.93803,70.01409
Ali Zai,33.76141,70.64545
Ali Zai,34.10215,71.53642
Ali Zai,33.95376,69.94396
Ali di Bandi,34.17859,73.10021
Alia,34.62281,73.38446
Aliabad,34.13592,73.46354
Aliabad,36.76162,72.95312
Alian Dheri,34.19041,71.70056
Alidad Kalle,33.82012,70.14524
Alif Khan Banda,34.29694,71.70639
Alif Khan Kalle,34.04497,71.59177
Aligai,34.62823,72.73276
Aligai,34.99266,72.48493
Aligaper,32.85861,70.65806
Aligram,34.9868,72.32022
Aligrama,34.80068,72.31424
Aligran,34.32343,73.01215
Alim Khan,32.87195,70.63906
Alim Khel,33.22883,70.49315
Alim Shah,32.99715,70.91497
Alima,34.71764,72.83579
Alimast,34.86424,72.03848
Alish Banda,35.05639,72.17839
Aliyan Lasht,36.6192,72.99196
Alizai,33.61684,71.29495
Alizai,34.09031,72.0827
Alizai,33.53613,70.34607
Alizai,33.94454,71.54972
Alkae,34.63711,73.2116
Allah,35.18904,71.85877
Allah Dad Kalle,33.97686,71.37086
Allah Dad Khel,34.21531,71.63408
Allah Dad Patai,33.9011,70.25175
Allah Dhand,33.89575,71.27611
Allah Dhand,34.61331,72.01679
Allah Khel,32.88881,70.58962
Allah Yar Khan Garhi,33.6016,71.28186
Allahabad,34.84858,72.44466
Allahdad,32.87217,70.59668
Allahdad Banda,32.95511,70.96448
Allahdad Khan,32.98062,70.56679
Allahdad Kot,31.8335,70.17653
Allahdad Masai,33.73011,70.6745
Allahdad Mughal Khel,32.8144,70.7693
Allahdher,33.95167,72.2703
Allai,35.01995,73.00111
Allai,34.3005,73.07863
Allo,34.43378,72.05777
Allāhdad,32.71389,70.86389
Almanga,33.92815,70.25834
Almari Khel Kalle,32.45721,70.43173
Almas,35.15636,72.07446
Almas Haji,34.6261,71.23338
Almas Kalle,34.28337,71.84527
Almir,34.23222,71.56284
Almunwala,32.28921,71.15996
Alo Manrai,32.44953,70.21692
Aloch,34.73911,72.68424
Aloda Bagla,34.13346,73.46889
Alogai,34.70584,72.73862
Alower Banda,32.95742,71.06623
Alpurai,34.92039,72.63265
Alpuri,34.90455,72.64247
Alu,34.54586,72.5541
Alu Banda Dheri,34.21299,72.36861
Alu Dheri,34.7399,71.61198
Alu Ghundai,34.75269,71.33823
Alu Kili,34.14799,71.46494
Aluli,34.08453,72.97463
Alwai,35.20521,73.17954
Alwar Kalle,33.28174,70.77517
Alwara Dhok,33.44407,71.82706
Alwara Gwada,33.73276,70.77056
Alwara Mela,33.4759,70.90939
Alwarai,35.12421,72.31528
Ama Khel,32.38281,70.52328
Amal Gul Kalle,33.62743,71.77174
Amal Khan Korouna,33.22577,71.53647
Amal Khel,32.98799,70.78666
Amamkot,33.78202,70.20597
Aman Darra,33.75238,71.03667
Aman Derai,34.70702,72.67299
Aman Garh,34.00584,71.92971
Aman Garh,34.29013,72.24229
Aman Garh Colony,34.00471,71.93352
Aman Khan Kalle,34.21344,71.84712
Aman Kot,34.65844,71.61447
Aman Kot,34.37087,72.3645
Aman Kot,33.29083,70.88841
Aman Kot,34.76369,72.35023
Aman Kot,34.03497,71.78116
Aman Kot,34.34809,72.38075
Aman Kot,34.53791,71.20278
Aman Kot,34.26237,72.43721
Aman Kot,34.08659,72.12753
Aman Mela,31.73841,70.18658
Aman Shah,34.36651,71.87378
Aman Shah Kalle,33.9303,70.1319
Amanabad,34.22975,71.73504
Amanat,34.81252,71.39641
Amandara,34.62186,71.98851
Amanga,33.77804,70.78716
Amankot,34.77031,71.56883
Amanpura,33.77519,72.21259
Amanullah Garhi,34.0562,71.54142
Amanzai,34.07147,71.4286
Amazo Karo,34.40719,72.58838
Amb,34.30968,72.85187
Amba Dher,34.18772,71.6609
Ambar,34.04944,72.41828
Ambar,31.55762,70.04174
Ambar Banda,33.58598,71.39198
Ambar Dheri,34.05278,72.41667
Ambar Khana,34.95889,71.50917
Ambar Shah,32.96243,70.59778
Ambarzai,34.7882,71.86255
Ambela,34.00833,72.025
Ambela,34.39846,72.47751
Ambela Kalla,34.4339,72.45137
Ame Zhawar Kili,32.51237,69.74494
Amgah,33.90753,72.71061
Amgah,34.15127,73.00702
Amil Banda,32.88333,71.03333
Amin Banda,34.45187,72.02297
Amin Jabu Khel,32.75221,70.75708
Amin Jan Kalle,34.13938,71.77962
Amin Shah,32.40968,69.46685
Aminabad,34.7022,73.11899
Aminabad,33.98081,71.55449
Aminabad,35.08172,72.40136
Amir,34.07735,71.50447
Amir,33.83693,72.01101
Amir Akbar Khan,34.38915,71.81524
Amir Akbar Shah,34.45084,71.83894
Amir Ali Khel,32.16281,71.0044
Amir Azam,32.756,70.56422
Amir Dad,32.89532,70.64561
Amir Gul,34.31832,71.81824
Amir Jan,32.48833,69.96083
Amir Kalam,32.70971,70.47176
Amir Khan,34.2627,71.72571
Amir Khan Kalle,34.10001,72.16004
Amir Khan Kili,34.10343,71.17644
Amir Khel,33.74413,71.61941
Amir Kot,34.27205,72.15474
Amir Par,34.79064,72.15865
Amir Sharin Kalle,32.93373,70.48367
Amir Wanda,32.56244,71.00017
Amirabad,34.50269,72.47853
Amirabad,34.18729,73.09078
Amirabad,34.22909,71.57398
Amirano Kalle,34.32025,71.72846
Amirdad,32.93917,70.60639
Amirwala Ban,33.8606,72.84096
Amirzada,32.47921,70.06695
Amjad Colony,34.02958,71.59902
Amlak Darra,34.7335,71.87508
Amlalia,34.16741,73.06549
Amlok,33.74082,70.52517
Amlok Darra,34.77864,72.06095
Amlok Tangai,34.81698,72.22719
Amluk,34.62097,73.27291
Amluk,34.32852,72.7031
Amluk,35.07952,72.39835
Amluk Banda,34.84065,71.95718
Amluk Banda,35.10274,71.9031
Amlukbanr,35.07254,72.51352
Amlukbanr,34.89674,72.39516
Amlukdarra,34.65042,72.2807
Amluke,34.88139,72.9905
Amluknar,35.10213,71.90003
Amluktal Banda,34.90329,72.23402
Amnawar,34.51106,72.55766
Amrai Payon,34.25713,72.69649
Amrait,35.19253,72.14108
Amral Bala,34.2578,72.68746
Amraz Talao,33.78761,71.60348
Amrezo,33.81405,70.56463
Amri Khel,33.83003,70.8469
Amrol,34.02365,73.48988
Amunet,36.56602,72.48616
Amzakhel Mela,31.95333,69.95083
Amzarai Gudr,33.85582,71.39007
Amzari Tang Bala,33.73472,71.9144
Amzari Tang Payan,33.74359,71.92786
Amzial,35.43524,73.17894
Amīri Kili,34.16944,72.3625
Ana Mela,33.98565,70.09211
Anai,33.93104,70.96395
Anak,34.19317,72.45279
Anak,34.57506,72.57634
Anakur,35.54192,72.55656
Anam Banda,34.58992,71.80292
Anangura,35.17656,71.81506
Anangurai,34.7317,72.14875
Anangurai Tal,34.87033,72.07822
Anapia,34.89757,71.67539
Anar,35.43505,72.28849
Anar Banda,33.21057,70.98568
Anar China,33.37821,71.01695
Anargai,34.53037,71.02867
Anarwala,34.57171,73.04185
Anarwali,34.60265,73.08847
Anat,34.41119,72.37931
Anati Kili,33.08972,69.67252
Anayat Abad,34.43024,73.22171
Anb,33.34781,73.70959
And Khel Bala,33.78011,71.14532
And Khel Payan,33.7754,71.16661
Andakai,33.06442,71.36344
Andala,35.31556,73.1617
Andapar,34.10502,72.25128
Andar Payan,33.65398,70.65759
Andar Sher,34.01089,71.57639
Andarai,34.17824,71.70973
Andarai,33.79498,71.46005
Andarai Kats,33.0775,70.73028
Andari,32.27369,70.62384
Andarla Doga,34.1236,72.98513
Andarwali,33.34412,73.58553
Andera,34.84235,71.83507
Anderi,34.75934,71.32528
Andhera Bela,34.60308,73.53025
Andhera Bela,34.84619,73.55456
Andhti,36.01963,71.73711
Andora,34.7459,72.61369
Andra Ghuah,36.4928,72.52277
Andrasi,34.58804,73.26412
Androsh Ghari,35.93334,71.45207
Andwir Ghari,35.82427,72.10111
Ane Zhawar,32.52071,69.74674
Angar,34.88392,71.43072
Angar Khei,34.17228,71.76596
Angarbain,34.44364,72.88325
Angarike,35.70088,71.85906
Angarkas,34.48164,71.40064
Anghapur,34.49721,72.39734
Anghezha,31.76188,70.03043
Angorabad,34.20238,72.64603
Angro Bara Band,34.33377,71.791
Angur Kor,34.18736,71.48014
Angurai,33.8803,70.27585
Angurai,34.8393,71.65316
Angurai,34.74543,71.72957
Anguri Mela,33.97695,71.2458
Anir Khel,33.23947,70.49091
Anisar,35.2378,72.51864
Anish Gum,35.73343,71.61909
Anishgram,35.7011,71.69406
Anja,34.96984,72.82273
Anjan,34.37391,71.93472
Anjanri,33.78087,71.11204
Anjanri,33.84576,71.22506
Anjar Dheri,34.23712,72.2906
Anjghale,33.72031,70.83754
Anjukai,34.64709,71.61418
Ankar,33.30231,73.6126
Anmar Kalan,31.52339,70.00736
Anni Shungi,34.60673,73.58035
Anora,34.25919,72.84189
Anousk,36.3836,72.2102
Anpholi,35.29659,73.16053
Anter Kun,35.35657,72.13854
Anu Dap,35.6807,71.97293
Anungoro,35.11514,71.94358
Anwar Abad,34.45847,73.10953
Anwar Dheri,34.69918,72.37484
Anwar Kalle,34.24491,71.79511
Anwar Khan Koruno,34.22274,71.91858
Anwar Kothe,34.28049,72.01231
Anwar Shah Banda,34.18948,72.66046
Anwar Talao,33.84214,71.58622
Anwarabad,34.85652,71.84259
Anwarabad,34.10234,72.58283
Anzar Kalle,34.21665,71.79025
Anzar Kalle,34.21695,71.89457
Anzari,33.88519,71.65102
Anzari Kandarai,33.81822,71.44197
Anzaro Kalle Qala,34.32961,71.68163
Aochakari,34.95625,72.90033
Aoj,35.03366,73.18258
Aor Garh,34.45378,73.05631
Aorgarh Gali,34.4777,73.08077
Aos Banda,35.26198,72.61885
Aporai,34.75789,71.44294
Aputhanar Baihk,35.09077,73.90123
Aqa Khel,32.19021,70.32777
Aqal,34.94866,71.79683
Aqal Koruna,34.187,71.40811
Aqba,34.7413,72.3581
Aqlo,34.84952,73.07796
Aqrab Dag,34.20344,71.48399
Ar Banda,35.30943,71.88481
Ara,33.24384,73.71901
Arab Khhan,34.41701,73.31338
Arab Kot,32.97275,70.22442
Arabistan Kalle,34.23723,71.51015
Araf Shah Kili,33.58993,71.50969
Arainai Jawar Kas,35.43687,72.60832
Arakh,34.17493,72.33922
Arakh,35.04603,71.93436
Arakh,34.94789,72.82376
Aral Banda,33.09268,70.82465
Aral Tor Adam Banda,33.06761,70.81243
Aranda,34.22426,71.53622
Arandu,35.31025,71.54929
Arandu Lasht,35.32319,71.56778
Arandusar,34.76183,71.72974
Arang Zhawar,32.76727,69.52836
Arangai,33.11113,70.50565
Aranguno Banda,34.86416,71.84114
Arangurai,34.82816,71.92096
Arao,34.59021,71.52448
Arap Kili,32.65037,69.93422
Araq,34.80757,72.50032
Araqawai,35.24483,72.50086
Aratura,34.40829,72.12801
Arawali,33.58952,70.31941
Arawali Camp,33.61133,70.32599
Araz Shah Quli Khan,32.79032,70.72898
Arbab Colony,34.02994,71.53382
Arbab Jahangir Town,34.04704,71.52039
Arbab Nur Mohammad,33.9755,71.67385
Arbai,34.57093,72.84566
Arbapai Lundi,33.8205,70.84723
Arbat,33.02506,69.51488
Arbi Banda,34.27121,71.99947
Arbi Banda,34.27944,72.04556
Arbora,34.46235,73.05705
Arbula,31.43629,70.06243
Archakha,33.65732,70.96123
Archalai Banda,34.94794,72.22945
Ardu,33.75305,71.66418
Arean,35.22942,72.49593
Arekh,35.05598,71.92605
Arer,34.73722,72.81702
Arfi,35.22213,72.45904
Arga,34.47721,72.6321
Argalina Ade,33.92908,71.40314
Arghanja Kalle,33.9337,70.13265
Arghanja Patai,33.87523,70.24146
Arghanjo,33.71987,70.6667
Arghanjo Mela,33.89323,70.30779
Arghatai,36.26661,71.6753
Arghshorai,34.69035,73.04522
Arghuna,32.9326,70.12114
Arhangai,34.76937,71.77468
Arhat Baba,33.74156,71.584
Ari Manzahi,35.04829,72.1735
Ariana,35.12801,72.52072
Ariana,34.17824,71.6469
Arianai,35.45499,72.60041
Arianai Dirlam,35.42487,72.60726
Arif Shah Khel,33.6113,71.51725
Arin,35.21959,72.50505
Arina,33.90814,71.0692
Ariyan Kalle,34.10013,72.20939
Arjali Nadai,33.91568,71.40977
Arkan,34.88368,71.52706
Arkanai,34.90659,71.51591
Arkh,33.05691,69.56093
Arkh Ghundai,32.97549,70.24437
Arkhai Kalle,33.81246,70.06803
Arkhe,33.63384,70.96848
Arkhuna,35.05261,72.57122
Arkot,34.95066,72.36794
Arkot Qila,34.86013,72.23975
Arkuna,35.20918,72.44822
Arno,33.2293,73.6924
Aro,35.02266,71.8257
Arof Tangai,34.52711,72.48741
Arokjer,35.9574,71.71721
Arop,32.72882,70.25457
Arpoi,34.36767,72.84856
Arsal Kot,32.715,70.11667
Arsala Kalle,32.95477,70.58928
Arsala Khan,32.57649,71.03779
Arsala Khan Islam,32.9631,70.48829
Arsala Khan Kalle,34.25165,71.83169
Arsha Khan,34.3217,71.94898
Arshadabad,34.04073,71.52472
Arshi,34.74264,73.24277
Artanawa,34.66655,71.72997
Aru,34.55656,73.28504
Aruda,34.1016,72.84842
Arwalai,34.53389,71.66023
Arwar,33.98323,73.43665
Arwaza,33.88732,70.33588
Arzanao,34.59912,71.09531
Arziman,33.00071,70.52974
Asad Anwar Colony,34.007,71.5939
Asad Khel,32.82998,70.05675
Asad Ullah,34.99897,72.07309
Asad Ullah DIrvi,34.99901,72.07318
Asad Ullah Khan Dirvi,34.99908,72.07331
Asadabad,34.03835,71.58309
Asal Badshah,33.27,70.26925
Asala,34.97959,72.46788
Asaldad Kalle,32.95537,70.49988
Asalmir,32.95698,70.49664
Asan Sar,35.0096,72.38737
Asara,34.28238,72.20976
Asarak,34.81758,71.76856
Asarmara,35.12624,71.8114
Asat,32.88402,70.67073
Asat Banda,32.4229,71.01561
Asegai,34.83043,71.99544
Asghar,34.72711,71.32604
Asghar,34.34615,72.67418
Asghar,34.42727,71.67414
Asghar,35.0249,71.82864
Asghar Ali Koruna,34.248,71.92499
Asgharabad,34.00572,71.9501
Ash Khel,34.11347,71.1535
Asha Khel,33.8819,71.99182
Ashaki,32.25106,70.33513
Ashan Ghur Ghari,35.916,71.57108
Ashanagro Koto,34.10773,72.24517
Ashanka,35.11199,72.6034
Ashaq Banda,34.87411,72.04518
Ashar Garai,34.76002,72.46796
Asharai,34.68752,72.71338
Asharai,34.96352,72.57531
Asharai,34.76093,72.98799
Asharai,34.68736,72.71657
Asharai,34.35853,72.57776
Asharai,35.17531,71.80163
Asharai,34.85174,72.55983
Asharai,34.67032,72.82039
Asharai Banda,34.89331,72.19153
Asharai Banda,34.75262,73.01107
Asharai Kalash,34.68844,72.84177
Asharai Patai,34.65867,72.65796
Asharai Sar,34.76628,73.01477
Asharai Sar Banda,34.62275,72.61971
Asharai Sar Banda,34.69746,72.68153
Asharbanr,34.86151,72.49185
Asharbanr,34.91479,72.35145
Ashare,35.0191,72.46058
Ashare,35.01553,72.38159
Ashari Gat,34.86494,71.87816
Ashari Manzai,34.88833,72.0525
Asharkot,34.77199,72.70865
Asharo,34.72828,72.72857
Asharo Paiza,34.82978,72.47656
Asharopatai,35.41577,72.60844
Asharopatoi,35.40986,72.6035
Asharosar,34.67685,72.76827
Ashe Kor,34.18619,71.45047
Ashera,34.27839,72.82109
Ashikt Colony,33.55305,71.45317
Ashizo Maira,34.54652,72.37092
Ashka,34.51258,71.72162
Ashkarai,32.64936,70.4041
Ashkin,35.23808,73.13226
Ashkot,34.52495,72.84767
Ashpari,32.26598,70.42511
Ashqi Banda,34.42298,71.8387
Ashraf,34.33611,72.63611
Ashraf Abad,33.54594,71.53017
Ashraf Khan Kot,32.07929,70.21326
Ashraf Khel,34.10975,71.17116
Ashraf Khel Mela,33.18614,71.70533
Ashraf Nmasai,33.7359,70.66244
Ashrafia Colony,34.02964,71.5806
Ashrait,35.48137,72.02088
Ashret,35.43206,71.74515
Ashro Sar Bānda,34.89861,72.71667
Ashrogai,34.96801,71.86614
Ashur Shal,36.51708,72.45509
Ashwal,34.63493,73.16545
Asi Khel Pakha,33.72864,70.92945
Asif Kalle,34.27965,71.95748
Asif Khel Payan,33.6317,71.78549
Asigaitar,34.86518,71.95859
Asil,34.83219,72.00636
Asilo Banda,34.89572,71.61738
Asilo Kalle,34.36979,71.67171
Asinra,34.64084,72.67718
Askalam,35.98383,71.56977
Askan Lasht,36.59455,72.53695
Askro Dheri,34.25738,71.77537
Aslam Dheri,34.04216,71.54569
Aslam Khan Kalle,34.44208,71.9917
Aslam Khan Koruna,34.23043,72.0358
Aslam Khan Kot,32.10782,70.1869
Aslam Kili,34.22349,71.82934
Aslamabad,32.07213,70.42322
Aslamabad,33.81582,72.01901
Aslamabad,34.00636,71.58875
Aslamabad,33.99663,71.56553
Aslamabad,33.84983,71.59375
Asman Banal,35.68624,72.66686
Asman Banda,34.97763,71.7579
Asman Banda,34.85021,71.74215
Asman Banda,35.67554,72.61171
Asman Banda,35.09596,72.15792
Asman Banda,34.99325,71.7448
Asmani Baihk,35.3985,73.08925
Asmat,32.86109,70.69515
Asmatullah Kalle,34.08286,72.08839
Asmatullah Khan Banda,34.25526,72.44278
Asnari,34.85148,73.20457
Aso Banda,34.84783,72.09954
Asodarra,34.58581,72.28781
Asoka,34.35425,73.18024
Asomina,34.31209,71.45995
Asota Sharif,34.23762,72.34318
Aspaba,32.59778,70.30222
Aspan Dheri,34.19894,71.8089
Aspanr Kalle,34.79899,72.15704
Aspanter,34.78431,72.1147
Aspar,35.36798,71.70814
Aspar,35.64544,71.69959
Asparla Khan,32.78431,70.74742
Asperdar,35.0199,71.91513
Asrit,35.35999,72.60285
Assui Khel,33.81027,72.0413
Astanni Kili,33.13304,70.07252
Astar,34.29821,72.12405
Asu Ram,32.80861,70.73417
Asugai,34.27379,71.62773
Ata Jawar,34.38964,71.24019
Atag Khel Killi,33.08063,69.88083
Atak Banda,34.78554,71.92962
Atako Banda,32.83749,71.0085
Atam Khel,33.73174,71.68384
Atam Kili,34.45243,71.06376
Atani,35.74151,71.76718
Ataro Kalle,33.72602,71.5164
Atashi Machan Khel,32.69271,70.89772
Atchiku,35.7391,72.0078
Ateran,34.91557,72.48183
Athani,34.25215,72.92366
Athog,32.34577,71.23272
Atir,34.56171,72.96234
Atir,34.59489,73.00973
Atish Khel,34.3962,71.43614
Atk,34.2046,71.58375
Atkai,34.8672,71.54033
Atogai,34.57995,72.6658
Atrango,35.25478,71.82226
Atropi,36.33106,72.28921
Atsar,35.23722,72.45194
Attak,32.86778,70.59333
Attar,32.47944,70.0725
Attar Sheesha,34.39522,73.30742
Attar Shisha,34.39143,73.31099
Attaullah,34.35685,72.58118
Atteran,33.86395,73.21947
Atu,34.92332,71.78041
Atu Ram,32.80611,70.74111
Auchhai,35.23237,73.19953
Aud,33.83754,70.3423
Audal Nawan,32.20454,70.55691
Audh,33.72405,70.52495
Audit Colony,33.98984,71.5593
Aujeh,35.02112,73.17882
Aulai,34.56147,71.42654
Auli Kili,32.34052,70.14323
Aur Ghar,34.48648,71.67207
Aura Kor,34.6212,71.43297
Aurana Larai,34.56756,72.91076
Aurang Banda,32.86667,71.03333
Auranga Kalle,33.76967,70.40564
Aurangabad,34.00504,71.71761
Aurangabad,34.16463,72.42582
Aurgarh,34.81024,72.04813
Auriakhel Banda,35.15302,72.09401
Awach,36.50756,72.54183
Awai Khoi,35.45975,73.3661
Awai Shah,34.9852,72.37955
Awaizi,32.86979,70.57646
Awal Din Kalle,34.28213,71.68867
Awal Khan Kili,34.11532,71.09224
Awalai,34.94431,72.85228
Awalsher Koruna,34.18383,71.40032
Awan,32.02233,70.96254
Awanabad,31.83813,70.90843
Awanai,34.62816,72.66344
Awang,35.70955,71.70284
Awar,34.82818,72.99598
Awar,35.03568,72.25202
Awarai,34.99866,71.85448
Awarai,35.13421,72.51025
Awarai,35.04272,72.3163
Awarai,34.5418,72.84475
Awarai,34.99395,72.26014
Awarai,34.82174,72.94426
Awarai Banda,34.63641,71.63353
Awarkai,35.00063,71.8508
Awaro,34.54683,71.58744
Awaro,34.95028,71.75406
Awas Khan Kalle,34.27236,71.77621
Awaz Kalle,33.01561,70.82123
Awe Ghariba,33.65088,71.76242
Awera Banda,34.9697,71.92831
Awesach,35.17953,73.59338
Awi,36.26573,72.3384
Awi,36.00955,71.75947
Awi,36.16351,71.97838
Awi Biar,36.28333,72.29918
Awi Lasht,36.27648,72.31497
Awi Shah,34.85448,71.41711
Awi Shah,34.79703,72.11406
Awidarra,33.85946,70.41819
Awikas,34.92968,71.87023
Awonra Banda,35.0033,71.92539
Awous,35.42183,73.07909
Awwal Khan,32.48495,70.06348
Awārai,35.075,72.37222
Aya Khan,32.90478,70.92016
Ayar,33.73464,70.64764
Ayaz,32.87722,70.77028
Ayaz Khan,33.02926,70.5336
Ayaz Khan,32.76174,70.76009
Ayaz Khel,33.55276,70.87693
Ayip,32.50417,69.93316
Ayorai,35.14238,71.78954
Ayub Khan,32.94599,70.74068
Ayub Khan,34.25309,71.98862
Ayub Khan Kalla,32.941,70.89815
Ayub Khan Kalle,34.10487,72.2549
Ayub Khel,32.62811,70.48041
Ayub Khel,33.92236,71.02689
Ayubia,34.02872,73.40741
Ayun,35.72541,71.77277
Ayun Ghari,36.333,71.66996
Aza Khel,33.80083,71.62149
Aza Khel Bala,33.99611,71.85718
Aza Khel Payan,33.98972,71.88308
Azad Banda,33.32079,71.204
Azad Banda,35.10898,72.43835
Azad Dam,35.56471,71.81401
Azad Khan,32.77095,70.7476
Azad Khan Kili,34.14217,71.43838
Azad Khel,32.64254,70.4577
Azad Khel,32.65447,70.49426
Azad Mandi,32.97762,70.54578
Azadai,35.13807,71.95539
Azalmir Kot,32.71326,70.00701
Azam Abad,34.14003,71.42016
Azam Khel,33.79025,70.74205
Azam Warsak,32.28772,69.41375
Azar Khel,33.06735,71.40462
Azat Khan Kalle,34.35589,71.92423
Azghan Sar,34.54518,71.64405
Azgharai,34.78535,72.45915
Azgharai,33.18063,70.58465
Azgharon Banda,33.48655,70.97111
Azgolu,35.69722,72.15887
Azharlat,35.19294,73.73975
Azhdar,32.64087,69.94205
Azhpi,36.22038,71.70945
Azim,32.25139,70.65722
Azim Gul Mian Kalle,34.15523,71.81778
Azim Kalla Jadid,32.9213,70.92203
Azim Khan,32.82861,70.695
Azim Khan Kili,34.29333,71.68694
Azim Killa,32.44459,70.802
Azim Marmandi,32.79511,70.82249
Azim Mian Koruna,34.31579,71.81152
Azimabad,34.08555,71.91056
Azimabad,34.24257,71.90261
Azimabad,34.14719,71.8735
Azimi Banda,33.43803,70.82676
Aziz Banda,33.50082,71.72909
Aziz Dheri,34.24387,72.39135
Aziz Khan,32.66756,70.55598
Aziz Khel,33.81986,70.63067
Aziz Khel,32.75225,69.86156
Aziz Khel,33.08746,70.20741
Aziz Khel,32.97388,70.17054
Aziz Khel,32.98078,70.18331
Azizabad,34.12574,71.86865
Azizabad,34.22955,73.27921
Azizabad,34.14567,73.32617
Azizbang,34.14443,73.33323
Azizi Kalle,33.82197,70.11388
Azizo Kalle,33.51881,70.358
Azizo Mela,33.94946,70.21865
Azizpur,33.10602,73.69187
Azki Kalle,33.81804,70.05573
Azmarai,34.32774,72.24858
Azmat,32.94133,70.67621
Azmat Khel,32.29205,70.23414
Azmre Khue,34.57718,72.70743
Azurbekandeh,35.60009,71.83868
Azurdam,35.58886,71.82545
Azīm Bānda,32.68694,70.84306
Aūr Sadri,34.15,72.31667
Bab,34.60961,72.93114
Bab Kili,34.81465,73.02133
Baba,34.61139,71.96664
Baba Gam,35.03444,71.78901
Baba Jor,34.60114,71.1806
Baba Khattak,34.41714,72.07369
Baba Sahib,35.4317,72.212
Baba Sar,34.4601,71.57263
Babai,34.89737,72.84112
Babai Banda,34.89243,72.83091
Babail,34.94222,71.5125
Babaini,34.26094,72.0994
Babaji Kalle,34.1025,71.89528
Babaji Kalle,34.06189,72.03157
Babaji Sarai,34.24018,71.89034
Babakrai,34.18885,71.69127
Babalai,33.18572,70.37902
Babar,35.00469,71.85133
Babar,35.5398,72.66692
Babar,33.89999,70.56208
Babar,31.57335,70.76997
Babar Banda,34.29627,72.29894
Babar Gatkai,34.55917,71.07601
Babar Kalle,32.96448,70.56606
Babar Kalle,32.93033,70.65837
Babar Kalle,33.30211,70.53242
Babar Karwanda,33.15827,70.07327
Babar Kas,33.87076,71.22858
Babar Khel,32.93187,70.28866
Babar Mela,33.54877,71.12457
Babar Qala,34.07303,72.05965
Babart Gul Katskai,32.85307,69.48619
Babasar,34.48444,71.55778
Babbari,33.89852,70.32908
Babbi,31.67784,70.71129
Babbi Khel,33.55649,70.90644
Babi Jadid,34.01787,71.73701
Babi Mela,33.97186,70.02316
Babi Nao,34.01274,71.73793
Babkarai,34.81105,71.96641
Babo Dehri,34.1765,72.2251
Babo Kale,35.02161,72.00978
Babra,34.76667,71.28514
Babral,34.46674,73.11625
Babri,32.98524,71.17135
Babri Banda,33.53639,71.56313
Babro Pakha,33.72376,70.51355
Babu Garhi,34.02309,71.5393
Babu Jan,32.97489,70.61564
Babu Kalle,32.99892,70.5851
Babu Kalle,34.53584,72.44143
Babu Khel,33.63802,71.67448
Babu Meno,34.52479,71.49581
Babun Khari,34.98512,73.94105
Babun di Basti,34.99167,73.94028
Babutri,33.84538,73.05203
Babuzai,34.83664,72.13048
Babuzai,34.41474,72.16662
Babuzai,34.10333,71.58564
Babuzai Bala,35.41502,71.95093
Babuzai Kalle,35.39977,71.95918
Babuzai Payan,35.40832,71.9562
Babuzi,33.6788,71.54172
Babuzo Pakha,33.71857,70.64325
Bach Bangla,34.70575,73.15723
Bach Paichwal,35.00079,72.26301
Bacha Abad,31.96315,70.28393
Bacha Garhi,34.22346,71.63187
Bacha Kalle,34.20909,71.87074
Bacha Khan Markaz,34.0311,71.56024
Bacha Kote,34.13705,72.53466
Bachagan Koe,34.53045,71.39659
Bachagano Banda,34.54558,71.38751
Bachak Khel,32.4179,70.42136
Bachakai,32.81134,70.50248
Bachaklana,35.61047,71.90103
Bachakot Banda,34.56762,72.17231
Bachi Muhajir Camp,34.74498,71.4818
Bachkan Ahmadzai,32.6658,70.70539
Bachoi,35.42993,73.6269
Bachoi,35.48382,73.6145
Bachorai,35.04762,72.36968
Bachurgaz,36.46529,72.11687
Bad,34.70328,73.30899
Bad Khan,34.82355,73.04905
Bad Rangi Kalle,33.01498,70.74832
Bad Shah Khan Kot,32.08083,70.15706
Bad Shahi,35.06014,72.49234
Bad Ziarat,33.79263,71.55912
Bad-i-Samur,34.74816,71.46504
Bada,34.16706,72.70243
Bada,35.39205,72.16679
Bada,34.78554,71.51565
Bada,35.60075,71.92614
Bada Mir Abbas,32.9383,70.62208
Bada Shah Muhal,34.66691,72.34026
Badal,35.22256,72.63382
Badal,33.03563,69.60747
Badal,34.37212,72.93434
Badala,34.16663,73.47903
Badala,33.88079,73.22315
Badalai,35.1451,72.56348
Badalai,34.83315,71.43506
Badalgran,34.7244,73.63093
Badalzo,34.83304,71.65066
Badam Banda,34.39264,72.22665
Badam Shah Warzah,32.73065,69.72596
Badama,33.72847,70.38009
Badama,34.5315,71.69393
Badama,33.88755,70.19624
Badame Kalle,33.68932,70.77478
Badami,35.07854,72.13611
Badan,33.75803,70.80705
Badan Bala,34.26863,72.92599
Badan Kalle,32.98667,69.52996
Badan Khel,33.08319,70.64072
Badar,34.53108,72.83101
Badar Kanai,35.36331,71.95757
Badar Kanai Bartda,35.36212,71.93071
Badarga,34.22006,71.82956
Badarkhel,33.09278,69.59583
Badarzai,33.8076,70.14118
Badbher,33.92317,71.56084
Baddher,35.22961,72.5052
Bader,34.35556,72.55
Badga,34.22484,72.6141
Badghar,33.77028,70.8651
Badgiran,34.21563,72.91135
Badh,33.87602,70.6172
Badh,33.86361,70.63689
Badh Ghakhay,34.48902,71.79854
Badha Khel,33.83747,70.16696
Badhan,34.42997,73.28566
Badhar,33.91142,73.19811
Badhar,33.38729,73.5921
Badhber,33.81028,71.72127
Badhgaran,34.61385,73.25166
Badhiar,34.04874,73.37731
Badho,34.03826,72.86983
Badhoura,34.22521,72.90662
Badhu,34.03644,72.34355
Badi,33.91086,71.06082
Badi,33.79346,70.885
Badi Baraki,32.63847,69.5571
Badi Kalle,34.2118,71.50653
Badi Khel,32.98051,69.97144
Badi Koruna,34.1867,71.47031
Badi Silai,34.79498,71.41288
Badial,34.1581,73.10312
Badin,34.93306,71.66778
Badin Bala,34.11932,71.62189
Badin Katskai,32.58063,70.34309
Badin Khan Kalle,32.15297,69.31663
Badin Khel,33.12553,71.31897
Badin Miana,34.12057,71.62618
Badin Payan,34.1198,71.63464
Badinai Banda,33.22862,70.93018
Badisai,34.37583,71.33697
Badizaghan,34.80208,71.64085
Badkul,34.81362,72.9728
Badlagai,33.03931,69.62829
Badman Pain,34.27603,72.93559
Badni Khel,32.42579,70.41593
Bado,34.71632,71.62878
Bado Shah,34.39458,71.42025
Badogai,34.57057,72.33001
Badowe,35.70748,71.70366
Badr Khel,32.98928,69.63061
Badra,34.03548,71.56211
Badraga,34.47364,72.72093
Badraga,34.38635,71.85344
Badraga,34.50077,72.64079
Badraga,34.38606,71.83836
Badrage Kalle,34.16984,72.32694
Badran,35.41935,72.23418
Badrano Sar Banda,34.6454,72.73925
Badrashni,33.99105,72.00858
Badreri,33.96472,73.34296
Badrhalali Banda,34.41691,73.02101
Badrocha,34.52658,73.21917
Badshah,34.2855,71.83377
Badshah Gul Kili,34.06202,71.46414
Badshah Khan,32.54954,69.59429
Badshah Khan Kot,32.96745,70.24363
Badshah Kot,33.47406,70.38907
Badshah Mela,33.51559,71.60636
Badshah Men,34.10529,71.10786
Badshani,34.16197,72.36455
Badu,34.05475,72.82737
Badu,33.12744,71.69857
Badugal,35.47722,71.74246
Badupatai,34.81639,71.98801
Badwai Banda,35.47329,72.31379
Badwai Banda,35.49603,72.33163
Badzai Kalle,32.55413,70.27551
Bafar Khel,33.91392,70.90199
Baffa,34.4377,73.22368
Baffa,34.29099,72.88803
Bafta,34.59166,71.26193
Bafurd,33.44156,73.71822
Bagah Banda,34.54486,71.77685
Bagal Char,34.39218,73.3426
Bagal Khel,33.00067,70.33558
Bagan,34.02773,73.34053
Bagandail,34.94028,71.52167
Bagar,34.63849,73.34301
Bagar,34.56938,72.71101
Bagar Khel,32.96228,70.93677
Bagara,34.58349,72.65709
Bagarian,34.5623,73.0117
Bagarmal,34.09475,73.2789
Bage,34.4049,72.4101
Baget,34.64669,71.9917
Baggan,33.49868,70.38052
Baggan Bela,34.61183,73.23612
Bagh,34.9858,71.8547
Bagh,34.43437,73.41979
Bagh,34.62492,71.65559
Bagh,34.70853,71.65384
Bagh,34.84817,72.11977
Bagh,34.73284,72.41406
Bagh,33.61565,71.70069
Bagh,33.80345,70.93772
Bagh,34.10047,73.29925
Bagh,33.83118,73.03195
Bagh,33.81203,70.74723
Bagh,34.88808,72.08251
Bagh,34.55533,71.22366
Bagh,35.08926,72.03457
Bagh,34.72291,72.42402
Bagh,34.73011,71.79957
Bagh,33.60063,70.57765
Bagh,33.8853,70.67515
Bagh,34.2948,72.47315
Bagh,34.60342,73.26508
Bagh Bak,35.08853,73.053
Bagh Banda,35.00637,71.82055
Bagh Banda,34.87145,72.01744
Bagh Darra,34.13887,73.07721
Bagh Derai,35.05375,72.47347
Bagh Kalle,34.36107,71.82689
Bagh Kalle,33.64368,70.43472
Bagh Kili,34.15895,71.24993
Bagh Koruna,34.22976,72.06264
Bagh Maira,34.10795,73.31361
Bagh Mian Khel,33.82033,71.5902
Bagh Nagar,33.57696,71.45502
Bagh Rajai,34.60497,71.82806
Bagh Sar,33.17082,70.53413
Bagh Seri,35.56349,72.88424
Bagh-e-Irum,34.18967,72.0289
Bagh-i-Surmai,33.59393,70.59064
Baghal,33.86204,70.31571
Baghal,32.95075,70.48823
Baghar,32.5049,69.31318
Bagharai,33.85186,70.89238
Bagharo,33.57413,70.89662
Bagharya,33.67343,70.61957
Baghban Wanda,32.75945,70.89562
Baghbanan Bazar,33.90799,71.69588
Baghbanan Garhi,33.92436,71.68424
Baghdara,34.24685,72.91488
Baghdarra,33.93802,72.69329
Baghi Tangai,34.49258,71.45775
Baghicha,34.22852,72.21427
Baghicha Dherai,34.21809,72.20885
Baghpur Dheri,33.80399,73.0644
Baghrai,34.92551,71.76348
Baghrai,33.89967,70.63991
Baghrey,33.76933,71.30092
Baghri,32.40109,71.0972
Baghro,35.19503,71.78161
Baghsar Banda,34.89754,72.07044
Baghuna,34.13401,72.89609
Baghuno,34.04524,72.76939
Baghwai,34.47994,73.26907
Bagi Darra,34.00711,72.75237
Bagiana,34.92863,72.8421
Bagiar,34.74174,72.702
Bagiari,34.00997,71.31392
Bagir,34.66988,73.37133
Bagla,34.69622,73.12234
Bagla,33.83041,73.1132
Bagla,34.17473,73.36614
Bagla,34.25798,73.44589
Bagla,33.85575,73.22103
Bagla,33.97867,73.27469
Bagla,33.87059,73.30739
Bagla,33.88122,73.27266
Bagla,34.4258,72.95179
Bagla,33.85299,73.11143
Bagla Dhaka,34.04602,73.29147
Baglela,34.72118,72.67053
Baglela,34.71248,72.65848
Baglian,33.8771,73.27598
Bagnar,34.94102,73.6925
Bagnarra,34.78162,73.64468
Bagni Banda,32.65138,70.9136
Bagnotar,34.12577,73.34098
Bagnu,34.61132,73.21627
Bagnu,34.84428,73.55067
Bagnu,34.65796,73.14384
Bago Dherai,34.67969,73.0495
Bago Kandao,33.90844,70.2527
Bagolai,34.84331,72.46836
Bagor,34.27234,72.44606
Bagra,34.5866,72.51531
Bagra,33.97588,73.07847
Bagra Banda,34.6614,72.39835
Bagra Maharidri,34.68809,73.57775
Bagrai,32.97956,71.15979
Bagran,33.80378,73.04921
Bagro,35.40183,72.95756
Bagrun,35.41571,72.93847
Bagta,34.12986,73.43255
Bagwal,32.11142,70.52124
Bagwal,34.38662,72.8891
Bagwal Bandi,34.13413,73.10527
Bagwal Kals,34.09915,73.45651
Bagwani Janubi,31.75206,70.68966
Bagwāni,32.12193,71.02916
Bagzai,33.53014,70.33372
Bahadar Kalle,34.2671,71.95237
Bahadar Khan Kalle,34.81055,71.70054
Bahadar Khel,32.31561,70.31411
Bahadar Koruna,34.34734,71.85591
Bahadar Kot,33.55207,71.48554
Bahadari Mela,33.59659,71.10922
Bahadari Wanda,32.20366,70.7882
Bahader Khel,33.07632,69.89391
Bahadur Banda,35.53603,71.96941
Bahadur Banda,35.06436,72.35312
Bahadur Banda,33.55009,71.10739
Bahadur Kalle,33.96774,71.5525
Bahadur Kalle,32.98981,70.59463
Bahadur Khan,34.5312,72.9564
Bahadur Khan Kalle,33.02209,70.61218
Bahadur Khan Kalle,34.27992,71.69797
Bahadur Khan Kili,34.20139,71.93556
Bahadur Khan Kotal,34.36681,72.26885
Bahadur Khel,33.05632,69.63327
Bahadur Khel,33.91354,72.00636
Bahadur Khel,33.18187,70.95535
Bahadur Khel,32.62709,69.82456
Bahadur Khelo Charai,35.18134,72.64952
Bahadur Qala,34.66616,71.12516
Bahadurpur,33.7832,72.86752
Bahar Kale,33.96921,71.56867
Baharistan,34.12492,71.60848
Bahawal Banda,32.25283,70.67896
Bahawal Banda,32.39167,71.05833
Bahawal Kalle,32.71677,70.72448
Bahawal Khan,31.73753,70.88738
Bahawal Khojari,32.88812,70.66229
Bahawalgran,33.45602,71.49131
Bahga Dab,35.28139,71.60644
Bahisti Arkari,36.16391,71.58745
Bahlolo Bala,34.25163,71.84284
Bahlolo Payan,34.25025,71.8513
Bahniūm,35.44944,72.61639
Bahrain,35.20926,72.5485
Bahram Darra,34.79705,72.61867
Bahram Kalla,32.96513,70.87246
Bahram Khel Banda,32.86414,71.01809
Bahram Shah,32.90667,70.50778
Bahramkai,34.81198,72.05843
Bahu,34.26852,72.43072
Bahu Bandi,34.32498,73.09333
Bahu Khel,32.37445,70.85293
Bai,34.29067,72.94058
Bai,34.31804,72.8994
Bai,34.48047,72.98743
Bai,34.32344,73.03038
Bai,33.99841,72.62139
Bai Bala,34.60772,73.10669
Bai Bala,34.48132,72.90576
Bai China,34.74812,71.44241
Bai Dalola Number Two,34.34044,73.39549
Bai Khan,34.41036,72.72165
Bai Mangol,36.16668,71.60405
Bai Pain,34.48647,72.91261
Bai Patai,34.81211,72.20547
Bai Tarli,34.54165,73.13408
Bai Utli,34.48348,72.90553
Baian Ahmad Ali Khan,34.05241,73.03103
Baico,35.47749,73.58645
Baidar,36.27034,71.67404
Baidarra,34.96037,72.43995
Baidlaitisaiti Goshti,36.09931,71.27818
Baidra,34.3353,73.12244
Baihk,35.54156,73.05204
Baihk Chhalian,34.90745,73.56041
Baihk Dug,34.88331,73.57456
Baihk Gatti,34.94678,73.58472
Baihk Gatti,34.90743,73.55011
Baihk Mahli,34.9203,73.57399
Baihk Mal k Seri,34.90495,73.51964
Baihk Mir Zaman,35.08995,73.92849
Baihk Shet Zaman da,34.93082,73.57456
Baik Khan Kili,32.33456,70.12462
Baik Khel,32.99381,70.86729
Baika Banda,34.55279,71.80432
Baikh Maira,34.57447,72.79453
Baikhni,36.03571,71.57828
Baikriam,34.59003,73.10591
Bail,34.05856,72.81128
Bail,34.19368,72.76972
Baili,35.51287,73.08704
Baili,34.54978,73.38941
Baili Banda,35.65653,72.3925
Baimpur,34.56115,72.70378
Bain,32.45905,70.55917
Bain,31.64028,70.13333
Bain,35.21755,71.8678
Bain Gojri,34.13148,73.11868
Bain Nawasi,33.78099,70.63748
Baina,34.66028,72.64417
Baine Baba Ziarat,34.88619,72.49342
Baini,36.024,72.01488
Bair,35.17053,73.02971
Baira,33.08763,69.68295
Bairai Baba,34.88626,71.86773
Bairam Gali,34.10608,73.09602
Bairgi,32.33552,71.16077
Bairo,34.5889,72.59298
Baisak,34.15766,72.67508
Baishunai,34.63307,72.43135
Bait Ali,32.92989,70.67621
Baitullah Kalle,32.3268,70.37674
Baixale Kamar,32.38008,69.80617
Baiz Murt,36.09214,71.69979
Baizadai,33.66912,70.55112
Baizalai,33.60432,70.58114
Baja,35.17899,73.26414
Baja,34.09938,72.55231
Baja,34.09865,72.29635
Baja Kalle,34.21245,71.99195
Bajan Khulla,32.64616,69.70817
Bajanbaura,34.59329,73.32899
Bajar,34.63272,73.20499
Bajauro,34.75739,71.89087
Bajauro Banda,34.79107,71.91357
Bajawara Kalle,34.35252,71.73956
Bajawre,35.33112,72.11813
Bajezo Banda,34.84418,71.45041
Baji,32.70289,70.66455
Bajibang,34.41045,72.96212
Bajida,34.04246,72.94226
Bajjan Bera,34.82522,73.18615
Bajji Khel,32.95836,70.30458
Bajkatta,34.46676,72.56097
Bajmori,34.48338,73.41027
Bajna,34.47444,72.98633
Bajna Maira,34.44941,73.22595
Bajno,34.45086,73.25318
Bajor Koruna,34.15765,71.87731
Bajori Gate,34.00773,71.56008
Bajoro Kalle,34.35375,71.73291
Bajrian,33.86918,73.29863
Bajur Kalle,34.25946,71.83918
Bajwa,34.73063,72.60682
Bakai,34.65827,71.35861
Bakal Khel,33.68507,71.65837
Bakamak,35.82539,71.76974
Bakand,34.69148,72.00702
Bakanran,34.87819,72.46506
Bakanran,34.68095,72.68539
Bakar,34.62679,72.45607
Bakar,34.18069,72.41863
Bakar,34.70203,72.39295
Bakar Garhi,33.73419,70.8074
Bakarabad,35.81678,71.78268
Bakarai Kalle,34.39864,71.86892
Bakarial,34.41265,73.28637
Bakaro,34.79778,71.33679
Bakaro Kandao Ziarat,34.14363,71.31916
Bakarro Banda,33.47599,70.89335
Bakarwali,34.72477,73.1098
Bakh Banda,34.81829,72.82047
Bakh Maira,34.39081,72.685
Bakha,33.92594,70.64982
Bakha Banda,33.27918,70.93521
Bakhmal Ahmadzai,32.66163,70.6321
Bakhmal Shah,34.59239,71.44261
Bakhmal Shah,34.65084,71.23491
Bakhmat,33.25303,70.50847
Bakhshali,34.2836,72.15042
Bakhshi Pul,34.06117,71.58534
Bakht Amin,34.71429,72.2737
Bakht Bulanda,34.6604,71.87397
Bakhta,32.4838,69.88563
Bakhta Kili,33.90306,70.59671
Bakhtai,33.85192,71.89088
Bakhtanai,32.05089,69.40218
Bakhtiar Kalle,34.31254,71.8705
Bakhtiar Khan,32.82889,70.75889
Bakhtiyar Gara,31.87417,70.28361
Bakhtiyar Khan,32.85722,70.75306
Bakhtu Mor,36.26508,71.55469
Bakhtuli,35.98973,71.81506
Bakhu,32.17417,70.61
Bakiana,34.82717,71.94192
Bakiana,34.2139,71.90924
Bakiana,34.16732,71.64036
Bakiana Kalle,34.10917,72.28939
Bakiona,34.17687,72.56973
Bakirai,32.72392,69.51193
Bakka,33.78213,73.0229
Bakka Khel,32.9726,70.50173
Bakki,34.57762,73.23909
Bakki,34.6874,73.31818
Bakki Banda,35.24971,72.84037
Baknai,35.04225,72.11592
Baknai,35.40722,72.59583
Bakol Khel,32.96229,70.76278
Bakor Bala,35.03782,72.34591
Bakor Banda,35.04799,72.35608
Bakot Sharif,34.1074,73.48344
Bakra,34.42637,72.77947
Bakrai,34.518,72.84965
Bakrai,34.51605,72.8239
Bakrai,34.41263,72.36628
Bakrai,34.92096,72.91313
Bakrai Kalle,34.16362,71.98568
Bakri Banda,34.17029,71.98453
Bakri Khel,33.04253,71.11314
Bakriala Oba,34.80204,72.99087
Bakrian,34.33631,73.28978
Bakrian,34.52994,73.05151
Bakro,35.1044,72.55568
Bakro Banda,34.66631,71.62495
Bakro Banda,34.42489,72.6724
Bakro Dheri,34.41206,71.6375
Bakruno,34.41581,71.52037
Baksar,35.24029,72.66508
Baktar Banda,33.59038,71.37294
Baku Dheri,34.21548,72.08411
Bakza,34.06269,71.36326
Bal Dhand,34.09752,72.26189
Bal Ghadayad,33.88356,73.27913
Bal Mar,34.39514,73.05841
Bala,35.53763,72.59412
Bala Dog,35.33783,71.97536
Bala Garhi,34.22765,72.15069
Bala Hisar,35.8334,71.76779
Bala Khel,32.89277,70.47374
Bala Khel,33.01947,70.65935
Bala Kot,36.34014,72.29665
Bala Kot,34.85631,72.57021
Bala Pir Ziarat,34.54795,73.35657
Bala Tang Sar,35.26199,71.97767
Balach,35.87655,71.79042
Baladesh,35.76363,71.69972
Balagan Banda,34.89311,72.22744
Balagat,34.80161,72.70035
Balagh,33.84674,73.20775
Balah,34.02579,72.74768
Balahri,34.32543,72.92457
Balahri Jabba,34.32064,72.92527
Balai,34.74899,72.56007
Balai,35.34485,72.66217
Balai Banda,34.81776,72.86248
Balai Banda,34.89416,72.8221
Balai Sar,34.69901,72.85578
Balakot,34.55443,73.34791
Balakot,35.32543,72.6049
Balakot,34.92714,71.8166
Balalai,34.89502,72.4447
Balambat,34.83017,71.82952
Balamkhar,34.8477,71.5219
Balana Pakhe,33.78183,70.76439
Baland Kalle,33.14791,71.28243
Baland Khan,33.50847,70.96727
Balanda Kalan,34.26089,72.89316
Balanda Khurd,34.26266,72.88037
Balang Zin,33.08067,71.08562
Balanni Mela,32.95,71.15
Balasur,35.01211,72.37038
Balat,34.97444,72.25324
Balau,34.71961,72.37254
Balay Baba,34.89242,72.68311
Balborai,34.65248,72.94606
Balda Nakka,34.6072,73.41321
Baldher,34.00519,73.09007
Baldheri,34.25136,73.2179
Baleja,34.72409,73.19575
Baleja,34.69784,73.1974
Baleran,34.69036,72.92109
Balesh Khel,33.72611,70.32651
Baletra,33.2653,73.62227
Balgran,34.51966,73.38319
Balhag Bala,34.27569,73.11647
Balhag Pain,34.28344,73.10737
Bali,31.95934,70.93832
Baliamin,33.56593,70.31174
Balian,34.35612,73.16503
Baliana,33.7137,70.76779
Balianai,34.63383,73.07737
Balianai,34.63732,73.09027
Balich Khel,32.94764,70.87104
Balil Khel,32.83027,70.32566
Balilai,34.37755,72.29306
Balim,36.07012,72.43959
Balimang,34.62962,73.14617
Balkanai,35.02975,72.75215
Balkhi Koruna,32.49941,70.77966
Balkhu,33.97054,73.22806
Balkon,35.16337,73.04861
Balkot,34.59654,72.8303
Balkot,33.71925,71.03936
Ballogram,34.7587,72.31141
Ballu,34.83664,71.95077
Balluwal,32.29167,71.15
Balo Kalle,34.63428,72.18501
Balo Khan,34.59575,72.44293
Balo Khan,35.04731,71.82926
Baloch,33.03534,70.34191
Baloch Banda,33.0332,70.94018
Baloch Banda,33.05764,70.94581
Balochan di Basti,31.45854,70.76935
Baloda,34.99197,71.64489
Balogai,34.42329,71.59425
Balola,34.42796,71.60634
Balola,34.43281,71.60939
Balola,34.44406,73.35513
Balolai,34.75548,71.54147
Balolia,34.17144,73.40514
Balpanj,35.73019,71.98953
Balsehra,34.38031,72.69643
Balthi,33.3253,73.61697
Balu,34.01219,72.39086
Balu,31.71227,70.71011
Balu,34.76753,72.70396
Balu,34.82401,71.95156
Balu,34.0225,71.72062
Balu Khel,32.45364,70.48302
Balu Khurd,31.70796,70.71735
Balucha,34.78958,73.15493
Baluchabad,34.0485,71.60154
Baluchabad,32.1827,71.07089
Balungai,34.15891,72.75262
Balurr Garhi,33.97979,71.70209
Balyamina,33.50582,70.90847
Bam Khe,34.09985,72.52891
Bama Dherai,34.46861,71.91674
Bambe,34.59723,72.66472
Bambolai Kalle,34.76898,72.12466
Bami,34.67855,72.65789
Bamilai Banda,34.82515,72.93527
Bamma,33.5295,71.37377
Bamochhi Kalan,34.19932,73.09435
Bamochhi Khurd,34.19655,73.10054
Bamozai,34.17262,71.65979
Bampattian,34.66381,73.50562
Bampokha,34.51234,72.28499
Bampokha,34.81668,71.63795
Ban,34.90349,73.67142
Ban,34.62493,73.32579
Ban Banda,34.80425,72.87015
Ban Banda,34.84765,72.77103
Ban Bandar,35.06686,72.07985
Ban Dera,35.43536,71.9359
Ban Dhodar,34.59374,73.27847
Ban Ghu,36.05144,71.56956
Ban Khatta,33.95871,73.25157
Ban Kot,34.41736,72.8529
Ban Koti,34.4939,73.11851
Ban Phhora,34.53084,73.3452
Ban Rajgan,33.33684,73.61431
Bana,33.49052,73.62187
Bana,34.83914,73.05506
Bana Kot,35.25886,72.49374
Bana Kot,35.25037,72.49288
Banai,34.9866,71.55799
Banan Khela,35.3426,72.04045
Banara,34.6271,73.0344
Banat,33.93013,71.39522
Banawali,34.70559,73.14385
Banbai,35.50361,73.60611
Band,34.77744,72.35613
Band,34.4838,72.75249
Band,35.05504,73.31724
Band Banda,33.43988,71.78044
Band Banda,34.99631,73.07629
Band Kalle,35.50584,72.59849
Band Khor,35.20418,72.90935
Band Khulla,33.65557,71.86529
Band Kor,34.47091,71.28258
Band Kourai,32.04085,70.90339
Band Patai,34.86791,72.07434
Band Saidan,34.38168,73.39601
Band Sar Banda,35.09384,72.57548
Banda,32.96995,70.06713
Banda,34.44645,73.34997
Banda,34.66825,73.10173
Banda,34.42182,71.72479
Banda,34.81813,71.48804
Banda,34.72796,72.82496
Banda,34.36268,72.57221
Banda,34.70771,72.83106
Banda,34.88594,71.90768
Banda,34.95721,72.03896
Banda,35.02286,71.87074
Banda,34.24454,73.27316
Banda,34.85825,72.59671
Banda,34.56784,73.20248
Banda,34.51871,73.0719
Banda,34.60384,72.66819
Banda,34.69704,73.58811
Banda,34.44288,72.37617
Banda,34.96215,72.55863
Banda,34.14295,72.86247
Banda,34.64386,71.7272
Banda,34.95017,71.8865
Banda,34.80247,71.61156
Banda,35.02551,71.75581
Banda,34.09391,72.89724
Banda,35.0525,71.92833
Banda,34.69942,72.84937
Banda,34.42382,72.46424
Banda,34.62232,73.27109
Banda,34.8688,72.00725
Banda Abdul Samad,33.45926,71.48064
Banda Abduljabar,34.08936,73.21189
Banda Abdullah Khan,33.56519,71.42924
Banda Abdus Sattar,32.61616,70.88999
Banda Ahmad Khan,33.60352,71.35988
Banda Alam Khan,32.56771,70.84758
Banda Ali Khan,32.85918,70.87648
Banda Ali Khan,34.20711,73.21906
Banda Ambri,33.13244,71.29097
Banda Amlok,34.16273,73.18971
Banda Askarah,33.18382,71.34021
Banda Assar,33.13595,71.01143
Banda Atha Muhammad,34.23246,72.14038
Banda Aurang,32.86583,70.86262
Banda Aurangzeb,32.67523,71.05659
Banda Ayaz,32.66628,70.8611
Banda Azad,33.43351,71.82652
Banda Babul Khel,33.03014,71.00479
Banda Bahawali,32.6673,71.03491
Banda Bakhtawar,34.10482,73.00892
Banda Bala,34.16954,71.51934
Banda Baloch,32.6775,70.80062
Banda Balochan,31.87922,70.8753
Banda Baluchan,31.91208,70.91425
Banda Bambali,33.40263,71.46408
Banda Bangakh,34.51915,73.04975
Banda Bara,34.60743,73.0935
Banda Baru,32.52554,71.2237
Banda Batang,34.20289,73.20908
Banda Battar,33.24171,71.26901
Banda Bazdar,34.09488,73.22554
Banda Begran,32.61649,70.81338
Banda Bhatiaran,33.35958,71.41987
Banda Bishigram Dhand,35.08366,72.64917
Banda Bogara,33.00869,71.02981
Banda Bozha,33.30328,71.34124
Banda Busi Dheri,33.51618,71.48862
Banda Chanda,33.00135,71.22132
Banda Chaprai,33.37036,70.74398
Banda Chaprai,33.01094,71.20058
Banda Chapri,33.41483,71.08132
Banda Char Ghari,33.53586,71.41912
Banda Charbara,33.15811,71.00987
Banda Chi,33.54281,70.83214
Banda China,34.96883,72.64106
Banda Dalzak,34.17088,73.21835
Banda Darra,33.39363,71.09863
Banda Dato,34.11138,73.24756
Banda Daud Shah,33.27239,71.18209
Banda Daura Algad,33.1194,71.38678
Banda Dur,33.18854,71.37432
Banda Faqiran,32.81313,71.0316
Banda Faqiri,33.27823,71.30117
Banda Fateh Jan,33.5802,71.4723
Banda Fateh Khan,33.42615,71.33329
Banda Fateh Khan Khel,33.54237,71.40101
Banda Fatu,32.64507,71.05862
Banda Gali,34.20287,73.19012
Banda Ghal,34.75354,72.49057
Banda Ghaus Darra,33.61407,71.79552
Banda Ghazan,34.17503,73.21608
Banda Ghazi Khan,32.4927,71.26587
Banda Ghulam,33.54886,71.5332
Banda Ghurei Khel,33.00361,70.96242
Banda Gia,34.4221,73.12268
Banda Gian,34.47713,73.11045
Banda Gud,33.13249,71.28074
Banda Gul,33.13603,71.27724
Banda Gul,33.13152,71.27192
Banda Gul Amir,32.31964,70.71222
Banda Gulapa,32.72881,71.09221
Banda Gulapa,32.8125,71.0875
Banda Hafiz Ji,34.10203,73.23325
Banda Haji Feroz Khan,32.66831,70.837
Banda Haji Namarkhan,32.85922,71.03343
Banda Hakim Khan,32.70866,71.07
Banda Hakim Khan Birgi,32.67259,71.07006
Banda Hamza,33.09814,71.12161
Banda Hoti,33.21853,71.14404
Banda Hussainabad,33.55469,71.40109
Banda Inayat Shah,33.41781,71.34009
Banda Inzar Payan,33.22529,71.15985
Banda Ismail Khan,32.85629,71.00828
Banda Jahgian,34.20896,73.14788
Banda Jalal Khan,34.17893,73.22294
Banda Jalalabad,33.55918,71.48158
Banda Jandar,32.71209,71.05206
Banda Jangli Khel,32.88102,70.94666
Banda Jindan,34.09417,73.21389
Banda Jogi,32.31287,70.70902
Banda Jogi Khel,33.19745,71.13165
Banda Jungi Khan,32.63361,71.03936
Banda Kallan,32.62537,70.82381
Banda Kalle,34.77227,71.95062
Banda Kandao,35.17049,72.19679
Banda Kanjari,33.1977,71.13017
Banda Karashki,33.0083,71.04451
Banda Karkangai,32.45,71.30972
Banda Karkanna,33.14697,71.34438
Banda Kerachi,32.40353,71.29715
Banda Khair Ali Khan,34.16417,73.18114
Banda Khairwala,32.40417,71.25139
Banda Khan Gul,32.4092,71.00247
Banda Khandoran,32.65238,70.83754
Banda Khawaz,32.66815,70.82167
Banda Khazhobi,33.29561,71.38193
Banda Khiji,32.47455,71.25702
Banda Khoni Khel,33.2071,71.15982
Banda Kurd,33.04477,71.2346
Banda Kutina,32.51314,71.05231
Banda Laghman,32.67306,70.81898
Banda Laiq Shah,33.41173,71.35365
Banda Lal Garhi,33.54816,71.39226
Banda Lamba,34.20748,73.20893
Banda Lamsha Khel,32.65272,71.03687
Banda Lilownai,34.91091,72.69567
Banda Loharan,32.66357,70.79441
Banda Lowarge,33.25449,71.31136
Banda Madin Jan,32.7223,70.88984
Banda Maira,34.88315,72.68314
Banda Mandro,35.23984,73.02509
Banda Mangar Khel,33.20503,71.15318
Banda Manur,34.72193,73.62174
Banda Mastan Khel,33.20983,71.07129
Banda Mausim Khan,33.47156,71.47248
Banda Mian,32.41667,71.28611
Banda Miangan,34.2463,71.56836
Banda Mir Kalam,33.30445,71.30954
Banda Mir Khawaja,32.86505,70.87146
Banda Mir Shah Jan,32.72603,70.89081
Banda Mughlan,34.11256,73.02666
Banda Muhabbat Khel,33.0038,71.0269
Banda Muhammad Ali Khan,33.56596,71.48274
Banda Muhammad Jan,34.42231,73.35119
Banda Mulla Khan,34.07169,71.75735
Banda Munir Khan,34.07898,73.04714
Banda Muzaffar Khan,33.08722,71.07917
Banda Nabi,33.9941,71.81249
Banda Nabi,34.21505,73.21745
Banda Naian,33.28341,70.72035
Banda Nari,34.1798,72.92526
Banda Nari Khwarram,33.19983,71.168
Banda Nashpa,33.12443,71.04146
Banda Nazowala,32.32289,71.24462
Banda Nizrab Shah,33.28694,70.70619
Banda Nur Ahmad,34.17745,73.1977
Banda Obashi,33.27492,71.34438
Banda Pahlwan,33.56272,71.42879
Banda Paik Kalle,33.03397,70.92004
Banda Palghazi,32.4438,71.30035
Banda Panaid,34.20429,73.22406
Banda Para,35.19988,73.13212
Banda Pashtuian,34.6225,73.21524
Banda Pato,33.03995,71.31787
Banda Patta,34.67534,73.16666
Banda Phugwarian,34.16423,73.20441
Banda Pinzama,32.72853,70.88806
Banda Piran,34.4291,73.23157
Banda Pirwali,33.07288,70.95981
Banda Pungi,32.4325,71.28781
Banda Qazi,34.19961,73.2144
Banda Qureshian,32.96667,71.06667
Banda Rahman,32.52679,71.02615
Banda Rakhmat Shah,33.38183,70.59347
Banda Rani,33.02187,71.18989
Banda Razgir,33.53113,71.55711
Banda Regi Shino Khel,33.59474,71.40227
Banda Sabbi,33.53632,71.2877
Banda Sahib Khan,34.08054,73.14538
Banda Said Khan,34.10803,73.2338
Banda Said Khel,32.70618,71.00565
Banda Saidan Shah,33.19302,71.36535
Banda Sainan,34.55277,73.07707
Banda Saiyid Ali,33.44864,71.78933
Banda Saiyidan,34.33631,73.25294
Banda Sanjar Balochwala,31.88301,70.85898
Banda Sanugai,33.14431,71.27518
Banda Saraj Khel,33.0467,71.0346
Banda Semu,32.50704,71.09244
Banda Shah Nawaz,32.45616,71.219
Banda Shah Subedar,32.67621,70.83274
Banda Shahab Khel,32.73187,71.01646
Banda Shahabuddin,32.66019,71.02331
Banda Shahalian,34.11562,73.26519
Banda Shaikh Biland,33.40651,71.46928
Banda Shaikh Ismail,34.07817,71.75989
Banda Shaikha,32.4904,71.32272
Banda Shaikhan,34.44613,73.13409
Banda Shaikhan,33.36313,71.40469
Banda Shaikhan,34.04686,73.23507
Banda Shaikhi,32.44086,71.28625
Banda Shamadu,32.66797,70.81498
Banda Shanki,33.18301,71.35784
Banda Sharbat Khan,32.56833,70.84675
Banda Sher Azam,32.73629,70.87974
Banda Sher Khan Khel,33.15152,71.28536
Banda Shinwari,33.51368,71.0157
Banda Sulaiman Talao,33.54355,71.37671
Banda Sultan,32.40324,71.10743
Banda Surband,32.4625,71.05833
Banda Surband,32.44583,71.05833
Banda Tabbikhawah,33.21165,71.10474
Banda Tanda,33.56881,71.40192
Banda Tangai,34.39811,72.67109
Banda Tangi,34.30167,71.67861
Banda Tappia,33.19463,71.16743
Banda Tarakai,32.78333,71.06667
Banda Tarini,33.20131,71.33842
Banda Thanedar,32.60833,71.11667
Banda Tirwal,33.39751,71.29449
Banda Topi Kili,33.08745,71.04922
Banda Tor Chapri,33.5381,71.41012
Banda Tumani,33.03994,71.33509
Banda Wali Dad,34.25558,72.95602
Banda Waziri,32.63889,70.79742
Banda Zairan,32.61686,70.79781
Banda Zalo,32.37042,70.63531
Banda Zar Khan Khel,33.01436,71.00348
Banda Zardad Khan,34.17092,73.18643
Banda Zarhi Gul,33.53336,71.25845
Banda Zarifwala,32.43065,71.03479
Banda-i-Sazin,35.53003,73.30813
Bandagai,34.55474,71.5996
Bandagai,34.87811,71.43203
Bandagai,34.96253,71.79632
Bandagai,34.93867,72.07414
Bandagai,35.07575,71.72362
Bandagai,34.78058,71.66639
Bandagai,34.82443,71.87586
Bandagai,34.76139,71.82841
Bandagai,34.79451,71.86036
Bandagai,34.94598,71.72594
Bandagai,34.59304,73.05495
Bandagar,35.01905,71.82
Bandah,34.81512,72.32232
Bandai,34.18839,72.0933
Bandai,34.93447,72.88416
Bandai,34.66513,72.98551
Bandai,34.92418,72.46347
Bandai,34.16349,71.47796
Bandai,35.04856,72.13215
Bandai,34.68994,71.46715
Bandai Kalle,34.10369,72.1342
Bandai Sar,34.43378,71.54657
Bandal,34.83468,73.04995
Bandal Khwar,35.33747,72.04633
Bandanr,34.70733,72.4779
Bandao Derai,34.95552,71.89241
Bandar Kalla,32.87143,70.88948
Bandarai,34.88438,71.39513
Bandarinan Billagara,33.41937,73.70174
Bandash,34.79027,72.13391
Bande,33.70582,70.57785
Bande Oba,34.21177,72.39987
Bande Sar,34.78132,72.16185
Bandgai,34.95883,72.04604
Bandgai,34.7627,71.87958
Bandi,34.3255,73.03541
Bandi,35.60141,72.41789
Bandi,32.83198,70.41917
Bandi,33.88862,73.17691
Bandi,35.1821,73.59163
Bandi,34.25576,73.08757
Bandi,34.26335,72.92966
Bandi,34.30708,72.95126
Bandi,34.30442,72.95539
Bandi,34.30125,72.99174
Bandi,34.29212,73.43066
Bandi,34.11572,73.31594
Bandi,34.22808,73.11939
Bandi,33.96545,72.71943
Bandi,34.32625,72.90736
Bandi,34.28508,72.9384
Bandi,34.36748,72.8843
Bandi,34.48128,72.93496
Bandi,34.83526,73.09935
Bandi,34.25217,72.88956
Bandi Attai Khan,34.04533,73.21941
Bandi Bagh,34.09189,73.13215
Bandi Bala,34.39236,72.96793
Bandi Banda,34.90904,72.19559
Bandi Barsin,34.04877,73.22395
Bandi Dhundan,34.26442,73.25768
Bandi Habib,34.28196,72.91848
Bandi Kainth,34.422,73.04403
Bandi Kalle,32.69384,70.8132
Bandi Kandao,35.18098,71.77876
Bandi Kargwal,34.24611,72.96358
Bandi Kas,35.07737,71.78593
Bandi Khan Khel,34.40948,72.96626
Bandi Labiyal Bala,34.21955,72.9323
Bandi Maira,34.12233,73.32167
Bandi Maira,34.37131,73.12643
Bandi Mansur,34.18434,73.31187
Bandi Munim,33.86599,72.92994
Bandi Nai,34.43507,72.92276
Bandi Nakka,34.57137,73.28051
Bandi Nikra,34.19176,73.02915
Bandi Pain,34.39792,72.96975
Bandi Parao,34.43337,72.91994
Bandi Pirdad,34.06073,73.05221
Bandi Qazian,34.08364,73.13693
Bandi Sadiq,34.4757,73.04787
Bandi Samundar,34.32351,73.42252
Bandi Sanjal,34.28225,72.91402
Bandi Sarara,34.23465,73.39223
Bandi Sher Khan,33.96351,73.05744
Bandi Shuntkial,34.4126,72.95306
Bandi Siran,33.92002,72.95512
Bandi Siria,33.9351,72.89827
Bandi Tarli,34.39682,72.96329
Bandi di chho,33.95599,72.74359
Bandiali,34.20796,73.36791
Bandiali Garhi,33.59468,70.89415
Bandian,34.35281,73.00399
Bandigai,34.53614,73.08333
Bandigai,34.52504,73.00582
Bandigai Shingri,34.6746,73.02879
Bandizai,32.7128,69.88673
Bandkai,35.15705,72.14551
Bandki,33.57158,71.93232
Bandla Banda,35.24838,72.93653
Bandlan,34.22417,73.47524
Bandlo Banda,35.23258,72.86715
Bandlu,35.18092,73.02932
Bandni Khel,32.45048,70.85905
Bando,33.78645,70.64685
Bando,35.44967,73.02588
Bando,34.97329,71.98854
Bandok,36.31047,72.04255
Bandu,33.93016,70.72732
Bandwal Ganja,34.77457,73.14868
Bang,34.98701,72.50345
Bang Bala,36.53319,72.77606
Bang Banda,32.96667,71.05
Bang Colony,33.11741,73.65667
Bang Munara,34.01631,72.50079
Bang Pain,36.52283,72.76388
Banga,32.56045,69.72591
Bangai,34.60539,72.911
Bangai Banda,34.63527,72.25289
Bangai Kalle,34.27813,71.79922
Bangakh,34.54072,72.74673
Bangakh,34.53467,72.75254
Bangal,34.94474,71.50239
Bangal Khel,32.57561,69.83088
Bangala,33.49336,73.71923
Bangash,35.15237,72.56113
Bangi,32.96944,70.97222
Bangi Banda,35.55441,72.82795
Bangi Khel Banda,33.35124,71.67655
Bangi Killi,32.93113,71.03669
Bangi Shah Kili,33.89913,71.03904
Bangia Kalle,34.36846,71.68192
Bangian,34.78771,71.83337
Bangidar,33.17672,70.06196
Bangire,34.46818,72.74576
Bangiwala,32.54718,69.99316
Bangla,34.23072,72.02279
Bangla,34.55574,73.06769
Bangla,34.22619,71.50927
Bangla Desh,34.09495,71.8519
Bangla Kalle,34.29318,71.73627
Bango Banda,34.89369,72.99863
Bango Kas,34.64051,71.87711
Bango Sar,34.58122,72.41242
Bangobanrghale,35.10452,72.56441
Bangoborai,34.55053,72.60632
Bangroo,35.42777,72.93909
Bangsh Kili,33.82123,69.96889
Bani,34.93513,72.67479
Bania Banda,34.84129,72.81989
Banian,34.60872,73.05447
Banian,34.60669,73.20846
Banil Banda,35.13291,72.97631
Banil Kalle,35.1173,72.93267
Banj,34.53495,72.87222
Banj,34.66495,73.02663
Banj,34.3755,72.64408
Banj,34.18295,72.75218
Banj Banda,34.66979,72.48124
Banj Banda,34.65338,72.63328
Banj Banda,34.91239,72.32336
Banj Gali,34.17348,73.14472
Banj Kandao,34.58777,73.08538
Banj Sar Banda,34.91791,72.73751
Banja Kara,34.86076,73.10129
Banjai Banda,34.69002,72.53955
Banjakh Banda,32.83873,71.01382
Banjali,35.70389,71.76451
Banjar Banda,34.87261,72.75529
Banjar Kalle,33.24411,71.52706
Banjar Mora,34.87319,72.73752
Banjar Sar,34.87764,72.72715
Banjer,34.20494,71.89908
Banjkora,34.57567,72.6385
Banjo,34.67055,73.49921
Banjo Dera,34.82781,72.03226
Banjokarorai,34.74028,72.58237
Banjot,34.77064,72.47207
Banka,34.44102,72.84886
Bankad,35.0732,72.8922
Bankhar,35.0046,72.87446
Bankhar Banda,35.2012,72.89829
Bankhwar,35.5375,72.55528
Bankla,34.71614,73.61788
Bankot,34.51822,73.0426
Bankoti,34.47413,73.12384
Bann,35.58417,72.90363
Banna,34.83069,73.06479
Banna Banda,34.63888,71.54316
Banniaga,34.22958,72.78192
Bannu,32.98527,70.60403
Bannu Cantonment,32.99889,70.60083
Banochi Kalla,32.93331,70.9394
Banochi Wanda,32.3782,70.75522
Banor Shah,34.30784,71.75708
Banora,33.49696,73.61005
Banowali,34.61464,73.09662
Banpakia,35.02083,72.55556
Banr,34.79226,71.78468
Banr,34.63675,73.29234
Banr,35.58734,73.15781
Banr,34.4743,72.06318
Banr,34.5901,72.72198
Banr,34.84623,71.66707
Banr,34.50524,73.32293
Banr,34.87337,73.57914
Banr,34.65317,73.38639
Banr Ban,35.17712,72.4805
Banr Banda,34.81187,72.873
Banr Banda,34.86536,72.29085
Banr Mandaona,34.74172,72.59895
Banr Sapparai,34.80181,71.91921
Banr Shahir,35.15091,72.21982
Banra Bilo,35.57242,73.15835
Banragai,35.1474,72.31065
Banriagai,35.15304,72.32315
Banriajai,35.04357,72.64579
Banrya,35.15625,72.68573
Bans,34.93197,73.82797
Bans,34.95372,73.82448
Bansecha,34.65544,73.11835
Banser,34.60299,73.11897
Banseri,34.15171,73.13071
Bantar,34.77791,72.34856
Banth,33.83285,73.17082
Banth,33.99604,73.12085
Banua,33.40875,71.78875
Banutai,34.53577,72.89787
Banwar,33.87959,73.32684
Banyaminwala,32.07143,70.21106
Banzola,33.41956,70.57533
Baota Ghundai,34.48159,71.27556
Bapakai,35.08586,71.74731
Bapano Bagh,33.90469,70.04871
Baphho Bhanda,35.16508,73.00307
Baprang,34.61604,73.4469
Baqar,34.92265,71.613
Baqar,34.65992,72.68342
Baqar Khan,33.65921,70.69968
Baqar Shah,34.27722,71.90972
Baqi Banda,35.01343,72.58094
Bar,34.72711,73.53226
Bar,35.51296,72.42619
Bar,33.56761,71.32118
Bar,35.00631,72.32089
Bar Amrāi,34.25833,72.66944
Bar Asha,34.81053,72.89639
Bar Asharai,34.80899,72.89253
Bar Aspur,34.56499,71.70637
Bar Badwan,34.64686,71.97374
Bar Baihk,34.92651,73.04479
Bar Bakai,34.42748,72.74021
Bar Bala,34.36785,73.15995
Bar Bamakhe,34.91504,72.42981
Bar Banda,34.51053,71.66074
Bar Banda,34.40242,72.36331
Bar Banda,34.60132,72.99453
Bar Banjir Banda,34.58799,72.22449
Bar Banser,34.70461,73.11199
Bar Barangola,34.6392,71.89276
Bar Bargin,35.002,72.52649
Bar Bartunai,34.705,72.93285
Bar Batai Banda,34.60155,72.2363
Bar Batkot,34.8463,72.93381
Bar Bela,35.21561,72.61134
Bar Bilachand,35.15468,71.72034
Bar Bin,35.11484,71.68082
Bar Brhram Dheri,34.42522,71.75426
Bar Chamarkand,34.72911,71.20275
Bar Chanai,34.55991,71.74302
Bar Chara,34.70184,71.92381
Bar Charai Banda,34.6997,71.92317
Bar Charkum,35.07578,71.97121
Bar Chatal,34.41944,72.74167
Bar Chil,34.38143,71.75401
Bar Chinarai,34.59237,71.17029
Bar Chitto,31.64639,70.07845
Bar Chunai,34.9814,71.71239
Bar Dalori,34.1736,72.73295
Bar Dap,33.94331,70.14276
Bar Darab,34.79001,72.97728
Bar Darmal,34.9274,71.88147
Bar Daskor,35.01006,72.08983
Bar Dewal Garhi,34.24843,72.73291
Bar Dhero,34.15015,72.70835
Bar Duba,34.46567,72.7744
Bar Dulai,34.39058,72.7887
Bar Durzghar Banda,34.62229,72.23203
Bar Ganja,34.79944,73.20373
Bar Ganshal,35.23624,72.06225
Bar Gansnal,35.06354,72.74656
Bar Garang,34.83075,72.82036
Bar Garhi,34.39865,72.75093
Bar Garhi,34.49303,72.82991
Bar Garkai,34.87994,71.4069
Bar Ghar Ghari,36.34815,72.29225
Bar Ghazani,34.72538,72.51095
Bar Ghundakai,34.63458,72.54827
Bar Gokand,34.66607,72.50977
Bar Goriar,34.76617,72.91834
Bar Gunagar,34.77301,72.84388
Bar Gunaguz,35.29314,72.58116
Bar Gāosar,34.84444,72.69722
Bar Hal Banda,34.94264,72.77921
Bar Hasan Ali,34.65075,72.48389
Bar Hunkar,35.14391,71.90546
Bar Jaba,35.17101,71.67669
Bar Jabar,34.75525,72.51034
Bar Jatkul,34.72923,72.80318
Bar Joghabanj,35.07453,72.01808
Bar Kabulgram,34.65475,72.79597
Bar Kafir Banda,35.07638,72.72935
Bar Kahian,33.85156,73.24305
Bar Kale,34.59582,71.12139
Bar Kalle,34.44504,72.48314
Bar Kalle,34.42224,72.66135
Bar Kalle,34.90053,71.98157
Bar Kalle,34.81168,72.9384
Bar Kalle,35.14924,72.52134
Bar Kalle Nagrai,34.37629,72.67849
Bar Kalle Nagral,34.41997,72.72095
Bar Kalsuna,34.37524,72.75099
Bar Kamangara,34.69207,71.16425
Bar Kana,34.96119,72.74673
Bar Kand,34.55171,72.87376
Bar Kanda,34.72862,72.76158
Bar Kandak,34.61236,72.19362
Bar Kandao Banda,34.70984,72.52048
Bar Kanju,34.80102,72.34552
Bar Karai,34.27939,72.57844
Bar Karin,34.87288,72.87021
Bar Karingal,34.97303,72.57368
Bar Karora,34.89163,72.76992
Bar Khalozo,34.79162,71.41561
Bar Khwar,35.08011,71.9585
Bar Kili,34.15547,71.23816
Bar Kili,33.90294,69.9399
Bar Kitkot,34.8372,71.32708
Bar Kolandai,35.26452,71.85667
Bar Kolandai,35.2744,71.84624
Bar Kot,34.59591,73.38253
Bar Kot,34.17518,73.06525
Bar Kotkai,34.87336,72.61409
Bar Kulla Khel,33.82583,70.69399
Bar Laikot,35.39374,72.6003
Bar Lalku,35.13663,72.38746
Bar Lalu,34.93815,71.95613
Bar Landukai,33.71834,71.01586
Bar Langarkai,33.10328,70.53917
Bar Lewanai,34.73656,72.53002
Bar Lusesar Banda,34.86373,72.86152
Bar Maidan Kili,34.6764,73.00324
Bar Makra,34.77389,72.70177
Bar Malakand,34.86534,71.78744
Bar Manāsar,34.75556,72.53333
Bar Meanar,34.90061,72.62063
Bar Mehraje,33.91725,71.96701
Bar Mela,33.77156,70.53106
Bar Mela,33.66445,70.71266
Bar Mela,33.65348,70.71336
Bar Mir Haji,34.39843,71.80473
Bar Mirga,35.31448,71.83418
Bar Motli,35.5301,72.65377
Bar Nar,34.81936,73.31612
Bar Nawagai,34.4045,72.55551
Bar Ner,34.86509,73.13759
Bar Onra,35.03611,72.28741
Bar Palosa,34.50042,72.81683
Bar Palosai,33.87659,71.94159
Bar Panj,35.72227,71.96445
Bar Pirsar Banda,34.82869,72.8801
Bar Prang Darra,34.57219,71.55137
Bar Qila,34.57198,71.80136
Bar Roshti,35.71684,71.76278
Bar Sadril,34.13333,72.33333
Bar Sagai,34.63486,71.31977
Bar Samsare,34.59908,72.2599
Bar Sangolai,34.89513,71.78749
Bar Saokar,34.55539,72.89393
Bar Sarai,34.72615,71.92265
Bar Sarai,35.44264,72.32141
Bar Sarkandai,34.8298,72.72556
Bar Shalkumbnai,34.94503,71.98945
Bar Shaltai,34.87401,72.92087
Bar Shamal,34.58401,72.61858
Bar Shaur,34.97507,72.28235
Bar Shin Panrai,33.67711,70.52451
Bar Shingara,35.12425,71.73594
Bar Shirial,35.00775,73.07767
Bar Shnai,34.48721,72.77846
Bar Shnai,34.44955,72.77551
Bar Spparai,34.68078,71.71351
Bar Sundraul,35.14935,71.8139
Bar Surai,34.64285,73.08996
Bar Sure Kas,33.91832,71.37181
Bar Taghan,34.6596,72.55066
Bar Tang Maru,33.69076,71.04993
Bar Tangai,34.71622,71.34628
Bar Tangi,34.59361,71.78902
Bar Taotai,34.56181,71.72793
Bar Tarig,34.49548,72.77282
Bar Tarkhana,34.8193,73.23026
Bar Tartara,34.11112,71.28028
Bar Tartara,34.11171,71.30002
Bar Tartara,34.09764,71.27605
Bar Tiknai,34.78981,72.07013
Bar Tiraj,34.61153,72.6954
Bar Trupia,33.62045,70.81677
Bar Tsapparai,34.38028,71.54417
Bar Tsapparai,34.66464,71.70285
Bar Uzbak,34.72471,72.52294
Bar Watangai,34.91086,71.93014
Bara,34.73493,73.11041
Bara,35.53779,73.19168
Bara,34.09608,72.68879
Bara,34.69497,72.96878
Bara,34.12606,73.37894
Bara,34.32456,72.91283
Bara,34.25982,72.87506
Bara,35.03651,72.70718
Bara Amba,35.11248,72.94899
Bara Banda,34.75391,71.40869
Bara Banda,34.08515,72.02611
Bara Banda,35.17669,71.89879
Bara Banda,34.74761,71.4096
Bara Banda,35.21473,71.89494
Bara Bandai,34.82301,72.39844
Bara Bazar Khel,33.4597,70.9935
Bara Bisau,35.2778,72.80689
Bara Charai,35.05104,72.65969
Bara Chikho,34.73615,71.96671
Bara Darra,33.93389,70.13701
Bara Fort,33.90857,71.47206
Bara Gali,34.0902,73.35646
Bara Garhai,35.18119,72.53208
Bara Gate,33.9821,71.52624
Bara Ghala,34.43639,72.08808
Bara Hotar Bazar,34.14447,73.35568
Bara Jab,35.62796,73.13137
Bara Jabba,35.57786,72.42182
Bara Kamangara,34.72529,71.26046
Bara Kamsoi,35.30497,71.67173
Bara Kandao,35.28967,73.11579
Bara Khan Kalle,32.13542,69.31066
Bara Khan Kirri,32.43325,70.42006
Bara Khel,33.15442,70.244
Bara Khel,33.88159,71.13023
Bara Khel,32.15284,70.43089
Bara Khel Kalle,34.11917,71.98186
Bara Koi,35.54988,73.19156
Bara Koruna,34.20585,71.65451
Bara Lagharai,34.81598,71.34297
Bara Mukha,34.88106,71.36034
Bara Nagrai,34.74669,71.95385
Bara Nawan,34.33066,72.92096
Bara Sarobi,32.87432,70.0669
Bara Shah,34.3593,71.90063
Bara Tehra,34.53351,72.70854
Bara Yar,35.0817,73.06224
Bara Zagai,34.83729,71.38603
Barabarai,34.80968,72.6524
Barabarai,35.07375,72.25622
Barabrai,34.92018,72.68194
Barachar,34.89819,73.04088
Baradam,35.3979,71.77114
Baradar Miana,34.39951,72.83942
Baradar Thakra,34.40274,72.83929
Baradara Baihk,35.17171,73.67092
Barader Pain,34.39655,72.84029
Baragat,34.91329,72.26612
Baragat,33.89721,70.71415
Baraghzi Banda,33.29441,71.47431
Baraghzi Kalan,33.26669,71.46686
Barah,34.10185,72.30145
Barahkas,34.13582,72.4012
Barai,35.33071,72.64696
Barai,34.88377,73.05214
Baraian Dur,36.33344,72.28181
Barakhai,32.93667,70.55417
Baral,34.15898,72.27881
Baralai,35.02524,72.10896
Baralian,34.23855,72.93336
Baram,36.15421,72.01151
Baram Ghari,36.17872,72.00661
Baram Kalle,34.28175,71.71424
Baram Khan Dheri,34.3685,71.73651
Baramai,33.82993,70.7253
Baramai,33.87091,70.70754
Barami,33.70535,71.48844
Barampatai,35.07131,72.49729
Baran,34.81121,71.44988
Baran Goru,35.77597,71.69081
Baran Khel,33.00691,70.88783
Baran Shal,36.34185,72.42959
Barandai,32.06105,69.62582
Barang Kuhi Sar,34.68036,71.58358
Barangai,35.39331,72.07922
Barani Kandar,34.79222,71.535
Baranwai,35.16468,72.55057
Bararai,34.95906,72.12401
Bararai,34.92752,72.47522
Barari,35.74232,71.66639
Bararkot,34.37999,73.3932
Bararri,34.69241,72.0492
Barat,34.61134,72.92592
Barat Khel,32.90174,70.75573
Barata,34.1311,72.15984
Barati Banda,33.47098,71.62487
Barattai,32.64423,69.91158
Baraul Bandai,35.09054,71.76357
Barawol,35.04375,71.65427
Barayun,35.135,72.96187
Barbar,34.11427,71.50477
Barbara Banda,33.27416,71.13479
Barbela,35.27504,73.28294
Barbin,34.32052,73.42598
Barbunu,35.98679,71.5429
Barchar,34.71976,72.921
Barchhar,34.54092,72.96388
Barchho,34.95161,72.91193
Bardak,33.7796,70.76075
Bardar,34.16374,72.01157
Barddam,34.82823,72.54871
Bardi Banda,35.31015,72.56513
Bare,35.50069,73.60837
Bare,34.18069,73.4081
Bareghai,34.93575,72.87047
Barego,35.46231,73.0468
Barei,33.90451,70.67822
Barenis Gol,36.06668,72.06007
Baret,34.96151,72.59042
Barg,33.99918,71.16002
Barga Gala,32.96842,71.06116
Barga Khel,32.54169,69.71507
Bargai,33.23759,71.71771
Bargai,35.03604,71.59917
Barganatu Banda,33.08212,70.76795
Barghando,34.95149,71.83232
Barghas Ghari,36.34932,72.2919
Bargholai,34.81878,71.94488
Bargholai,34.56068,71.73603
Bargholai,35.0159,72.05313
Barghole,34.86509,71.90068
Barghon,36.41645,72.51592
Bargi,32.73458,70.54562
Barhamzo Kili,33.77133,71.0541
Bari,35.52509,72.41196
Bari,34.13668,73.4458
Bari,34.98808,72.87797
Bari,34.61756,73.33886
Bari Baihk,34.59389,73.228
Bari Bin Margachh,36.86467,73.61835
Bari Khel,32.96592,70.61518
Bari Kot,32.0825,70.2165
Bari Nao,35.58981,72.42305
Bari Qadam,34.76987,71.33547
Baria,33.90324,73.25406
Bariam Baba,34.91533,72.40398
Barian,34.13143,73.38011
Barian,34.28612,72.77388
Barian Kalle,34.34461,71.65657
Barianwali,33.8789,73.2559
Barigo,35.49074,72.86175
Barikao,34.87131,71.67561
Barikot,35.37146,72.14728
Barikot,34.77342,71.90483
Barikot,35.23097,71.83845
Barikot,34.67768,72.223
Barila,34.19327,73.0069
Barila,33.86931,72.94374
Barila Khurd,34.2626,73.01389
Barimar Banda,35.18875,72.81156
Baringin,34.3799,72.29645
Barir Nisar,35.66893,71.75607
Barizuna,33.72676,70.57189
Barjhali,34.7674,73.58605
Barjogat,34.91544,71.76948
Barjokantrai,34.26072,72.49233
Barjukanrai,34.70249,72.61593
Barkaib,34.31766,72.19594
Barkale,35.42545,72.05306
Barkand,35.14451,72.14701
Barkandao Sar,35.25837,71.93203
Barkha,33.43984,73.68942
Barkhai,35.06021,72.56902
Barkhamialawar,34.81923,72.1688
Barkhan,35.11426,72.73537
Barkharka Kharkai,35.08567,72.38291
Barkhu,34.7445,71.92637
Barkhuzai Kalle,32.89138,69.66607
Barki Town,31.83359,70.84682
Barkiabad,32.11544,70.20659
Barkisno Ghari,35.97714,71.60864
Barkly,34.741,72.3534
Barkot,33.85443,73.16733
Barlan,34.3493,71.6602
Barlas,33.65724,70.72867
Barlashtai,32.60181,69.77162
Barlisht Kalle,33.00201,70.68163
Barma,32.77327,69.57125
Barmand,33.05263,69.76193
Barmi Gali,34.05984,73.36741
Barmirako,33.70458,71.05632
Barmol Banda,34.51111,72.15801
Barna,34.58302,73.30815
Barnaity,33.42525,73.66316
Barnawana,32.94863,70.17307
Barnori,34.20938,73.05381
Baro,35.04813,72.40551
Baro,34.49869,71.77567
Baro,34.80762,71.56119
Baro,35.59703,72.91309
Baro Baihk,35.16766,73.82397
Baro Baihk,35.22246,73.61166
Baro Banda,35.12428,71.62068
Baro Khatto,35.63926,72.40554
Baro Khel,32.93475,70.27787
Baro Talab,33.54066,70.85373
Baroa Zah,35.27103,73.08875
Baroch,34.41974,72.29029
Baroch Baihk,35.65464,72.36229
Baroka,34.09478,73.11999
Baron Shal,35.87698,71.71531
Barontha,34.73968,73.63701
Barori Town,32.61562,70.88394
Barot,33.81189,73.03373
Barota,34.25151,73.37021
Baroti,34.36521,72.85506
Barozai,32.49222,69.56028
Barpatai,34.89455,72.06789
Barqi Banal,35.76664,72.60102
Barr,35.63069,72.92416
Barra Marhatti Maira,34.07934,72.10999
Barra Shehr,34.42093,72.88714
Barrar Raghza,33.12738,70.75038
Barrat,34.25088,73.12879
Barre Raghzai,33.17389,70.20811
Barri,34.81866,73.47466
Barri Patti,34.85769,73.30784
Barri Takki,34.79541,73.30779
Barro Barhi,34.03039,71.54204
Barro Kalle,34.72271,71.75158
Barro Sar,34.63422,71.73524
Barsaia,34.13188,73.49254
Barsar,34.73759,72.90269
Barshi Danna,34.72153,73.42539
Barsiki Nawasi,33.77531,70.6361
Barsin,34.09664,73.12748
Barsin Ban,34.05648,73.20776
Barth,34.78923,73.55198
Barthal,33.95676,73.03178
Barthana,35.04109,72.33073
Barto Baihk,35.16848,73.59659
Barto Baihk,35.22591,73.5723
Baru,34.74322,72.96508
Baru Banda,34.25831,72.15886
Baru Kot,34.09596,72.88951
Baruj,35.17705,72.45412
Baruk,36.08532,72.45501
Barumkagh,36.23112,72.14597
Barun,34.86742,71.93576
Barwa,34.67171,72.28866
Barwai,35.08966,72.38992
Barwal,34.24803,73.45255
Barwal,34.59647,71.81396
Barwal,33.93839,73.0775
Barwala,34.49049,72.92236
Barwan,33.87921,71.15241
Barwand Raghzai,32.33417,69.84333
Barwar Dhok,33.75284,72.89592
Barwaza,35.1411,71.95045
Barzai,32.8029,69.76618
Basai,33.06781,69.69524
Basak,34.65096,71.76448
Basala,34.55988,73.26484
Basala,34.09367,73.08891
Basali,34.20217,73.29166
Basali,34.21101,73.40301
Basan Keri,33.87084,73.11962
Basand,34.29801,73.08742
Basantpur,34.20929,72.83526
Basar,33.38962,73.72056
Basaul,34.58803,73.23563
Basbani,33.82632,73.06345
Basbher,33.92165,73.31342
Baseru,35.74613,71.78465
Basesar,35.208,72.62428
Bash,35.17474,73.24702
Bash Khel,33.74118,71.64228
Bash Khel,33.64855,71.50122
Basha,35.52786,73.71433
Bashan Kundak,35.54584,71.9038
Bashgalian Deh,35.80253,71.65121
Bashir Kalle,32.9997,70.58468
Bashirabad,34.05401,72.42895
Bashirabad,34.02735,71.5644
Bashiri,33.7107,71.49164
Bashka,32.63426,69.80478
Bashkala,33.89426,73.31461
Bashkoli,33.89601,73.31996
Bashmirai,32.97265,69.97624
Basi,34.91012,72.66678
Basia Banda,34.90031,72.78849
Basia Khel,33.02494,70.61664
Basian,34.07435,73.48252
Basiasam,33.1724,70.84996
Basikh,34.3184,72.84613
Basin Lilmal,35.56666,72.67158
Basira,33.9594,73.14187
Basira,34.05893,72.91715
Baskai,31.48171,70.1189
Baskhela,35.01473,72.43109
Basnak,35.59418,71.80674
Basnot,33.93429,73.30233
Baso Garhi,34.12898,71.32372
Basoesingar Baihk,35.19936,73.9027
Basotian,34.42567,73.25795
Baspa,31.51999,70.03917
Baspa,32.78628,70.41305
Baspa,31.68308,70.04673
Bassan,34.75941,73.50323
Bassu,33.83386,70.00047
Bassu Banda,34.02597,72.84564
Bassu Maira,34.0254,72.84222
Bastan,34.74084,73.57346
Basti,32.34084,71.20659
Basti Ali,31.46033,70.87853
Basti Amir Ahmad,32.12951,71.00653
Basti Amir Shah,32.10927,71.04452
Basti Ara,31.80666,70.86021
Basti Badhani,31.90347,70.92494
Basti Bahadra,34.04435,71.57496
Basti Balochan,31.82784,70.81004
Basti Baluch,31.79237,70.8821
Basti Chamb,31.57654,70.78987
Basti Danmra,31.45065,70.85292
Basti Daruli,31.54237,70.65988
Basti Dhandla,31.80646,70.87332
Basti Dhandla,31.54004,70.77725
Basti Diwala,31.81678,70.9059
Basti Gujar,31.54775,70.69163
Basti Gul Muhammad,32.60254,71.11641
Basti Haider Khan,31.50988,70.37237
Basti Hussain Bakhsh,31.47156,70.85599
Basti Islamabad,31.85918,70.89907
Basti Jaggowali,31.8757,70.9248
Basti Jatanwali,31.44514,70.73991
Basti Jatanwali,31.80237,70.91074
Basti Khai,33.83129,71.62108
Basti Khalar,31.70896,70.82621
Basti Khanu Khel,31.32993,70.69994
Basti Khokharan,31.99861,70.98301
Basti Khokhranwali,32.17155,71.01359
Basti Kut,31.85821,70.9158
Basti Lachra,31.82894,70.86605
Basti Lakhra,31.86337,70.8827
Basti Loharan,31.78646,70.88602
Basti Lundi,32.16663,71.14022
Basti Mapal,31.82926,70.85912
Basti Maulvianwali,31.50093,70.37715
Basti Merah,31.86338,70.91729
Basti Mikan,31.85177,70.91463
Basti Mochian Bagwani,32.12082,71.01429
Basti Mohaniwali,32.03919,70.92668
Basti Nahianwali,31.81527,70.91948
Basti Nawab,31.79399,70.86934
Basti Obhaia,31.76428,70.84899
Basti Palwanwali,31.34136,70.71127
Basti Phathan,31.65519,70.7943
Basti Pir Ashab,32.10708,70.9381
Basti Priyan,31.4107,70.83136
Basti Rowanan,31.49761,70.83781
Basti Saggu Janubi,31.92772,70.88537
Basti Saiyidan,31.93332,70.91632
Basti Sandilan,32.11551,71.03413
Basti Shadi Khan,31.85286,70.47748
Basti Shah Ajmal,31.33368,70.66339
Basti Shaikh,31.66003,70.81676
Basti Shaikhan,31.31889,70.775
Basti Shaikhanwali,31.67158,70.81639
Basti Sherpao,31.80758,70.90894
Basti Smokhewali,31.36223,70.7478
Basti Swatlan,35.04426,74.017
Basti Tarinwali,31.82051,70.90558
Basti Tarkhananwali,31.83077,70.88572
Basti Tralli,31.71602,70.84788
Basti Ustrana,31.81746,70.89871
Basti Waraich,31.70235,70.8477
Basu,34.67105,73.27208
Basut,34.50518,73.34714
Bat Doga,34.32428,72.92744
Bat Gali,34.41805,72.84768
Bat Khela,34.6178,71.97247
Bat Khui,34.57487,73.12369
Bat Lasy,34.04728,72.40816
Bat Singh,34.39675,73.38535
Bata Keri,34.05807,73.35248
Batai,33.79032,70.76119
Batai,34.35559,72.66057
Batai,34.54996,72.66946
Batai,34.70291,71.59282
Batai Kalle,34.37268,71.67926
Batai Koruna,34.33768,71.65695
Bataili,35.46223,73.43324
Batakai,32.43281,69.96004
Batakara,34.03435,72.60013
Bataknala,33.95951,73.27849
Batal,35.01765,71.66491
Batal,34.25917,72.97401
Batal,35.10247,72.71901
Batal,35.17631,72.16026
Batal,34.87986,73.62735
Batal Bala,34.25722,72.96971
Batala,34.04367,73.25679
Batalla Banda,35.45426,72.39468
Batang,34.48571,73.04174
Batang,34.52349,73.2793
Batang,34.6728,73.5256
Batang,34.58592,73.25938
Batang,34.39616,73.40256
Batang,34.47092,73.16988
Batang Katha,34.45962,73.1784
Batang Maira,34.41723,73.30089
Batangandi Baik,34.29551,73.21388
Batangi,34.70141,73.15542
Batangi,34.32833,72.81781
Batangi,34.52255,73.27976
Batangi,34.06218,73.32909
Batangi,34.50862,73.37887
Batangi,34.5962,73.0878
Batangi,33.92954,73.30305
Batangi,34.55493,73.19399
Batangi,34.3329,72.99117
Batangi,34.12819,73.16248
Batangi,34.25532,73.42485
Batangi,34.73092,73.56455
Batangi,34.91075,73.04763
Batangi,34.40002,72.97083
Batangi,34.53653,73.37686
Batangra,34.54898,73.40673
Batanni,32.24722,70.36333
Batannian,32.35741,71.2249
Batar,35.52447,72.63574
Batara,34.54155,72.63713
Bataror,34.46236,73.00232
Bataungi Masina,34.24023,73.42526
Batawar,35.33505,71.9428
Batchorian,34.65201,73.34473
Batdarian,34.34448,73.19176
Batela,34.60589,72.8428
Bateli,35.31848,73.67271
Batera Bala,34.97065,72.90674
Batera Pain,34.94845,72.88849
Bateri,34.41419,73.32286
Batgram,34.20462,72.15049
Batgram,34.21987,71.62636
Batgram,34.44621,73.20081
Batgram,34.94966,72.8135
Batgram,34.41387,72.83958
Batgram Kandaro,34.90418,71.82937
Batgran,34.52128,73.34964
Batha,34.57068,73.00278
Bathal,34.25465,72.9272
Bathar,33.24569,73.62733
Bathian,34.5814,73.08201
Bathol Shal,35.8236,71.934
Bati,34.57247,73.10018
Batial,34.14271,73.13012
Batiar,34.69861,73.35443
Batibanr,35.13203,72.58302
Batigram,34.03861,72.78901
Batil,35.55673,72.35125
Batila,34.87113,73.09491
Batilai,34.87607,72.89875
Batilai,34.87759,72.88575
Batin,35.8217,71.65197
Batindar,35.51507,72.53095
Batkar,35.1187,72.62348
Batkarar,34.51611,73.35351
Batku,35.12028,72.40501
Batlai,35.02352,71.99766
Batle,34.73131,72.95773
Batli,34.58231,73.22473
Batli,33.29471,73.644
Batli,34.41366,72.92175
Batmali,34.8591,71.49683
Batna,34.19969,73.3196
Batnara,33.97082,73.35417
Bato Lal,35.56418,72.55821
Batol,33.77057,70.74615
Batol,35.00355,72.42135
Batolni,34.00037,73.1596
Batom,34.74778,72.05639
Batora,34.73166,72.33328
Batra,34.8039,72.45099
Batrasi Colony,33.94431,72.91454
Batrer,34.38725,73.22689
Batrik,35.6957,71.67685
Batror,34.92414,71.77223
Batsangra,34.54542,73.3915
Batta,34.51227,71.714
Batta Mor,34.687,73.08613
Batta Tal,33.92111,71.48277
Battagram,34.67719,73.02329
Battakundi,34.92725,73.76498
Battal,34.58793,73.14775
Battal,34.74509,73.48388
Battal,33.87369,73.2474
Batti Kalle,34.61255,72.46179
Batti-na-dunna,33.98889,73.26632
Batto Mena,34.65787,71.51351
Battorandur,36.3194,72.26941
Battu Kalle,34.35958,71.66913
Batu China,34.45739,72.34589
Batu Tangai,34.47629,72.35248
Batui Banda,34.94524,72.22308
Batur,35.10652,71.64861
Batur,33.78365,71.47055
Batur Banda,34.92143,71.58232
Batwar Salarzai,34.92564,71.51414
Bauda Jangi,32.46286,71.22741
Baungakhai,34.46286,71.70012
Baurai,34.88841,72.38387
Bawagai,34.69333,72.62778
Bawar,33.91378,73.3238
Bawar Khel Manrai,32.38611,70.24199
Bay Gul,32.44689,69.47314
Bayan Banda,34.89195,72.2033
Baz Ali Kalle,33.64976,70.22622
Baz Bahadur Kili,33.86934,71.16661
Baz Darra Bala,34.53426,72.16692
Baz Gol,35.41832,71.7539
Baz Gul Talao,33.88671,71.68568
Baz Kalle,32.7466,70.79619
Baz Mar,34.08539,73.11931
Baz Mian Kalle,34.15146,71.77025
Baza,33.68537,71.06115
Baza,33.845,70.3677
Baza Kalle,33.68504,70.97241
Baza Kili,33.57429,70.83345
Bazah,33.59604,70.41775
Bazai,32.22917,70.29294
Bazai Dorai,34.74024,72.48749
Bazal Kazhe,31.83292,69.99342
Bazam,32.6265,69.8104
Bazar,34.3519,72.28572
Bazar,33.97323,72.3094
Bazar,34.07257,73.37065
Bazar Ahmad Khan,32.98313,70.63278
Bazar Caves,34.27445,71.16807
Bazar Garhi,33.66378,71.30945
Bazar Kot,34.8462,72.60735
Bazar Moha,35.02126,72.01972
Bazarak,34.85342,71.67857
Bazargai,34.47326,71.52143
Bazargai,34.68725,73.05555
Bazargai,34.4967,73.00796
Bazargai,34.15092,72.2382
Bazargai,34.54284,72.30765
Bazarkot,34.62209,72.67927
Bazarze,34.9716,71.7004
Bazbano,35.1739,72.17594
Bazdarra,34.92333,71.70619
Baze,33.82472,70.45698
Bazghoni,34.67407,73.07657
Bazgrde,34.07083,73.27484
Bazgul Kili,33.57037,70.32466
Bazgul Kili,34.30389,71.86639
Bazi,32.9535,70.60627
Bazi Khel,32.30565,69.60003
Bazi Khel,33.00511,70.55644
Baziabad,34.18578,71.71372
Bazid Khan,32.91642,70.6289
Bazid Khel,33.60738,71.58768
Bazid Khel,33.95031,71.53826
Bazid Koruna,34.2865,71.86955
Bazid Mena,34.59796,71.55623
Bazida Kokal Khel,33.01819,70.61145
Bazkas,32.7196,70.11472
Bazkhan Talao,33.96709,71.76139
Bazo Patai,33.7471,71.03758
Bazu Gali,34.22185,73.11501
Bazu Gam,33.75722,71.31005
Bazu Kalle,33.61834,71.76488
Bazwani,34.68179,73.54236
Bazyano Kalle,34.25271,71.76624
Be Band,35.79628,72.05181
Bechan,36.32801,72.27679
Beda,34.60805,73.41326
Bedadi,34.45082,73.26916
Bedag,35.14305,72.54912
Bedag,35.15781,72.5559
Bedal,35.50941,73.54749
Bedar Banda,35.13999,71.93629
Bedar Kalle,35.14006,71.93762
Bedban,34.52059,72.8752
Bedmanai,34.57677,71.15
Bedo,34.24323,71.9219
Bedran,34.38997,73.273
Bega Tajazai,32.62848,70.75141
Begakot,34.16293,73.13427
Begham Darra,34.79802,71.85285
Beghosht,35.94086,71.53381
Begomar,34.96022,72.86014
Begu Khan Wanda,32.75727,70.92315
Begu Khel,32.52987,70.95853
Behanabad,34.42782,72.1279
Behar,35.63499,71.68429
Behar,34.91201,72.53498
Beharan,31.55817,70.08782
Behari,34.74566,73.63302
Behari Colony,34.01881,71.53532
Beharodeh,35.93506,71.53185
Behdi,35.53879,72.86074
Behed Manai,34.22281,71.88798
Behira,33.84985,70.30472
Behk,35.41883,72.92012
Behlola,34.24567,71.85149
Behmi,35.97409,71.55828
Beho Chen,36.32733,72.26799
Behram Banda,34.34135,72.14296
Behram Kalle,34.26609,72.23609
Behram Kalle,34.11746,71.9541
Behram Khan,34.12579,72.0328
Behram Khan Kalle,34.09287,71.81857
Behram Khel,33.62743,71.75325
Behram Khel,33.62122,71.74329
Behram Khel,32.57038,70.5774
Behram Kot,32.11409,70.98144
Behram Shah,32.97298,70.68693
Behram Shah Kot,32.65826,70.37987
Behramai Banda,35.0677,71.92074
Behro,35.50309,73.17006
Behshti,34.65387,73.18529
Bei Mas,35.06511,73.03083
Beijn Khel,32.86401,69.62147
Beini,35.34931,71.70117
Beja,34.89434,73.64448
Bejli Banda,32.5375,71.1875
Bejnai Maira,34.42501,72.63477
Beka,33.99294,72.34759
Beka Dheri,33.98499,72.33662
Bekara,34.34518,72.29658
Bekarai,35.20907,71.84925
Bekhn,34.68425,73.55754
Bekot,35.12491,72.54039
Bekro Banda,34.37086,72.67215
Bela,34.29597,71.59811
Bela,34.63501,73.00399
Bela,35.74241,72.00282
Bela,35.3,72.57222
Bela,34.77504,73.61904
Bela,35.41255,72.05309
Bela,35.01172,72.7129
Bela,34.69682,73.08507
Bela,34.88927,72.87479
Bela,34.69872,73.10977
Bela,35.14985,72.66142
Bela,34.06188,71.66118
Bela,34.426,72.82053
Bela,34.66531,73.4413
Bela,34.43288,73.00189
Bela,34.29892,73.05326
Bela,35.16871,73.64665
Bela,35.5289,72.41498
Bela,35.27296,73.24767
Bela,34.73066,72.62073
Bela,34.29744,72.76581
Bela,34.67046,73.54515
Bela,32.71106,70.51405
Bela,34.69584,72.95647
Bela,34.9469,72.50103
Bela,34.54364,73.35555
Bela Bahadur Shah,33.4532,73.64418
Bela Banda,34.94517,72.2316
Bela Chhapar,34.46343,73.12152
Bela Dubair,35.06243,72.89501
Bela Ghulamjan,34.51782,73.08165
Bela Kumhar,34.82576,73.52573
Bela Kuza,34.86314,72.07432
Bela Manay Khel,35.0597,72.87003
Bela Manur,34.7061,73.60876
Bela Mohmandan,34.17634,71.45359
Bela Mutraian,34.3217,73.20812
Bela Rustam Khel,35.00241,72.85744
Belaadi,34.66656,73.01335
Belagai,35.60901,71.90415
Belagai,34.51485,73.20065
Belago,34.68104,72.97244
Belah,34.85067,72.2394
Belai,35.65553,72.91303
Belai,34.51039,73.21958
Belan,33.62467,71.77035
Belao,35.6473,72.92072
Beldar,33.48215,71.87673
Bele,34.79769,73.03744
Bele,34.45917,73.31831
Bele Baramad Khel,34.1638,71.55654
Beli Banda,35.42854,72.77286
Beli Banda,35.69602,72.87561
Belian,34.52862,72.97649
Beliwala,32.06232,70.96881
Belo,35.06602,72.2702
Belo,35.23846,72.07213
Belo,35.47754,72.91186
Belo Banda,35.28445,71.97109
Belot,34.78556,71.43203
Belotek,35.96807,71.89391
Belozai,34.60327,73.04644
Belu Banda,35.26489,71.93364
Bemarai,34.83029,71.74496
Bens Berian,34.41269,72.92267
Beorai,35.46667,71.68333
Beorai Bala,35.47391,71.80243
Beori,34.72454,73.47631
Ber,35.32716,73.1354
Ber,35.00368,72.85461
Ber,34.83574,73.17867
Ber Zed Khar,35.26968,73.10563
Ber Zeli,35.28647,73.07302
Bera,33.85304,73.29745
Bera,35.38137,71.67381
Bera Banda,34.57343,72.77895
Beragam,35.00978,71.80801
Beranch,35.36015,71.70303
Berang,35.19653,72.55588
Bergai Banda,33.28826,71.05145
Bergandi,34.462,72.70514
Bergi Banda,33.27955,71.68485
Beri,34.23046,73.07042
Beri Bagla,34.20595,73.45243
Beri Dherakki,33.28592,71.16201
Beri Shagai,33.31909,71.13653
Berjo Kanara,34.37722,72.56405
Bermal,34.38157,73.38599
Bermil,35.87667,71.49028
Bero,34.55956,72.68738
Beromina,34.32246,71.4583
Berrot Lines,33.99533,71.97994
Berti,35.46867,72.96313
Beru,35.46717,73.1782
Besa,34.96553,72.97555
Besak,34.29952,72.81576
Besal,35.05191,73.93567
Besal di Mahle,35.03063,73.93239
Besan,34.73443,73.53256
Besehkai,34.10761,73.02327
Besham Qila,34.92937,72.87911
Besharon,34.9495,72.6436
Beshghar,35.97845,71.55383
Beshgram,36.08393,71.81191
Besho Lasht,36.51125,72.46017
Beshpur,34.46346,72.45334
Beshumai,35.21797,72.1807
Beshumai,35.0847,72.00663
Besri Tarli,34.66009,73.58639
Bet Gulowala,31.31261,70.79041
Bet Metla,31.38264,70.8121
Beth,34.74054,73.02142
Betla,33.93438,73.34999
Betobat,35.4678,73.57198
Bez Barth Ghari,36.36483,72.31331
Beza,34.18468,73.38902
Bezari Kalle,32.92019,70.67374
Bezat,34.42496,72.32526
Bezogah,35.39092,71.77164
Bha Graw,35.25596,73.08148
Bhab,34.63402,73.06432
Bhaba,31.8675,70.68556
Bhabial,34.72031,73.33156
Bhada,33.91483,72.66869
Bhagai Banda,35.1448,73.0163
Bhagati,34.13191,73.13701
Bhagattu,33.49673,71.04814
Bhageliwala Khuh,32.07472,70.93417
Bhaghorrai,34.50487,71.28932
Bhago,34.94059,72.21613
Bhagorrai,34.68691,71.34609
Bhagran,34.16789,73.07067
Bhagwani,32.12158,70.9979
Bhagwani Shamali,32.127,71.0115
Bhai Kalle,34.57507,72.43582
Bhai Khan,34.27554,72.18699
Bhai Khan,34.66972,71.69407
Bhai Khan,32.94553,70.62538
Bhai Kot Number One,34.1456,72.50385
Bhai Kot Number Two,34.12881,72.50254
Bhaida,32.3525,69.47313
Bhaikan,34.62865,73.56822
Bhair Kund,34.39458,73.1599
Bhajora,33.8782,73.24223
Bhajwala,33.96313,73.07064
Bhakki,31.57233,70.44367
Bhakri,35.3436,72.86175
Bhal,33.89683,72.62744
Bhalawal,33.46848,73.68414
Bhaleja,34.95037,73.00953
Bhalkot,33.99182,73.27211
Bhalkri,34.81333,73.51636
Bhallar,33.90814,72.75703
Bhalolzai,33.89982,71.52856
Bhalolzai Maira,33.88882,71.53479
Bhalot,33.3434,73.68156
Bhamala,33.83402,72.97557
Bhambwala,32.39003,71.33129
Bhan,35.51857,72.56206
Bhan,34.0864,73.48239
Bhan Baluchan,31.87934,71.04819
Bhan Daud Joya,31.96989,71.05834
Bhan Karlu,31.99715,71.01275
Bhan Mehara Mohana,32.28038,71.20152
Bhan Murad Ali Shah,31.98274,71.00706
Bhana Manjiwala,32.72771,70.84494
Bhana Mari Chauk,33.99455,71.56313
Bhanaka,33.95208,73.26017
Bhanarh,35.71167,72.41877
Bhand,31.69011,70.42681
Bhand,33.97073,72.88773
Bhand,34.7246,72.55618
Bhand Banda,35.39394,72.3113
Bhandar,34.68404,73.29187
Bhandiwala,31.42577,70.8223
Bhanga,33.09953,73.72045
Bhanghar,34.02849,72.77986
Bhangi Khan,32.90097,70.64173
Bhangi Khel,33.02712,70.61052
Bhangi Koruna,32.35364,70.41475
Bhangi da Nakka,34.55624,73.3832
Bhangian,34.5491,73.3678
Bhanrh,35.70999,72.41343
Bharasi,34.72983,73.39841
Bharat,32.89028,70.63694
Bharat Khel,32.98437,70.73585
Bharisat,35.60617,72.52037
Bharjoian,34.8909,73.90121
Bharo,35.11312,73.12252
Bharre,33.79641,73.05471
Bharthhan,34.7818,73.65645
Bharthi,34.88651,73.62247
Bharthi,34.78477,73.63345
Bharthi,34.60715,73.45498
Bharu,34.08322,72.89364
Bharwal,34.08967,73.17326
Bhashakot,35.50355,73.72041
Bhat Koruna,34.19884,71.4237
Bhatai,34.11317,72.1669
Bhatan,34.90463,72.09172
Bhataniabad,31.87013,70.83815
Bhati,33.8761,73.10649
Bhatian,34.43137,73.12113
Bhatiarano Kalle,34.26345,71.75215
Bhatil,34.20807,73.07134
Bhatlai Talao,33.88085,71.50388
Bhatorah,34.72975,72.68036
Bhatta,34.65561,73.57062
Bhattan da Chura,34.22532,73.22325
Bhattani Raghzai,32.8222,70.04409
Bhatti,33.93901,73.34013
Bhattian,34.60276,73.43459
Bhattian,34.13434,71.59544
Bhaura Garhi,33.49896,71.53797
Bhauraj,34.30593,73.11313
Bhaurian,34.48998,72.94137
Bhegro,34.61568,73.33026
Bhekar,34.51934,72.83516
Bher,34.5834,72.79987
Bhera,34.33386,73.21859
Bhera,33.78469,72.87157
Bhera,33.9972,72.84433
Bhera,34.41707,72.88463
Bhero,35.51429,72.85299
Bherwasa,34.01085,72.69147
Bheshain Banda,35.46475,72.63612
Bhhigri Baihk,35.16222,73.609
Bhimbal,34.85763,73.59512
Bhimkot,33.94718,73.3644
Bhir,34.71168,73.16235
Bhitanwala,32.38084,71.28305
Bhittanni Kili,32.98722,70.59861
Bhogarmang,34.57063,73.25682
Bhogia,34.50225,73.41772
Bhoi,31.4,70.8
Bhoka,34.93137,72.2597
Bholu,34.54995,72.96891
Bhomai,32.2707,69.33984
Bhor,34.11866,73.13128
Bhosian,34.61017,71.1248
Bhram Mena,34.62053,71.73709
Bhruki Talao,33.93864,71.96777
Bhudh Basti,32.07681,71.01629
Bhukwali,34.89584,74.00301
Bhunar,31.76256,70.64052
Bhunja,34.62427,73.52728
Bhuraguan,34.18069,73.47703
Bhurj,34.59433,73.55486
Bhurj Tarli,34.12191,73.1442
Bhurka,33.98425,73.12643
Bhut Katha,34.32522,73.21675
Bhutesar Gharbi,31.46841,70.67582
Bhutesar Sharqi,31.465,70.68728
Bhutni,33.83744,72.99532
Bhutri,33.94437,73.04645
Bhutta Kot,33.88099,70.16019
Bhuttewali,32.37831,71.25208
Biah ka Bela,35.58425,72.2946
Biahala,35.6423,71.68864
Biaj Maire,34.61213,73.01352
Biakand,34.9329,72.32335
Biakara,35.00891,72.34666
Biakor,34.90694,72.28326
Biali,34.01325,73.42041
Biali,34.25401,73.16573
Biamdarra,34.44374,72.52724
Bian,34.70338,73.5806
Bian Khel,34.54062,71.2629
Bianga,34.52467,72.65202
Biar,34.69587,73.53166
Biar,34.68303,73.42346
Biar,35.35706,72.12024
Biar,36.68343,72.60034
Biar Garhi,34.27787,71.62923
Biarai,34.93596,71.8982
Biari,34.63976,73.40587
Biari,34.75737,73.63896
Biari Allai,34.81673,73.09009
Biarprusht,36.4121,72.4715
Biba Dhaka,34.13968,73.17321
Bibak,32.44639,69.4675
Bibi Derai,34.3854,72.52614
Bibi Doga,34.41493,72.94742
Bibi Kalle,32.96125,69.56877
Bibi Raghzai,32.59246,69.88148
Bibi Tange,33.00895,69.72384
Bibi Ziarat,33.61711,71.9322
Bibior,35.12707,71.94449
Bich,35.47392,73.40666
Bichaki Jani Khel,32.81328,70.49456
Bichan,36.50655,72.56103
Bicharthin,35.61995,72.16621
Biche Kashkai,32.80795,70.21374
Bichhah Kalan,34.18771,73.06047
Bichhah Khurd,34.18157,73.0583
Bichhasni,34.14079,73.03807
Bidawar,35.67761,71.63509
Biga,32.52085,69.7998
Bigakhwar,34.55534,72.86702
Bigal,34.88462,71.5666
Bigat Shal,35.67005,71.62562
Biha,35.06517,72.29549
Bihar,35.05772,72.53388
Bihari,33.38491,73.72092
Bihari Bandi,33.99783,73.0274
Bijal Mela,33.16227,70.53164
Bijian,33.84447,72.90951
Bijora,34.97573,72.42637
Bikai,34.74642,72.47156
Bikan,34.75597,72.57347
Bikan,34.66074,72.49532
Bikanai,34.89837,72.99582
Bikanra,34.4859,72.73996
Bikhani,34.65292,72.70493
Bikharabad,34.46356,72.10273
Bikrai,34.69342,72.47718
Bila,34.29626,73.20354
Bila,34.02756,72.75645
Biladram,34.92238,72.51562
Bilal Khel,33.17322,71.25953
Bilal Park,34.2051,73.27614
Bilal Town,34.17364,73.24604
Bilal Town,34.01635,71.58815
Bilalabad,34.72279,71.494
Bilalabad,33.9726,71.56581
Bilalabad,31.80588,70.88098
Bilalzai,35.28604,71.84886
Biland Khel,32.45105,69.91943
Biland Khel,32.3909,70.73059
Biland Khel,33.31611,70.54333
Bilandai,34.59268,72.63082
Bilandai,34.57462,71.63184
Bilandai,34.58837,71.64193
Bilandai,33.07637,71.42309
Bilandi,34.34972,72.07604
Bilawal,33.47382,73.69348
Bilgah,34.52014,72.67913
Biliani,34.52587,72.77787
Bilitang,33.52364,71.55704
Bilmaskot,34.8589,71.53983
Bilmaz Banda,34.84114,72.90935
Bilmaz Banda,34.82673,72.96471
Bilmazai,35.14458,71.9117
Bilol Khel,31.94032,70.46522
Bilot,32.25698,71.1612
Bilpok,35.97463,71.81713
Biltai,35.41351,73.45062
Biltain,35.43166,73.44434
Biluh,33.41422,73.72834
Bimbal,34.50368,72.78527
Bin Saln,33.32655,73.68054
Bin Shahi,35.05521,71.55322
Bina Dheri,34.1923,72.42943
Binarai,35.07342,72.47915
Binawar,34.99773,71.85742
Bingalai,34.63366,72.51214
Bingaloi,34.7469,72.69214
Binguba,35.03215,73.28038
Bini,33.83909,71.27705
Biniani,33.95104,73.31446
Binigarhi,33.83398,71.27666
Binisar,35.6672,71.74031
Binkat,35.03628,72.48982
Binkot,35.00396,72.9114
Bins,34.40944,72.92681
Binwar Banda,34.88264,72.1985
Binzghali,33.77224,70.88991
Bioh,34.69103,73.6135
Bir,34.22085,73.22677
Bir,35.47907,73.05195
Bir,34.41405,72.9706
Birak,34.85686,73.57838
Biran,34.77715,72.02079
Biran,34.56195,72.92358
Biran Gali,34.18968,73.40146
Biran Gali,34.18141,73.36201
Biran Patti,34.64503,73.20993
Birango Kalle,33.60103,71.08082
Biranj,34.81704,72.68952
Birarai,34.98782,71.6708
Birarai Khwar Banda,34.8759,72.10528
Birbat,34.48711,72.96803
Birbolak,35.74862,71.78801
Birdwood Line,33.58995,71.46225
Birgah,35.67654,71.91074
Birgah Nisar,35.67064,71.9189
Birgai,33.13624,70.62207
Birh,34.21117,72.80377
Biri,34.16222,72.95632
Birian,34.40552,72.92871
Birir,35.67198,71.75301
Birkhal,34.65944,73.50754
Birmagh Lasht,35.88433,71.76567
Birmal,32.39182,69.41534
Birmaz,36.37357,72.34935
Birmogh,35.92484,72.03123
Birmoghyal,35.58397,71.86952
Biro,34.93361,71.70045
Biro Kalle,34.25498,71.73275
Birot,34.04588,73.48839
Birth Khel,32.74029,70.964
Birzin,35.9993,71.45729
Birzin Dok Ghari,35.99705,71.43333
Birzoz,36.50565,72.74409
Bisa Banda,35.54089,72.74243
Bisan,33.85108,73.29014
Bisao,35.39628,72.86995
Bisaran,33.99347,73.34558
Bishai,35.44028,72.63472
Bisham,35.0124,72.70771
Bishar,35.64422,71.69287
Bishbanr,34.79185,72.51446
Bishgram,34.98308,71.84337
Bishigram,35.12939,72.6068
Bishkot,34.75825,72.93926
Bishla,34.69209,73.619
Bishmisht,32.70636,69.77506
Bishor,34.45914,73.27297
Bisian,34.46227,73.34121
Bismillah Jan Koruna,34.23833,71.87232
Bissatu,33.75681,70.2432
Bissian,34.46107,73.34101
Biswalai,34.75915,72.92976
Bitam,35.13067,72.63049
Bitiligi,35.72379,71.64739
Biusho,35.39687,72.05921
Biyar,34.61914,72.77119
Biz Bagh,36.33999,72.32461
Bizan Khel,33.02462,70.67835
Bizan Khel,32.99115,70.68305
Bizarai,32.96898,69.55586
Bizati Haji Kalle,33.86894,71.35024
Bizomanzai,35.07384,71.56392
Bizoti,33.78419,70.97595
Bizu Kas,34.71001,73.0918
Bland Nawasi,33.76723,70.6281
Blazai,33.76461,70.63092
Boar Khel,33.73817,71.59195
Boaring Haji Ali Bat,31.87216,70.85291
Boaring Shah Alam,31.83905,70.82335
Bobak,34.55246,71.15847
Bobakra,32.72757,69.90535
Bobakra,32.73262,69.86545
Bobali,33.07198,70.32477
Bobar Ziarat,32.66376,70.21882
Bobepoi,35.47006,73.36876
Bobi,32.82136,70.09341
Bobia,35.48799,73.37566
Bobrak Kot,32.89116,69.67784
Bochai,34.18808,71.99317
Bochmar,34.66898,72.61595
Bodak,32.9001,70.84279
Bodaka,35.92966,71.98068
Bodam,35.18644,73.37073
Bodar,34.35368,72.80099
Bodari Kalle,32.96321,70.60949
Bodi,35.1747,72.06568
Bodigram,34.92563,72.4351
Bodin Khel,32.99575,70.78496
Bodin Khel,32.4925,69.62194
Bodla,33.96992,73.17662
Bodla Gali,34.18464,73.17452
Bodusun,35.67867,71.64015
Bogara Kili,32.99659,71.00971
Bognam Banda,34.50554,71.82958
Bogoshai,35.20933,72.60823
Bohrtuli,36.01709,71.83789
Boi,34.30535,73.43347
Boi Garhi,33.87208,71.16197
Boi Khel,32.98739,70.01891
Boi Khel,32.53766,69.78206
Boi di Gali,34.19272,73.21321
Bojrai,34.86392,73.10107
Boka,34.15428,72.56579
Bokan,33.85748,73.05302
Bokar,33.93162,70.95649
Boki Khel,32.26681,69.52906
Bokrai,34.09973,73.27408
Bokrai,34.97366,71.6753
Boli,34.51684,73.34694
Boli Banda,35.64606,72.27743
Boliana Kalle,34.13378,71.93758
Bolo Bughdu,36.78191,72.6453
Bombagh,36.23615,72.17316
Bomi Banda,33.28022,70.8205
Bomuzun Goshti,36.05601,71.30015
Bon Garahm Aluli,34.07376,72.96541
Bondai,34.71932,71.67141
Bondi Dakhhan,34.10509,73.45391
Bong,35.40215,72.94195
Bop,36.4847,72.44361
Bor Banda,34.70032,72.87766
Bor Shakor,34.97104,71.72125
Bora Khel,32.84472,70.13561
Bora Khel,33.082,70.29437
Borai,34.60132,73.07248
Borai,34.50135,72.87722
Borai Banda,34.82378,72.7056
Boraka,33.5336,71.23731
Boraka,33.53989,71.2335
Borakai,32.57106,69.75348
Borghazi,35.95002,71.93544
Borhi,33.23098,71.53059
Bori Saghari Khattak,33.22806,71.53146
Bori Shal,35.74337,71.73398
Bori de Bandi,34.07635,73.25936
Borigo,35.45058,72.949
Borigram,34.4945,72.94181
Borkai Keye,33.84377,71.2647
Borki,33.83985,71.25376
Borogh,36.5806,72.5094
Borota,33.35864,73.6288
Borring,31.70641,70.34321
Bosen Lasht,36.3343,72.32092
Bosh,32.60553,69.5037
Bosta,34.99394,71.5564
Bostan,35.57442,72.08412
Bostan,33.29911,70.89238
Bostan Khan Kalle,34.29171,71.75223
Bostanabad,34.00691,71.59925
Bostanai Banda,34.56957,72.22352
Bostani Banda,34.65883,72.63219
Bot,34.0015,71.4703
Bothi,33.20807,73.70902
Botlai Bala,35.04182,71.9099
Botot,35.57136,72.18791
Bou,35.37846,72.9324
Boun Bhek,35.53152,72.88429
Boveri,33.84803,73.22083
Boya,32.96063,69.9181
Boya,32.46758,69.65753
Boya Post,32.95754,69.92243
Boya Sar,32.48881,69.65392
Boyian,36.32847,72.29097
Boyun,35.4713,72.60662
Boz Kanre,33.66575,70.88652
Bozand,36.47648,72.43146
Bragai,34.85087,71.72412
Bragh,34.21518,72.78302
Brah Darra,34.12846,71.26895
Braham Pur,34.7287,71.58894
Brain Jabbar,33.44414,73.70311
Braj Khwar Banda,35.15492,72.22289
Bramurri,36.0134,71.68136
Bran Gadi,33.76287,70.62874
Branra Ghunuai,32.58422,70.34863
Braz,36.3499,72.15441
Bredgola,32.39664,69.29739
Bren,35.94837,71.54684
Brenis,36.07387,72.03872
Brep,36.42899,72.65932
Brep,35.92681,71.5265
Bringwal,34.30293,72.78062
Brito,35.35373,72.87468
Broghil,36.84928,73.33534
Bromat,35.47305,73.42144
Bromi Khel,32.96978,70.19451
Bronthar,35.70923,71.70622
Bru Moto,35.66257,72.84579
Brun,35.6979,71.68339
Bruz,32.33588,71.13602
Buahe Khan Banda,34.45636,72.04284
Bubak,34.10977,71.86319
Bubali Shashi Khel,33.17878,70.36544
Buchakai Kalle,34.82422,72.0982
Buchar,33.86846,73.09479
Buchari,31.66212,70.72667
Buche di Bandi,34.31018,72.98723
Buchha,34.40672,71.61044
Buchi Bandi,34.38382,72.92893
Bud,34.42997,72.53235
Bud Kalai,34.40843,72.6749
Buda,34.90968,73.07842
Buda Mela,33.66583,71.03378
Budai,34.89477,72.58364
Budai Kunj,34.77336,71.50747
Budal,34.49421,72.65055
Budar,32.82067,70.12023
Budasam,33.23006,71.55853
Budeaney,34.87308,71.65714
Budh,32.02982,70.67596
Budha Banda,35.10888,72.56993
Budhai,34.02518,71.65755
Budhaka,34.3342,73.03294
Budhal,34.42699,72.93532
Budhawa,34.67679,73.46872
Budhgran,34.62739,73.4618
Budhni,34.05165,71.69036
Budhyal,33.18886,73.71355
Budin Khel,32.92192,70.88894
Budnai Banda,34.80677,72.81788
Budo Shal,36.09029,72.09112
Bughakai,33.89896,70.1971
Bugham Dhand,33.98899,70.03299
Bughara,33.91663,70.00811
Bughdada,34.21141,72.03365
Bugnian,33.99635,72.79824
Bujai,34.38181,71.65112
Bujakai,34.63929,72.69442
Bujia,35.26385,73.3499
Buk,35.20752,73.2585
Buketar,34.02763,72.79934
Bukht Darra,34.44319,72.34651
Bukhtawalan Shal,35.91138,72.1534
Bul Bulak,33.9179,70.18888
Bul Dherai,33.76038,71.60742
Bul Dheri,34.09911,72.66288
Bula Gar,34.41191,72.56961
Bulai,35.11282,72.96488
Bulai,34.14565,73.00773
Bulandkot,34.60106,72.97179
Bulasht,36.64892,72.57109
Bulbuli,33.02516,71.42389
Bulchen,36.11528,71.38651
Buledana Dheri,33.86554,71.60073
Buliyal Shal,36.0092,72.18081
Bullandar Mela,33.72717,71.34547
Buloghai,35.22438,73.21702
Bultanabad,32.17314,70.30844
Buma,33.08812,70.48089
Bumb Darra,34.64146,71.42785
Bumhoret,35.68151,71.64736
Bund,35.43972,73.14221
Bunda,34.568,73.04889
Bundesh,35.23837,71.98561
Bunero Kalle,34.3047,72.0289
Bunerwal,34.73457,72.67527
Bunerwal Banda,34.81745,72.77155
Buni,36.27333,72.25929
Buniadi,34.14209,71.61673
Bunian,34.16823,73.32866
Bunj Banda,35.24094,72.14694
Bunkara,35.04716,72.45126
Bunrya Khel Kalle,33.15288,70.76237
Bur Gah,35.45386,72.43777
Bura,34.65604,73.48182
Bura,33.86483,70.86925
Burai,34.89957,72.01742
Burai,34.95672,72.50964
Burai,32.70405,69.56297
Buraka,33.53024,71.31357
Bural,34.6571,73.48113
Bural,34.29379,72.73025
Burawi,34.94226,73.86911
Bureh,34.67349,72.2919
Burhanai,34.96494,71.75445
Burhane,34.97146,71.78235
Buri Patti,34.0664,72.83924
Buri di Bandi,34.08724,73.24528
Burian,34.0759,73.34784
Burimar Banda,34.83376,72.86533
Buriogh,35.97376,71.81681
Burj,35.1009,72.7299
Burj,34.86528,73.21389
Burj,34.86389,73.22222
Burj,34.77249,72.57762
Burj Banda,34.76936,72.58626
Burj Banda,35.22417,72.92746
Burj Banda,35.15767,72.62575
Burj Dheri Kili,34.09786,71.42807
Burj Khanpur,34.17656,72.82726
Burj Kili,34.20188,71.43363
Burj Nasir Khan,34.10176,71.44514
Burj Phanian,34.11939,72.76066
Burjagh,35.97033,71.55806
Burji,33.30013,70.61466
Burjo,33.51535,70.47355
Burjo,35.05203,71.57594
Burjo Banda,35.28361,71.68891
Burjo Banda,35.24094,71.69843
Burjo Kanre,34.68138,71.7043
Burjogh,35.97894,71.54682
Burjokanrai,34.54917,72.39952
Burjosar Banda,35.13407,72.26798
Buro,33.52689,71.30959
Burqi Adda,33.85183,69.9424
Burqi Kili,33.85635,69.95004
Burzun,36.50727,72.43329
Bush,32.62571,69.49913
Bush,35.26693,73.33619
Bushahra,33.82376,70.11816
Bushan Nughphali,36.19604,72.09654
Bushbando,33.75757,70.61371
Buspa Kale,32.56336,69.71893
But,34.35436,72.68052
But Qila,34.79564,72.10012
Butai Banda,34.66669,72.80742
Butan,34.70213,73.59706
Butia,34.92265,72.86373
Butkanrai,34.44094,72.46006
Buto,33.39146,70.49382
Buto Baihk,35.16908,73.81122
Buto Bando,34.66485,72.80764
Buto Kambat,34.97354,71.65222
Buto Kili,33.43986,70.45846
Buto Kuai,34.54442,72.50641
Buto Shah,34.975,72.87685
Buton,34.58356,72.55242
Butseri,34.22594,72.18374
Buttan,34.65377,73.55829
Butti,34.49151,72.98901
Buza Khel,33.0022,70.65139
Buzbela,34.59544,73.26298
Buzdandi,34.34091,73.07819
Buzdar,31.34083,70.42456
Buzi Haji Gul Kalle,32.91824,70.68007
Buznak,33.73383,70.79209
Bābu Kalal,34.92639,72.50278
Bāhri Dheri,34.08333,72.28056
Bāj Dheri,34.09583,72.26389
Bānda,34.36389,72.51944
Bānda Inzarwāla,33.35999,71.42003
Bānda Sabugai,33.13815,71.25759
Bāqar Karūna,34.18889,72.4125
Bārai,35.39722,72.60556
Bārorai,34.96111,72.52778
Bāshkal,35.12944,72.5875
Bāzārgai,34.46722,71.51389
Bījai,35.30833,72.61111
Būra,34.76528,73.25
Calvary Rakh,34.20226,71.98462
Camp Koruna,34.08598,71.73612
Canal Town,34.00533,71.46947
Cangar,36.4811,72.453
Cantonment,33.99327,71.52808
Canz Colony,34.00047,71.53418
Cardai,32.60778,70.01631
Ceebagai,33.85493,71.62195
Chabgiran,33.9158,73.34088
Chabian,34.04054,71.62802
Chabino Banda,33.52572,70.83968
Chabutra,34.27886,73.09498
Chadhrar,32.15637,70.35287
Chadnar Kalle,32.46669,70.41557
Chadoka,33.75424,71.69188
Chaeni,34.31148,72.98411
Chag Sarwek,32.51609,69.96477
Chag Warzikiye,32.63206,69.94968
Chag Zhawar,32.56766,69.70412
Chaga Mela,32.45833,69.76
Chagam,34.81105,72.95664
Chagam,34.76394,72.66175
Chaggar,34.13602,71.50696
Chagharugh,36.29784,71.68142
Chagharzo Banda,34.65461,72.76247
Chaghbat,34.51175,72.97563
Chaghzai,33.89771,70.35915
Chagia,34.57552,73.39743
Chagmalai,32.32319,70.06258
Chah Beliwala,32.14103,71.04015
Chah Burewala,31.85255,70.89829
Chah Dialwala,32.11418,70.99851
Chah Faqirwala,31.81517,70.85831
Chah Gadiwala,31.58841,70.77366
Chah Hakmawala,31.9309,70.90964
Chah Hussain Khan,31.60458,70.78677
Chah Jalwala,31.65502,70.80796
Chah Khanwala,31.5111,70.77162
Chah Khatewala,31.53475,70.77428
Chah Ladhira,31.68063,70.794
Chah Paiwala,32.1108,70.99284
Chah Patharwala,31.58683,70.78145
Chah Phorwala,31.67132,70.79049
Chah Pippalwala,31.82696,70.90022
Chah Roshanwala,31.75603,70.87251
Chah Saiyid Munawar Shah,31.81883,70.91124
Chah Shaikhwala,31.58741,70.76674
Chah Theriwala,31.88659,70.81121
Chah Tode Dhap,31.7761,70.87323
Chahar Khel,33.45717,70.43226
Chahari Kas Adda,33.90049,72.77751
Chahikan,31.91296,70.74661
Chahmra Gali,34.64507,73.38012
Chahpa,34.62664,72.05951
Chai,35.33509,73.26237
Chaichar,34.32907,72.06303
Chaik Sukaili,34.21406,72.63893
Chail,34.45473,72.00365
Chailabad,34.41886,72.10319
Chailai Pathan,34.89808,72.75358
Chailai Saiyidan,34.89284,72.75389
Chaintri,34.21064,72.95338
Chairman Banda,34.27108,72.25058
Chaisan Kach,32.19937,70.28557
Chajon,34.7545,73.27273
Chak,34.30417,73.39325
Chak Bagu Banda,34.10228,72.05783
Chak Bandi Munim,33.87589,72.88746
Chak Bhar Nar,34.89326,73.75467
Chak Dadan,32.94059,70.65846
Chak Manzi,32.91982,71.01363
Chak Mohri,34.62291,73.50987
Chak Mullayan,33.59031,71.48212
Chak Namb,34.09167,73.00972
Chak Shahidan,33.82757,73.20713
Chak Sur Kamand,32.77298,70.77666
Chak Taja,34.28897,72.30209
Chakai,35.0082,72.9415
Chakai Dherai,34.92006,71.74696
Chakande,33.87091,70.59517
Chakar Ghari,35.91331,71.57035
Chakar Shal,35.30514,71.63879
Chakara,35.48666,73.39904
Chakdam,35.56721,71.80886
Chakdaram,34.99869,71.63153
Chakdarra,34.66156,72.03235
Chakesar,34.78538,72.76792
Chakhar,33.75923,72.90539
Chakhria,34.70162,73.46094
Chakhtu,33.28621,71.33875
Chakiah,34.31327,73.24759
Chakkal,34.44512,72.9176
Chakkar,35.53544,71.74654
Chaklai,34.35629,72.77558
Chaklai,34.35317,72.694
Chaklai,34.28774,72.79947
Chaklai Maira,34.40951,72.79116
Chakli,34.36099,72.91726
Chakli,34.39738,72.93571
Chakli,34.38946,72.91378
Chakli,34.42389,72.92236
Chakli,34.47806,72.93167
Chakli,34.29401,72.92754
Chakli,34.31241,72.88643
Chakoli Bakht,36.06086,72.20425
Chakulwahrt,36.219,72.4995
Chakur,34.9775,72.43976
Chal,33.32423,70.99588
Chal Ghazni,34.45777,72.29538
Chalagai,33.14393,70.19195
Chalai,35.41608,73.39693
Chalal,35.34883,72.07614
Chalandara,34.57274,72.68926
Chalat,36.00163,72.43841
Chalela Dheri,34.18434,72.26387
Chalera,34.75203,72.15347
Chaletar,34.18543,73.03266
Chaliar,34.95532,72.46441
Chalor Silli,33.54624,70.88998
Chalweshtai,32.50208,69.73367
Chalweshti,32.46667,69.7
Cham,34.39156,72.79202
Cham,35.10311,72.32831
Cham,34.938,71.65673
Cham,35.01314,72.34743
Cham,34.9455,72.52635
Cham,34.48616,72.36226
Cham,34.88951,72.58087
Cham,34.94093,72.42862
Cham,35.13727,72.62667
Cham,35.02336,72.47055
Cham Dher,34.27243,72.12241
Cham Kalle,33.81912,70.52703
Cham Kani,33.70609,70.67248
Cham Shaur,34.97713,72.28961
Cham Sinpora,34.95696,72.37763
Cham Taraorai,34.52606,72.9997
Chamak Maira,34.11985,73.10096
Chaman,34.88377,72.86146
Chaman Lalai,35.01436,72.33901
Chamanabad,34.42454,73.07399
Chamarai,34.98681,71.99015
Chamast,33.90098,70.2779
Chamba,34.02808,73.10633
Chamba,33.83777,72.90315
Chamba,34.74445,73.63103
Chamba,33.85007,73.1228
Chambagul Bara,33.45168,71.08623
Chambagul Chotta,33.44205,71.0834
Chambai,34.82261,73.21226
Chambai,33.51207,71.41195
Chambail,34.59772,72.32606
Chambar,35.29346,72.33161
Chambar,34.87991,72.84481
Chambi,33.11951,71.1543
Chamer,34.43166,72.86657
Chamgah,34.47034,72.87581
Chamgah,34.36671,72.80768
Chamgai,34.87806,72.70647
Chamgai,34.62517,73.01491
Chamhad,34.11427,73.07499
Chamhat,34.36715,73.06522
Chamhatti,34.22666,73.03461
Chamial,34.37657,72.93531
Chamiali,34.23268,73.40265
Chamiarai,35.02634,71.83455
Chamiarano Banda,34.90462,71.62396
Chamiari,33.97849,72.72725
Chamin Banal,35.71338,72.64957
Chamin Binal,35.46933,72.655
Chamjana,33.77103,71.12401
Chamjara,33.88789,73.29995
Chamkani,34.00664,71.64921
Chamkath,34.5674,73.28204
Chammanabad,34.00514,71.5996
Chamnakka,34.01536,73.21983
Chamo,34.61891,72.69058
Chamora,34.28952,73.20963
Chamrang Kalle,34.18518,72.15958
Chamrasi,34.47841,72.93074
Chamri,34.59906,73.44962
Chamtar,34.17878,71.98422
Chamtar,34.29856,72.44733
Chamtlai,34.91816,72.52291
Chamuruk,35.98699,71.97785
Chamyar Jury,34.80736,71.35433
Chamyaran Kalle,34.21823,71.85936
Chamzai,31.40796,70.05101
Chan Bebe,34.02168,71.77104
Chan Dheri,34.20974,72.26597
Chan Lasht,36.46355,72.11348
Chana,33.21533,73.66479
Chana Darra,33.6362,70.68119
Chanadak,33.56167,70.57301
Chanal,34.41194,72.72544
Chanal,34.41636,72.72482
Chanali,33.93962,73.27614
Chanali,34.8719,71.96286
Chanali Tarl,33.93632,73.28375
Chanargul,35.07344,71.56115
Chanba,33.85022,72.99209
Chanba Pind,33.94744,72.78414
Chanchar,35.10565,72.54611
Chanda,34.81574,72.66873
Chanda Banda,35.17023,71.97115
Chanda Fateh Khan,33.39794,71.26623
Chanda Khora,34.71623,72.24868
Chandai,34.27185,71.8887
Chandan Garhi,34.13874,71.57163
Chandar Baba,34.1159,72.18559
Chandar Gol,35.3643,72.07674
Chandas,35.11075,71.95642
Chandaur,34.25998,72.91309
Chande Kalle,33.1756,71.63524
Chanderi,35.5943,73.15013
Chandhar,34.68229,73.48255
Chandhari,34.95676,72.9359
Chandna,31.38527,70.70782
Chando Maira,34.00688,73.20635
Chandro Dheri,34.41306,71.64137
Chandsur Banda,34.44177,73.1526
Chandu Khel,32.74647,70.70586
Chandu Ram,32.8325,70.77361
Chandwal,34.4942,73.3021
Chandwal Gali,34.50491,73.29896
Chang,34.35039,72.91222
Changa Kalle,32.95734,70.59877
Changa Sar Bahda,35.20229,72.45858
Changabazo,33.61784,70.75071
Changai,32.26139,69.52583
Changar,34.86906,71.70449
Changar,34.84973,71.56193
Changari,34.69176,73.22912
Changaro Hazar Nao,34.80229,71.42504
Changla Gali,33.99558,73.37674
Changri,34.6943,73.22347
Chani Khel,33.91409,70.13024
Chania,34.39389,72.95534
Chanial,34.39596,73.07471
Chanial Sar Banda,34.95814,72.66666
Chaniar,33.94591,73.32668
Chanj,34.76634,73.32178
Chanj,35.43345,73.09663
Chanjakki,34.06737,73.25819
Chanjal,34.7494,72.96119
Chanjala,34.10475,72.95047
Chanjlo Banda,34.35682,72.7824
Chankanni,33.2051,70.52595
Chankolai,34.96405,72.5281
Channar,34.32357,73.20005
Channe Kalle,33.63206,70.94573
Channi,34.23533,72.7546
Channi Zhal,35.88892,71.92386
Chano,34.82156,72.68799
Chanouch,33.9954,73.30711
Chanran,34.12416,73.29357
Chanrigo,34.95616,71.88455
Chanrka Dherai,34.25216,72.18286
Chansar Banda,35.21665,72.7835
Chansar Banda,35.20235,72.80091
Chanser Banda,34.44077,72.96967
Chantha,34.80849,73.29682
Chanthan,34.73718,73.5615
Chantri Banda,34.03812,72.29089
Chanwali,34.58686,73.09024
Chanzada Koruna,34.36237,71.78602
Chaotar Banda,34.92152,72.18078
Chaotaro Banda,34.8174,72.02241
Chaotra,34.81613,71.57475
Chapa Dhand,34.25605,72.45189
Chapaghakai,33.81653,71.19825
Chapal,35.07533,72.31745
Chapal Banda,34.58118,71.86979
Chapalli,36.33471,72.59725
Chaparah,31.90485,69.90532
Chaparai,33.12396,71.37283
Chaparha,34.71664,73.58253
Chapatrara,35.13481,71.78371
Chaphri,34.04055,73.04655
Chapli Banda,33.18217,71.26368
Chappakh Kalle,32.34152,70.14232
Chappar,33.67251,71.12425
Chappar,33.48092,71.12288
Chappari,33.17489,70.69709
Chappri Banda,33.3025,71.0943
Chapra,34.68234,73.49586
Chapra,34.66125,73.51755
Chapra,34.62257,72.96425
Chaprai,35.15366,72.49597
Chaprai,32.80167,69.57083
Chaprai Banda,34.83824,72.16633
Chaprao,35.12117,72.86286
Chapre,33.84231,71.02429
Chapri,33.43139,70.48667
Chapri,33.82388,71.85671
Chapri,34.75481,72.79395
Chapri,34.08353,71.28251
Char,34.69705,73.54599
Char,34.16238,72.90741
Char,35.43184,73.0659
Char,34.57373,72.38385
Char,35.23251,72.66255
Char,34.65757,72.54448
Char Bagh Fort,34.10312,71.10651
Char Bala,33.48744,71.04333
Char Banda,34.44341,72.28054
Char Banda,34.54235,73.01873
Char Banda,34.54612,73.21516
Char Banda,34.20678,72.8826
Char Bhek,35.57847,72.85231
Char Chanro Khat,34.11251,72.1509
Char Chanro Khat,34.31062,71.99003
Char Kalle,33.02714,70.62417
Char Khel,32.95091,69.89429
Char Shal,35.74503,71.65157
Char Tana,34.70284,71.17131
Chara,34.64761,71.15718
Chara Mar,34.5853,72.47011
Charach,34.24763,73.15745
Charagah,34.34406,72.14948
Charagan,34.35372,71.34918
Charago China,33.85277,70.57973
Charahgada,34.52977,73.10214
Charai,35.03228,72.692
Charai,35.18031,72.37583
Charai,35.14546,72.50841
Charai,34.73982,72.51851
Charai,34.56519,72.32575
Charai,34.82066,72.53976
Charai,35.21828,72.4769
Charai,33.77222,70.68295
Charai,35.16518,72.4751
Charai,35.06593,72.69318
Charai,34.87558,73.24888
Charai,35.106,72.63741
Charai,35.0961,72.72218
Charai Banda,35.13731,72.85746
Charakmar,34.61822,72.94984
Charan Tarli,34.42119,72.89817
Chararar,34.79411,72.0528
Charat,35.30106,72.11001
Charat Banal,35.67054,72.67889
Charati,34.12361,73.00316
Charbagh,34.50068,73.02802
Charbagh,34.83621,72.44317
Charbagh,34.62915,72.9898
Charbagh Kalle,34.20487,71.75617
Charbagh Kalle,34.27286,71.89541
Charbagli,34.1714,72.40616
Charbat,33.88199,73.23413
Charcha,34.16895,71.96186
Charchur,34.4202,72.06468
Chardili,34.17348,73.12065
Chardiwar,33.50995,70.35146
Charg,34.83914,71.97337
Chargai Dagarai,33.90993,71.26642
Chargalai Kili,35.01309,71.94623
Chargali,35.35898,71.70645
Chargano Kalle,34.05566,71.60357
Charghurai,34.79763,71.57765
Chargo,34.78707,71.55517
Chargo Kalle,34.39213,71.82868
Chargo Kalle,34.85947,71.71734
Chargo Kalle,34.38077,71.67455
Chargo Kili,34.26063,71.97278
Chargo Kili,34.25181,71.97406
Chargo Shaga,34.79863,71.54594
Chargo Stanadar,34.76506,71.7125
Chargul,34.3019,72.25516
Chargulai,34.65197,71.42156
Chargule Payan,34.17082,71.47832
Charguli,34.32146,72.23279
Chargurai,34.82652,71.82673
Chari,34.75453,73.30637
Chari Gati Baihk,35.76117,73.11195
Charian,34.12397,72.92795
Charingo,34.96639,71.89168
Chario Kili,33.69387,70.92043
Charish Shaur,34.96542,72.29752
Charkah,34.65254,73.25712
Charkha Khel,33.97621,71.52843
Charkhana,33.98554,71.54525
Charkonai,35.15137,72.50984
Charkot,34.25982,72.57619
Charkot,34.27212,72.59029
Charkotla Banda,34.58291,71.96744
Charl Par,33.49716,71.8968
Charmah,35.11636,72.31985
Charmangi,34.89415,71.69307
Charn,36.22463,72.18228
Charnat,34.74284,73.54814
Charni Banda,34.33247,72.34138
Charona,34.32507,72.7493
Charona,34.82633,72.66778
Charot,35.67426,72.16506
Charpacha Banda,35.54701,72.43834
Charpani,33.84096,72.18975
Charpani,34.26965,72.90735
Charpara Banda,33.15924,70.99752
Charpareza,34.09284,71.53049
Charrat,34.60399,72.07558
Charsadda,34.14822,71.7406
Charto,35.25961,73.23193
Charto,35.39056,73.06296
Charto,35.36786,73.05237
Charto Banda,35.35601,73.06592
Charuna,34.56603,72.8463
Charwazgai,34.02391,71.06214
Charwel,35.99528,71.56646
Chas Kalan,33.8025,73.01716
Chashanna Ghunda,33.36763,71.59537
Chashma Mitha Khan,33.63278,71.2692
Chashmai,33.94369,72.13843
Chashmai Banda,33.29834,71.67237
Chashmai Chanda,33.15879,71.63187
Chashmai Kashkai,32.96594,70.08812
Chat Banda,34.84748,72.81627
Chat Pat,34.66417,72.02237
Chata,34.71071,73.32458
Chatalu Sharif,34.04211,72.7801
Chatbaran,34.93647,72.05185
Chatekel,35.07238,72.24504
Chatha,34.49868,72.9608
Chatha,34.18926,73.003
Chathi,34.12386,72.97326
Chatialan,34.84367,73.53961
Chatkarai,35.13186,72.32358
Chatlaki,33.20556,71.50806
Chatri,35.49103,73.40058
Chatta,34.21094,71.67145
Chatta,34.56436,72.88192
Chattar Pari,33.12898,73.69198
Chattel,33.56954,71.66581
Chatter Plain,34.61333,73.12101
Chatthe,34.34607,73.03951
Chatti,34.66907,73.39993
Chattu,33.93638,73.08262
Chattu,34.52514,73.28595
Chattu,34.7368,72.9958
Chaturia,34.99025,72.27862
Chauda,34.62377,72.40118
Chaudai,32.97299,69.70501
Chaudanro,35.17948,73.37977
Chaudhwan,31.59778,70.35677
Chaudral,33.81732,73.06364
Chaudrodag,34.31924,71.67581
Chauja,34.41178,73.02816
Chauk,34.24833,73.24132
Chauk Nakka,34.19901,73.38076
Chaukan,34.50506,73.24452
Chauki,34.45022,73.11875
Chauki,34.09544,72.04373
Chauki Darab,34.02631,71.81003
Chauki Mamraiz,34.01901,71.77035
Chaumtar Mela,33.585,71.37338
Chaunch,35.03987,73.30248
Chauni,34.86319,73.16486
Chauntara,34.49281,72.92538
Chauntra Shahid Bada,34.01441,72.77173
Chauntrai,34.05792,72.76008
Chauntran,34.3449,73.06962
Chautar,34.89189,72.32723
Chdo Muat,35.2148,73.21102
Chechian,33.93011,72.90588
Chechian,33.9064,72.64236
Chehal Bala,34.35833,71.76861
Chehal Banda,34.43907,71.99206
Chehalgazai Banda,34.61398,72.3397
Chehl,34.23485,71.99124
Chehl,34.24404,72.04923
Chehl Banda,34.23678,72.05041
Chehl Ghazi Baba,34.15015,71.71618
Chehla,34.60197,73.26772
Chehr,34.02669,73.27211
Chehr,34.11458,73.14858
Chel Khana,32.70081,70.39852
Chelda,34.22045,73.47107
Chenar Shah,34.8699,71.37857
Cher,35.56713,73.11069
Cher,35.53803,73.13829
Cher Shah,35.22028,73.43793
Cheragana Banda,35.15208,71.95272
Cherai,33.83452,70.37723
Cherai,33.95994,70.04672
Cherat Cantonement,33.82342,71.89292
Chere,34.77012,72.53354
Cherinun,35.18368,72.47778
Cherowai,34.31701,72.76234
Cherwele,35.99803,71.56789
Cheshanwam,32.59565,69.78601
Chhab,33.9859,72.79176
Chhabrian,34.68164,73.45085
Chhabrian,34.23325,73.20182
Chhach,33.8446,72.89697
Chhachh,34.01191,73.12212
Chhai,35.24723,73.21231
Chhaian,34.56688,73.43226
Chhail Banda,34.37736,72.04838
Chhair,34.08962,73.13533
Chhaja,34.55345,73.41776
Chhajakka,34.14449,72.88219
Chhajian,33.88466,73.0277
Chhajjar Bala,34.52596,73.07277
Chhajjar Pain,34.51262,73.0528
Chhajri,31.69977,70.68047
Chhalian,34.56608,73.42073
Chhaliole Baihk,35.17827,73.67225
Chham,34.57283,73.24409
Chham,34.65276,73.21945
Chham,33.92848,72.92107
Chham Nakka,34.15831,73.391
Chhaman Binal,35.5831,72.52815
Chhamb,34.42217,72.8332
Chhamb Banda,34.42833,72.85098
Chhambar,34.63628,73.39149
Chhambar,34.63848,73.37738
Chhambaran,34.81472,73.568
Chhamber,34.87685,73.61889
Chhamh,34.00917,73.41413
Chhammai,35.56868,73.20033
Chhammar,34.6072,73.39197
Chhan Banda,34.40405,72.04426
Chhanchar,35.47348,73.1775
Chhang,34.91687,73.88076
Chhani,33.12645,73.72504
Chhanimal,35.509,71.83436
Chhanj,34.76445,73.22487
Chhanja,34.31663,73.08982
Chhanjan,34.91249,73.76998
Chhaoni,34.34673,72.8496
Chhaoni,36.31404,72.29629
Chhapar,34.64512,73.50679
Chhapar,33.12638,73.73365
Chhapar,34.44432,73.09503
Chhapar,34.40696,73.41629
Chhapar,33.92333,73.02495
Chhapar Kotla,34.48953,72.96197
Chhaparian,34.6905,73.17303
Chhapra,33.23522,73.72117
Chhapra,34.67021,73.22149
Chhapra,34.84932,73.52264
Chhapra,34.51989,73.19324
Chhapra,34.86277,73.55046
Chhapra,34.49775,72.76057
Chhapra,34.50686,72.88148
Chhapra,34.56551,73.12303
Chhapra,34.52077,72.84888
Chhapra Banda,35.03647,72.8288
Chhaprai,34.60089,72.98059
Chhaprai,34.73326,72.94189
Chhapran,34.75298,73.69478
Chhapran,34.88807,73.64049
Chhapri,34.65307,73.17086
Chhapri,34.65845,73.1174
Chhapri,34.49261,72.95859
Chhapri,34.79696,73.01705
Chhapri,34.5191,72.92246
Chhapri,34.61974,73.26265
Chhapri,33.86213,70.29725
Chhapri,33.95363,70.08452
Chhapri,33.97822,69.93566
Chhapri,33.98258,73.17218
Chhapri,34.77702,73.45722
Chhapri,32.92242,70.66224
Chhapri,34.72791,73.29396
Chhapri,34.76081,73.41278
Chhapri Kalle,33.94773,70.13861
Chhaprian,33.86997,73.07583
Chhaprian,34.81151,73.52271
Chhaprian,33.91042,72.72513
Chhar,34.11887,72.79687
Chhar,34.72847,73.62301
Chhar,35.04007,72.855
Chhar,34.47293,73.11786
Chhar,34.35896,73.15141
Chhar Banda,35.23345,72.83276
Chhar Khel,33.06116,69.58158
Chhargram,34.66351,73.05181
Chhari,34.54735,73.29007
Chhari,34.55032,73.30468
Chhari Banda,35.07153,72.84103
Chhariali,34.61507,73.52535
Chharon Banda,35.01308,72.83104
Chharto,35.02227,72.87428
Chharu,33.97342,72.76445
Chhasu,35.74591,71.7874
Chhat,34.77891,73.6233
Chhat Guro,35.76427,71.7015
Chhat Moi,34.13734,73.11894
Chhata,34.45104,73.07459
Chhata,34.58358,73.21018
Chhatamath,34.10395,73.32443
Chhatan Dok,36.42071,72.81957
Chhatar,34.20043,73.48506
Chhatar Ghoni,35.99185,72.11747
Chhatian,34.26011,73.28411
Chhato Dak,35.94361,72.14693
Chhatra,34.32114,72.91731
Chhatri,34.19914,73.33491
Chhatroh,33.28083,73.62475
Chhatru Mela,33.19394,71.70302
Chhatru Mela,33.09411,71.6468
Chhattar Plain,34.61456,73.11807
Chhattu,34.57369,73.06911
Chhelo,34.00961,72.8923
Chheni Korinf,36.11303,72.43491
Chhereni,36.33347,72.26504
Chheri,35.13611,72.4375
Chhiarah,34.73988,73.50578
Chhichhar Khani,34.46966,72.96237
Chhika,34.67191,73.1192
Chhikakki,35.48761,73.70299
Chhikan,36.43344,72.69641
Chhiliar Baihk,35.41998,73.70713
Chhilo Bat,35.3795,73.06653
Chhina,32.15237,70.55515
Chhith,34.19277,73.0054
Chhitri,33.95041,73.02951
Chhoai,35.3098,73.09139
Chhochang,35.29978,73.20434
Chhochh,33.44856,73.73916
Chhochhal,36.33473,72.34959
Chhoi,34.09498,72.81308
Chhoi,33.78629,72.9386
Chhokan Banda,34.94263,73.11189
Chhokokor,35.45912,73.69988
Chhor Banda,35.0402,72.95967
Chhori Baihk,35.22754,73.58514
Chhota Darra,35.78749,73.05451
Chhota Jabba,35.55643,72.41574
Chhota Kandao,35.28017,73.10893
Chhoti Zannai,32.84983,70.14523
Chhpara Ban,34.05966,72.99036
Chhral,35.26637,73.00512
Chhtian,34.60646,73.40382
Chhuna,34.14185,73.25787
Chhunan,34.14513,73.24474
Chhur Sharif,34.00594,72.91979
Chhutti,34.16984,73.40888
Chianwala,34.77494,73.61867
Chichandi Algad,32.64119,70.34725
Chichandi Shpalai,31.97104,69.93685
Chicharh,35.29909,73.19086
Chichhai Dab,35.51325,71.8609
Chichina,33.46966,71.36804
Chichki Pal,32.85571,69.62377
Chichlo Banda,34.9212,72.78112
Chigaliar,32.59893,70.36385
Chigragliza Mela,32.62598,70.34054
Chijri,34.53198,72.96459
Chikar,36.81231,73.31594
Chikar Baian Kalan,34.25192,73.02445
Chikar Baian Khurd,34.25808,73.0334
Chikar Lasht,36.53499,72.91974
Chikarai,35.08408,72.4968
Chikarkot,33.57847,71.44221
Chikarkot Bala,33.60017,71.30564
Chikkar Wanda,32.7617,70.90066
Chil Shaggai,34.74609,72.34463
Chilar,34.677,72.95896
Chilargam,34.85316,71.5071
Chilari,35.15248,72.97162
Chilghazi,33.86052,71.18972
Chilinsinchun Gol,36.08152,71.30468
Chillayar,33.4037,73.74011
Chilli Bagh,33.60449,71.25727
Chilmurabad,36.84589,73.34919
Chilonai,34.61768,73.06745
Chilum,35.27121,72.61055
Chim Garhi,35.28897,72.60495
Chimartalai,34.93877,71.67665
Chin Kot,34.48868,73.00126
Chin Nis,35.71534,71.96174
China,32.49,69.59306
China,33.99548,71.60649
China,33.99319,71.05917
China,34.54225,72.85572
China,35.19233,72.59694
China,32.6434,69.83542
China,33.13696,70.61932
China,34.24038,71.68382
China,33.73487,71.65004
China,31.58898,70.13462
China,34.34981,72.2622
China Kalle,34.44828,72.49186
China Khwa,32.16071,69.49172
China Kili,34.87402,72.24618
China Nao,33.93446,70.73743
China Ziarat,33.13313,70.61205
Chinagai,34.72312,71.57344
Chinai Banda,34.90918,72.68025
Chinai Khwar,35.03724,71.94913
Chinai Michan Khel,32.38298,70.3939
Chinala,35.00438,72.45384
Chinanao,33.95616,70.19838
Chinao,34.62747,73.02357
Chinao Hafizabad,34.63019,73.04254
Chinapatai,34.90263,72.68162
Chinar,33.79681,70.36077
Chinar,33.36897,73.74531
Chinar,35.56864,71.72281
Chinar,35.99361,71.74306
Chinar,34.79656,71.53512
Chinar,33.75109,70.85631
Chinar,34.45857,72.49553
Chinar,35.57097,71.8746
Chinar,34.5822,73.12138
Chinar,34.74396,71.28643
Chinar,36.30212,72.54262
Chinar Garai,34.91983,71.8356
Chinar Kalle,34.4069,71.85169
Chinar Kalle,33.70924,70.45643
Chinar Khwar,35.2467,71.88555
Chinar Kili,32.91528,69.73694
Chinar Kot,34.56269,73.12154
Chinar Kot,34.68263,73.22938
Chinar Tangai,34.81499,71.87869
Chinarai,35.01639,71.71277
Chinarai,34.60108,71.21171
Chinaran,34.47008,71.64655
Chinaran,35.24227,71.99512
Chinargai,34.93893,71.84742
Chinargo,34.85863,71.52753
Chinari Mar,34.07772,72.97206
Chinarkot,34.02473,72.77215
Chinarkota,34.84455,71.97312
Chinaro Kalle,33.75601,70.26835
Chinarop Piquet,32.98424,70.21948
Chinarun,34.721,71.8264
Chinaruno,34.67134,71.86703
Chind Kot,34.48541,72.99362
Chindagh,34.92625,72.09707
Chindakot,35.08416,71.7779
Chine,33.92341,70.15842
Chingai,34.29127,71.49444
Chingai,34.06129,71.22397
Chingai,34.47552,71.57018
Chingai,33.55881,70.6434
Chingai,34.79395,71.94081
Chingai,33.89604,70.56447
Chingai,34.00764,71.31193
Chingai,34.8406,71.43162
Chingai,34.78882,71.4835
Chingai,34.50775,71.42642
Chingai Baba,34.33908,72.32452
Chingai Banda,34.20552,71.39271
Chingai Banda,34.87443,72.33397
Chingai Pali,33.76198,71.69846
Chingai Shah,34.46282,71.36258
Chingal,34.4877,71.23657
Chingalai,34.32044,72.51153
Chingalai,34.87474,72.46532
Chingar,34.29026,73.01453
Chingazo,34.73822,71.48783
Chingiko Ghari,35.90543,71.51205
Chinjar Kot,34.24012,72.99187
Chinkot,33.90729,73.23316
Chino,34.75364,71.90553
Chino Baba Ziarat,34.8025,72.32158
Chino Baihk,35.22513,73.54717
Chino Banda,35.04668,71.72329
Chino Kalle,34.0495,71.44162
Chinot,34.35122,72.76639
Chiod Algad Kili,32.4034,70.33084
Chipai,32.92106,71.04832
Chir,34.60218,72.8071
Chir Banda,34.82394,72.89416
Chir Bhek,35.69364,72.84351
Chira Gali,35.16893,71.9578
Chira Khargai,33.93256,71.39131
Chirakot,34.41717,72.76801
Chiran,34.89932,72.90688
Chiran,34.82661,73.03991
Chiran,34.80725,73.03394
Chiran,34.41663,72.90143
Chiran di Dhaki,34.54294,73.1918
Chirh,34.36779,73.28963
Chiri Narmi Khel,32.97579,70.48862
Chiria,34.47551,73.14839
Chiriali Banda,34.37622,73.06669
Chirk Lasht,36.48594,72.4301
Chirmang,34.61435,72.98595
Chiroma,34.32225,72.75399
Chirpal Banda,35.28614,72.14436
Chirra,31.43162,70.66596
Chirra Polad,31.43205,70.65689
Chirrang,33.90186,71.49719
Chirri Banda,35.16799,72.32947
Chirri Bhuhar,31.4429,70.56868
Chiryati,34.36921,73.09105
Chishmai Akor Khel,33.35856,71.09342
Chishmai Miangan,33.39509,71.19858
Chita Bat,34.41863,73.04347
Chita Dheri,34.10139,72.39028
Chitari,36.30331,72.28068
Chiti Sar,36.78467,72.99434
Chitiala Dheri,34.30239,72.32278
Chiton,32.9744,69.94181
Chitor,34.70994,72.3473
Chitrabat,35.30358,71.75406
Chitral,34.15673,71.79697
Chitral,35.8518,71.78636
Chitral,34.20778,71.8216
Chitral Kalle,34.26942,71.92237
Chitral Lines,33.99211,72.00947
Chitral Lughi,35.88722,72.00276
Chitta,34.52305,72.88919
Chitta Batta,34.36603,73.2614
Chitta Batta,34.56083,73.24088
Chitta Batta,34.72572,73.0327
Chitta Katha,34.86646,73.60782
Chitta Khel,32.92884,70.89643
Chittaoni,36.18615,72.47975
Chitti,33.7877,72.89096
Chitti Dhakki,33.99321,73.13072
Chitti Dheri,34.32749,73.18251
Chitti Gatti,34.3955,73.21972
Chitti Mohri,34.31812,72.95228
Chittian Qabran,33.88616,73.21192
Chmasar,31.50915,70.0551
Chob Banda,35.13659,71.64084
Chobara,34.24981,72.92185
Chobek,35.2486,72.59188
Chochargah,35.1681,73.82615
Chodai,32.158,70.20538
Chodai,32.15288,70.24279
Chodogun,35.31711,72.60838
Choga,34.6987,72.6588
Choha Gujar,33.99922,71.63073
Chohan,34.59622,73.06203
Chohanwala Khu,32.18512,71.02239
Chohria,34.78683,72.48687
Choi Baihk,35.12826,73.7466
Choian,34.37195,72.86813
Chokel Banda,35.35913,72.65429
Choki Azim,32.98,70.87943
Choktai,35.02014,71.57906
Cholao Banda,35.07993,72.83455
Cholao Banda,35.19046,72.85071
Cholao Banda,35.08248,72.82813
Choli Bala,34.07683,71.53505
Choli Payan,34.07358,71.53899
Cholundri,34.57834,73.25046
Cholundri,34.57294,73.16406
Cholundrian,34.53879,73.01989
Chomarkan,35.79784,71.78801
Chonai Masti Khel,32.48214,70.89623
Chonala,34.15911,73.10848
Chong,34.46437,72.58624
Chonjal,35.81937,72.08259
Chopai,35.04485,72.19397
Chopal,34.09669,72.08562
Chopri,32.9046,71.13268
Chor Banda,34.85447,72.89337
Chor Banda,34.66215,73.49245
Chor Talab,33.76662,71.69365
Chora,33.96667,71.18333
Choraghdin,34.31628,71.8874
Chorah,33.85204,73.0015
Chorai,34.72157,71.67814
Chorbat,34.98863,72.67917
Chorkalan,34.57011,72.96957
Chorlaki,33.20227,71.51789
Chorlakki,33.59101,71.93996
Chororai,34.40016,72.70941
Chot Kan,35.31626,72.60183
Chota,34.6708,73.25113
Chota Khanan,34.15333,72.11376
Chota Marathi,34.0848,72.1086
Choto Shal,35.78571,71.90736
Chotta Barbara,33.27428,71.14996
Chotti Dherakki,33.28937,71.15726
Chotti Shagai,33.32269,71.1279
Chouki,34.22944,73.36568
Chounrai,34.85117,73.2154
Chowa,35.04893,72.70519
Chowar Gul Ziarat,32.69317,70.87701
Choyaba,31.65915,70.23447
Chpai Dhand,34.16928,72.42787
Chrungo,33.98132,69.94312
Chuchung,35.30453,73.27562
Chudrai,35.38613,71.70338
Chughalpura,34.01867,71.62799
Chugharzai,34.28398,72.10879
Chugian,34.62411,73.29558
Chugian,34.15945,73.23637
Chuhan,34.34021,72.60697
Chuhar Khel,32.38292,70.85596
Chuido Kili,33.37767,70.52637
Chukara,33.02863,71.03398
Chukiatan,35.15266,71.89665
Chukli,34.1675,73.11538
Chukran,32.32204,70.23847
Chulugol,35.37837,71.62365
Chuna,32.22351,71.15045
Chunakari,34.17763,73.25736
Chunakki,34.34009,73.093
Chunalan,34.2641,73.04168
Chund,34.40001,72.93172
Chund Banda,35.26538,71.9863
Chuner,34.40062,72.76376
Chung Ghar Ghari,35.93272,71.42258
Chungai,34.6794,72.12183
Chungi Banda,34.78569,71.82083
Chunithani,35.34436,71.69667
Chunj,36.3167,72.57252
Chuno Banda,35.44876,71.9343
Chuntian,34.65711,73.47068
Chuprial,34.98111,72.36319
Chur,34.68585,73.33087
Chur Banda,34.93992,72.19983
Chur Lak,34.2955,71.92583
Chura,34.25681,72.12343
Chura,33.84315,73.11212
Churak,34.88805,71.48839
Churanai,34.59784,72.73353
Churanai,34.62814,72.7575
Churanka,34.69967,73.41944
Churat,35.53732,72.67887
Chure di Gali,34.14736,73.17003
Churhan Sara Pam,34.35274,72.86905
Churi Garhi,34.28922,72.76235
Churi Khel,32.7206,70.50004
Churi Tang,33.55026,70.96903
Churia Banr,34.746,72.73341
Churian,34.35751,73.13866
Churkana,34.73622,73.28663
Churkhai,34.61774,72.13746
Churku,34.76583,73.33176
Churlak,34.95614,71.57863
Churlandai,34.95412,72.86196
Churlingai,34.74059,72.94188
Churmar,34.91841,72.9362
Churra,35.13211,72.53499
Churrai,34.53724,72.98322
Churuna,35.15761,72.70241
Chushal,34.68305,73.5261
Chuta,34.69812,73.46383
Chutala,33.96308,73.17124
Chutrik Shal,35.7845,71.81741
Chuwa,34.5887,72.14645
Chyogh,35.7457,71.61483
Chīnai,32.45,69.41806
Chīnike Zāwar,32.3,69.30833
Civil Colony,34.72133,71.52487
Cobinal,35.60694,72.51764
Collage Doraha,34.36728,73.21186
Colony Gulabad,33.28435,71.16917
Commissioner Colony,31.81328,70.91576
Cubanr,35.21689,72.50189
Culbanr,35.16443,72.60268
Cwara Punga,32.67094,69.66428
D C Colony,35.26052,73.2236
Dab,34.72483,72.95239
Dab,34.13703,71.63061
Dab,34.86063,71.94517
Dab,35.61006,71.79314
Dab,34.66768,72.70445
Dab,34.79473,71.7041
Dab,34.44088,73.1436
Dab,34.70566,72.9645
Dab,34.86428,72.05985
Dab,34.85441,72.12296
Dab,34.63178,73.10252
Dab,34.66678,72.81536
Dab,33.14759,71.24328
Dab,34.6052,71.43765
Dab,35.46674,71.66822
Dab,34.25358,72.82124
Dab,35.26299,71.6412
Dab Banda,34.33823,71.55766
Dab Banda,35.54859,72.36332
Dab Banda,35.2752,71.93319
Dab Banda,34.13252,71.79448
Dab Banda,34.23886,72.80973
Dab Banda,35.61816,72.40661
Dab Jarandai,34.53825,72.77274
Dab Kalle,34.28984,71.69164
Dab Kili,32.29028,69.54333
Dab Kor,34.17917,71.42251
Dab Koruna,34.05907,71.52035
Dab Kot,32.28708,69.54089
Dab Number One,34.33153,73.18555
Dab Number Two,34.32779,73.1935
Dabak,32.69616,70.47538
Dabak Kalle,32.61077,70.3634
Dabak Kalle,32.29665,70.29382
Dabak Mandra Khel,32.59481,70.96949
Dabak Saiyid Khel,33.05185,70.71155
Dabaku,35.04162,71.76349
Dabar,34.82372,71.45291
Dabar,35.18418,72.13794
Dabar,34.79334,71.8194
Dabar,34.89915,71.46192
Dabar,34.50858,71.5929
Dabar Banal,35.53084,72.71071
Dabar Banda,33.0373,70.96166
Dabar Banda,33.01238,70.98679
Dabarai,34.91342,71.42262
Dabargai,35.1569,72.59554
Dabari,32.64262,69.57546
Dabari Miani,32.64611,69.5193
Dabarra,33.21415,70.85671
Dabaz,35.71477,72.01442
Dabba Khatta,35.55604,72.84288
Dabba Par,34.36671,73.02466
Dabbado Kandao,33.88618,70.52809
Dabban,34.21598,73.48013
Dabban,34.32884,73.35055
Dabbar,31.48096,70.06249
Dabbar,34.61504,73.28861
Dabbar,34.68522,73.40765
Dabbar Shahi,35.25651,72.26351
Dabbi Mar,34.43637,73.06998
Dabbri Jhok,32.38389,71.25417
Dabbri Jhok,32.3748,71.26607
Dabdabo,34.7478,71.57092
Daber,35.18162,72.13406
Dabgai,34.7647,71.58896
Dabgari Chauk,34.00281,71.56242
Dabhukan da Nar,34.89879,73.81566
Dabkar Garhi,34.10692,72.80724
Dabki,34.61028,71.46062
Dabli,33.07726,71.1257
Dabli Lawaghar,33.07053,71.10854
Daboi,34.37719,72.87772
Dabomanzai Banda,35.0621,71.8808
Dabona,34.59332,73.03087
Dabora Dher,35.46899,73.58007
Daborai,33.78959,70.8718
Dabra,32.15245,70.25354
Dabrai,34.72929,72.98628
Dabran,32.5877,70.42332
Dabran,33.91861,73.13364
Dabrian,34.59967,73.37654
Dabsar,34.64684,72.26308
Dabuna,34.94568,71.83139
Dabuna,35.02133,72.73189
Dabuna,34.50615,72.98372
Daburi Sutar Kalle,33.73793,70.81126
Dabza,34.55595,72.8431
Dad,34.91798,72.57044
Dad Banda,34.5942,72.21177
Dad Banda,35.17295,71.9938
Dad Kalle,32.95061,70.59307
Dad Kamar,33.47934,70.39658
Dada Banda,34.84938,72.81362
Dada Dheri,34.54695,71.70231
Dada Manrai,34.46843,71.56767
Dada Nawe Kalle,34.94191,71.77533
Dadabund Biriar,35.18069,73.41878
Dadam,34.43605,72.7641
Dadam,34.4376,72.7456
Dadam,33.0834,69.58477
Dadam Banda,34.51883,72.82609
Dadar,34.67572,73.56454
Dadar,34.73935,73.65229
Dadar,34.55228,73.25898
Dadar,34.94476,73.87149
Dadar,33.27219,70.51141
Dadar Maidon Mahli,34.85325,73.78953
Dadban,35.34773,72.10242
Daddair,35.34936,73.27855
Daddair,35.27785,73.33409
Daddair Baihk,35.40529,73.48568
Daddar Baihk,35.07583,73.62676
Dadder,35.21576,73.19649
Dadhar,35.21741,73.27752
Dadhar,35.56891,71.91983
Dadher,35.16183,73.2654
Dadhrah,34.73605,72.25617
Dadi,35.27056,73.6008
Dadi Banda,34.64976,72.69105
Dadi Garrah,33.73401,70.57214
Dadi Shain,35.12872,73.04832
Dadiwala,32.79036,70.87667
Dadkor,35.0776,72.1929
Dadlai Bhek,35.52468,72.95846
Dado Bhaik,35.18088,73.58535
Dadobund,35.17401,73.46081
Dadoi Baihk,35.44529,73.72601
Dadpanrai,34.93906,72.38848
Dadshai,35.48333,73.11667
Dadu Kalle,34.33917,71.74211
Dadukai Shorshing,34.82712,72.11288
Dadwala Janubi,31.46444,70.83778
Dadwaz,33.84676,70.42731
Dafo Banda,34.55293,71.57637
Dafra,33.93765,73.35423
Dag,34.48764,71.34958
Dag,34.74187,71.69729
Dag,32.37589,71.16765
Dag,31.65804,70.11331
Dag,34.63184,71.1792
Dag,34.06737,71.52289
Dag,34.78193,71.38951
Dag,32.28472,69.55917
Dag Alam Shah,34.69821,71.48222
Dag Besud,33.98792,71.78682
Dag Garhi,33.77434,71.14334
Dag Ismail Khel,33.8449,71.8184
Dag Kili,34.45318,71.11903
Dag Pindiali,34.40717,71.45896
Dag Qala,34.80228,71.55778
Dag Qala,34.50348,71.27273
Dag Sar Banda,34.63119,72.57805
Daga,33.91715,70.27058
Dagai,34.18923,72.50438
Dagai,34.61119,73.03891
Dagai,33.991,71.82485
Dagai,35.0005,72.34488
Dagai,34.43119,71.60468
Dagai,34.40996,71.97955
Dagai,34.85305,71.55979
Dagai,34.34182,71.39499
Dagai,34.2323,71.66291
Dagai,34.76492,72.27017
Dagai Khalid Khan,34.24003,71.66836
Dagai Shah,34.214,72.05446
Dagan,33.94488,73.33302
Dagar,33.42183,73.71496
Dagar Kalle,33.67857,70.30887
Dagarai,33.8869,70.81734
Dagari Kalle,32.89533,69.67956
Dagarzai Chir,33.87129,71.73117
Dagaz,36.42122,72.49472
Dageshahi,35.3073,71.64746
Dagga Maira,34.07555,73.24339
Dagga Wahan,32.31102,71.1614
Daggar,34.61428,73.00927
Daggar,34.49697,72.46253
Daggar,34.51106,72.48438
Daggar Kalle,32.47667,70.40905
Daggar Nari,33.19702,71.14236
Daggar Saifur Khan,34.23939,72.08968
Daghar,36.4878,72.47267
Daghm,36.0759,71.35287
Daghul Goshti,36.07249,71.30182
Daghuz Ghor,33.59398,70.89902
Dagi,34.23169,72.66602
Dagi,34.1679,72.30598
Dago,33.5716,70.88243
Dago Kalle,33.92554,70.00703
Dago Kalle,33.52657,70.3403
Dagor,35.19164,71.99715
Dagra,34.58633,73.2785
Dagrai,34.95402,71.90318
Dagri,34.14019,73.41098
Dagri Nakka,34.14598,73.40645
Dahar,35.02871,72.86768
Dahar,36.62372,72.56365
Dahman,34.26219,72.98616
Dahmeka,35.78513,71.68522
Dahotar,32.02066,71.02328
Daidanna,34.55519,73.39181
Daigan Kalle,32.89186,69.67224
Daiganan Kalle,34.39863,71.84774
Dainga Bazar Kalle,34.33404,71.68228
Dairah Kohi,34.8424,73.17579
Dairdai,33.03151,69.62739
Dairi,36.01666,71.59006
Dairuwaini,36.29125,71.57956
Daitkun,35.34949,72.13572
Dajail Jayjune,35.56384,72.3494
Dak Bungla,34.36732,71.76187
Dak Kalle,34.76171,71.49126
Dakai Shahid,32.76416,70.11318
Dakan,35.39186,72.05643
Dakan,34.79403,72.7163
Dakara,34.25928,72.58185
Dakaro Banda,34.22075,72.64868
Dakas Banda,32.8,71.05
Dakasi Kalle,33.37166,70.65302
Dake Khwar,35.07557,71.73455
Dakhan,33.8852,72.94173
Dakhan,33.88809,73.24939
Dakhan Pesar,33.89724,73.19829
Dakhari,33.77956,72.95532
Dakhhan,34.16617,73.46568
Dakhhan,34.13548,73.337
Dakhhan,34.01839,73.21252
Dakhhan,34.38216,73.33707
Dakhli Ban Khatta,33.95579,73.2638
Dakkan,34.42891,73.10129
Dakki Kalle,34.30452,71.77392
Dakku Banda,34.91997,72.19527
Dako Baba Kalle,34.27655,71.97188
Dakorak,34.86057,72.43765
Daksai Banda,32.85,71.03333
Dal,34.0788,72.70936
Dal,34.03269,71.54518
Dal,33.88517,70.58586
Dalai,35.51929,73.60232
Dalai Shatairi,32.99213,69.68309
Dalam Banda,35.20766,72.60722
Dalamuch,35.91276,71.8053
Dalanai,33.69393,70.72662
Dalar Nakka,34.64338,73.27024
Dalel,32.16028,70.51694
Dalgan,35.69887,71.76266
Dalgando,34.95201,72.91606
Dalgram,34.99277,71.87884
Dalhorai,34.55974,72.99935
Dali,33.78974,71.04388
Dali Kot,32.96055,70.28875
Dalian,33.60513,71.70456
Dalkenari,35.4777,71.86423
Dallah Khel Naurang,32.8558,70.54934
Dallan,33.35811,70.64691
Dallasa Kalle,34.27777,72.05514
Dalli Dheri,33.92809,71.58575
Dallo Khel,32.60326,70.86069
Dalola,34.35789,73.39902
Dalri,34.20526,72.93815
Dalri,34.03668,72.88416
Dalwati,32.54525,71.21644
Dalāi,34.95,72.75
Dam,35.14145,72.06019
Dam,35.67172,71.91189
Dam,34.72046,72.64599
Dam Colony,33.58416,71.4126
Dam Dheri,34.45043,72.98507
Dam Ghar,34.65583,72.69718
Dam Katskai,32.51371,70.03788
Dam Kote,34.7124,72.24094
Dam Shaghu,35.56426,71.78803
Dama,32.83358,70.23864
Dama,32.8178,70.22815
Damadola,34.80508,71.46783
Damagit,34.56884,73.05678
Damakai,34.79546,72.43394
Damama,33.22532,70.27593
Damama,35.03874,72.44454
Damaman,34.60903,72.66318
Damame,33.87021,70.48249
Damamo Banda,34.88039,71.89166
Damamo Kalle,34.25217,71.96159
Daman,34.72519,71.80578
Daman,34.87555,71.47976
Daman,34.73589,71.67264
Daman,34.22172,71.63584
Daman,34.71876,71.55582
Daman,34.85889,71.89905
Daman Dok,35.92215,72.01962
Daman Kili,34.1538,72.03107
Daman Kili,33.92153,70.97996
Daman Koruna,34.29665,71.56835
Damana,35.12392,72.51949
Damangai,34.85362,71.39024
Damanik Banda,35.2477,71.62594
Damano,34.8754,71.55384
Damano Shah,34.69538,71.44504
Damar Paiza,34.75476,72.93175
Dambar Darra,34.47919,72.46655
Dambar Kola,35.16216,71.85232
Dambara,34.63221,72.6314
Dambara,34.45095,73.1955
Dambara,34.74076,71.65018
Dambarai,34.81582,71.37027
Dambargat,34.42595,72.39221
Dambarkun,35.31889,72.07658
Dambu,33.74183,70.80106
Damel,34.14744,73.36267
Damghar,34.80153,72.35708
Damil,35.52374,71.7589
Damlai,35.15996,72.52381
Damner,34.25768,72.61153
Damodhar,32.85556,70.58917
Damorai,34.99524,72.75117
Damrah,34.06652,72.77941
Damrit,35.49906,71.79105
Damshai,35.51022,72.23814
Damtal,34.99006,71.68662
Damzai,35.31934,72.04716
Dan,35.02922,72.85521
Dana,34.17325,72.86054
Dana,34.5492,73.38953
Dana,35.09627,73.11705
Dana,35.55686,73.19797
Dana,34.39614,73.29657
Dana Baihk,35.1745,73.67979
Dana Darra,34.55414,72.25893
Danah,33.88385,73.31293
Danai,34.98372,72.63251
Danakul,34.80992,72.79886
Danao Bhek,35.52756,72.88457
Danch,35.46548,73.02581
Dand,34.58614,72.93833
Dand,33.52698,70.72796
Dand,34.7293,72.71471
Dand,34.96661,72.8097
Dand,34.85961,71.54639
Dand,34.90556,72.51806
Dand,34.79128,72.85253
Dand,34.74662,72.88989
Dand,35.0091,72.41241
Dand,34.56193,71.62853
Dand,33.80399,70.75538
Dand,34.27117,71.45525
Dand Banda,34.84844,72.88201
Dand Banda,35.08685,72.84698
Dand Banda,35.10903,72.16355
Dand Banda,34.95051,72.75779
Dand Garhi,33.64518,70.68662
Dand Ghundakai,33.87307,70.26539
Dand Kalle,32.90418,69.71232
Dand Maira,34.42776,72.65113
Dand Seri,34.26724,72.938
Danda,35.02155,72.3188
Danda,34.6558,72.7391
Danda,35.09578,72.07385
Danda,35.1,72.65806
Danda,34.6591,71.36535
Danda,34.65824,71.94016
Danda,34.9065,72.84023
Danda Banda,34.84045,72.02811
Danda Banda,35.14966,71.76587
Danda Darpa Khel,33.02178,70.05293
Danda Faqirano Kalle,32.40972,69.69139
Danda Holian,34.42893,72.94986
Danda Kalle,32.97682,70.59039
Dandai,33.89913,70.38654
Dandai,35.0071,72.29928
Dandai,34.76028,72.75031
Dandai Banda,34.9199,72.801
Dandai Banda,34.88436,72.81326
Dandal,34.81147,72.94373
Dandanwal,32.2625,71.12083
Dandao,34.31222,71.84222
Dandar,34.43168,72.95916
Dandar,34.58364,73.32857
Dandar,34.43809,72.72231
Dandar,34.33401,72.63881
Dandar,34.25916,72.52666
Dandar,34.15208,72.49284
Dandar Kalle,33.81882,70.09785
Dandarai,35.01972,72.36722
Dandarai,34.56649,72.79417
Dandarya,33.91554,70.25844
Dande,34.92342,72.26838
Dande,34.71606,72.69401
Dande,34.97609,72.55047
Dandi Kali,33.8703,72.76611
Dandiala,34.39202,72.86135
Dandkol,34.87425,71.51947
Dando,34.29837,71.8458
Dando,34.79649,72.5624
Dando,34.74798,71.57915
Dando Kalle,34.36469,71.67792
Dando Kor,34.59031,71.4115
Dando Shah,34.82995,71.70327
Dandoka Kalle,34.29844,71.89066
Dandokai,34.45289,72.59104
Dandokai,34.87992,72.75693
Dandoke,33.88325,71.19195
Dandona,34.94963,71.65924
Dandoro,35.46138,73.23928
Dandu,34.57969,71.37587
Dandu Sar,34.97765,72.84917
Dandukai,34.68158,71.73622
Dandukai,34.54879,72.92102
Dandukai,34.87401,71.51307
Dang,35.41766,73.08689
Dang Dang Kalle,34.23304,72.06147
Dang Khui,34.57999,72.67537
Dang Lakhtai Bala,34.15105,71.52091
Dang Lakhtai Payan,34.14523,71.53485
Dang Qala,34.26955,71.6524
Dangai Garhi,33.72856,71.49762
Dangar Gudu,33.71866,70.53908
Dangar Lakhi,33.59039,70.84062
Dangar Mela,33.83357,71.46777
Dangara,33.79248,70.75117
Dangaroi Pakha,33.68606,70.98484
Dangarzai Talao,33.97159,72.15086
Dangbanr,35.23678,72.61621
Dangdang,33.93366,72.12072
Dangeri Koro,36.02473,72.15813
Dangila,33.86195,70.17352
Dangisar,34.86075,71.7051
Danglakai,34.48559,71.41486
Dangoi,35.50155,72.85673
Dangram,34.75537,72.40644
Dangri Kandeh,35.84507,71.77187
Danin Lash,35.87771,71.8048
Danishabad,33.99441,71.47744
Danjarai,35.00339,71.68489
Dankar,35.44003,72.30536
Dankara,35.22702,72.4663
Dann,34.75747,73.4879
Danna,34.63753,73.57819
Danna,34.48113,73.10529
Danna,34.2818,73.4068
Danna,34.15823,73.07635
Danna,33.97515,73.33398
Danna,33.99759,73.34522
Danna,34.35602,73.14438
Danna,34.76235,73.24327
Danna,33.89483,73.02613
Danna,34.75954,73.23358
Danna,34.69512,73.28083
Danna,34.15048,73.45248
Danna,34.86057,73.69879
Danna,34.69659,73.24711
Danna,34.62606,73.35657
Danna,33.93081,73.27226
Danna,34.77018,73.61814
Danna,34.21724,73.39449
Danna,34.83827,73.55847
Danna,34.47842,72.94584
Danna,34.75548,73.4886
Danna,34.49802,73.05393
Danna Bagan,34.02554,73.32644
Danna Ban,34.72095,73.23186
Danna Banda,35.40792,72.31709
Danna Ferozpur,33.84016,73.16155
Danna Forest,34.64128,73.47986
Danna Gagion,34.00474,73.3085
Danna Khula,33.70376,71.32421
Danna Makol,34.01162,73.3175
Danna Nural,33.9429,73.1861
Danna Siri,33.87892,73.06015
Danni Khel Kuai,34.47759,71.6033
Danni Pota,31.4222,70.35022
Dano Banda,35.45296,72.83778
Danrwa,34.86084,71.89187
Dant,35.25648,73.24962
Danwazi Banda,33.37947,71.44301
Dao,34.96944,72.50833
Dao Garrah,33.12436,71.11013
Dao Wanda,32.13631,70.90253
Daolai,33.68417,71.08177
Daona,34.79904,72.75285
Dapa,33.34891,70.55523
Dapah,33.70401,70.90861
Dapar,33.59007,70.77374
Dappa,33.78902,70.54205
Dapur,35.03151,71.82887
Dar,35.05901,73.33089
Dar,33.54167,70.94785
Dar,33.90257,70.29198
Dar,33.83393,70.29151
Dar,35.1732,73.30939
Dar,33.69912,70.59194
Dar Khanandeh,35.71796,71.77193
Dar Masmi,33.07651,69.97559
Dar Shal,35.76637,71.81923
Dara,33.81667,72.91519
Dara,34.3486,73.21821
Dara Kalle,34.38517,72.00521
Dara Kalle,34.34858,71.77699
Dara Kilu,34.71355,73.33455
Darab,35.13521,72.52276
Darab Khan,32.85134,70.73077
Darab Qala,34.63317,73.07155
Daraban Kalan,31.73247,70.3372
Daraban Khurd,31.72599,70.33527
Daraban Khurd,31.69677,70.79873
Darabri,31.91859,70.67763
Darad,34.56697,72.76877
Darad,34.33226,73.26574
Darad Banda,34.83603,72.89172
Darad Banda,34.91811,72.78539
Darad Sar,34.8441,72.88909
Daradar,33.92734,70.22183
Daragri,34.07218,72.90921
Darai,34.48839,72.39488
Darai,33.92319,70.9109
Darak,32.48364,71.19056
Darak,35.42297,72.13435
Darak,33.6912,70.70494
Darak Mela,32.62455,70.33606
Daraka Timur Shah,32.66438,70.55641
Darakai,32.48756,69.8347
Darakai,32.62866,69.90043
Daran,33.63786,71.03268
Daran,34.68406,72.93206
Daran Banda,35.28206,71.7245
Daran Kot,34.2258,72.84493
Daranda,34.69836,73.27073
Darang,34.8516,73.23744
Darangal,34.99815,71.65729
Darange,33.72636,70.89683
Daranj Maira,34.05303,73.10631
Darar,35.23212,72.65403
Darar Banda,35.19947,72.42308
Daras,33.80985,70.92656
Daras Jamait,33.79195,70.89589
Darashat,35.36361,71.61519
Darato,33.84276,70.61201
Darawai,33.94358,70.02223
Daraz Langar Khel,32.49413,69.8711
Darazanda,33.26734,70.5254
Darazguru,35.71239,71.70173
Darazinda,33.24567,70.50369
Darazindah,34.71813,71.57824
Darazsu,35.16964,73.60644
Darbalai,32.99743,69.63473
Darban,35.89844,72.00315
Darbanai,34.55061,72.81837
Darband,36.50995,72.56987
Darband,33.95651,73.30658
Darband,33.51553,70.98833
Darband,34.00532,72.89194
Darband,36.62925,72.90946
Darband,36.02014,71.41575
Darband,34.3289,72.86673
Darbani,34.56312,73.22625
Darbar,33.84555,70.8361
Darbar,34.66364,72.04127
Darbar,33.81484,70.81672
Darbar,34.96174,71.57467
Darbar,34.64812,71.96719
Darbar,34.21862,72.02546
Darbar Khel Nakai,33.78418,70.71074
Darbend Binal,35.46818,72.66552
Darbo Kats,33.63741,71.80457
Darbo Nakai,33.7869,70.85891
Darbu Kalle,34.16044,71.9464
Dard,34.93675,72.26694
Dard,34.90125,72.54521
Dardial,34.93609,72.20723
Dare Baihk,35.37485,73.61821
Dare Jangai,34.30476,71.89193
Dare Khorda,34.42092,71.27555
Dare-da-Doga,34.32376,72.95367
Darer,34.24387,73.40253
Darga,34.84028,71.57472
Dargah,31.49515,70.13506
Dargah Kalle,33.94109,70.01187
Dargai,31.65409,69.95395
Dargai,35.00124,71.82682
Dargai,34.83526,71.88567
Dargai,34.50634,71.90335
Dargai,34.09416,71.30006
Dargai,34.18064,71.88672
Dargai,34.14763,71.19221
Dargai,33.65939,71.00505
Dargai,34.54209,71.06647
Dargai,34.02382,71.18437
Dargai,32.97563,69.74697
Dargai,33.5809,70.8124
Dargai,32.55056,70.36816
Dargai,32.80134,69.51301
Dargai,32.41266,69.93501
Dargai,33.74917,70.5623
Dargai,33.21776,70.73509
Dargai,34.86819,72.03612
Dargai,33.90785,72.14135
Dargai,33.68887,71.0327
Dargai Banda,34.55535,72.21416
Dargai Ghakhai,33.69435,71.0422
Dargai Kili,33.08987,71.32395
Dargai Nar,33.07473,70.50041
Dargai Oba Post,32.21481,69.7555
Dargai Ziarat,33.71652,71.84103
Dargalai,34.27624,72.63255
Dargharan Dur,36.49615,72.533
Dargo Nao,33.84812,70.82202
Darhan,34.40762,73.27544
Dari,34.07312,72.87459
Dari,35.02173,73.18992
Dari Ziarat,34.06589,72.87637
Daria Doga,34.27243,72.9055
Darigai,34.82132,73.37222
Darikand,35.08364,71.75995
Darkai Banda,33.11419,71.30268
Darkai Kalle,32.8864,69.61342
Darkala,34.22288,72.96723
Darkalai,34.83385,72.79332
Darkalai Banda,34.83437,72.78599
Darkan,34.15109,73.27103
Darkane,34.64813,73.64612
Darkhanwala,31.56283,70.48262
Darkhatan,36.00024,72.1308
Darkhshel,33.97145,73.07663
Darki Alam Shah Khel,32.79798,70.79323
Darkot,33.87333,73.16777
Darma,33.73886,70.94425
Darmai,35.08105,72.44606
Darmalak,33.41458,71.25363
Darmali,34.43826,73.0009
Darmamia,33.08585,69.96841
Darmangi,34.04897,71.52356
Darmar,35.15512,72.51876
Darmiana Kandao,35.28517,73.09575
Darmiani Mohaian,34.2769,73.16564
Daro,34.4074,73.0521
Daro,34.81773,72.64656
Daro Banda,35.06198,72.84577
Darolai,35.21431,72.55839
Darora,35.11737,72.00317
Darora,35.1025,71.98806
Darota,33.84276,70.9183
Darota,33.81706,70.93847
Darozgar,34.9695,72.39551
Darpa Khel,32.98789,70.05053
Darpar,33.79938,70.75718
Darra,34.87042,72.50901
Darra,34.48006,73.0365
Darra,35.16918,72.59204
Darra,34.45806,71.62667
Darra,35.06408,72.89134
Darra,34.06929,72.76016
Darra,34.90665,71.80752
Darra,34.81887,72.9278
Darra,34.62745,72.61284
Darra,34.33391,72.45013
Darra,34.09929,72.47263
Darra,34.44257,72.45706
Darra,34.29584,73.04228
Darra,34.70949,71.22146
Darra,34.67925,72.83068
Darra,34.38925,72.61687
Darra,34.0957,73.32954
Darra,34.81556,71.51361
Darra,34.54301,71.72459
Darra,34.12875,73.17947
Darra,33.65351,70.8678
Darra,33.85352,73.00698
Darra,34.66655,71.68541
Darra Hulla,31.78317,70.64543
Darra Kalle,34.15687,71.89363
Darra Kotla,34.02822,73.20792
Darra Tang,32.60888,71.16271
Darrai,34.4163,72.60585
Darrani Mela,33.55352,71.39044
Darre Khan Kalle,32.10844,69.34431
Darre Kili,34.39993,71.31997
Darsamand,33.43743,70.6625
Darsen,34.88501,73.63227
Darsh,34.71607,73.43026
Darsha Khel,33.67673,71.8324
Darsha Khel,32.82367,71.04563
Darta Khel,32.81358,70.26626
Dartappi,33.32098,71.54171
Dartian,33.83837,73.01516
Daru,34.97013,71.82196
Darukai,34.93599,72.11805
Darukai,34.9203,72.0716
Darunian,33.91604,72.98143
Darveshabd,33.98939,71.56953
Darwai,34.552,72.86396
Darwaish Abad,34.6107,73.39506
Darwari,33.5035,70.8263
Darwaz,33.69088,71.10114
Darwaza,34.36722,73.03246
Darwaza,33.84083,72.21139
Darwaza,32.42811,71.2032
Darwaza,35.45978,72.22949
Darwaza,34.67533,73.26144
Darwaza,34.09248,72.95088
Darwaza,34.89659,73.17032
Darwaza,34.01073,73.42503
Darwazai,33.84061,70.99923
Darwazai,33.82784,72.22855
Darwazai,31.67044,70.05525
Darwazgai,34.44677,71.3059
Darwazgai,33.77874,71.54764
Darwazgai,34.21021,71.45767
Darwazi Banda,33.27008,71.48745
Darwazo Khwar,34.4451,71.71603
Darwekkai,33.98277,69.91871
Darwesh,33.99063,72.91708
Darwesh,34.37307,73.08555
Darwesh,34.30808,72.99751
Darwesh Khel,32.48424,69.5856
Darwesha,31.81562,70.63914
Darwezai Khel,33.89653,70.60916
Darwi Khel,33.61887,71.2974
Darya,34.41851,72.37022
Darya Khan,32.85147,70.7164
Darya Khan,34.68988,72.66322
Darya Khan,33.88823,70.40229
Darya Khel,33.10971,71.29442
Daryab Kalle,34.26238,71.54755
Daryuba,33.12687,70.64567
Daryuba Raghzai,33.14027,70.64869
Das,35.52451,73.55001
Das Gali,35.24706,73.52849
Dasan Banda,35.47507,72.48146
Dashabad,34.21548,71.81804
Dashai,33.32485,70.86507
Dasht Raja Bag,35.76471,72.02556
Daslor Pain,35.03373,72.01168
Dasti,31.70606,70.47663
Dastun,36.31647,72.27644
Dasu,35.27436,73.22401
Dasu,35.29169,73.2906
Data,34.29087,73.25659
Data Durpori Khan,33.88344,73.31011
Datai,34.87487,71.62877
Datal,35.1942,72.9763
Dathra,35.17007,72.95416
Datol Banda,35.16298,72.98282
Datta Banr,34.82751,73.21398
Datta Khel,32.90849,69.74477
Datta Khel,33.1509,70.4322
Datta Khel,32.82368,70.0825
Datta Khel Post,32.90691,69.76169
Datta Khel Raghzai,32.73957,69.84118
Daud Garhi,34.09305,71.51222
Daud Kalle,34.24488,71.76486
Daud Khel,33.43515,71.51166
Daud Khel,32.33499,70.41934
Daud Shah,33.00774,70.55385
Daud Shah Kili,34.21356,71.19085
Daud Shai,32.46861,69.86778
Daul,31.95032,70.9822
Daul,34.77531,72.91874
Daulai,34.9707,71.73882
Daulat,34.14577,72.21943
Daulat Banda,34.84154,72.96014
Daulat Kalle,34.886,72.67409
Daulat Khan,32.14995,70.41683
Daulat Khan Kalle,32.47505,70.42611
Daulat Khan Kili,34.31795,71.7467
Daulat Khel,32.47964,70.96529
Daulat Khel,32.9545,70.24761
Daulat Khel,32.93004,70.6653
Daulat Khel Kalle,33.82561,70.08745
Daulat Mir Lang,32.57685,70.73111
Daulat Musa,33.74628,71.21141
Daulatabad,35.79976,72.05646
Daulatabad,32.05417,70.80777
Daulatpur Mund,31.95377,70.98417
Daulatzai,34.17542,71.66244
Daun Ghari,35.95059,71.7122
Daup,34.16952,72.09198
Daup,35.10061,72.48745
Daupsar Banda,35.03046,72.27303
Daur,34.75055,72.82873
Daural,34.70152,71.49627
Dawa Khule,33.83585,70.64498
Dawal,34.19643,72.69191
Dawali Khel,32.8271,70.23672
Dawao Ghari,35.9278,71.58001
Dawarabad,33.83878,71.83238
Dawaro,34.74127,71.6084
Dawashish,35.83599,71.79123
Dawat Koruna,34.33856,71.39882
Dawe Jandai,32.18608,69.61173
Dawegara,35.00603,71.69809
Daya,33.81329,70.45917
Dayai,34.47596,72.82478
Debgaran,34.33339,73.14246
Dedawar,34.68284,72.16809
Dedh Mohri,34.90119,73.61896
Dedli,34.66793,73.26071
Defence Colony,34.00969,71.53647
Defense Society,31.87089,70.89939
Dega,34.16728,72.89847
Degan,32.9592,69.86599
Degan Banda,34.55505,72.15852
Degan Banda,34.67081,71.91129
Degan Doga,34.6656,71.90116
Degra,34.32318,72.79007
Degree Banda,32.83541,71.05838
Degri,34.30729,72.97193
Deh,34.33123,72.82959
Deh,36.43749,72.31796
Dehdar,33.93204,72.81076
Dehlai,34.47221,72.68737
Dehr,35.76049,71.7806
Dehro Kandar,34.13956,72.70468
Dela,34.97944,73.827
Delai,34.82301,72.41441
Delgah,35.59869,72.16153
Deli,35.51646,73.2793
Deli Mela,33.19624,71.34237
Demkai,34.41496,72.72204
Dengre Kalle,33.60923,71.59519
Deniwal,34.3169,71.96123
Deo Adam,35.3544,71.70008
Deolai,34.67201,71.82539
Deolal Banda,34.70768,71.8405
Deoli,34.68317,73.23511
Deong,35.49337,73.71052
Deong Baihk,35.21494,73.82096
Depo Dheri,34.36077,71.58246
Deputy Kili,34.2031,71.99266
Deputy Kili,34.19881,71.76647
Der Banda,34.94792,73.14057
Der Ghamittol,35.23606,73.11703
Dera,33.97395,73.28099
Dera Banda,35.16454,72.31015
Dera Ismail Khan,31.83129,70.9017
Dera Kaskar,34.83315,72.12959
Dera Malik Zahid,34.17052,73.44939
Dera Shah,33.01382,70.64085
Derago,34.74443,71.66267
Derah Banal,35.78888,72.6293
Derai,34.42975,72.47979
Derai,35.33056,72.66111
Derai,35.01703,71.78943
Derai,34.86679,72.25512
Derai,34.70458,72.81683
Derai,34.83858,72.96988
Derai,34.63694,72.65226
Derai,35.16954,72.30711
Derai,34.92041,72.98872
Derai,34.924,72.90063
Derai,34.71389,73.00972
Derai,34.66437,72.97755
Derai,34.94972,71.60944
Derai,35.13333,72.62639
Derai,34.68809,73.05583
Derai,34.73998,72.93497
Derai,34.76536,71.8573
Derai,34.1349,71.88154
Derai,34.73911,72.67725
Derai,34.55177,72.90855
Derai,34.68192,72.70095
Derai,34.77408,72.99702
Derai,34.71801,72.72491
Derai,34.76509,72.77312
Derai,34.44139,72.49472
Derai,35.08066,72.0235
Derai,34.6918,72.94006
Derai,34.80843,72.36175
Derai,34.85905,73.10301
Derai,34.81322,72.80232
Derai,34.8325,73.03419
Derai,34.79396,72.65608
Derai,34.87234,72.716
Derai Ataullah,34.58584,72.78526
Derai Baba,34.80805,72.35326
Derai Banda,34.85824,72.88787
Derai Jamal Khan,34.58728,73.02682
Derai Kalle,34.85885,72.80944
Derai Kalle,33.93518,71.67246
Derai Miangan Kalle,34.80126,72.15748
Derai Saiyidan,34.78666,72.82302
Derakai,34.80847,72.15141
Derakai Banda,34.82987,72.7881
Derakai Langrai,34.5681,72.74961
Deran,34.51848,73.02141
Deran,34.50295,72.76295
Deran Kalle,34.80005,72.14448
Deran Qala,34.65268,73.02061
Deran Sar Kalai,34.71949,72.61508
Derangai,34.86888,72.04403
Deranpatai,34.9651,72.3902
Dere Khutta,33.65723,71.11961
Dere Kili,34.11912,71.95661
Deri,35.13625,72.31844
Dernkai,34.54075,72.76467
Dero,34.95312,71.79349
Derogat,34.87639,71.5825
Derra Serai,34.6959,72.69278
Derre Plari Kalla,32.92489,70.91066
Deru Kalle,34.12844,71.84724
Deru Kalle,34.14657,71.82632
Desan Banda,35.46555,72.51058
Deschali,34.89893,73.95669
Deshai Banal,35.7519,72.62088
Desra,33.83452,73.08124
Deuveshow,35.4282,73.16564
Devi,34.27185,72.77774
Devloi,34.85859,72.25905
Dewai,34.52303,72.98302
Dewal,34.55499,72.76313
Dewal,34.33538,72.8967
Dewal,34.01965,73.25771
Dewan,35.33395,72.6044
Dewan,35.36151,72.60493
Dewang,35.26075,73.55311
Dewgar Banda,33.38202,71.47147
Dewing,35.13359,73.60766
Dewing Baihk,35.14604,73.60529
Dhabula,33.796,73.00186
Dhadre di Mahli,34.61017,73.48561
Dhaimilgol,35.68785,71.67319
Dhainda,34.80859,71.95299
Dhak,34.89486,73.77054
Dhak,34.99178,73.99697
Dhak Chappi Chho,33.97199,72.67774
Dhak Gakhran,33.77365,72.96139
Dhak Nari Kak,33.51926,71.5887
Dhak Peshawari,33.47207,71.83788
Dhaka,34.04781,73.27501
Dhaki,35.64566,73.14599
Dhaki Manawar Shah,34.01,71.5785
Dhakki,34.25697,73.38616
Dhakki,32.20466,71.11577
Dhakki,34.14037,73.36954
Dhakki Kalle,34.09684,72.19036
Dhakki Khetar,34.14069,73.36788
Dhakna,31.7872,70.70517
Dhal,34.97868,71.54903
Dhalan,34.29689,73.22023
Dhalki,32.2883,71.1119
Dhallah,32.12109,71.08206
Dham,35.26983,72.6036
Dhamdhar,34.62293,73.42149
Dhamdhar,34.62247,73.42014
Dhamial,33.93787,73.26674
Dhamkar Colony,34.01032,72.86162
Dhamori,34.60104,73.12935
Dhamtaur,34.1352,73.2751
Dhana,32.303,69.48676
Dhanakka Baba,34.24283,72.95125
Dhand,35.07817,72.85154
Dhand,34.08025,71.91693
Dhand,34.32534,72.76864
Dhand,34.36226,72.72971
Dhand,34.99398,71.93928
Dhand,35.04783,72.52781
Dhand Baihk,35.76085,73.09373
Dhand Bakhtawar,33.17809,71.64808
Dhand Banda,35.39534,72.32162
Dhand Banda,35.3935,72.37854
Dhand Banda,34.80615,71.90188
Dhand Garhi,33.8246,71.07631
Dhand Idal Khel,33.24472,71.38767
Dhanda Talab,35.14443,72.60526
Dhandaka,34.18025,72.31623
Dhandara Khurd,34.1946,73.05109
Dhandari,34.68273,73.57614
Dhande Kalle,33.6554,70.37303
Dhande Khulla,35.52558,71.98204
Dhande Sar Banda,35.49297,71.96124
Dhandh Banda,35.22614,72.37329
Dhandi,33.92078,70.1784
Dhandi Kalla,32.90713,70.948
Dhandi Kot,34.32305,72.47472
Dhangar,34.10437,73.16728
Dhangri,34.31956,73.17937
Dhani Khel Kalle,32.39918,69.70124
Dhanni,34.32138,73.41852
Dhanu,34.7006,73.57389
Dhanu,34.71468,73.5711
Dhap,32.01433,71.00217
Dhar,35.16309,72.97113
Dhar Chitti,33.91982,72.69788
Dhar Chitti ki chho,33.93043,72.71447
Dhara,34.24562,71.84142
Dharai,34.35423,72.69697
Dharak,32.40833,71.15
Dharam Pani,34.09954,73.0553
Dharamdal,34.76753,71.96524
Dharan,34.65397,73.01598
Dharangi Banda,33.27294,71.22143
Dhare,34.16045,73.36169
Dhari,34.58873,73.07489
Dhari,34.63593,73.00794
Dharian,34.60126,73.48928
Dharian,34.30124,72.75719
Dharian,34.7845,73.66139
Dharma Khel,33.00328,70.63482
Dharmang,34.42304,73.28093
Dharmuchhia,34.00242,73.1486
Dharyal,34.50796,73.26336
Dhat Kalle,34.11776,71.88543
Dhawa,31.46445,70.74388
Dhawa,31.46222,70.77222
Dhawal,34.08989,73.30689
Dhechian di Bahlk,34.95035,73.81959
Dhelan,35.28639,72.99146
Dhelon,35.25822,72.85843
Dhen,34.61159,73.4226
Dhen Baba,34.11865,72.68479
Dher,34.31515,72.94867
Dher Baihk,35.14111,73.9289
Dhera,34.27131,72.84634
Dherai,34.61635,72.58934
Dherai,34.66449,72.62923
Dherai,35.0027,72.37409
Dherai,34.87054,71.67884
Dherai,34.31583,71.87444
Dherai,34.95777,71.57317
Dherai,35.08078,72.41293
Dherai,34.87003,71.7179
Dherai,35.02106,72.30996
Dherai,35.09744,72.52023
Dherai,34.04772,71.588
Dherai,34.98024,71.99814
Dherai,34.72021,71.3519
Dherai,35.20522,72.63156
Dherai,35.11954,72.57347
Dherai,35.15714,72.50876
Dherai,35.18395,71.76526
Dherai,34.52253,71.68559
Dherai,35.11002,72.53988
Dherai,34.79287,71.57774
Dherai,34.6299,71.60039
Dherai,34.93253,72.0236
Dherai,34.89761,71.84562
Dherai,35.00195,72.47342
Dherai,34.98461,72.00616
Dherai,35.0424,72.73663
Dherai,34.82057,73.19651
Dherai,34.61229,72.02234
Dherai,34.82929,71.80976
Dherai,34.6937,73.00157
Dherai,34.76204,71.86433
Dherai,34.1731,71.92273
Dherai,34.98378,73.09567
Dherai,34.6167,71.90664
Dherai,34.82501,73.17924
Dherai,34.78565,73.01986
Dherai,34.62564,71.48109
Dherai,34.66817,71.51918
Dherai,34.59871,73.01832
Dherai,34.75073,71.99847
Dherai,34.93134,73.03614
Dherai,34.71653,73.00272
Dherai,34.98843,73.02768
Dherai,34.86994,72.65328
Dherai,35.06846,71.95399
Dherai,34.72998,71.45136
Dherai Baba Ziarat,35.05088,72.56231
Dherai Baihk,35.77902,72.73381
Dherai Kalle,34.95842,71.80662
Dheraier,35.15918,72.58584
Dherakai,34.91286,71.8662
Dherako,34.96548,71.59311
Dhergo,35.37267,72.93897
Dhergo,35.5086,72.82575
Dheri,34.52792,73.35904
Dheri,34.67011,71.61293
Dheri,34.40889,72.85728
Dheri,34.89133,73.69802
Dheri,34.12407,73.0209
Dheri,34.71368,71.64898
Dheri,35.61636,73.11859
Dheri,34.15116,73.18545
Dheri,34.53636,73.22716
Dheri,34.20309,72.84931
Dheri,33.96997,72.87082
Dheri,35.13399,73.74065
Dheri,34.61325,73.40472
Dheri,34.67535,73.23123
Dheri,34.00286,73.21033
Dheri,34.54857,73.16231
Dheri,33.95914,72.18229
Dheri,35.34387,72.85779
Dheri,34.25991,72.99142
Dheri,33.98842,73.32351
Dheri,34.58064,72.8503
Dheri,34.14234,72.86607
Dheri,35.46433,72.80899
Dheri,35.52828,73.19704
Dheri,33.99225,72.94423
Dheri,34.20328,73.38522
Dheri,34.12918,72.9811
Dheri,34.28864,73.01125
Dheri,34.3984,72.06108
Dheri,34.59168,73.54429
Dheri,34.58176,71.24523
Dheri,33.38771,73.6273
Dheri,34.26009,73.00115
Dheri,34.17281,72.29363
Dheri,34.73298,73.39881
Dheri,34.1404,72.82068
Dheri,34.01766,72.94973
Dheri,34.5037,73.23169
Dheri,34.08136,73.26241
Dheri,34.79602,71.8226
Dheri Bada,35.59725,71.92966
Dheri Baghbanan,33.99399,71.55605
Dheri Baghbanda,33.99343,71.56681
Dheri Baihk,34.89609,73.56362
Dheri Baihk,35.16439,73.63757
Dheri Baihk,35.12138,73.71408
Dheri Banda,35.45002,72.41823
Dheri Banda,35.66169,72.06005
Dheri Banda,35.7475,72.79436
Dheri Bhaik,35.1546,73.69694
Dheri Danna,33.9623,73.26655
Dheri Dass Mull,34.01917,71.5525
Dheri Kalle,34.14215,71.79587
Dheri Kalle,34.33965,71.73802
Dheri Kalle,34.2929,71.5901
Dheri Katti Khel,34.00232,72.03536
Dheri Kili,34.15573,71.46106
Dheri Mian Ishaq,34.05156,71.78715
Dheri Mian Ishar,34.03393,71.77542
Dheri Mohanian,34.22246,72.83427
Dheri Muzammai Shah,34.86282,73.09274
Dheri Numbardaran,34.62618,73.17086
Dheri Nur Zaman,34.94195,73.70946
Dheri Qasim,33.43186,73.6431
Dheri Qasim,33.4287,73.65276
Dheri Rakhala,33.84287,73.23247
Dheri Saiyidan,34.15234,71.63457
Dheri Sher Khan,34.38827,72.29018
Dheri Sikandar Khan,34.1617,71.64565
Dheri Talab Kalle,34.12446,71.87722
Dheri Utli,34.15183,73.17449
Dheri Zardad,34.09525,71.86614
Dheri Zardad,34.04534,71.83703
Dherian,34.31953,72.96184
Dherian,33.84969,73.30022
Dherian,34.2392,73.25189
Dherian,33.90766,73.24846
Dhero Banda,34.21333,72.65184
Dhila Alam Khan,34.94254,73.57886
Dhilai,34.71474,71.43256
Dhili Jaba,34.40885,72.5301
Dhilo Baihk,34.9686,73.60279
Dhina,34.0568,73.37539
Dhinda,34.00172,72.88847
Dhing Hawaid,32.8359,70.59668
Dhingal,33.35897,73.68202
Dhnotar,34.60562,73.44142
Dhobian,34.38021,71.93327
Dhobiano Kalle,34.37647,71.78883
Dhoda,33.47435,71.48619
Dhoda,32.45053,70.91876
Dhoda Khel,33.15431,71.21536
Dhodai Khel,33.043,70.74647
Dhok,33.9229,72.67561
Dhok,34.40761,72.90982
Dhok,34.11653,73.28373
Dhok,34.02238,72.52612
Dhok,36.35545,72.32717
Dhok,36.43949,72.35782
Dhok Abdul Khaliq,33.48604,71.63646
Dhok Abdul Matin,33.6597,71.91013
Dhok Afzalabad,33.50453,71.81229
Dhok Ahlan,33.95306,72.69595
Dhok Ahmad Din,33.60484,71.92801
Dhok Ahmad Khan,33.49084,71.85197
Dhok Alam Sher,33.51621,71.99254
Dhok Alik Khan,33.6407,71.93767
Dhok Alwara,33.4399,71.81956
Dhok Amir Khan,33.63429,71.84784
Dhok Awal Jan Malik,33.64981,71.95415
Dhok Badshah,33.65707,71.9532
Dhok Badshah Khan,33.63612,71.95023
Dhok Bago,33.11455,73.71936
Dhok Banda,33.44712,71.77032
Dhok Bang,34.1622,72.82761
Dhok Bhili,33.23435,73.64819
Dhok Chairman,33.37072,71.4972
Dhok Chanbo,33.75913,72.96334
Dhok Dakmarai,33.98616,72.64303
Dhok Daulat Khan,33.67997,71.97172
Dhok Dheri,33.51908,71.97058
Dhok Dheri,33.42892,71.85247
Dhok Drash Gul,33.69082,71.96238
Dhok Dustom,33.97196,72.59361
Dhok Ejaz Khan,33.6847,71.94049
Dhok Faqir Muhammad,33.63263,71.86537
Dhok Gharochi,33.43141,71.78715
Dhok Ghulam Ahmad,33.49927,71.82903
Dhok Ghulam Habib,33.49032,71.82929
Dhok Ghulam Haidar,33.6715,71.92605
Dhok Ghulam Haidar,33.68565,71.95087
Dhok Gohik,36.00668,71.4555
Dhok Gujar Khan,33.65711,71.83474
Dhok Gujran,33.88721,72.61105
Dhok Gul Muhammad,33.5714,71.98303
Dhok Gulab Khan,33.6897,71.91445
Dhok Gulistan,33.49252,71.61805
Dhok Habib Mian,33.63263,71.87415
Dhok Hajab Gul,33.48798,71.63062
Dhok Haji Afzal Khan,33.63553,71.93661
Dhok Hamid Gul,33.55284,71.94142
Dhok Haqdar,33.52321,71.88366
Dhok Hinzar Gul,33.68545,71.91641
Dhok Ibrahim,33.67135,71.91426
Dhok Isa Khan,33.64799,71.93595
Dhok Ismail,33.48795,71.63467
Dhok Jalandar,33.59217,71.96895
Dhok Karamat Ali,33.63009,71.91777
Dhok Karim Khan,33.49194,71.84564
Dhok Khan Afzal,33.55197,71.93397
Dhok Khan Mir,33.67877,71.93564
Dhok Khanab Gul,33.55273,71.92545
Dhok Khangora,33.47875,71.58462
Dhok Khayialbat,33.64798,71.97628
Dhok Khetar,33.89859,72.65074
Dhok Khujafil,33.67602,71.97994
Dhok Kulgani,33.58485,71.86604
Dhok Lalbaz,33.63604,71.96911
Dhok Lani,33.47017,71.86405
Dhok Loharan,33.42176,71.83581
Dhok Magi,33.51731,71.89504
Dhok Majid,33.46272,71.61059
Dhok Mallawali,33.06016,71.71231
Dhok Malyiar,33.56228,71.99175
Dhok Mauiyi Yasin,33.44708,71.80734
Dhok Mial,33.60363,71.99538
Dhok Mian Karim,33.63934,71.9011
Dhok Mian Noushad,33.63453,71.88961
Dhok Mian Wazir Gul,33.69519,71.95873
Dhok Muhammad Akbar,33.69595,71.94051
Dhok Muira,33.38717,73.73554
Dhok Munshi,33.13125,73.70084
Dhok Musa,33.56188,71.94593
Dhok Mushk Khan,33.63885,71.96067
Dhok Nalla,33.50264,71.87951
Dhok Nar,33.48987,71.89925
Dhok Nur Afzal,33.64346,71.94134
Dhok Nur Gul,33.49441,71.63209
Dhok Nur Muhammad,33.65727,71.81729
Dhok Pangai,33.55605,71.8807
Dhok Payin,35.31589,72.00421
Dhok Qadil,33.46631,71.62051
Dhok Rangin Khan,33.68465,71.93343
Dhok Sahib Gul,33.63189,71.93976
Dhok Said-ur-Rehman,33.66985,71.95902
Dhok Saiyed Badshah,33.65959,71.93052
Dhok Saiyidan Shah,33.47255,71.61901
Dhok Salim Khan,33.70832,71.95417
Dhok Sarwar,33.60392,71.96826
Dhok Shahbaz,33.44507,71.84549
Dhok Shahwali,33.6264,71.86366
Dhok Shahwali,33.54453,71.9259
Dhok Sharbat,33.43352,71.82062
Dhok Shawaz Khan,33.65331,71.97137
Dhok Sher Ghulam,33.66869,71.9383
Dhok Sher Khan,33.66696,71.99085
Dhok Sher Khan,33.62811,71.85365
Dhok Shirin Khan,33.49459,71.61263
Dhok Sohbat Khan,33.67045,71.91913
Dhok Suleman Shah,33.47989,71.54142
Dhok Syed-ur-Rehman,33.58065,71.91741
Dhok Taj Ali Khan,33.66309,71.92664
Dhok Taj Muhammad,33.62632,71.84991
Dhok Talli,33.46964,71.8703
Dhok Tararah,33.51068,71.89141
Dhok Terawal,33.45075,71.50901
Dhok Toi,33.43564,71.79502
Dhok Toi,33.39835,71.78467
Dhok Toi,33.41119,71.80482
Dhok Tur Abbas,33.41404,71.66979
Dhok Umar Gul,33.62034,71.84652
Dhok Wajan,32.13062,71.08149
Dhok Walayiat Shah,33.64677,71.95967
Dhok Waris,33.4878,71.83989
Dhok Yar Khan,33.67258,71.9526
Dhok Zeb Khan,33.62627,71.78272
Dhok Zera Din,33.65317,71.95067
Dhok Zero,33.59114,71.89527
Dhokala,34.14624,72.9123
Dhol Ragha,33.45843,70.56397
Dholka Jadid,31.74583,70.54694
Dhon,35.53517,73.16611
Dhondlawāli Jhok,31.53472,70.81667
Dhong,35.50995,72.90967
Dhong,35.08042,73.90092
Dhop Banda,35.17437,73.00634
Dhor,34.68562,73.30699
Dhora,34.31861,73.36528
Dhora Solan,31.47412,70.7388
Dhudial,34.16474,73.27101
Dhudial,34.43519,73.25607
Dhuk,36.04715,71.39791
Dhumdhummah,34.93281,73.66593
Dhumnar,34.94486,73.72686
Dhundi,34.69732,73.48582
Dhunel Ganj,34.19422,72.04037
Dhung Goshti,36.08559,71.28851
Dhunian,33.79227,72.99063
Dhup,35.04582,72.91627
Dhup Banda,35.10643,72.83671
Dhupsari,32.2869,71.17773
Dhuran,32.36343,71.192
Dhuran Banda,33.06077,70.93026
Dhussa,35.01455,72.85329
Dial Jamal Kurai,32.17054,70.38332
Diar Gali,34.17601,73.35989
Diarun,34.7981,71.80857
Dibech,35.51841,73.55081
Dibkai Banda,32.92095,71.04478
Dida,34.34413,73.41168
Didaban,34.53837,72.87073
Didal,34.59265,73.24684
Didal,34.60934,73.02848
Didanpura,35.0246,71.77315
Didar,33.9731,73.30101
Didar Kalle,34.22151,71.75111
Didar Khan Kirri,32.461,70.39336
Didar Koruna,34.35682,71.84047
Didiali,34.38124,73.05126
Didwar,34.54032,72.99984
Digan,33.02027,70.6331
Digan,32.92476,70.69978
Diggi,34.50887,73.00891
Dil Puri,32.9751,69.9976
Dila,34.21098,72.76235
Dilai,32.99528,69.68
Dilakal Kas,35.09545,71.77811
Dilasa Kalle,33.03705,70.90129
Dilasa Kili,33.9134,69.93381
Dilawar Mela,31.41987,70.10603
Dilawarabad,34.14453,71.83904
Dilazak,34.18195,71.54883
Dilazak,34.06125,71.67171
Dilban Banda,35.23714,72.49446
Dilbar Karuna,34.23122,71.78935
Dilbar Koruna,34.2692,71.79404
Dilbar Shah,35.47789,73.72403
Dilbarabad,34.21931,72.32192
Dilbeg Sawa,33.8569,70.48357
Dildar,32.83568,70.65837
Dildar Garhi,34.24476,71.65209
Dilgan,35.23236,72.55417
Diliarai,34.5223,72.80812
Dilpuri,32.95087,70.87046
Dilpuri,33.21366,70.3278
Dilshad Kas,35.12436,71.84009
Din Bahar Colony,34.02562,71.5692
Dinbat,35.2973,71.55854
Dindar Kalle,33.82777,70.03923
Ding,32.91066,70.01184
Ding,33.94039,73.02491
Dinga,32.56528,70.1157
Dinga,34.68562,71.47763
Dinga Mela,33.98527,70.01526
Dinga Wahan,32.25,71.12917
Dingan,34.55821,72.79625
Dingar Mela,33.77666,71.43115
Dingi,33.90354,72.80439
Dingolai,32.65964,70.15666
Dingra Wara,32.9975,70.06884
Dingrai,35.06511,72.51833
Dinjarai,34.99475,71.67433
Dino Kalle,32.41641,70.33715
Dinor,32.82301,70.11306
Dinpur,33.36517,73.73523
Dinpur,31.82649,70.87941
Dinq,34.82615,72.67466
Dipiar,34.92133,72.82679
Dipiar,34.91578,72.82453
Dipo Kalle,34.3684,71.74178
Dipu Kalle,33.65028,71.77533
Dir,35.70788,71.7648
Dir,32.53149,69.8903
Dir Banda,35.26968,72.64784
Dir Colony,33.98878,71.58535
Dir Gol Ghari,36.19423,71.73601
Dir Khan,35.11363,71.79595
Dir Shal,36.61705,72.7661
Diran Banda,33.02044,70.77179
Diran Khel,33.04691,71.11596
Diranda,34.74725,73.47964
Dirduni,33.05733,70.02669
Dirgi,33.95158,72.6805
Dirkand,34.90316,72.95385
Dirkhan,32.08333,71.03333
Dirkhananwala Banda,32.23492,71.06773
Diryanu,36.25432,72.22302
Disal,34.14214,73.30185
Dishora,34.79888,72.96609
Dittawal,32.5666,69.94826
Diwan Bela,34.73246,73.52559
Diwana Baba,34.4736,72.58781
Diwana Baba,34.47129,72.6119
Diwana Qila,34.68087,72.82404
Diwana Tughal Khel,32.91063,70.63967
Diwanbat,34.76523,72.47743
Diwangol,36.41912,72.63901
Diwar,35.42992,73.17372
Diyal,31.93827,70.91082
Dizg,36.47862,72.69467
Diāl,32.17,70.38417
Dlerai Kalle,34.30316,71.6191
Dmana,34.46923,72.6944
Doab,34.92564,71.96708
Doaba,33.4245,70.73676
Doangar,35.78852,72.61188
Doarian,34.90871,73.98186
Dob Banda,34.97483,72.21355
Doba,34.74564,73.05363
Dobai Adda,34.32175,72.15831
Dobak,33.883,70.1793
Doban,34.57594,72.94323
Dobana,35.3887,72.60033
Dobandai,35.08473,72.6809
Dobandai,34.43023,71.87997
Dobandai,35.00446,72.70087
Dobandi,34.518,71.94364
Dobandi,33.78377,72.88086
Dobandi,33.656,71.01781
Dobandi,34.01038,73.08179
Dobando,35.23648,71.82693
Dobando,34.85352,71.90097
Dobargar,36.68293,72.91431
Dobari Banda,35.41159,71.83074
Dobash,35.60372,71.90981
Dobash,35.73933,71.72799
Dobathor Gali,34.20837,73.16653
Dobbumanzai,35.07728,71.89399
Dobian,34.16046,72.22792
Dobiano Koruna,34.5852,71.41981
Dobnai Banal,35.72978,72.69971
Dobondi,34.03737,72.93928
Dobothar,34.18301,73.18698
Dobothar Gali,34.17319,73.19862
Doctor Jan Kalle,31.82093,70.83392
Doctor Kalle,33.8941,71.67111
Doctor’s Colony,34.01188,71.56336
Doda,34.66389,72.92728
Doda,35.16258,72.70968
Doda,34.74431,71.78385
Doda,34.75921,72.60142
Doda,34.66625,71.33497
Doda Banda,34.57425,71.81398
Doda Dherai,35.2165,72.43878
Dodakai,32.71074,70.22215
Dodali,34.67649,73.47454
Dodba,35.15829,71.90027
Dodba Banda,35.25119,71.93736
Doddar Jogi,35.49117,73.53942
Dodha,34.31731,72.83014
Dodher,34.05011,72.49912
Dodial,33.34392,73.69191
Doeng,35.43763,73.36543
Doga,34.26837,72.99116
Doga,34.33756,72.79519
Doga,34.70379,73.60962
Doga,34.17411,73.13055
Doga,34.74648,73.21252
Doga,35.06871,72.86367
Doga,34.77199,73.47002
Doga,34.65805,73.38554
Doga,34.38359,72.98261
Doga,34.26123,73.4129
Doga,34.38039,73.34232
Doga Banda,35.72053,72.85438
Doga Saiyidan,34.44485,72.92111
Dogah,35.44887,73.14026
Dogah,35.15096,72.87386
Dogah,35.49067,73.1496
Dogah,34.69042,73.30346
Dogah,35.03035,73.29878
Dogah,35.51356,73.09843
Dogah,35.36156,73.14521
Dogah,35.30117,73.09342
Dogah Baihk,35.20422,73.82309
Dogah Baihk,35.38599,73.57658
Dogah Baihk,35.79296,73.16777
Dogai,34.84277,71.95533
Dogal,35.34549,72.03337
Dogal,35.0703,71.6748
Dogar,34.10942,71.69764
Dogar,33.77779,70.514
Dogar Umarzai,32.99062,70.71854
Doge,33.66251,70.56162
Doge,33.63165,70.52561
Dogerser Banda,32.87996,71.04701
Doghaldgai,35.02585,72.60659
Doghalga,35.08592,72.28638
Doghalgai,34.79457,72.53982
Doghalgai Banda,35.00256,71.89339
Doghlai,34.96596,72.28204
Dogi,34.9152,73.77023
Dogla,33.84951,70.26535
Dogram,35.01193,72.03823
Dohar,34.68721,73.59141
Dohattha,34.27389,73.44785
Dohian di Mahli,35.01819,73.95114
Dohich,36.57607,72.85728
Dohrkot,36.40131,72.68978
Doian Abi,33.99404,72.90765
Doian Utarwali,33.93138,72.92538
Doiatabad,34.30618,71.96249
Dojan Lasht,36.47301,72.41709
Dojangi,35.34355,72.11938
Dok,35.03697,73.30679
Dok,36.54463,72.90901
Dok,36.35859,72.3222
Dok,36.34484,72.33233
Dok,36.27008,72.26072
Dok Dot,35.99038,71.55863
Dok Ghari,35.95848,71.63811
Dok Ghari,35.97089,71.57074
Dok Shal,36.13704,72.12339
Dok Shal,36.31765,72.70487
Dok Warch,36.37986,72.19908
Dokadai,34.99621,72.48103
Dokai,35.10141,71.68032
Dokandi,36.21318,72.08883
Dokanona,34.60851,71.13705
Dokarai,34.8309,71.58176
Dokaya,33.78183,70.85761
Dokoghari,35.8877,72.1069
Dokotek,35.93624,72.07795
Dokrai,34.94229,71.8223
Dokroi,35.19784,73.44972
Dola Banda,33.54125,71.11857
Dolar,35.04002,72.16191
Dolasmanai,34.84809,71.54022
Dole Shah,34.69352,72.07748
Doli Banda,33.33237,71.48657
Dom,35.74209,71.78512
Dom Seri,35.42713,73.10081
Dom Shaghur,35.82466,71.77569
Dom Shaghurli,35.81262,71.77068
Domail,33.02293,70.7589
Domaniwala,32.3772,71.23409
Domanoburi,35.91847,71.52839
Domarai,34.82519,73.08637
Dombat,35.36339,71.70545
Domel,32.9687,70.85719
Domel,34.71568,73.29535
Domelan,34.98737,73.73234
Dommel Nissar,35.38714,71.67043
Domun,35.7454,71.79951
Don,35.20286,71.97877
Donai Banda,34.90734,72.77298
Donai Banda,34.90105,72.76618
Dong,35.27891,73.43159
Donga,35.12398,74.0022
Dongai,35.43014,72.94394
Dongar Banda,35.72483,72.58725
Dongi,33.47133,73.71919
Donglai,34.93898,72.91556
Doniel Jarandai,34.52851,72.75692
Donrak,35.02517,72.0242
Dop,34.67925,72.70938
Dop,34.96275,72.47572
Dop,34.70749,72.63751
Dop Banda,34.78409,71.94526
Dopa,34.84225,71.66552
Dopandi Bhek,35.58911,72.85238
Dopandu,35.31415,72.61083
Doparai,34.8835,71.54716
Dor,34.91231,73.15491
Dor,34.78303,73.19345
Dor Margachh,36.85531,73.59565
Dora,33.80624,70.80547
Dora,35.23747,72.00206
Dora,33.88085,71.34009
Dora,33.98593,71.48296
Doran Kalle,33.64588,70.30282
Doran Pur,34.02819,71.62822
Dorana Khan,32.81536,70.70663
Dorank,35.7414,71.69235
Doranke,33.77171,71.01419
Doratta Gali,34.17101,73.00722
Dorbadai,34.79205,73.18841
Dorbik Banda,34.68541,72.46065
Dorghosh,35.94492,71.56298
Dorial,34.94233,72.10372
Dormondhi,34.5891,73.37815
Dorri Banda,33.49895,70.82584
Doru,36.47023,72.10831
Dorzu,36.74677,72.93005
Dosa,34.57516,71.92469
Dosa Banda,33.5417,71.11049
Dosalli,32.80176,69.96345
Dosalli Raghzai,32.72275,69.82127
Dosam,34.63693,73.13632
Dosara Banda,34.70817,72.54367
Dosera,34.14325,71.90698
Doseri,34.24676,73.16595
Doshagram,35.08373,72.46862
Dost Ali Kili,33.8382,69.98839
Dost Muhammad,34.3678,71.81933
Dost Muhammad Khan,32.88333,70.71639
Dostai Banda,34.80315,71.97404
Dota,34.27701,73.44811
Dotani Kot,32.25639,69.54333
Dotar,34.12391,73.26294
Dotara,33.89348,73.18007
Dothanga,35.71783,71.70672
Doulat,34.32235,73.35003
Dowam,35.01818,73.25755
Dowawa,35.98602,71.54471
Doweli,34.38536,72.89126
Dowsair,36.57706,72.84351
Dozakh Raghzai,32.30899,70.25451
Dozakh Tange,34.83951,71.74431
Dra Gandi,33.22886,70.66718
Drab,34.42639,72.41528
Drab Gulbazi,32.29605,71.17653
Drab Khan,32.97126,70.63174
Drab Shah,34.4827,71.33961
Drabo Kach,33.35495,71.6697
Drabo Kalle,34.2999,72.13166
Drad,34.88015,73.1905
Drad,34.91216,73.15841
Drag Banda,32.88704,71.02746
Draga,33.55838,70.86866
Dragai,33.12569,70.68482
Drailmai,32.49683,69.99761
Drakistan,35.72519,71.61395
Drakki,32.31108,70.59339
Dralima,32.48981,70.03914
Dramdala,35.2967,72.00342
Drasan,36.30999,72.2391
Draspai,33.85409,70.31902
Drazanda,33.97394,71.28222
Drazinda,31.4931,70.06903
Drazinda,31.70823,70.13808
Dre Bandai,34.77556,72.42191
Dre Ghundai,33.17168,71.63868
Dre Ghwakhai Kili,33.97389,70.96499
Dre Manrai,33.87172,70.279
Dre Nagarai,33.86523,70.89943
Dre Plara,32.72899,70.7393
Dre Sota,33.71714,70.66951
Dre Sote,33.73978,70.83736
Dre Tige,34.60252,72.34417
Dre Wune,34.88339,72.07845
Dregan,34.57806,73.45492
Dreghundari,32.96849,70.4796
Dregun,34.5981,73.58658
Dreplare,33.25053,70.33292
Dreplari,33.19445,70.34909
Dresara,34.49725,71.27912
Dresari,34.88914,71.58726
Drewand,33.91042,70.89132
Drewasta,32.9346,69.7699
Drig,32.27642,70.42773
Drish Khel,33.20203,70.93527
Drnah,33.55158,70.5573
Dro Pluke,32.99991,69.63752
Dronil,36.05285,71.80056
Drosh,35.56036,71.79604
Drubnai Kalle,34.33467,71.73762
Drungagh,36.21407,72.11605
Drushop,35.99875,71.58261
Duba,34.26397,71.65789
Duba,34.73685,72.5135
Dubair,35.0369,72.89746
Dubair Baia,35.14556,72.91039
Dubandal,35.11872,72.65095
Duber Bazar,35.04057,72.89581
Dubkai,33.57607,70.82658
Dublan,34.1069,73.12022
Dubran,33.91084,73.12306
Dubran More,33.93128,73.13101
Dubsana,33.71043,71.09797
Dudh Patti,34.67411,73.13674
Dudhpatti,34.69004,73.22597
Dudibach Baihk,35.13749,73.90851
Dudibach Baihk,35.15418,73.91153
Dudishal,35.53278,73.60195
Dudkhan,34.91835,71.92345
Dudkot,34.32834,72.90255
Duga,34.39525,72.8135
Duga,35.39843,73.27207
Dugal Banaa,34.69233,71.77912
Dugo Banda,34.49647,72.75766
Dujang,35.50764,72.0342
Duk,36.08514,71.3354
Dukadaki,36.03418,72.16551
Dukadda,34.63782,72.41511
Dukai,33.5687,70.88346
Dukan,36.49761,72.50449
Dukan,36.64464,72.56972
Dukani,34.34321,72.86748
Dukarai,35.02651,71.95093
Dula Dheri,34.14128,72.27625
Dulai,34.89455,72.84678
Dulai,34.74033,72.90298
Dulai Kandao,34.86993,72.07863
Dulari,34.39124,72.9065
Dulla Bandi,34.06066,73.19327
Dulla Maira,34.41242,73.25742
Dulzir,34.50834,72.86483
Dum Bela,34.98613,73.31811
Dum Galla,34.44105,73.32022
Duma,34.51573,72.71921
Dumaka,33.83334,72.93742
Dumandai,32.84743,69.49594
Dumbakai Kili,33.51322,70.67643
Dumdala,34.65999,73.37952
Dumri,34.7319,73.63641
Dumri,34.92979,73.78092
Dumri Maidan,34.92723,73.77622
Dunai Kili,32.58347,70.00022
Dunchar Banal,35.75187,72.61556
Dundara,34.87069,73.06914
Dundi Darri,35.37492,71.69321
Dung,35.48328,72.94575
Dunga,33.81137,70.78038
Dunga,33.81366,70.45197
Dunga,34.72997,73.11287
Dunga Banr,35.6805,72.89755
Dunga Gali,34.05474,73.41209
Dungai Kalle,33.63469,70.51835
Dungel,34.5163,73.42222
Dungi Baihk,34.80403,73.64423
Dungi Seri,34.86221,73.59752
Dungo,34.92529,73.83408
Dungrak Ghari,35.97798,71.63853
Dungranghad,35.29113,71.58756
Dungusht,35.74492,71.68452
Duni,35.18451,72.86699
Dunisari Shal,35.75189,71.83779
Dunkacha,34.69342,72.68326
Dunkacha,35.12611,72.64406
Dunkare,35.12745,72.52591
Dunkul,34.61424,72.73766
Duno,36.32453,72.23838
Dunr,35.22278,72.00692
Dunrai Banda,34.73927,72.76276
Dup Kalle,34.81866,72.16376
Dupar Banda,33.31816,71.67125
Duparzai,33.95177,69.93931
Dur Bonda,35.24426,73.16355
Dur Khan,32.26514,70.49076
Dur Khan Banda,35.06576,71.95578
Dur Lasht,36.41125,72.37658
Dur Masi,33.58769,70.88834
Durah,34.0735,72.79927
Duran Dheri,34.05889,71.5605
Durano Kalle,33.97277,71.55462
Durba Khel,34.34377,71.36751
Durbak Banda,34.68129,72.45358
Durbala,33.42784,73.61879
Durbarai,34.61371,72.71389
Durbi Khel,33.81186,70.61648
Durbi Khel,33.82372,70.6236
Dure Shah,34.74106,72.47583
Durgah,35.55761,72.66649
Durgal Khel,32.82365,70.23253
Durgam Kalle,32.96425,69.56183
Duri Khel,32.32119,71.21891
Durial,34.38747,72.03409
Durinser,35.26914,71.64472
Durmai,34.34679,72.51665
Durmangi,34.0476,71.5463
Durnamai Kalle,33.27007,70.3504
Duro Banda,35.2455,71.99327
Durran,33.92158,72.0984
Durrani,34,69.91667
Durrani Bara,33.66995,70.31827
Durrani Chhota,33.6775,70.32023
Dursh Khela,35.00028,72.45217
Dushankar,34.47426,72.81906
Dushkand,34.4781,72.77558
Dushmanai,34.64195,73.05828
Dutpanrai,34.98303,72.33808
Duwani,35.18605,72.86342
Dwa Kamar Kas,32.80344,69.73981
Dwa Khula,32.71352,69.78612
Dwa Khula,33.93303,70.75762
Dwa Mandah,33.03224,69.64875
Dwa Manzai,33.03261,70.66461
Dwa Sarai,33.61989,71.75974
Dwa Toi,32.8731,69.55457
Dwa Toi,33.87014,70.7779
Dwagai,34.82117,71.37252
Dwagare,32.70446,69.80261
Dwe Gharlamai,32.58583,69.94137
Dwe Khule,32.50864,70.19366
Dzhak Gharuna,32.55271,70.22494
Dāgai,34.4,71.98333
Dāk Stage,31.975,70.67222
E R House,33.61616,71.4608
Ege,35.9872,71.55746
Ehsanabad,34.83031,72.27075
Eiazabad,32.18328,71.12178
Eid Gah Colony,34.02554,71.57585
Eid Gan,34.03083,71.58361
Eidar Banda,33.18725,71.06202
Eidgah,34.44269,73.18914
Eingro,35.03513,71.58313
Ejaradaro Kalle,34.32381,71.83727
Ejazabad,34.02679,71.57332
Enalo,35.02337,72.38788
Enchau,35.29051,71.62045
Enzar Patay Banay,34.97628,71.56459
Esar Paghaini,36.42005,72.30853
Eshai Banda,35.62295,72.71743
Esham,33.01559,69.67749
Eshdabar,35.53571,72.57337
Eshgol,35.62524,72.68587
Esurram,32.88389,69.59667
Ezhdangai,32.59721,70.36563
FDC Colony,35.2761,72.00309
Fag Banda,34.52095,73.02628
Fahimabad,34.21803,71.59354
Faisal Colony,34.02438,71.59833
Faisalabad,34.32913,72.28484
Faiz Darha,35.01744,72.74746
Faizabad,33.80921,72.01215
Faizabad,34.14027,71.7689
Faizabad,34.07154,72.83413
Faizabad,34.75614,72.35119
Faizah,34.73433,72.39764
Faiztalab,32.97444,70.60722
Faizullah Khan,32.85341,70.72332
Faizullah Qala,34.07975,71.85874
Falak Sair Banal,35.67975,72.68272
Falan Dheri,34.12528,71.45431
Faoir di Bandi,34.18379,73.15087
Faqir Aapi Ziarat,32.82315,69.47127
Faqir Abad,32.38701,70.5261
Faqir Baba Ziarat,34.87041,71.35889
Faqir Ban,34.22227,72.03431
Faqir Banda,34.02605,72.40433
Faqir Banda,33.24778,71.26505
Faqir Banda,34.3608,72.02315
Faqir Colony,34.02627,71.62305
Faqir Dhand,33.90909,71.49995
Faqir Kalle,34.13705,71.95723
Faqir Kalle,34.05915,71.53999
Faqir Kalle Allahyar,32.35744,70.82339
Faqir Shah Basu,35.13296,73.98453
Faqir Talao,33.85169,71.57508
Faqir Talao,33.88019,71.66725
Faqira,31.83015,70.59707
Faqira,34.95807,72.54994
Faqira Abad,34.33869,71.91114
Faqirabad,32.66244,70.84406
Faqirabad,33.39486,71.334
Faqirabad,34.05064,72.55561
Faqirabad,34.15381,72.10086
Faqirabad,32.86032,70.61385
Faqirabad,33.2406,71.52177
Faqirabad,33.85802,71.8067
Faqirabad,34.12611,71.77111
Faqirabad,34.01712,71.53379
Faqirabad,34.0454,71.47699
Faqirabad Kalle,33.36372,70.64306
Faqirabad Number One,34.01891,71.58283
Faqirabad Number Two,34.02267,71.57412
Faqirabad Number Two,34.02399,71.58644
Faqirai,34.82077,73.00695
Faqiran,32.96361,70.57547
Faqiran,33.65361,70.83092
Faqiran Banda,33.03029,70.89474
Faqiran Killi,33.07699,69.91923
Faqiran Kot,32.94448,70.31269
Faqirano Kalle,32.47988,70.64606
Faqirano Kili,33.99234,71.08564
Faqirwala,32.17804,71.09751
Faqirwala,32.272,71.13066
Faqīrābād,34.38778,71.88361
Farid Banda,35.03299,71.66751
Farid Colony,34.44201,73.19953
Farid Khal,32.61368,70.49903
Faridabad,34.18319,71.6595
Faridabad,32.09292,70.99191
Faridabad,34.65405,73.51698
Faridabad,34.0238,71.56196
Faridi,33.70972,71.62934
Fariq Kalle,32.88104,70.64288
Farm Kalle,34.2101,72.05844
Farsh,34.32925,72.06092
Farsh Kalle,34.24106,72.1104
Faruqabad,34.03868,72.11462
Faruqabad,34.23643,71.89157
Farusa,34.30892,72.80431
Fateh,31.75052,70.80356
Fateh Ali,31.36965,70.42892
Fateh Bandi,34.12954,73.10417
Fateh Khan,32.7067,70.49238
Fateh Khan,32.56723,71.05712
Fateh Khan,32.66344,70.54845
Fateh Khan Banda,33.06686,70.83472
Fateh Khan Banda,32.89223,71.04192
Fateh Khan Jattan,32.56382,71.06395
Fateh Khan Khel,32.8258,70.63089
Fateh Khan Talab,33.5763,71.63198
Fateh Khanwala Khuh,32.19806,71.08477
Fateh Khel,33.19447,70.36241
Fateh Khel,32.98392,70.01244
Fateh Khel,33.23328,70.38881
Fateh Kili,34.13274,71.44481
Fateh Muhammad Koruna,34.23812,71.86552
Fateh Salle,34.41012,71.64101
Fateh Sheri Banda,32.98239,70.97454
Fatehabad,33.9353,73.23649
Fatehabad,34.26782,71.90035
Fatehabad,34.24469,72.05722
Fatehdi Bandi,34.40763,72.97634
Fatehmang,34.50091,73.26712
Fatehpur,35.06856,72.48708
Fatehpur,35.05043,72.50713
Fatehwali Dhok,33.86674,72.89796
Fathewala,32.08439,71.02865
Fatima,34.26452,72.07585
Fatima Darra,33.66165,70.53185
Fatima Khel,32.98852,70.61837
Fatma Khel,34.01791,71.10847
Fatmi Khel,34.11524,71.14134
Fatu Abdul Rahim,34.04304,71.62513
Fauje Khel,32.37495,71.33051
Fazagat,34.79014,72.37544
Fazal Aziz Banda,34.4455,72.03395
Fazal Baba Colony,34.01503,72.89474
Fazal Din Kot,32.96148,69.87779
Fazal Garhi,34.05444,71.54248
Fazal Ghafur Kalle,34.12254,71.78986
Fazal Haque Garhi,34.06805,71.53457
Fazal Kalle,34.18682,71.94209
Fazalabad,34.49409,71.8368
Fazalabad,34.29391,72.33908
Fazalabad,31.96454,70.96091
Fazalabad,34.7354,71.4027
Fazalabad,34.19341,72.3803
Fazalabad,34.13434,71.7754
Fazalabad,34.29798,71.87216
Fazalabad,34.18757,72.22741
Fazalabad,34.11195,72.31498
Fazalbeg,35.10757,72.38858
Fazil Banda,34.89904,71.90294
Fazil Banda,35.06912,72.27423
Fazle Rehman Kili,34.31425,71.72292
Federal Government Colony,33.98636,71.43793
Feraoz Kalle,34.19615,71.51017
Feroz Banda,34.50149,73.05346
Feroz Khan Baluch,32.03234,69.34769
Feroz Khel,33.79496,71.28126
Feroz Pur,34.22353,71.91623
Fidabad,33.86954,71.61417
Fijraf,36.86054,73.4876
Fiqiran Banda,34.9085,72.23711
Firdusabad,34.17968,72.39651
Firoz Shah,32.14379,70.1332
Firoza Khel,33.83334,70.14242
Flandra,34.52577,71.98362
Flato,34.17397,71.789
Foot Gali,34.28581,73.14853
Forid Garhi,34.91131,72.90177
Foridabad,33.95416,72.81077
Fort Mileward,33.86847,71.43272
Foujdar,32.81667,70.78056
Fuladai,33.93514,70.10464
Ga Chattor,36.33236,72.26316
Gabar,34.90853,71.50685
Gabar,35.06059,72.92028
Gabarai,34.8668,71.35274
Gabarbanda,35.21297,73.38563
Gabartota,34.70999,73.48076
Gabbarai,33.18796,71.65054
Gabero Bhek,35.53043,72.99801
Gaberponi,35.03781,73.00917
Gabral,35.55888,72.88502
Gabral,35.51891,72.4194
Gabranai,35.12218,72.45628
Gabranwala Kalan,34.75109,73.58425
Gabri,33.72936,70.82089
Gaburbakh,36.07187,71.36548
Gachi,32.85861,70.62472
Gachkor Banda,34.951,72.19452
Gad Bano,34.35571,71.94488
Gada,34.67528,73.08574
Gada Garhi,34.43704,72.73378
Gada Kandao Banda,35.31503,71.6928
Gada Shungri,34.75068,73.01062
Gadai,34.34751,72.40043
Gadai,34.75492,72.26327
Gadakot,34.76585,72.45375
Gadakot,34.75668,72.44452
Gadal,34.85517,71.79536
Gadamar,34.67116,71.67727
Gadang Dara,34.53917,71.96823
Gadano Banda,34.85542,71.9843
Gadar,35.04869,73.1978
Gadar,34.68246,72.02807
Gadar Banda,34.72833,72.63097
Gadar Mela,33.88318,71.31257
Gadas,35.55125,72.61587
Gadawai,32.55598,69.82928
Gadbah,35.51689,71.87842
Gadbano,34.35001,71.80245
Gadbano Kalle,34.09835,72.16701
Gadbano Korona,34.03636,72.279
Gadda Sanjiala,33.95893,73.19405
Gaddar,34.93048,73.33639
Gaddar Baihk,35.22471,73.71629
Gaddo,35.27282,73.60673
Gadi Tap,32.91879,70.87472
Gado,33.87361,73.26985
Gadona,35.38581,72.26843
Gadwai,33.16937,70.54722
Gadwalian,34.01147,72.8049
Gadāram,34.80972,72.73333
Gaena,34.18649,73.15248
Gag,34.00549,73.16119
Gag,35.497,73.5345
Gagar,34.66391,72.64058
Gaggar,34.18821,71.64973
Gagit Banda,35.48209,72.28461
Gagizai,34.56263,71.24658
Gagni,34.62919,72.85209
Gagoaj,35.21339,73.36628
Gagra,34.47768,72.54138
Gagra,34.09896,71.13127
Gagre Raghzai,32.45245,70.26312
Gagro Banda,34.30455,72.2828
Gagul Kot,32.97485,69.97232
Gahalokor,35.49042,73.70773
Gahirat,35.66632,71.76316
Gahl,34.54733,73.42472
Gaiagali,35.71958,71.94505
Gaidar,35.29652,73.10082
Gaidar,33.98195,73.3293
Gaidar,35.56503,73.02488
Gain Guan,34.44286,72.94716
Gainshai Banda,35.57768,72.31329
Gairru,34.23025,72.71516
Gait Mela,32.52278,70.30173
Gaizun,36.11527,71.70872
Gajai,34.1973,72.61846
Gajjal,34.08157,73.09911
Gajju Banda,34.29956,72.63621
Gajju Khel,33.80089,72.02773
Gajna,34.79072,73.4328
Gakkhar,34.41395,72.98642
Gaksanesh,35.75083,71.64056
Gakuz,35.51201,73.60731
Gal,34.11007,73.27948
Gal,35.48594,72.46121
Gal,34.95994,72.09016
Gal,34.96285,72.10134
Gal,33.7287,70.761
Gal,33.73741,70.75123
Gal Matra,34.41735,73.25901
Gala,34.0442,72.64461
Gala Bela,34.07447,71.66177
Gala Kalle,33.60527,70.29228
Gala Kalle,33.59355,70.29836
Gala Khel,33.01538,70.55014
Galabak,34.11657,73.28374
Galai,35.17135,72.50488
Galai,34.05226,72.78287
Galbanal,35.71635,72.67046
Galbot Banda,35.42046,71.85781
Galewali,34.7516,73.33885
Galgan Kalle,35.10622,72.98067
Galgut,34.93591,71.82401
Gali,34.15646,73.09211
Gali,34.20889,72.80393
Gali,34.2729,72.76822
Gali,34.40949,72.91071
Gali,33.93544,73.10637
Gali,34.73797,73.28779
Gali,34.6227,73.25243
Gali,34.12798,72.97539
Gali,34.26458,73.05916
Gali,34.54628,73.28303
Gali,34.63683,73.58498
Gali,34.70707,73.33558
Gali,34.82752,73.55304
Gali Babrol,34.41083,73.02129
Gali Bahar,34.51659,73.01099
Gali Banian,34.17224,73.30323
Gali Batgran,33.92591,73.10951
Gali Gada,34.60381,73.18275
Gali Garhi,34.13332,71.61621
Gali Gobehki,33.99764,73.1812
Gali Khel,33.89578,71.11755
Gali Maire,34.35267,73.37627
Gali Man,34.27928,73.14748
Gali Mori,34.30942,73.41056
Gali Nasarullah,34.46404,73.10302
Galian,34.4086,73.07263
Galian,34.17529,73.48852
Galian,34.42748,73.33363
Galibagh,34.92516,72.11622
Galibat Banda,34.8644,72.77854
Galida Malhar,34.41101,72.93533
Galkor,34.94568,71.94636
Galkor,35.16276,72.11115
Galkor,35.09283,72.10551
Galm Ghari,36.6909,72.8992
Galma,33.90092,72.96156
Galman Ghari,36.04837,72.07397
Galo,34.02967,71.2624
Galo Banda,35.25408,71.71436
Galoch,34.84137,72.2627
Galona Kas,33.79358,70.80409
Galsha Khel,33.40828,71.40202
Galshul Banda,34.87734,72.94819
Galu,33.89427,72.87027
Gambar,32.94126,70.69005
Gambat,34.8866,71.52761
Gambhir Gali,33.86149,73.24136
Gambhir Garan,33.85862,73.24318
Gambhir Pul,33.86908,73.23893
Gambir,35.07385,72.98958
Gambir,35.05868,72.99464
Gambir,34.9119,71.64206
Gambir,35.39864,71.62743
Gambir,35.53637,71.64727
Gamdat,35.03081,71.94345
Gamian Seri,34.40168,72.8952
Gamiar,34.72573,72.63024
Gamiar,34.75989,72.6431
Gamkat Banda,34.97488,72.58907
Gamkonr,32.48567,70.03892
Gamkot,34.72931,72.15922
Gamng,34.75177,72.78363
Gamoin,35.10221,72.99167
Gamsar,35.43037,72.27525
Gamsir,35.12375,72.32701
Gamsir,35.11007,72.32419
Gan Bar Paro,35.04131,73.12736
Gan Tar,35.21482,72.87326
Gana Khel,32.64134,69.75527
Ganair,32.96351,70.57968
Ganajir,34.87986,72.55066
Gand,34.31299,72.91547
Ganda,33.6621,71.01479
Ganda,34.33107,73.17318
Ganda,34.17346,73.0241
Ganda Ghar,34.55269,71.26628
Ganda Kas,34.4081,72.60106
Ganda Kili,33.94635,69.97531
Ganda Tagia,33.78114,70.64903
Gandab,33.78682,72.15807
Gandaf,34.12088,72.68763
Gandaf,34.1924,72.8654
Gandaf Camp,34.10108,72.64967
Gandai,33.14433,70.51261
Gandairi,34.05416,71.97663
Gandali,32.96666,70.65655
Gandao,34.79521,71.62677
Gandao,34.88468,72.63915
Gandao,33.86319,71.3417
Gandao,33.85978,70.52671
Gandao Banda,34.66389,72.39754
Gandapur Kot,31.45967,70.11437
Gandapur Yadgar,32.10164,70.78416
Gandarai,34.70416,71.5739
Gandare,34.36624,71.69575
Gandari Kach,31.86048,70.04969
Gandau,33.13367,71.14339
Gande Gal Payan,35.11894,71.98362
Gande Gar,35.12529,71.97651
Ganderai,31.85382,69.98257
Ganderai,34.83773,72.46311
Gandere,34.92157,71.66094
Ganderi,32.39243,70.00479
Ganderi,33.34659,70.69286
Ganderi Khattak,32.98548,71.06257
Ganderi Mela,33.70611,71.30795
Gandero Banda,34.53827,72.19472
Gandhara,33.76459,72.84369
Gandher,32.28087,71.00122
Gandheri Kalle,34.34606,71.57663
Gandhian,34.39529,73.20773
Gandhian,33.91494,73.08887
Gandi,33.32118,71.15805
Gandi Ashiq Khan,31.78444,70.50649
Gandi Haseeb Khan,31.73294,70.47605
Gandi Hisam,32.14956,70.4348
Gandi Khan Khel,32.74695,70.76793
Gandi Umar Chakkar,32.74822,70.81563
Gandi Umar Khan,31.70169,70.57208
Gandiali Bala,33.52956,71.61272
Gandiali Payan,33.52477,71.62302
Gandilwala,32.34463,70.07891
Gandital,33.72566,70.77754
Gando,35.06087,72.87919
Gandoai,33.81767,70.5971
Gandola,34.32658,72.95811
Gandorai,34.96379,72.81827
Gandorai,34.92852,72.81179
Gandori,34.65423,73.02276
Ganeha,33.96479,72.86093
Ganeha,33.95589,72.8603
Gang,34.76176,71.49496
Gang,35.65698,71.78139
Gangai,34.31119,71.92324
Gangel,32.60806,70.99167
Gangi Khel,33.19758,70.60366
Gangi Khel,32.29134,69.5201
Gangi Khel,32.43528,69.46389
Gangol Banda,35.53585,72.05265
Gangu,34.22078,71.68921
Gangu Dher,34.25372,72.39057
Gangu Dher Banda,34.24388,72.3848
Gangu Dheri,34.23797,72.37361
Gangu Jumma,33.75755,72.83324
Gangut,34.46631,72.86653
Gangwal,34.82838,73.17559
Ganhar,34.66483,73.55246
Ganhari,34.13374,73.00247
Gani Chhatra,34.25055,72.66289
Gani Khel,32.50894,69.72113
Gani Khel Kuragh,32.54071,69.72001
Ganiar Khar,33.94876,73.27962
Ganikot,34.27034,72.7408
Ganj Garhi,33.97059,71.3454
Ganj Muhallah,34.00705,71.58013
Ganja,33.93121,72.8786
Ganjai,35.09161,72.51701
Ganjai Dag,34.35941,71.72031
Ganjai Derai,34.4,72.58333
Ganjalli,33.41871,71.76983
Ganjao,35.25729,72.82998
Ganjian Kalle,34.23228,72.10049
Ganjla,34.8542,71.96676
Ganjuri,36.55464,72.74308
Ganjuwali,31.40765,70.53875
Ganjyanu Kile,34.49251,71.4108
Ganjyanu Kile,34.4701,71.44716
Gano,34.94537,73.05447
Ganora,35.14351,71.87073
Ganorai,34.76305,72.68095
Ganra Kas,32.46052,70.03424
Ganshal,34.63422,72.62194
Gantar,35.23209,72.45842
Gantel,34.87805,73.09695
Ganul,34.54516,72.87985
Gao,34.75912,71.73924
Gao Shala,32.98099,70.23977
Gaodara,33.8009,70.33779
Gapar Karm,31.75001,70.00226
Gar Aka Khel,34.02948,72.50932
Gar Dheri,34.11724,72.45148
Gar Munara,34.02441,72.51215
Gara,33.58417,70.95749
Gara Bakhtawar,31.77127,70.46781
Gara Ghari,35.91105,71.51318
Gara Guldad Khan,31.95513,70.39418
Gara Khan,31.78726,70.47285
Gara Mada,31.84408,70.33313
Gara Mahmud,31.80102,70.41715
Gara Mastan,31.82522,70.3958
Gara Sardar Khan,31.97083,70.44591
Gara Shahbaz,31.99075,70.35858
Gara Tajak,34.13066,71.47467
Gara Targ,31.76417,70.47861
Garagar,36.58848,72.70298
Garah,33.78502,71.27876
Garah Abduli Purana,32.19517,70.61148
Garah Abdullah,31.55354,70.4076
Garah Abdullah Khan,32.00239,70.53678
Garah Ahmad,31.56798,70.4318
Garah Alam Khan,31.72359,70.50987
Garah Azami,32.19515,70.53516
Garah Badar,32.03437,70.56709
Garah Bakhsha,31.8562,70.80015
Garah Bala,31.89206,70.71088
Garah Balauch,32.19394,70.38386
Garah Baluch,31.65817,70.70714
Garah Budha,32.22075,70.34585
Garah Bukhtiar,32.00612,70.41786
Garah Charoha,32.0112,70.49327
Garah Dad Shimali,31.78998,70.61651
Garah Fazal,31.95733,70.6931
Garah Gama,31.70312,70.7142
Garah Ghaus Shah,31.62845,70.77455
Garah Ghazi,32.23883,70.59228
Garah Ghulam Siddique,31.71488,70.47508
Garah Handan,31.87713,70.65223
Garah Hayat,32.1928,70.35766
Garah Hayat,31.87608,70.80081
Garah Hayat Khan,32.06445,70.44098
Garah Husain,32.10611,70.36417
Garah Ibraim,31.90521,70.53765
Garah Isa Khan,31.68005,70.53277
Garah Jamal,32.10992,70.40268
Garah Jana,31.92073,70.52997
Garah Jat,31.70639,70.48083
Garah Kalu Khan,31.96528,70.52
Garah Khaira Awan,32.11747,70.43637
Garah Khera,31.64417,70.43827
Garah Khokhar,31.66406,70.59118
Garah Lilan,31.75966,70.56391
Garah Mamrez,32.10795,70.4186
Garah Matt,31.51768,70.46212
Garah Matta,32.09056,70.37045
Garah Mehrbān,31.71111,70.41528
Garah Mian Fateh Muhammad,31.6928,70.60733
Garah Mihrban,31.71926,70.43949
Garah Mir Alam Khan,31.66682,70.4907
Garah Moladad,31.76029,70.54235
Garah Muhabat,32.07832,70.48976
Garah Muhammad Akbar,32.00527,70.42685
Garah Murid Shah,31.64915,70.59297
Garah Mūsa Khān,31.99278,70.52972
Garah Nahar,31.53618,70.36112
Garah Nawab Sahib,32.04436,70.3805
Garah Nehal,31.71963,70.70342
Garah Nowabi,32.21396,70.58966
Garah Onarah,31.93764,70.58323
Garah Patti Khel,31.93927,70.60367
Garah Purdil,31.79639,70.41028
Garah Ramzi,31.73755,70.54464
Garah Rashid,31.61938,70.62639
Garah Sangi,31.63752,70.77174
Garah Shada,32.09877,70.35394
Garah Shahbaz,32.21338,70.46023
Garah Shahbaz Tilokar,31.73112,70.52584
Garah Shaikh,31.71741,70.45624
Garah Sona Shah,31.77915,70.61743
Garai,34.97585,72.36455
Garai,34.61366,72.78652
Garai,34.61197,72.93809
Garai,32.4408,69.96602
Garai,35.13194,72.39167
Garai,34.58662,72.74212
Garai,34.90287,73.36692
Garai,32.31806,69.35278
Garai,35.09896,72.49831
Garai,34.78923,71.77998
Garai,34.62044,72.55863
Garai Banda,34.94899,72.79739
Garai Ghakhai,34.50269,71.15807
Garai Payin,35.29967,72.02382
Garakot,34.697,72.94068
Garalan,34.27584,73.03796
Garam,35.82306,71.81413
Garam Chashma,35.99301,71.55936
Garam Chishma,36.86048,73.41667
Garamthun,33.75902,72.93205
Garan Thali,34.58617,73.25396
Garang,33.27208,70.54607
Garang,34.44144,71.42922
Garang,33.1673,70.65863
Garang,34.92797,72.9884
Garang,34.79134,73.01828
Garang,34.04771,72.7716
Garang,34.5765,73.08903
Garang Jabri,34.6302,73.28511
Garanga,33.86593,73.28413
Garanga Bala,34.12066,71.51098
Garangai Banda,35.04799,71.75295
Garangai Chiod Khula,32.55247,70.22152
Garange Payan,34.12143,71.52139
Garangi,34.79055,71.67034
Garaonai,35.07862,71.65875
Garasa,34.75414,72.42017
Garba,33.9765,73.15559
Gardag,35.44928,72.04852
Gardai,33.20571,70.76275
Gardai,34.43677,71.47121
Gardai,32.42316,69.47368
Gardai,32.64008,70.38062
Gardai,33.04071,69.66711
Gardai,32.81011,69.92158
Gardai,34.79008,71.64586
Gardai Raghzai,32.4888,70.24414
Gardaisar,35.06111,72.40833
Gardam,35.07357,72.28875
Garde,33.57905,70.7213
Gardu,34.26689,71.82414
Gardun,35.07278,72.71854
Gare Shah,34.35934,71.70946
Gareh,33.71042,71.7728
Garga,32.58002,69.44686
Gargai Shaikhai,35.17083,72.69167
Gargar,34.0979,72.13328
Gargarai Mela,32.59879,70.34529
Garge,35.0827,72.9652
Gargi,34.83887,73.23784
Garh,33.63468,70.9504
Garha,34.3997,72.72688
Garhai,34.51103,71.24474
Garhai,34.31209,72.61347
Garhai,35.06819,72.56168
Garhai,34.74116,72.17596
Garhai,34.7709,72.07548
Garhan,34.07592,72.81769
Garhar,35.03539,73.15302
Garhi,33.98241,72.5562
Garhi,33.96876,73.07293
Garhi,34.0513,73.26098
Garhi,34.80638,72.42815
Garhi,34.49542,72.73816
Garhi,32.78952,69.90587
Garhi,34.25622,72.81252
Garhi,33.89395,73.25881
Garhi,34.42602,72.72021
Garhi,33.6117,70.90769
Garhi,34.95278,72.53333
Garhi,34.06175,71.492
Garhi Abdul Samad Khan,34.13061,71.60088
Garhi Afridi,33.98066,71.50069
Garhi Afridi,34.09283,71.69818
Garhi Akbar Khan,34.1491,71.75529
Garhi Aminabad,33.99401,71.69632
Garhi Aslam,33.92134,71.69793
Garhi Atta Muhammad,33.97693,71.58154
Garhi Ayub Khan,33.99428,71.67297
Garhi Banjar,34.07754,71.58433
Garhi Burhan-ud-Din Khan,33.90106,71.65649
Garhi Chandan,33.82809,71.70667
Garhi Daulatzai,34.19984,72.155
Garhi Faizulla Wuch,33.87764,71.70894
Garhi Faizullah,33.86649,71.72046
Garhi Ghulam Rasul,34.03292,71.61272
Garhi Ghulam Shah,33.96915,71.65402
Garhi Gul Khan,33.96148,71.5618
Garhi Gula Khan,33.89915,71.7215
Garhi Gulab Shah,33.60719,71.45044
Garhi Habib Khan,33.96565,71.56916
Garhi Habibullah,34.40126,73.38162
Garhi Hayat Khan,33.78966,72.82867
Garhi Ibrahim Khan,34.09739,71.60288
Garhi Ismailzai,34.19429,72.16547
Garhi Kamarabad Garhi,33.91133,71.69367
Garhi Kapura,34.1986,72.1642
Garhi Karamdin,34.34186,72.77244
Garhi Karimabad,34.14937,71.59074
Garhi Khan,34.23505,72.81361
Garhi Khan Baba,34.05886,71.57658
Garhi Khazana,34.08042,71.59735
Garhi Koruna,34.19606,71.68898
Garhi Loharan,33.90664,71.44685
Garhi Majab Khan,33.9225,71.70147
Garhi Malikabad,33.55997,71.41434
Garhi Malli Khel,33.91824,71.49689
Garhi Mawaz Khan,33.58739,71.42808
Garhi Mian Amin,33.97294,71.61474
Garhi Mian Jan,33.46348,71.48785
Garhi Miangan,33.96969,71.60669
Garhi Miangan,34.13188,71.51502
Garhi Miangan,33.88276,72.01269
Garhi Mir Aslam,34.05485,71.62531
Garhi Mir Sahib,34.06857,71.55884
Garhi Muhammad Amin,34.09929,71.52621
Garhi Nadir Khan,33.90554,71.71265
Garhi Naib Khan,33.96451,71.56609
Garhi Paya,33.72425,71.53267
Garhi Payan,33.87048,71.68628
Garhi Pisal Dar,33.55868,71.45719
Garhi Pordil,34.06389,71.62931
Garhi Qamardin,33.98053,71.56834
Garhi Rahimdad,34.03217,71.59292
Garhi Rano,34.02866,71.64942
Garhi Sadabad,34.03941,71.66182
Garhi Sadr Musa Khan,33.98839,71.68138
Garhi Saidabad,34.04104,71.66989
Garhi Saidan,33.78945,72.852
Garhi Saidan,34.14043,71.63492
Garhi Saithan,33.96081,71.65693
Garhi Saiyidan,34.13519,71.418
Garhi Saiyidan,32.99829,70.56297
Garhi Sanobar,33.99308,71.61201
Garhi Sar,33.71612,71.48235
Garhi Sarfraz,33.96163,71.66712
Garhi Shah Muhammad,34.30839,72.74859
Garhi Shah Muhammad,34.09681,71.55782
Garhi Shahbaz,33.97579,71.71103
Garhi Sharif Khan,34.13377,71.64932
Garhi Sharif Khan,34.12718,71.66314
Garhi Sharifullah Khan,33.99108,71.68298
Garhi Shia,34.01035,71.70301
Garhi Sikandar,34.05446,71.51506
Garhi Sikandar Khan,33.97171,71.53024
Garhi Suhbat Khan,34.05531,71.54801
Garhi Taila Band,33.883,71.63686
Garhi Urnar Khan,34.0374,71.61638
Garhi Usman Khel,34.48794,71.85417
Garhn,34.11821,73.3509
Garho,34.71714,71.42438
Garho,34.72527,71.42379
Gari Maira,34.05059,72.70386
Gariala,34.26851,72.21958
Garigal,34.77994,71.36973
Garik,35.9649,72.38841
Gariwal Khel,33.17529,71.22517
Gariwali Banda,34.81703,73.14937
Garlat,34.54522,73.3545
Garmbai,33.62943,70.73892
Garo,34.39031,72.38778
Garo,35.06163,73.20202
Garoaki Raghzai,32.37833,69.81861
Garoi Bhek,35.50536,72.98645
Garokhun,35.49845,73.71475
Garoko Mela,33.94693,71.21423
Garori Char Khel,33.16443,71.29954
Garotian Sha,36.30197,72.6702
Garra,34.7985,71.74094
Garrun,35.01337,71.98533
Garsai Banda,35.05928,71.83793
Gartak,35.85927,71.79469
Garu,35.05221,73.15438
Garu,33.81106,71.99057
Garu Shah,34.28406,71.85534
Garun Shorjan,32.44579,71.15647
Garwaki,32.14084,70.14336
Garwal,34.31104,73.04599
Garyala,34.26667,72.21667
Garyum,32.80018,70.11163
Gashkor,34.91531,72.45263
Gasho Goze,35.37317,73.22751
Gasht Lasht,36.22037,72.14693
Gashti,36.1827,72.47915
Gashu Banal,35.71308,72.66001
Gasil,35.44831,73.4519
Gat,34.80995,71.91774
Gat,34.99313,72.25313
Gat,34.77404,72.54882
Gat,34.82999,71.37092
Gat Chana,35.10828,72.26932
Gat Darra,35.25409,72.41643
Gat Katai,35.05969,71.61403
Gat Sar Banda,34.88403,72.71185
Gat Sar Banda,34.86768,72.61514
Gat Seri,34.72786,73.08855
Gat Warsak,34.40579,71.22612
Gatar,31.60699,70.44674
Gate,34.30853,72.03048
Gati Kalle,32.92908,70.53466
Gatkai,34.89211,71.50902
Gatkotai,34.90022,72.41251
Gato,34.97243,71.96831
Gato,34.79976,72.49852
Gato Baihk,35.17487,73.66594
Gato Sar Banda,34.89477,72.53071
Gatpasur,35.10337,72.28247
Gatrah,34.87249,73.78305
Gatsar,35.22338,72.47085
Gatsar Banda,35.03675,72.61818
Gatta,34.5077,72.58146
Gatti,34.69215,73.25218
Gatti,34.55754,73.27957
Gatti,34.73766,73.65957
Gatti Banda,35.74874,72.7947
Gaura,34.76903,73.25593
Gaura,34.56938,73.3648
Gaura,32.38222,69.72167
Gauri,34.6056,73.22223
Gausar,31.58271,70.7411
Gavidhand,34.61612,72.40364
Gawa,34.89494,71.53827
Gawai,35.02994,71.75651
Gawai,35.03484,71.76392
Gawak,33.82503,71.00032
Gawal,34.9686,71.74786
Gawaner,34.41614,72.74397
Gawuch,35.63905,71.89371
Gaya,35.17556,72.90204
Gayal,35.44373,73.27946
Gayal,35.40936,73.16763
Gayal Siri,35.4238,73.19571
Gaz Baba China,32.62857,70.34041
Gaz Chauk,33.98038,71.64546
Gaz Dara,33.63973,71.0498
Gaz Ghari,35.93472,71.54889
Gazguru,35.64505,71.68702
Gazhal,35.99499,71.57388
Gazin,36.60439,72.93226
Gazin Dur,36.62561,72.5727
Gazo Ghari,36.02505,71.33679
Gedar,35.11912,72.66471
Gedar,35.51838,72.98739
Gedar,35.15574,72.6962
Gedar,34.93811,72.99481
Gedar,34.6288,73.58763
Gedar,35.03437,72.70328
Gedar,35.02126,72.88357
Gedar,35.40928,72.94259
Gedar,35.2015,72.81087
Gedar,35.55248,72.88598
Gedar,35.52831,72.98314
Gedar,34.28455,72.08332
Gedar Banda,35.12315,72.87563
Gedar Bando,35.69223,72.8794
Gedaro Mela,33.66104,71.54497
Gedrao,35.42817,72.9427
Gege,34.22753,71.89419
Gegit,35.42068,73.63561
Geha,34.11042,73.33975
Gehal,33.9681,73.26553
Gehi,35.27319,73.34767
Gehiar,34.23935,73.43938
Geht,36.31457,72.2145
Geri,34.2388,73.47564
Geslain,35.9358,71.53527
Gestini,35.9922,71.49347
Geza Paoza,31.69554,70.0782
Gezdai Kachkai,32.64573,70.32468
Ghabasanai,34.26097,72.71259
Ghadai,34.99417,71.69861
Ghafarbān,35.31806,72.56667
Ghafe,34.54396,72.3383
Ghaftor Kot,32.0963,70.2028
Ghafur di Dhok,33.45695,71.61271
Ghafura,31.75568,70.65187
Ghafurabad,34.08503,72.15096
Ghafuri Banda,32.84258,71.02239
Ghagai Punga,32.47291,69.84393
Ghahe,34.3839,72.34108
Ghaib Khel,33.56815,71.65541
Ghaibi Nika Kili,33.89909,71.15819
Ghaibi Talao,33.89737,71.71021
Ghaibi Wannah,33.15783,71.26657
Ghaira,33.95214,72.82533
Ghaisham Zhawar,32.31271,69.98737
Ghakhai,34.81682,71.31778
Ghakhai,33.8508,70.32895
Ghakhai,34.42226,71.54726
Ghakhai,34.83285,71.54656
Ghakhai Banda,34.87924,72.13024
Ghakhai Villa,33.75602,70.54683
Ghakhe,34.48672,72.48966
Ghakhe,34.65078,72.3111
Ghakhe Banda,34.82385,72.19242
Ghakhe Banda,35.10496,72.09386
Ghakisam,33.82659,71.20312
Ghala Warai,34.9039,72.03848
Ghalanai,33.849,71.04503
Ghalanai,34.32114,71.39825
Ghalanai,33.8446,71.07443
Ghalanai Khulla,32.62593,69.68043
Ghalang Shal,36.59877,72.40438
Ghalbai,34.86033,71.69638
Ghalbeli,32.95,71.15
Ghali,32.73576,69.65826
Ghalib Gul Khoi,33.62713,71.90286
Ghaliban,33.70108,70.67906
Ghaligai,34.6993,72.25983
Ghalja,32.28607,69.59498
Ghaljai Banda,34.69039,71.89804
Ghaljamir,32.70469,70.10729
Ghalji Kandar Khel,34.11596,71.46964
Ghaljo Kamangara,34.68649,71.27673
Ghalla Dher,34.11771,72.05277
Ghalla Dher,34.04992,72.05405
Ghalla Mandi,34.00388,71.56314
Ghalma,36.05087,71.57999
Ghalman Korona,34.75699,71.39447
Ghalo,33.71618,70.59502
Ghalo Banda,34.85756,71.82682
Ghalo Ghakha,34.4924,72.45149
Ghalo Kalle,33.88601,70.02736
Ghalo Koruna,34.33655,71.64599
Ghalo Patai,34.6126,72.29574
Ghalo Tangai,34.45059,72.36447
Ghalok,35.99345,71.48284
Ghalu,34.5652,72.78829
Gham Kot,33.58547,70.30889
Gham Kot,33.74409,70.4955
Ghamai,34.20038,71.5026
Ghamaril Jaraf,36.81724,73.34526
Ghamat Ghari,35.97222,71.59806
Ghambil Kalle,33.81886,70.06358
Ghambir,33.86002,73.25528
Ghamblai Banda,33.52966,71.14525
Ghamkol,33.62859,71.43766
Ghamsīr,35.225,72.57222
Ghana,34.78637,71.70697
Ghana,34.7959,71.71329
Ghanai Bhek,35.51319,72.81995
Ghanaila,34.61956,73.35685
Ghanair,33.44255,73.68711
Ghanam Jan Kala,32.73712,69.68304
Ghanam Shah,34.61468,71.1904
Ghanam Shah,34.81738,71.69231
Ghanamrang,34.85395,73.01685
Ghanchorai,34.74686,73.09419
Ghanda Kalle,34.30099,71.7539
Ghandal Koruna,34.12523,71.8399
Ghandar Kalle,34.2613,71.85518
Ghando,34.40213,72.10244
Ghando,35.06797,72.88031
Ghanesh,35.21391,72.5744
Ghanghar,33.10081,73.71277
Ghanhal,33.58463,70.90377
Ghani,33.26405,70.50031
Ghani Chhatra Banda,34.24329,72.664
Ghani Dheri,34.42583,71.84181
Ghani Dheri Laiman,34.42443,71.85357
Ghani Khel,33.03582,70.78377
Ghani Khel,32.9491,70.92391
Ghani Khel,32.13035,69.66866
Ghani Muchan Khel,32.95497,70.68228
Ghaniabad,34.1073,71.85456
Ghaniabad,34.08992,71.91783
Ghaniadai,34.70721,71.56135
Ghanian Bala,34.56224,72.99364
Ghanjoha,33.70414,70.60219
Ghano Dher,34.3315,71.97056
Ghano Dheri,34.3509,71.96948
Ghanool,34.61077,73.43325
Ghanran,34.55698,72.9914
Ghanta Ghar,34.01048,71.57923
Ghantol,34.31014,71.83429
Ghantol Kor,34.94028,72.02615
Ghao,35.4894,73.39904
Ghao Mangi,33.94091,70.2953
Ghar Bala,34.36886,72.87188
Ghar Banda,34.98534,71.90689
Ghar Kalle,33.25168,71.55078
Ghar Kalle,35.38918,71.95098
Ghar Kalle,33.11543,71.19925
Ghar Khan,33.98787,72.95043
Ghar Khan Banda,32.93252,71.05836
Ghar Shin,35.02728,72.4752
Ghara,34.6576,71.14243
Ghara,32.3625,71.19167
Gharai,33.89643,70.83965
Gharai,34.37144,72.62247
Gharai,35.10153,72.39412
Gharal Kha Khel,32.9125,70.50889
Gharambak,34.15039,71.65665
Gharan,34.36984,72.86986
Ghararat,34.54579,73.35559
Gharasin Adda,33.91875,71.01272
Gharbina,33.7371,70.2873
Gharbina,33.80927,70.3645
Gharbina Kalle,33.87533,70.15617
Gharerian,34.10064,72.89911
Ghargai,34.64355,71.94263
Ghargai,35.04709,72.39165
Ghargarshatu Pai,33.76673,70.68015
Ghari,36.39873,72.34017
Ghari,33.78008,70.96196
Ghari,33.0538,71.39033
Ghari Bala,34.92982,72.35397
Ghari Khel,33.17036,71.26841
Ghari Khel,32.96875,70.95377
Ghari Pal,33.024,70.34919
Ghari Pal,33.01667,70.1
Gharib Khel,33.57372,71.65928
Gharibabad,34.52631,71.89531
Gharibabad,32.74456,70.95775
Gharibabad,32.81294,70.77956
Gharibabad,32.83846,70.75823
Gharibabad,34.42982,71.838
Gharibabad,33.98138,71.58441
Gharibabad,34.02062,71.59549
Gharibabad,34.81019,72.33954
Gharibabad,32.35814,70.5339
Gharibabad,34.29345,72.21817
Gharibabad,34.22369,72.32887
Gharibabad,33.77639,72.19504
Gharibabad,34.65874,72.51525
Gharibabad,34.90151,72.44586
Gharibabad,34.24229,72.06213
Gharibabad,33.35711,73.73693
Gharibabad,34.31918,72.16396
Gharibabad,34.40545,71.79738
Gharibabad,34.27645,71.5524
Gharibabad,34.00509,71.49312
Gharibabad,34.2932,71.87994
Gharibabad,32.23429,70.83862
Gharibabad,34.16997,72.07339
Gharibai,34.60479,71.18463
Gharibai,33.86314,70.51954
Gharibai,34.59928,71.29339
Gharibei Banda,35.28719,71.92821
Gharichhan,36.62919,72.58148
Gharil,36.86879,73.37764
Ghariom,32.71633,70.00207
Ghariom Post,32.7234,70.00846
Ghariza,34.00691,71.40284
Gharjai,33.91361,70.64639
Gharlai,32.43943,70.03793
Gharlangi,32.17682,70.61265
Gharmo Kalle,34.37191,71.78187
Gharna Ghari,36.1291,71.40939
Gharra,34.00748,72.68858
Gharuka,31.78222,70.62165
Gharuna,34.01662,72.717
Gharībābād,34.0312,71.61427
Ghat Sarobi,32.89233,70.1053
Ghati,32.7079,70.88688
Ghati Khel,32.98074,70.07698
Ghatta Tīzhā,31.95556,69.94083
Ghaundai Kalle,32.59342,70.41854
Ghawai Bela,35.6476,72.39429
Ghawarabad,34.57569,72.45143
Ghawer Kalle,34.42184,71.8776
Ghaz Kalle,34.15424,72.05926
Ghaza,33.85101,70.3988
Ghaza,32.86278,70.57778
Ghaza Banda,34.20583,71.37694
Ghazai Kili,33.81414,71.39123
Ghazan Kalle,34.37108,71.73935
Ghazan Kalle,34.34305,71.72464
Ghazanpura,32.2755,71.18462
Ghazgai,35.35358,71.94275
Ghazgai Dharai,34.252,71.78959
Ghazi,34.01858,72.65774
Ghazi,34.4251,72.38102
Ghazi Baba,34.28475,72.49446
Ghazi Baba Ziarat,34.79625,71.79082
Ghazi Baba Ziarat,34.74676,71.69061
Ghazi Banda,34.60431,72.62855
Ghazi Banda,34.41529,72.37628
Ghazi Beg,34.44142,71.3162
Ghazi Colony,34.00876,71.53143
Ghazi Khanai,34.55166,72.4513
Ghazi Khel,32.45966,70.69573
Ghazi Koruna,34.6876,71.9818
Ghazi Koruna,34.34162,71.37447
Ghazi Kot,34.15242,72.289
Ghazi Kot,32.10553,70.18043
Ghazi Seri,34.60448,73.01498
Ghaziabad,33.3471,71.56118
Ghaziabad,34.49219,72.09511
Ghaziabad,34.32278,73.05423
Ghaziabad,34.26291,71.7983
Ghaziabad,34.39595,73.31964
Ghaziabad,33.80101,71.54791
Ghaziabad,34.55983,71.2353
Ghazikai,32.72142,69.76678
Ghazikot,34.50259,72.83979
Ghazikot,34.34614,72.99013
Ghazikot,34.27925,72.61685
Ghazikot,34.4476,72.86104
Ghazikot,34.30926,73.21857
Ghazkot Townshi,34.30903,73.2072
Ghazlamai,32.96865,69.8153
Ghazna,33.78829,70.80797
Ghazni Khel,32.55794,70.74061
Ghazo,34.32632,73.1012
Ghazo Dheri,34.25226,71.67627
Ghazudi Mela,33.08144,71.66796
Ghbazha,31.54358,69.98828
Gheba,33.96607,73.02458
Gheband,34.97523,71.90117
Ghebi,32.01338,70.91997
Gheddi Banda,35.39238,72.30404
Ghel Kalle,35.10897,72.93359
Gher Dand,34.46875,71.14872
Gheraram,36.80801,73.05103
Ghhol Maghl Baihk,35.16267,73.83026
Ghiljiano Banda,34.11528,71.46242
Ghilzai Kot,32.95717,70.28869
Ghilzo Mena,34.22895,71.13861
Ghnol,34.61061,73.43407
Ghobana,34.79893,71.73458
Ghochhar Ghari,35.96398,71.63374
Ghojal,34.52305,71.61978
Ghojalai,34.77479,72.29616
Ghojalai,34.89678,72.40568
Ghojre Raghzai,32.65767,69.5374
Ghokhtu Dheri,34.15833,72.33333
Ghol Banda,33.17534,70.89413
Ghomon,35.74172,71.66666
Ghon Lasht,36.36929,72.38916
Ghondai,34.23005,71.92685
Ghondaki Banda,33.31396,71.11819
Ghor Khar Banda,35.07318,73.11173
Ghora,34.84506,73.26845
Ghora,33.89773,73.26094
Ghora,34.24474,73.17835
Ghora,34.11433,72.88473
Ghora,34.34628,73.05209
Ghora,34.06776,73.26955
Ghora,34.23396,73.42879
Ghora,34.02707,73.3782
Ghora Dakka Cantonment,34.0283,73.40959
Ghorakai,35.96854,71.54338
Ghorana,32.30545,70.06603
Ghorband,34.87155,72.71012
Ghorejai,35.25271,72.59922
Ghorejo,34.80951,72.09927
Ghorejo,35.07664,71.74542
Ghorepher Banda,34.76243,73.05628
Ghori,34.30337,73.049
Ghori Ghara,32.35417,71.175
Ghorian,33.90634,73.26113
Ghoriwala,32.87173,70.73973
Ghoriwala,32.90493,70.72838
Ghoriza Bara Garhi,33.88721,71.40459
Ghoru,36.30255,72.5313
Ghoryasa,31.8434,70.04058
Ghoryasa,32.58214,70.38124
Ghorzai Bala,33.41531,71.19627
Ghorzandai,33.38515,71.17208
Ghosh Piquet,32.95984,70.12882
Ghotak,33.66907,70.76987
Ghowak,32.58863,69.80079
Ghoz Garhi,33.78084,70.00682
Ghoz Garhi,33.77213,70.00105
Ghoz Garhi Kili,33.80333,69.99639
Ghozak Khel,32.72568,69.82262
Ghozano Manzai Banda,35.04719,71.88966
Ghozano Shah,34.7247,71.56428
Ghozghani,32.40056,69.86861
Ghozmandai,32.62494,69.75743
Ghozmandai Star,32.64046,69.75884
Ghrosk,36.57704,72.496
Ghuandai,34.0241,71.52475
Ghuchar Shal,35.46125,71.70048
Ghucharo Tek,35.70725,71.87283
Ghuchhara Tik,35.48618,71.89495
Ghuchharsor Ghari,35.84102,72.11877
Ghufranabad,34.01648,71.69501
Ghugarai,33.76875,70.69964
Ghujre Kas,32.72718,69.70576
Ghulam,34.42395,71.51546
Ghulam Ali,33.86476,70.85197
Ghulam Ali Kili,33.82463,70.12733
Ghulam Ali Samta,32.77368,70.81571
Ghulam Banda,35.28032,71.7691
Ghulam Darra,34.83544,71.81585
Ghulam Haidar,31.7207,70.69293
Ghulam Haidar Kalle,33.76124,70.24787
Ghulam Haidar Khan,32.86973,70.56725
Ghulam Hussain Garhi,33.48303,71.63442
Ghulam Hussain Kalle,33.81705,70.02661
Ghulam Hussain Kour,32.14599,70.92365
Ghulam Jan Kalle,33.90319,70.11522
Ghulam Jan Kalle,32.927,70.48688
Ghulam Khan,33.05166,70.01993
Ghulam Khan,33.13302,70.03472
Ghulam Khan Banda,33.44501,70.79211
Ghulam Khan Kalle,33.0528,70.76384
Ghulam Khan Kelay,33.14522,70.02927
Ghulam Khel,32.29259,69.59909
Ghulam Khel,32.9792,70.96859
Ghulam Khel Azrap,32.14452,69.58852
Ghulam Kili,33.02361,70.58618
Ghulam Kot,32.1548,70.09542
Ghulam Koti,31.70075,70.75464
Ghulam Muhammad,32.09889,70.95139
Ghulam Muhammad Kalle,34.3323,71.5996
Ghulam Muhammad Kalle,34.22754,72.04191
Ghulam Qadir,32.95156,70.5687
Ghulam Rasul,31.46498,70.11215
Ghulaman,34.27494,72.32446
Ghulamankai,32.96737,69.55249
Ghulamar Kili,33.82961,70.02661
Ghulami,32.64701,69.94248
Ghulamjan Mela,33.71469,71.08483
Ghulamwala,31.98007,70.93293
Ghulan Kas,33.79099,70.77014
Ghulb Karwanda,32.94543,69.54781
Ghulbai,33.81366,70.64489
Ghulbandai,34.72482,71.57658
Ghuliango,33.68052,70.48358
Ghuliu Kalle,34.69941,71.88708
Ghulkwaro Sar Banda,34.90393,72.47899
Ghullo Darra,34.22593,72.55722
Ghuluz,32.79319,69.73872
Ghum Milti,36.67146,72.91403
Ghumar,35.30019,73.16437
Ghumawan,33.90252,73.06931
Ghumawan,34.1646,73.28487
Ghumbat,34.74256,72.44038
Ghumla,34.9023,73.68393
Ghund,35.00053,71.84006
Ghund,33.92582,71.80637
Ghund,35.01139,71.63301
Ghund,34.62209,71.71007
Ghund,35.01592,72.65906
Ghund Ghasa,33.91956,70.83898
Ghund Karkanra Kalle,34.16305,71.82421
Ghund Khawan,33.57208,70.81452
Ghund Khowna,34.89952,72.0451
Ghund Top Banda,34.53963,71.84692
Ghunda,33.14886,71.37126
Ghunda Khel,34.30034,71.74511
Ghunda Mela,33.73228,70.73307
Ghundai,34.82036,71.51795
Ghundai,34.82709,71.35809
Ghundai,34.76044,71.25412
Ghundai,34.66494,71.37072
Ghundai,34.2988,72.32662
Ghundai,34.49023,71.53684
Ghundai,34.56127,71.07917
Ghundai,34.47088,71.32469
Ghundai Kalle,34.37923,71.35502
Ghundai Kalle,34.51117,71.29169
Ghundai Khujal Khel,32.53238,69.37207
Ghundai Kile,34.3725,71.45606
Ghundai Kili,34.03377,71.39216
Ghundak,34.43119,72.45561
Ghundaka Mamai Khel,32.53149,69.761
Ghundakai,33.06247,71.37677
Ghundakai,33.65409,70.8373
Ghundakai,32.53293,69.77477
Ghundakai,35.1636,71.88755
Ghundakai,34.55938,72.40676
Ghundakai,34.62324,72.54386
Ghundakai,32.68372,70.01202
Ghundake Kalle,32.96742,69.58432
Ghundao,34.80646,72.60776
Ghundi,31.58294,70.05307
Ghundi,33.88569,71.12121
Ghundi,34.61091,71.81845
Ghundi Baru Khel,32.36658,71.20068
Ghundi Kalie,33.04689,71.0224
Ghundi Kalle,33.18551,70.8994
Ghundi Kalle,32.9592,70.15719
Ghundi Khel,33.95582,69.94209
Ghundi Kile,34.25129,71.47878
Ghundi Mira Khan Khel,33.12355,71.29468
Ghundi Shahbaz Khan,33.17039,71.29724
Ghundiwala,32.5109,71.32363
Ghundo Guto,35.22658,72.41273
Ghundo Payan,34.43125,71.92986
Ghundpatai,35.33157,72.63241
Ghundu,34.67292,71.95838
Ghuni Kalle,32.60441,70.49188
Ghur Matak,34.91045,71.9873
Ghurai Khel,33.03428,70.95145
Ghurda,36.42387,72.41382
Ghurdarra,34.60751,72.54128
Ghureshte,33.89858,70.26394
Ghurghurai,32.39996,69.88681
Ghurghurai,33.59491,70.66684
Ghurghushto,34.21877,72.51181
Ghurlamai,32.43333,70.03424
Ghurmau Ghari,36.05788,71.37984
Ghurwai Kalle,32.83012,69.71076
Ghuttar,34.39821,73.29364
Ghuu China,33.55732,70.78026
Ghuz,34.25358,72.02547
Ghuz,34.74212,72.44865
Ghuz Banda,35.04376,72.17689
Ghuzano Banda,34.84354,71.99004
Ghuzano Cham,34.95318,72.35161
Ghuzbanr,34.90977,72.486
Ghuzgai,33.90691,70.97675
Ghuzhe Pezha,32.31812,69.60726
Ghuzkas,35.15895,72.37896
Ghuzpatai,34.87944,72.03865
Ghwaghasai,34.70496,71.4827
Ghwago,34.80922,71.9415
Ghwai Bānda,35.12778,72.34583
Ghwai Ghura,33.73757,70.43882
Ghwakhai,33.88737,70.643
Ghwandakai,32.61889,69.97674
Ghwandakai,32.60385,69.9571
Ghwara Banda,34.96314,71.62137
Ghwara Banda Bala,34.95401,71.63059
Ghware Mela,32.35528,69.70917
Ghwargai,33.98952,70.99597
Ghwaya Khwa,32.25704,69.52852
Ghzu,34.66992,71.97769
Ghūzāno Bānda,35.37083,72.59861
Gian,34.8448,73.20118
Giar,34.58529,73.38531
Giarh,33.97722,73.34617
Gibraltar,34.57066,71.92756
Gidan,35.34374,72.60822
Gidar,34.77374,73.23377
Gidar,34.71112,73.17436
Gidar,35.04651,73.21718
Gidar,34.16684,71.70673
Gidar,34.81696,71.83983
Gidar,34.14289,71.5587
Gidar,34.95531,72.96828
Gidar,34.92505,71.82468
Gidar Beg,35.67465,72.52828
Gidar Cham,35.08936,71.69388
Gidar Kalle,33.63195,70.30378
Gidar Kalle,32.92075,70.59331
Gidar Kalle,34.66728,71.78203
Gidar Sar Banda,34.96039,72.53646
Gidar Sar Banda,34.92965,72.56684
Gidar Shahi,34.82599,71.58569
Gidarai,34.80246,72.66325
Gidarai,32.58444,69.77723
Gidarai,34.53047,71.59158
Gidarai,34.80967,72.72979
Gidarai,34.26531,72.31074
Gidaran,34.5102,71.43608
Gidarghar,34.76825,72.92318
Gidarhari,34.95827,72.96028
Gidari,32.8675,70.66611
Gidari Banda,33.57018,71.87309
Gidaro,34.82125,71.92758
Gidaro Kalle,34.11762,72.2659
Gidarsha,34.97065,71.84422
Gidarshahi,34.86736,71.70845
Giddar Bandi,34.1281,72.81757
Giddi Bagh,34.8596,71.3772
Giddu Bagla,34.37091,72.91827
Gider Kalle,33.65689,71.45071
Gidero Bazar,33.89194,71.2577
Gido,34.58045,71.6458
Gido,33.95612,69.91906
Gidor,35.096,73.06834
Gidor Khel,33.00953,70.55822
Gidrai,34.63658,72.99289
Gidrai,34.61424,72.98954
Gidran Banda,32.98834,71.04178
Gidria,34.89785,73.17939
Gidro Kili,33.52297,70.34143
Giga,34.91835,72.38773
Giga Khel,32.32417,69.85222
Gigayal,35.46002,73.08489
Gihan,33.96572,73.28432
Gihu,35.19072,73.01439
Gijbori,34.65252,72.98661
Gil,35.15508,73.01438
Gilai,34.82548,71.34279
Gilani Town,31.81615,70.88942
Gilkimin Ghari,35.97635,71.61381
Giloti,32.16449,70.74982
Gimato,33.76507,70.46506
Ginar Jege,35.7628,72.61456
Ginga Khare Kalle,33.12724,70.06137
Gingarai,33.08167,70.51408
Gir Gat,34.84637,71.87272
Gir Khan,34.27962,73.20645
Girah Kat,31.73003,70.86125
Giran,34.14153,73.15567
Girarai,34.53105,72.26122
Girchhetar,35.48463,71.8149
Girdaghunai,33.84437,70.34901
Girdai,33.88565,70.31984
Girdai,33.84566,70.3423
Girdghun,31.63304,70.08986
Girdi Mela,33.92011,70.79071
Gire Gah,35.44076,73.74071
Girgat,35.18742,71.89301
Girilagan,35.18822,72.53738
Girni Shaikhan Kalle,32.24314,70.16915
Giro,34.87735,71.59101
Giro,35.14415,71.74364
Giro,34.89244,71.88031
Giro Banda,34.65373,71.95112
Giro Banda,35.15671,71.74053
Giro China,34.72852,72.69494
Girokhwar,34.80827,71.88194
Girokhwarkotai,35.24694,71.88626
Girsal,31.9901,70.90679
Girwal,34.43051,73.25216
Gisach,34.61726,73.26729
Gishar,34.80329,72.53858
Gishar,34.63016,72.67424
Gishar Banda,34.76899,72.73507
Gishkori,31.46938,70.75107
Gittidas,35.11258,73.97946
Glagran,34.77019,73.5285
Gloz Banda,35.0677,72.95401
Glum,35.37868,72.15634
Goal,35.07887,72.39434
Gobai,34.44509,72.97114
Gobarshat,35.01806,72.74722
Gobazana,33.95947,69.90706
Gobhar,35.50459,73.31205
Goch Rayin,36.41835,72.38751
Gochangatti Bhek,35.58286,72.92961
Goda,33.36234,73.7092
Goda,34.96721,72.14037
Goda Banda,34.96188,72.22565
Goda Sultania,33.3574,73.71751
Godakhel,34.42611,71.12659
Godam Kalle,34.1043,71.91676
Godan Banda,34.85799,71.98003
Godar,34.69893,72.38322
Godar Kalle,33.78268,70.38727
Godhand Banda,34.85706,72.24354
Godown,34.30036,71.91845
Godubar,35.36654,71.64744
Goga,34.50486,73.29942
Goga,34.55549,72.49713
Goga,34.52622,73.10294
Goganai,33.86644,70.28628
Goganai,33.77732,70.78309
Gogyal,35.02552,72.0564
Gohai Nakka,34.19089,73.36867
Gohar,34.82406,73.19855
Goharabad,34.1434,71.72317
Goharabad,34.23715,73.18047
Goharabad,34.09805,73.16389
Gohi,34.09247,71.57381
Gohik,36.00707,71.45108
Gohkanna,34.1698,71.6142
Gohkir,36.20713,72.07217
Goholon,34.08141,73.20453
Gohra Nawan,33.35193,73.73955
Gohāti,34.16389,72.40833
Goj Kot,34.61502,73.07298
Gojar,34.42227,72.72365
Gojar Band,35.59301,72.5295
Gojar Khwar,35.18856,72.21581
Gojar Lara,35.29994,72.08087
Gojarbanda,35.5665,72.59294
Gojra,34.31838,73.06618
Gojri,34.26001,73.22304
Goju Dheri,34.12118,72.49753
Gokand,34.64793,72.52137
Gokdarra,34.74526,72.29189
Gol Dur,36.30993,72.34776
Gola Kurai,32.2256,70.48785
Golaion,33.96835,73.33674
Golash,36.61236,72.98802
Goldheri,34.29006,73.19609
Goldi Banda,34.72934,72.50261
Golen,35.93393,71.98244
Golera,33.97515,73.25469
Goliar Banda,35.10561,72.19693
Gologh,35.93559,71.5299
Golorori,36.35927,72.36858
Golra,34.91741,72.39674
Golundi,36.1406,71.67457
Gom,36.32742,72.28898
Gomal Bazar,32.11515,70.15819
Gonar Kat,35.01219,71.78814
Gonda,34.21744,71.60186
Gonda Baba Ziarat,34.59673,71.78887
Gondai,33.24405,70.66615
Gondi Sahib Khan,32.81755,70.78954
Gonurai,34.7389,72.41168
Gopalam Baba Ziarat,34.90338,72.00147
Gor,35.50984,72.81504
Gor,34.99692,71.79724
Gor Shahi,35.70824,72.15114
Gora,33.28654,73.66316
Gora,33.39632,73.6365
Gora,32.5118,69.35846
Goragal,35.27247,71.6471
Gorahm,33.88104,70.20149
Gorai,34.37725,72.72552
Gorai Bala,35.31445,72.03848
Gorai Banda,35.18521,72.4767
Gorak,34.5965,72.72127
Goran,34.6953,73.34839
Gorapun,35.7251,71.74798
Goratai,34.60822,73.00643
Goratai,34.67448,72.19864
Gordoghandeh,35.87687,71.80729
Gorei,35.41719,72.60206
Gorha,33.0903,73.73684
Gori,34.61194,73.2257
Gorian,34.58378,73.00789
Goridar,34.56606,72.68225
Gorigarh,35.74662,72.04996
Gorka Dilasa Shah,32.54075,70.70206
Gorka Said Khel,32.57516,70.70811
Gorkat,34.89994,72.7751
Gorkhar,35.06547,73.11191
Gorkoye,35.20759,72.22684
Gorkoye,35.2154,72.21266
Gorkoye,35.2037,72.20232
Gorkoye,35.18992,72.19214
Gorkur,34.91374,72.04424
Gorma,33.95471,72.69539
Gornai,35.23629,72.59043
Gorondo Kili,33.68592,70.62986
Gorsan,35.57626,72.60295
Gorshai,35.20295,72.50766
Gorso Nik,35.78958,71.66138
Gos,35.55561,71.82941
Gosad Kili,33.90548,69.9397
Gosam,34.80093,71.71345
Gosar,33.77963,70.22216
Gosar,35.49218,73.39878
Gosh Banda,34.77017,72.79646
Goshai,35.55932,71.91241
Goshai,35.31518,72.58676
Goshai,35.72495,71.94512
Goshai Sar Banda,35.19711,72.48791
Goshaidanti,35.30047,71.56394
Goshali,35.22598,73.20431
Goshin,36.31277,72.29112
Goshot Banal,35.64866,72.68009
Goshra,34.78985,72.98805
Got,35.32868,72.09017
Gotal Baihk,35.08385,73.7561
Gote Baihk,35.10629,73.71484
Goth Tota Khel,33.76413,71.61237
Gothsar,35.41423,72.59954
Gotin Bhek,35.43096,72.85694
Gotkai,31.82333,70.09616
Gowa,34.97243,71.74593
Gowal,33.79845,72.75036
Gowaldai,35.05738,71.96926
Gowui,35.37847,71.68809
Gozhe Kili,32.77619,69.8687
Grabando China,32.11594,69.3566
Gralai,33.00243,70.52979
Gram Joe,36.3334,72.27534
Gram Shal,36.58644,72.28827
Gramui,35.75252,71.78627
Gramuti,36.26918,72.51858
Gran,34.63396,73.52642
Grewan,33.18928,71.63914
Gri,35.64409,71.68428
Grih,36.07658,71.82156
Grim Lasht,36.13817,72.08011
Gronai,34.36409,72.67252
Grori Char Khel,33.16599,71.28599
Ground Kalle,34.23577,72.10432
Gru,36.45941,72.75273
Gru Ghari,36.44101,72.78458
Guchani Choi Baihk,35.12037,73.7141
Guchar Shal,35.74078,71.84549
Guchh,34.64717,73.34198
Guchhe,34.71513,73.30234
Gud,34.4504,72.84582
Gud,32.48468,69.95573
Gud Bala,34.43476,72.84309
Gud Gali,34.56283,72.86913
Gud Khel,34.6669,71.31358
Guda Khula,32.75987,69.52766
Guda Trap,33.20569,70.32848
Gudai Wala,32.90242,69.50952
Gudaiwala,32.44544,69.77601
Gudar,34.89898,71.73941
Gudar,34.02462,71.35598
Gudar,34.75944,71.2673
Gudi,34.62544,73.41122
Gudi Banda,33.52369,71.49895
Gudi Tangai,34.66372,71.1188
Gudinkhwar,34.78467,71.97699
Gudu Banda,33.04073,70.98791
Gudwai,34.42905,73.31978
Gufti,35.99353,71.47626
Gugaisi Ghari,36.11345,71.4036
Gugunwala,32.38627,71.22998
Guhetan Colony,34.119,72.09836
Guides Hill,34.55793,71.91467
Guigai,35.44149,73.45118
Guin,33.75964,70.91747
Gujar,34.59049,72.60025
Gujar,34.30116,72.82077
Gujar Baihk,35.10534,73.78791
Gujar Baihk,35.0346,73.75574
Gujar Baihk,35.1548,73.63555
Gujar Baihk,35.10585,73.57264
Gujar Banda,34.79952,72.00333
Gujar Banda,35.18792,72.2149
Gujar Banda,35.29802,71.92263
Gujar Banda,35.1774,72.97008
Gujar Bandi,35.22142,73.30609
Gujar Bandi,34.50014,72.98499
Gujar Banr,35.24231,72.60158
Gujar Gali,34.30968,73.00569
Gujar Garhi,34.22876,72.01587
Gujar Garhi,34.05146,71.62016
Gujar Ghah,34.37516,72.37369
Gujar Kalle,34.93143,71.73721
Gujar Kalle,35.1719,71.7125
Gujar Kot,35.00252,71.78602
Gujar Mela,33.21763,71.69213
Gujar Pattai,34.55978,71.63578
Gujarabad,34.28852,72.48898
Gujarabad,33.99495,71.59552
Gujarabad,34.33764,72.31976
Gujaran,35.27738,71.62311
Gujarbanr,34.98859,72.40067
Gujarbanr,35.11051,72.58049
Gujarghuna,33.98738,69.92652
Gujaro Banda,35.29539,71.68915
Gujaro Kalle,34.82697,72.60213
Gujer Kalle,34.27566,71.72204
Gujjar Bando,34.3515,71.82881
Gujjar Kalle,34.28929,71.71968
Gujor Khel,33.73978,70.87718
Gujran,34.35505,73.09637
Gujran,34.28346,73.14126
Gujrano Kalle,34.1928,71.86449
Gujrano Kalle,34.14586,72.33738
Gujrat,34.04787,73.16907
Gujrat,34.28695,72.16178
Gujri Bekar Phuto,35.38625,72.90232
Gujri Bhek,35.37372,72.91481
Gujro Banda,34.66652,72.73342
Gujronwali Basti,35.17145,73.97609
Gul,35.03213,72.43664
Gul Ahmad Kalle,33.28739,70.79744
Gul Ahmad Khan,33.00234,70.53921
Gul Almar Kili,33.90675,71.07504
Gul Badan,32.93066,70.5836
Gul Badin Punga,33.04761,69.59366
Gul Bagh,34.36356,72.27112
Gul Bagh,34.33022,72.1357
Gul Bagh,35.06989,73.0206
Gul Bagh,34.33413,71.72187
Gul Bahar,34.33462,72.29246
Gul Bahar,34.31945,72.05194
Gul Bahar,34.1317,72.59722
Gul Banda,35.11332,72.6323
Gul Banda,34.97346,72.31331
Gul Bandai,34.62111,72.6512
Gul Bandi,34.131,73.04543
Gul Bandi,34.202,73.16196
Gul Bandi Balolia,34.21166,73.30139
Gul Bando,34.68695,72.34922
Gul Bate Lita,32.7032,69.70441
Gul Baz Khan,32.74863,70.49764
Gul Bazar,35.02407,71.77706
Gul Beli,35.98363,71.73683
Gul Bila,34.11773,71.65177
Gul Darra,33.76126,71.08252
Gul Derai,34.99833,72.47329
Gul Dherai,34.97522,72.11002
Gul Dherai,34.71067,71.37519
Gul Dherai,34.7736,71.55964
Gul Dheri,34.44056,71.93846
Gul Dheri,33.93522,72.08348
Gul Dheri,34.54407,72.97751
Gul Dheri,34.41415,73.36337
Gul Dheri,34.2794,72.12367
Gul Dheri,34.73683,73.57557
Gul Din Abad,32.13456,70.48234
Gul Din Khan,32.83014,70.70705
Gul Doga,34.26985,72.78868
Gul Haidar Khan,32.94092,70.52012
Gul Hari,34.83341,71.9459
Gul Hasan Kalle,33.00763,70.98285
Gul Hassan Banda,33.53416,71.82155
Gul Imam,32.25941,70.5318
Gul Jano Shah,34.69011,71.42717
Gul Kach,31.94373,69.51248
Gul Khamir Kalle,34.1006,71.83082
Gul Khan,32.88548,70.56606
Gul Khan Kalai,32.41667,71.00833
Gul Khan Kalle,34.3061,71.67833
Gul Khatori,35.98162,71.96107
Gul Kili,33.56762,70.8812
Gul Madi,32.96163,70.49271
Gul Maira,34.39009,71.96502
Gul Maira,34.42407,73.39829
Gul Maqam,34.48544,71.91667
Gul Mir Attar,32.48158,70.06637
Gul Mir Kalle,34.28674,71.76858
Gul Mir Khan,32.96187,70.6393
Gul Moin Koruna,33.32805,70.62331
Gul Muhammad Shah,34.29752,71.83448
Gul Paiza,34.83584,72.57388
Gul Rang Kalle,32.40915,70.4463
Gul Rehan Kalle,33.88315,71.8106
Gul Rehman Kalle,32.41771,70.45338
Gul Said Karim,34.8697,73.00716
Gul Said di Mahli,35.09699,73.87535
Gul Salam Kot,32.78015,69.43625
Gul Shah,35.02269,72.44485
Gul Shah,34.33198,71.77193
Gul Shah Kili,33.70713,70.54532
Gul Tabar,34.19422,71.40119
Gul Wali Khan Kalle,33.25448,70.4251
Gul Zaib Kalle,34.29972,71.71765
Gul Zaman Khan,34.34952,71.94895
Gula Din Kot,32.56012,69.43819
Gula Kalle,34.24701,71.81091
Gula Khan,32.86472,70.62889
Gula Khan,32.93894,70.93132
Gula Khan,32.98854,70.54573
Gula Khan Kalle,32.19178,69.30458
Gula Nur,34.31517,71.97511
Gula Nur Kor,34.41041,71.45023
Gula Seri,32.93673,70.53499
Gulab Din,32.93588,70.47931
Gulab Din Banda,32.94116,71.01631
Gulab Din Kili,33.90161,71.10072
Gulab Jan Koruna,34.32264,71.80255
Gulab Khan Kot,32.09838,70.21847
Gulab Khel,33.23074,70.25564
Gulab Khel,32.98956,70.90348
Gulab Kili,34.10324,71.15681
Gulab Mela,33.97116,70.0088
Gulab ke Jhugge,31.7829,70.91134
Gulababad,33.96943,72.25533
Gulabad,34.14602,71.68081
Gulabad,34.69856,72.03054
Gulabad,34.68345,72.23177
Gulabad,34.2992,71.66687
Gulabad,33.58005,71.91129
Gulabad,34.19685,71.87112
Gulabad,34.10488,71.54427
Gulabad,34.00153,71.46434
Gulabad,34.31711,71.90756
Gulabad,34.02673,71.60315
Gulabad,33.9524,71.55831
Gulabad,35.61136,72.40798
Gulabad,34.36815,71.94515
Gulabad Kotey,34.16187,72.22736
Gulabad Number One,33.98996,71.54284
Gulabad Number Two,33.98611,71.54179
Gulaban,34.41695,73.23174
Gulabi Koruna,34.15437,71.92742
Gulagah,34.13033,73.34716
Gulai,34.62055,71.18192
Gulai Chinai,34.70321,71.59799
Gulan Kalla,32.96899,70.92903
Gulan Mazdak,32.54577,70.21946
Gulandara,33.82448,70.55803
Gulandi Kili,34.3964,71.78332
Gular,34.95299,71.62092
Gulba Kalle,33.28513,70.52364
Gulbadin,32.86076,70.57195
Gulbahar,34.72521,71.48404
Gulbahar Colony,34.01005,71.59841
Gulbahar Colony Number Four,34.00896,71.60514
Gulbahar Colony Number One,34.01284,71.59618
Gulbahar Colony Number Three,34.01178,71.60427
Gulbahar Colony Number Two,34.01497,71.60985
Gulbahār,34.01023,71.60235
Gulbar Shah Koruna,34.19575,71.49624
Gulbarg Number One,33.99134,71.53825
Gulbarg Number Three,33.98556,71.53421
Gulbarg Number Two,33.98834,71.53603
Gulbaz Dahqan,32.59762,70.7724
Guldad,32.93721,70.59528
Guldaniah,34.25784,73.31543
Guldar,34.49004,72.92939
Guldat Kot,31.83972,70.17639
Guldhar Tarla,34.64079,73.40109
Guldhar Utla,34.64436,73.39297
Guldheri,34.7153,71.40098
Gulet Kalle,32.40611,69.68
Gulfam Banda,34.48527,71.92449
Gulfaraz,32.87767,70.6013
Gulfishan,33.99382,71.54659
Gulgai,33.22073,70.84552
Gulgardi,35.91388,71.5181
Guli Bagh,34.44994,73.18039
Guli Bagh,34.11588,71.43018
Guli Kalle,32.95061,70.59995
Guli Khang,33.65933,70.66824
Guli Khel,32.68854,70.82619
Gulian,34.21327,73.48777
Gulibagh,34.87519,72.43608
Gulibagh,34.1884,72.05361
Gulibagh,35.05806,71.795
Gulibagh,34.18506,72.00275
Gulidog,35.46531,72.0422
Guligram,34.73019,72.32711
Gulingusgarai,34.62068,72.03107
Gulir Banda,33.06277,70.98337
Gulir Koruna,33.06464,70.99269
Gulishah Kach,32.67087,70.33917
Gulistan Qila,33.5613,70.85692
Guljani,32.16444,70.27389
Guljubba,34.79686,72.2944
Gulkada,34.76213,72.363
Gulkada Number One,34.7641,72.3643
Gulkar Kalle,34.22035,71.58556
Gulkha,34.61818,71.15669
Gullaroz Kili,33.06016,70.77593
Gulma,34.5748,71.12761
Gulma Kot,32.96667,70.06667
Gulmaira,34.38961,71.97311
Gulmar Jan,33.31871,70.61147
Gulmarjan Kala,32.72725,69.6485
Gulmir,34.31916,71.95658
Gulngas,34.60059,71.93667
Gulo Banda,35.45008,72.89354
Gulo China,33.87434,70.77997
Gulo Kas,34.72104,71.37841
Gulo Tange,34.85765,71.71585
Gulol Shal Kot,32.93985,70.3123
Gulongg,34.59534,71.93662
Gulosha,34.43819,71.89668
Gulozai,34.05826,71.66111
Gulpir,33.26258,70.51925
Gulpur Kalle,34.34833,71.92358
Gulsai Banda,33.06781,70.96998
Gulseri,34.46548,73.35379
Gulshan Colony,33.46167,70.97961
Gulshan Colony,34.01448,71.61375
Gulshan Hamid Colony,31.81246,70.89587
Gulshan Rehman Colony,33.9758,71.56352
Gulshan-e-Iqbal,34.17811,73.19833
Gulshanabad,33.60174,71.45247
Gulshanabad,34.4982,72.43006
Gulsheik Banda,33.4984,70.56329
Gulsher Kut,32.24484,69.53435
Gulshin Jabal Colony,34.02817,71.56122
Gulshino Ghari,35.95417,71.59361
Guluno,34.69287,71.13986
Guluno,34.69246,71.17794
Guluno Kats,34.92897,72.0142
Gulunoborai,34.53464,72.64019
Gulwal,32.05098,69.37797
Gulwali Koruna,34.23406,71.9312
Gulzaman Banda,34.57563,71.6018
Gulzaman Banda,34.55223,72.86928
Gulzaman Kalle,34.33561,71.93623
Gulzar Kalle,31.84321,70.83283
Gulzar Kalle,32.99401,70.69699
Gulzar Kalle,34.21814,72.11503
Gulzari Banda,32.80455,71.00402
Gulzari Khel,32.61312,70.52878
Gumadand,35.26566,71.96076
Gumal Kalan,31.90952,70.82033
Gumal Khurd,31.90619,70.8361
Guman Dalola Number One,34.37116,73.30792
Guman Shat,35.63289,72.17383
Gumbad,34.70402,72.59316
Gumbad,34.84006,72.4631
Gumbad,34.75935,72.63514
Gumbad,34.75511,72.62409
Gumbad Maria,34.7743,72.3718
Gumbad Mian Sahib,34.30722,71.65778
Gumbaig,35.74286,71.70788
Gumbak,35.68908,71.6724
Gumbat,35.27105,73.34559
Gumbat,34.72555,72.68923
Gumbat,34.62545,72.63176
Gumbat,34.1482,72.19124
Gumbat,34.60426,72.78842
Gumbat,35.01307,71.86781
Gumbat,34.73114,71.86525
Gumbat,35.73974,71.78243
Gumbat,34.58633,71.71748
Gumbat Banda,34.60036,71.96332
Gumbat Dheri,34.25939,72.41202
Gumbat Kalle,34.26389,71.66748
Gumbatai,34.53023,71.42175
Gumbatai,34.95532,71.82626
Gumbatai,33.09994,70.64043
Gumbatar,34.4351,71.37889
Gumbatkai,34.76788,71.93683
Gumbos,35.73795,71.78453
Gumbot,34.65024,72.3011
Gumbti Banda,32.84045,71.04582
Gumman,34.75144,73.49724
Gumrash,34.74395,72.78116
Gumti,34.35009,72.83956
Gun Lasht,36.30732,72.27674
Gunbatuna,34.69071,72.18687
Gund Seri,33.63249,70.77225
Gundai,34.59885,71.5206
Gundal,33.79521,70.42953
Gundale,35.14419,72.95857
Gunderay Kili,34.01235,71.03536
Gunghat Jur,34.65041,71.22199
Guniar,34.60496,72.06414
Gunjiano Kalle,34.08768,72.13804
Guntar,35.55588,73.2833
Gunu,34.51201,71.12959
Gup,34.15387,73.10951
Gupher,35.79196,73.16724
Gur Bānda,34.91389,72.74444
Gur Dame,34.66998,71.21216
Gur Khwar Bando,35.36424,71.9458
Gura,35.64608,71.70652
Gura Kaka,34.10644,72.99038
Gurab Talao,33.76964,71.51472
Gurada,34.41698,72.66191
Gurakar,34.52552,72.89498
Gurangal Pain,35.42988,71.68293
Gurbaz,32.72224,69.57612
Gurchai,31.8537,69.97651
Gurdi Banda,33.0066,70.97648
Gurezi,33.81984,71.07997
Gurgari Idal Khel,33.23035,71.41186
Gurgora,34.7213,71.66081
Gurgura,34.0595,71.23545
Gurgura,32.50872,69.90611
Gurgura,32.38424,69.5385
Gurgura Dhani Khel,32.35972,69.8275
Gurgura Punga,32.6027,70.17264
Gurgurai,34.23522,71.33179
Gurgurai,34.46581,71.58507
Gurgurai,34.63267,71.60241
Gurgurai Jai,32.81908,70.11587
Gurgurai Khullah,32.37806,69.79972
Gurgurai Zafar,32.42944,69.78778
Gurgure,33.20651,71.64127
Gurgure,33.00089,69.73545
Gurguri,33.29803,70.78731
Gurguri Aimal Khel Kili,33.64212,71.48519
Gurgushtai,32.848,69.6252
Gurh Mandi,34.01746,71.57925
Gurha Khar,34.42222,72.68053
Guri Khel,32.43009,69.94534
Gurial,35.272,71.97542
Gurin,35.62371,71.88137
Gurini,33.90951,73.32664
Gurjan,33.2279,73.65421
Gurkhezai,31.54576,70.10794
Gurmani,31.62495,70.80554
Gurmani Baloch,31.45826,70.82127
Guro,34.74778,71.825
Guroh,34.75043,71.8256
Gurrai,35.0061,72.10141
Gurtai Abadan,34.77934,72.45614
Gurtai Kandar,34.78292,72.46144
Guru Chink,36.14283,71.42387
Guru Mail,35.56448,71.80763
Gurumail,35.55807,71.80205
Gurungal,35.42041,71.69487
Gurwali,31.35876,70.48798
Gurzai,33.50892,71.72794
Gustnai,32.60671,70.0341
Gut,35.114,72.90786
Gut Bhek,35.47466,72.8011
Gut Kote,34.66137,72.12096
Guta Khel,33.66282,70.68219
Gutian,34.89831,73.89542
Gutlo,35.37858,72.92046
Gutlo,35.35881,72.90063
Gutlo,35.21974,73.28609
Gutlo Bhek,35.53421,72.99819
Gutsinai,34.5098,73.20788
Gutsurai,32.52236,69.80529
Guzhgal,36.1351,72.46499
Guzogh Goshti,36.11578,71.34328
Gwada,33.73056,70.77361
Gwagai,34.97001,71.89859
Gwaidan,35.43626,72.04063
Gwakai Kalle,33.65476,70.40343
Gwalerai Chauk,35.05638,72.3217
Gwandla,34.37036,72.77548
Gwardesh,35.00224,71.6031
Gwari,33.95507,72.65754
Gwatai,34.78798,71.34359
Gwaza,33.8376,70.36731
Gwazai,33.6983,70.56038
Gārai,35.28194,72.60139
Habib Banda,34.71305,73.06601
Habib Gul Kili,34.3104,71.91089
Habib Kalle,34.68394,72.08593
Habib Kas,34.82634,73.2853
Habib Khan Banda,34.31225,72.03521
Habib Zai,34.21884,71.8385
Habibabad,35.56065,72.41624
Habibabad,34.37947,71.73954
Habibullah,32.93551,70.5779
Habibullah Colony,34.18697,73.24567
Habibzai,34.51191,71.2852
Hachi da Dera,33.96038,72.77671
Had,34.57294,71.44502
Had Mela,33.47751,70.56048
Hadao,35.55037,72.88977
Hadda Mullah,34.56304,71.08477
Hadi Banda,34.6468,71.57412
Hadi Khan,32.80922,70.75518
Hado Bandi,34.33165,73.22397
Hadomela,33.47222,70.47778
Hafiz Bandi,34.39518,73.18282
Hafiz Kili,34.24576,71.48969
Hafiz Ramzan,32.12359,70.16934
Hafizabad,34.28268,73.24563
Hafizabad,31.67059,70.73389
Hafizabad,32.07895,71.03574
Hafizabad,31.74179,70.28981
Hagosha,34.84835,71.95073
Haibak,33.02361,70.64527
Haibat,32.30808,70.71829
Haibat Khan Banda,32.95592,71.05519
Haibat Khan Kalle,35.05067,72.14677
Haibat Khan Zangi,32.64944,70.54712
Haibat Sra,34.22556,71.52134
Haibatgram,34.6514,72.0968
Haibati Wanda,32.20341,70.79592
Haibato,33.84315,70.32457
Haidar,32.92576,70.63975
Haidar,32.77355,70.80743
Haidar Ali Kalle,33.81142,70.18594
Haidar Banda,34.85473,72.88555
Haidar Banda,34.80704,72.0223
Haidar Colony,34.00259,71.58736
Haidar Khan Kalle,34.22402,71.96097
Haidar Khan Kalle,34.22753,71.90507
Haidar Khan Kili,34.20159,71.33452
Haidar Khan Kili,34.46831,71.31206
Haidar Khel,33.77441,70.97245
Haidar Kirri,32.29719,70.38445
Haidarai,34.89147,72.05857
Haidarioba,34.1327,71.21771
Haider Abad,36.51569,72.77042
Haider Algadai,33.82714,70.59059
Haider Khel,32.94486,70.296
Haider Shah da Dera,31.44649,70.76231
Haigar,35.05487,73.03323
Haiki Gada,33.77969,70.61191
Haizer,36.42471,72.47308
Haj Dir,35.20044,72.9908
Hajaba Kalle,34.47326,71.8624
Hajam Garhi,33.75901,71.59884
Haji Abdul Karim Kalle,34.26997,71.71955
Haji Abdul Manan Garhi,34.06624,71.49122
Haji Abdur Rehman,33.98262,72.69919
Haji Adam Khan Kalle,33.28688,70.33186
Haji Ali Jan Kalle,34.28026,71.74516
Haji Baihk,35.09519,73.77356
Haji Banda,32.97313,70.93244
Haji Banda,33.96349,71.4721
Haji Bela,34.46831,73.28371
Haji Bhek,35.50736,72.81215
Haji Bint Khan Kalle,33.96166,71.63683
Haji Camp,34.01965,71.60998
Haji Chanar Kalle,34.24018,71.94399
Haji Ghani Ale Kothe,31.51885,70.70406
Haji Gui Kale,33.16381,71.63135
Haji Gul,34.1328,72.89305
Haji Gul,32.87191,70.6994
Haji Gul Banda,32.69738,70.86486
Haji Gul Khan,33.32412,70.57283
Haji Gul Ziarat,34.1283,71.17111
Haji Hakam Khan,32.84928,70.61408
Haji Jamal Din,34.27985,71.70897
Haji Jan Muhammad Dheri,34.38881,71.85844
Haji Jumma Khan Adda,32.69526,70.48065
Haji Kalle,34.23427,71.73917
Haji Kamar,34.09852,72.86356
Haji Karin,34.623,72.5791
Haji Khan Gul Colony,33.38438,71.3482
Haji Khawajo,34.38251,71.86907
Haji Khazar Khan Banda,32.88084,71.02686
Haji Khel,33.52768,71.07889
Haji Khel,32.97526,70.61034
Haji Khel,32.31332,71.22386
Haji Khel,32.97457,70.75392
Haji Khel,34.10697,72.61198
Haji Korana,34.23959,71.796
Haji Koruna,34.34682,71.77078
Haji Lawang,34.76077,71.55915
Haji Maqamabad,31.74396,70.26505
Haji Mardar Basti,35.15137,73.99004
Haji Mazeed Khan Kili,34.47746,71.9198
Haji Mir Kili,34.11283,71.08918
Haji Mithu Tahir Khel,31.51465,70.68717
Haji Mora,31.77239,70.84056
Haji Muhammad Kalle,34.24573,72.06616
Haji Muno Banda,32.68619,70.88173
Haji Muzafar Kile,34.33376,71.40265
Haji Nahmat Khan Kalle,34.25076,71.75358
Haji Naurang,32.97931,70.7582
Haji Nawaz Zargar Mama Khel,32.9076,70.61322
Haji Niaz Gul Kalle,33.25797,70.32683
Haji Qadar Kalle,34.40235,71.84456
Haji Qamar Kalan,34.48754,73.03651
Haji Qamar Khurd,34.48665,73.01741
Haji Rabnawaz Kourana,32.5003,70.42197
Haji Said-ud-din Baudu,33.006,70.99706
Haji Samoullah Koruna,34.32687,71.64481
Haji Saurat Khan Kalle,32.48854,70.4244
Haji Shad Khan Kalle,34.0507,71.54536
Haji Shahi,35.46753,72.23427
Haji Sher Khan Koruna,34.52044,71.33113
Haji Syed Rasul Kalle,34.42033,71.81838
Haji Tangai,34.74372,71.73691
Haji Umar Khan Kalle,33.32598,70.40155
Haji Umar Tahir Khel,31.51847,70.6817
Haji Zai,34.1138,71.47637
Haji Zarif Kalle,33.30497,70.35703
Hajia,34.01135,73.21417
Hajiabad,33.99172,71.56185
Hajiabad,34.19168,71.69117
Hajiabad,34.347,73.23457
Hajiabad,34.33797,72.28413
Hajiabad,34.43556,72.48604
Hajiabad,34.73912,71.47296
Hajiabad,34.02221,71.56942
Hajiabad,34.28168,72.4152
Hajigulan,33.00213,70.5575
Hajizai,34.16839,71.59927
Hajizai,34.09563,71.49506
Hakami Banda,32.8456,71.05507
Hakem Barikot,34.68139,72.22667
Hakim,32.94352,70.60615
Hakim Banda,35.55348,71.9556
Hakim Bharat,32.88262,70.63785
Hakim Kalle,33.82066,70.02431
Hakim Khan,32.78979,70.74715
Hakim Khan,34.17227,71.50836
Hakim Khan Garhi,33.97899,71.75194
Hakim Khan Kalla,32.94141,70.90885
Hakim Khan Kili,34.13061,71.4374
Hakim Khan Kor,32.91667,71.01667
Hakim Khel,32.96551,70.1824
Hakim Khojari,32.8932,70.65318
Hakim Kot,32.14084,70.17885
Hakim Malik Shahi,32.82568,70.48045
Hakim Pehlwan,34.21279,71.56851
Hakim Raghu,32.34844,71.21609
Hakim Ullah Khan Kalle,33.27375,70.30872
Hakimabad,34.01178,72.03334
Hakimabad,33.176,70.98617
Hakimabad,34.9049,71.65339
Hakimabad,34.28045,71.81471
Haklian,34.0683,72.81191
Hakumat Khan Banda,34.63287,72.99922
Hal,34.30341,72.98034
Hal,34.24013,72.54897
Hal,34.17699,73.00321
Hal,34.28627,72.94576
Hal Baluch,34.17988,73.06161
Hal Jadal,34.21123,72.96473
Hal Saividan,34.18236,73.124
Halala,33.29092,71.01972
Halalai,34.39038,71.46616
Hali,33.85885,73.12383
Halifabad,33.5175,71.5781
Halil,35.47113,73.20416
Halim Akhun,34.06608,72.08843
Halim Banda,33.37846,70.59316
Halim Koruna,34.19374,71.95068
Halim Shah Kalle,33.90308,70.0091
Halimzai,34.40044,71.30998
Halkah Banda,33.20258,71.34625
Halkai Banda,33.90336,71.80166
Halkalu,34.25077,72.93392
Halkan Talao,33.95959,71.83901
Halki Banda,34.26504,72.01977
Halki Chaharmung,34.76386,71.32724
Halki Gandao,34.28816,71.36539
Halki Kalle,34.27631,72.02183
Halki Pindiali,34.35206,71.43921
Halla,34.69393,73.27337
Halli,35.4624,73.12576
Halmaira,34.22822,73.05454
Halmaira Bala,34.24836,73.22315
Halmaira Utla,34.24885,73.20291
Halmaira Zarin,34.24364,73.19919
Halnut,34.10508,73.44906
Halwai,33.98253,71.01164
Halyat Bailik,35.12584,74.0839
Hama Gul Kalle,34.167,71.82948
Hamaish Gul Koruna,34.27516,71.725
Hambal Koda Khel,33.0132,70.53135
Hamdi,35.29289,73.39578
Hamesh,33.61667,71.85
Hamid Kili,34.1532,71.43843
Hamid Mian Dheri,34.2168,71.71473
Hamid Mughal,32.86691,70.76733
Hamid Talao,33.79911,71.52311
Hamidabad,34.70262,72.21741
Hamidabad,34.18573,71.5901
Hamidabad,32.81367,70.762
Hamidabad,34.18277,72.52343
Hamidullah Banda,33.55913,71.10061
Hamlet,34.00499,72.66236
Hamma Shal Ghari,35.91829,71.41584
Hamshirian,34.38748,73.1696
Hamwar Pati,34.68498,72.64031
Hamwarai,34.91365,72.49392
Hamza Banda,34.81049,72.12839
Hamza Bandi,34.31112,73.3678
Hamza Dheri,34.20895,72.37252
Hamza Garhi,34.10844,71.60504
Hamza Khan Kalle,34.27955,72.08974
Hamza Khel,34.42695,71.36813
Hamza Kot,34.34656,72.25351
Hamza Rashakai,34.10785,71.92876
Hamzullah Kote,34.22922,72.26538
Handi Karak,33.13476,71.09191
Handi Karak Sharqi,33.13207,71.08021
Hando,33.17614,71.02975
Hangrai,34.63814,73.36918
Hangu,33.53198,71.0595
Hanju,34.68535,72.96664
Hanlat Colony,33.1022,73.64842
Hanna,34.92493,73.30803
Haq Tandui,33.75683,71.31526
Haqdadabad,32.61031,71.0298
Haqdarra Kili,33.92892,69.8922
Hara,33.85837,73.28911
Haraini,36.04309,71.71384
Haram,35.69891,72.04224
Haram Lasht,35.68848,72.04434
Harama Talla,32.70529,70.79229
Haramian,35.17868,71.79613
Haran,35.18431,73.06506
Haran,35.0663,73.02044
Harao,35.36176,72.93679
Harban,34.56258,73.36532
Harban,35.54086,73.62681
Harbankot,35.50047,73.60647
Harbano,35.30653,73.63985
Harcha,32.95472,70.55522
Harchin,36.11369,72.47848
Hare Baihk,35.04681,73.79914
Hari,34.57929,73.4149
Hari Baihk,34.5351,73.09703
Hari Chand,34.38487,71.80567
Hari Khetar,34.02855,73.29242
Hari Maira,34.47205,72.97943
Hari Maira,34.33276,73.07008
Hari Maira,34.4475,72.98931
Hari Maira,34.39475,73.11632
Hari Nakka,34.62758,73.22422
Hari Nakka,34.60767,73.10685
Hari Nakka,34.61958,73.18417
Hari Singh Burj,33.99641,71.46722
Hari Wala Nakka,34.59963,73.28355
Hariala,34.30488,73.23049
Hariala,34.1696,73.11228
Hariala,34.32721,73.00601
Hariala,33.82709,73.16745
Hariala,34.40255,72.93401
Hariala Khole,34.30605,73.22609
Hariala Nakka,34.30305,73.22546
Hariala Pain,34.38639,72.96336
Hariam,34.49724,72.91754
Harian,34.13874,73.05182
Harian,35.17943,73.02396
Harian,34.49312,72.92452
Harian,34.41637,72.99411
Harian,34.006,72.38555
Hariana,34.48376,72.81611
Hariana Bala,34.08676,71.56502
Hariana Kalle,34.13691,71.92421
Hariana Payan,34.0846,71.57048
Hariani,35.4414,72.60991
Harif Khan Kalle,34.11818,72.28816
Haril,35.44246,73.62383
Haripal,31.94112,69.80625
Haripur,33.99783,72.93493
Hariwala,34.56018,73.38216
Hariwala Nakka,34.65675,73.44138
Harna Shal,35.92553,71.41779
Harnai Banda,35.21241,72.921
Harnail,34.62512,72.79943
Harnatu,33.41065,71.19355
Harni Banda,35.20487,72.83349
Harno Bazar,34.15351,73.30274
Haror,35.21056,73.01125
Harori Tarli,34.58034,73.13172
Harori Utli,34.58248,73.12956
Harpal,34.74714,73.04268
Harran Kot,35.85675,71.78606
Harri Banda,35.58256,72.40181
Harronai,34.45947,72.67533
Haru Tarla,34.4267,72.84655
Harun,34.17293,73.38213
Harun Mahli,34.90372,73.53889
Harura,33.85271,73.2711
Haryan Kot,34.49291,71.8216
Hasai Ghundai,34.32274,71.96301
Hasan,32.57207,69.77543
Hasan Ali Kalle,33.75877,70.25573
Hasan Bai Bala,34.23948,72.87793
Hasan Bai Payan,34.24102,72.87241
Hasan Baig Khel,32.86186,70.48694
Hasan Dheri,34.28356,72.30379
Hasan Garhi,34.0256,71.55067
Hasan Garhi Colony,34.0231,71.5492
Hasan Khan,32.83606,70.64881
Hasan Khan Colony,33.29386,70.79669
Hasan Khel,33.90351,70.63377
Hasan Khel,32.89926,70.62156
Hasan Khel,32.93336,70.35103
Hasan Khel,34.51695,72.85686
Hasan Khel,32.90134,70.66309
Hasan Khel,32.90521,70.67897
Hasan Khel,33.61902,71.16365
Hasan Khel,32.92121,70.70443
Hasan Khel Shahdev,32.89611,70.61667
Hasanabad,34.53372,71.89835
Hasanabad,34.17586,72.42848
Hasanabad,36.04042,71.77936
Hasanabad,32.58846,70.75896
Hasanabad Colony,33.10014,70.87314
Hasanbil Banda,35.23123,72.84209
Hasangat,35.10396,72.51492
Hasanpur,33.98411,72.58958
Hasanzai,34.27289,71.60634
Hasar,34.62625,71.81313
Hasar Baba,34.26329,72.55252
Hasham Kor,34.47603,71.33433
Hashami,34.3948,72.40586
Hashim,34.83807,71.71829
Hashim,34.77358,71.26439
Hashim Garhi,34.01613,71.62963
Hashim Khan Kot,32.1155,70.16818
Hashmi Banda,34.6092,72.65319
Hasni Kor,34.39561,71.44254
Hassa,31.85,70.93333
Hassa,34.50891,73.35553
Hassamabad,34.57162,73.35909
Hassan Banda,32.9612,71.01797
Hassan Khel,33.20111,70.35284
Hassan Khel,33.20526,70.30841
Hassan Khel,33.79012,70.72517
Hassan Khel Dagar Kalle,32.60348,70.46685
Hassan Khel Ghundai Kalle,32.48261,70.38933
Hassan Zai,34.0153,71.50217
Hassanabad,34.06457,72.02254
Hassanabad,34.96262,72.12908
Hassanabad,34.11509,72.00744
Hassanabad,34.12051,71.53704
Hassni,31.86084,70.5987
Hassu,34.34966,73.02945
Hassu Khel,32.9538,70.26719
Hastam,34.35096,73.11706
Hatan,34.99719,71.64261
Hatan,35.16318,71.81568
Hatarey,33.9684,71.36958
Hathala,32.0491,70.57333
Hathi Khel,32.90908,70.6536
Hathi Khel,32.48024,69.63425
Hathi Maira,34.39275,73.23716
Hathian,34.39684,73.05305
Hathian,34.39341,71.91563
Hathnial,35.22031,73.10719
Hatrang,35.24289,72.44541
Hattar,33.85089,72.85043
Hatu,31.83717,70.5885
Haula,34.72296,73.31121
Hauz Rangila,33.99684,72.94677
Haveli Bagal,33.33506,73.66759
Havelian,34.05348,73.15993
Hawa Gali,34.48195,73.08271
Hawaid,32.83791,70.60661
Hawarai,34.75622,72.68569
Hawarai,34.97105,72.53901
Hawarban Banal,35.63594,72.68241
Hawaro,35.02306,71.93746
Hawassi Banda,33.30138,71.39278
Hayagai Gharbi,35.26709,71.94134
Hayagai Sharqi,35.27559,71.95478
Hayat Bhochra,31.67603,70.66814
Hayat Jar,31.71433,70.67039
Hayat Kalle,33.02819,70.92714
Hayat Khan,32.65847,70.56248
Hayat Khan,32.81182,70.69734
Hayat Khan,32.86699,70.65824
Hayat Khan Kalle,32.4608,70.35807
Hayat Khel,32.39825,70.77721
Hayat Nam Kili,33.77985,71.49181
Hayat Serai,34.92137,71.83031
Hayat Tsalal,34.5728,72.77017
Hayatabad,34.92866,72.63898
Hayatabad,34.79056,72.36315
Hayatabad,33.51733,71.05054
Hayatabad,33.29263,71.00839
Hayatabad,33.98881,71.44698
Hayatai,34.78506,71.72011
Hayatai,34.75825,71.6309
Hazar Khawani,33.98889,71.60186
Hazar Nao,34.79917,71.42228
Hazara,34.95363,72.13064
Hazara,31.6969,70.71656
Hazara,34.47812,71.36293
Hazara,34.79841,72.30556
Hazara Kacha,31.57312,70.79944
Hazara Kalle,33.82043,70.00333
Hazara Pakka,31.57969,70.76948
Hazbai Banda,35.40088,72.27179
Hazir Pir Camp,33.59784,70.29241
Hazirah,34.30519,73.31217
Hazrai Banda,35.03865,71.74018
Hazrat Khan Kili,33.80588,70.72905
Hazrat Koruna,34.3275,71.95194
Hazrat Manan,34.4267,71.7827
Hazrat Naji Qlandar,34.47252,73.141
Head Chashma,32.44867,71.32598
Head Kalle,34.37916,71.66218
Head Kalle,34.38222,71.65583
Her,34.53991,73.14554
Hera Banda,33.48094,71.03127
Heraj,34.3114,72.90364
Heran Bi Tirli,34.53673,73.13427
Heran Garh,34.1326,71.49337
Heren Kaly Sholgara,34.16096,71.69745
Heri Kiala,33.87993,73.27836
Herlan,33.97822,73.28901
Hero Shah,34.42957,71.8228
Hero Shah,34.46821,71.80929
Hesari,33.43879,70.84387
Hesari Banda,33.44494,70.85728
Hijiabad,34.16369,71.82997
Hikmat Khan Kalle,34.31357,71.72252
Hikmatabad,31.80379,70.84427
Hil,34.16927,72.96839
Hil Kot,34.61249,73.16741
Hilan,33.96046,73.32034
Hill,34.70887,73.14861
Himat,31.88133,70.92493
Hindara,33.80854,71.02367
Hindi Kas,32.29194,69.6225
Hindi Khel,32.79649,70.50834
Hindki,32.99133,70.57436
Hindki Banda,33.42577,71.3239
Hindko Kili,34.13817,71.45338
Hindku,34.06887,71.62907
Hindu Beg Banda,35.15728,72.32513
Hindu Kalle,34.16424,71.91157
Hindu Kalle,34.33276,71.73537
Hindu Kalle,33.90958,70.01288
Hindu Kalle,32.90658,70.70113
Hindu Kalle,34.23371,71.96986
Hindu Kasai,34.13589,71.43981
Hindu Khwar,34.90698,71.75758
Hindu Kili,34.27178,71.92419
Hindu Kili,34.11639,71.8775
Hindu Talao,33.95122,71.7348
Hindu Talao,33.88375,71.5493
Hindu Talao,33.82659,71.56236
Hindukas,34.44897,72.53704
Hindustan,35.74405,71.78345
Hinial Amir Khan,32.81111,70.59306
Hinja Nurbaz,32.9802,70.60312
Hinjal Amir Khan,32.97917,70.60194
Hinjek,36.57902,72.71299
Hiran,34.17308,73.37423
Hiran Khola,34.28274,73.02386
Hirawandi,34.34686,72.2858
Hirbi,35.51114,72.82814
Hirbi,35.53336,72.90005
Hiro Mela,33.78508,71.43807
Hiro Mela,33.95038,71.17606
Hisar,33.77319,70.45922
Hisar,33.783,71.03946
Hisar,31.97433,70.69436
Hisar Banda,33.14074,70.99428
Hisar Ragha,32.58423,70.01975
Hisar Ragha,33.1571,70.77325
Hisara Kalle,34.31797,71.76349
Hisara Kalle,34.32517,71.75754
Hisari,34.4175,73.36604
Hissam,31.94538,70.88516
Hissar,34.5471,72.51818
Hissar Katskai,32.46497,69.92944
Hissarak,33.69973,70.58051
Hissarak,33.73465,70.63503
Hissartang,33.84156,72.16892
Hodal,33.75287,70.61581
Hola,34.59759,73.43087
Homwarai,34.88542,72.47188
Hondur,36.32785,72.58475
Hoot Basti,32.06042,71.0709
Horiani Bagle,35.43191,72.59878
Horzogh Ghar Ghari,35.91282,71.41024
Hotai,33.18437,71.3276
Hotar,34.38119,72.85787
Hotar,34.34362,72.85267
Hotar,34.71714,73.14981
Hotar,33.95811,73.27691
Hotar Mandi,34.29783,72.97622
Hotar Utla,34.81885,73.20255
Hothla,33.97339,73.35874
Hothla,33.97107,73.33528
Hothreri Chauk,34.06728,73.48911
Hoti,33.40628,71.24581
Hoti,34.19223,72.06365
Hoti Banda,33.22046,71.05627
Hotol,34.28249,72.96326
Hoya Khan Banda,33.34802,71.71288
Hrayi,33.72307,70.64866
Hubbabel Baihk,35.19244,73.6805
Hukam Khan,32.92584,70.72115
Hukamzad Dare Dariz,32.8676,70.58926
Hulla,34.55089,73.08515
Hulla,34.24621,73.36981
Hulla Gali,34.54355,73.08852
Humal,35.49581,73.53892
Hun,35.6026,71.86147
Hun,35.93688,71.57091
Huna,34.78332,72.9434
Huna,34.55763,72.85923
Hunagai,34.79324,72.93671
Hund,34.01591,72.4322
Hungo,34.59682,71.52043
Hunkut,36.5512,72.46854
Hurmaz Kalle,32.96552,70.25374
Hurmez,31.81427,69.97363
Hurmul,34.5102,72.85644
Hurnara,34.05491,73.26584
Husain,33.31294,70.56221
Husainabad Colony,34.01121,71.58658
Husnal,33.95712,73.33368
Husni Kalan,33.00964,70.63713
Hussai,34.3058,72.01823
Hussai Kalle,34.26437,72.1967
Hussain Abad,32.95529,70.64149
Hussain Abad,34.4625,73.22958
Hussain Banda,34.49433,73.0272
Hussain Colony,34.03871,71.6127
Hussain Mela,33.98213,70.06961
Hussainabad,34.85887,72.80145
Hussainabad,35.081,72.45055
Hussainabad,34.15662,71.72641
Hussainabad,34.31234,73.44287
Hussaine,34.8625,71.67778
Hussainia Colony,33.89413,70.09201
Hussainian,34.24414,73.19438
Hussan Khel Kalle,32.77643,69.52824
Hussani Banda,33.42787,71.31504
Hutai,34.72137,72.95575
Hutal,34.80619,72.96653
Huzun,36.08168,72.44408
Iahra Shah Kalle,34.34722,71.64881
Iarigram,36.21161,72.06462
Ibrahim Banda,34.79245,72.74721
Ibrahim Kalle,34.70808,72.58435
Ibrahim Khan,34.00534,71.66754
Ibrahim Khan,32.84,70.73611
Ibrahim Khan Kalle,34.20025,71.96399
Ibrahim Khel,32.96283,71.00188
Ibrahim Khel,33.58286,71.6583
Ibrahim Zana,33.75859,70.85735
Ibrahimo,33.60408,71.00808
Ibrahimzai,33.74023,70.29811
Ibrahimzai,33.5533,71.14992
Ibrahimzai,34.14154,71.85556
Ibrāhīm Khān Bānda,34.025,72.27778
Ichharian,34.49549,73.25115
Ichharian,34.49475,73.2434
Ichharian,34.36168,73.06309
Idak,32.97406,70.19884
Idal Khel,32.9686,69.86588
Idar Khel,32.89728,69.6972
Iddat Khan Kor,34.47639,71.27271
Ider Shah,32.9743,69.70975
Ierai Banda,35.30642,71.83607
Igalbanr,34.85681,72.46313
Ihsan Colony,34.00059,71.56948
Ijara,35.01832,71.70124
Ikhtiar Khel,33.90574,71.07914
Ikhtiar Khel Kalle,33.0425,70.92143
Ilagat,34.90417,72.92478
Ilai,34.50837,72.43106
Ilam,34.61614,72.36768
Ilanai,34.80291,71.66354
Ilanai,34.8452,72.54073
Ilanai,35.27199,71.94993
Ilgal,35.1139,71.7012
Ilias,34.28167,71.84222
Illa,35.36111,72.68889
Ilman,34.96491,72.54557
Ilokas,35.06215,71.65047
Iltaf Abad,34.27419,72.15357
Ilucha,34.01386,71.20097
Ilyas Khazai,31.65798,70.04983
Imal Khel,32.85185,69.47642
Imam Din Kalla,32.77209,70.82932
Imam Sehri,34.63778,73.00579
Imam Shah,32.96988,70.55901
Imar Khan Khel Kalle,32.39528,69.6975
Imar Khel Zangai,32.62161,69.81336
Imerdin,36.03985,71.39939
Imran Khan Kalle,34.28508,71.9596
Imrit,36.54217,72.799
Inam,33.28221,70.53702
Inam Khan Kili,32.37968,69.81188
Inawar,34.68499,72.58336
Inayaitullah Dhand,33.90887,71.28629
Inayat Kalle,34.75409,71.457
Inayat Kalle Chauk,34.72898,71.47289
Inayat Khan Kalle,34.02152,71.62444
Inayatullah,34.28278,71.78222
Inchipan,36.81123,73.15155
Indar Seri,34.20853,73.36883
Indarai,34.57774,72.64294
Inder Kot,34.01842,73.4137
Indus Colony,31.86019,70.90742
Ingar,34.66975,72.45658
Injai Tappa,33.55207,70.93802
Injan Dheri,34.16667,72.38611
Injriwam Kili,31.59357,70.25452
Inkai,34.52319,71.28272
Inkib,36.79345,73.0148
Insanabad,34.09845,72.07878
Insar Kalle,34.38138,72.02478
Inus,32.25945,69.47661
Inzar,33.58946,70.92917
Inzar,34.6743,71.80454
Inzar,33.63183,70.78786
Inzar,32.96144,70.28207
Inzar,32.97,70.99639
Inzar,32.3233,69.56286
Inzar Ghwashkai,32.34056,69.40556
Inzar Kalle,32.43889,70.011
Inzar Kas Kalle,32.97704,69.62108
Inzar Maira,34.66058,72.66851
Inzar Shah,34.55521,71.32745
Inzar Wam,31.61653,70.24587
Inzarai,34.59036,71.55965
Inzarai,34.58712,71.20238
Inzargai,34.34444,72.0678
Inzargai,34.96607,71.79461
Inzargai,34.63991,72.64897
Inzargai,34.60431,71.73098
Inzarge,34.42856,72.39987
Inzargoi Banda,34.4126,72.11044
Inzari,34.589,71.34023
Inzari,33.85042,72.12912
Inzari,33.53602,70.329
Inzari,34.66879,71.3888
Inzarkai,33.61022,70.58198
Inzarkai,33.0755,69.66197
Inzarke,32.80916,69.73799
Inzaro Banda,34.85161,72.16103
Inzaro Banda,34.86333,71.62972
Inzaro Shah,34.90148,71.63488
Inzer Banda,33.3223,71.14674
Ipi,32.95433,70.29939
Iqbal Fort,31.84147,70.8868
Iqbal Town,31.82178,70.87863
Irab,34.81236,71.38524
Irfan Nagar,34.35151,72.29202
Iriik,36.03234,71.40391
Irrigation Colony,34.02548,71.53257
Irshad,36.85385,73.49733
Irshadabad,33.97339,71.98186
Irshadabad,33.86292,70.14263
Irzhogh,35.96932,71.54277
Isa,34.5389,73.10794
Isa,33.87907,73.09828
Isa,34.00601,72.6385
Isa Gul Kalle,33.06408,70.7769
Isa Khan Kalle,34.29701,72.09065
Isa Khan Koruna,34.21064,71.9501
Isa Khan Maurai Kalle,32.48062,70.39258
Isa Khel,33.53111,70.72818
Isa Khel,32.88224,70.91677
Isa Khel,33.80646,71.38636
Isa Khel Hamid,34.14097,71.59775
Isagai,34.22765,71.22248
Isagai,35.20387,72.61422
Isak Chuntra,33.13511,71.2325
Isak Khel,32.50436,70.96364
Isak Khumari,33.3323,71.03122
Isakhel Topchian,34.05683,71.57295
Isaki,33.83937,71.23608
Isappar,35.16423,72.29944
Isegai,32.5029,69.94225
Isha,32.9693,70.11365
Ishaq,33.05293,71.45116
Ishaq Banda,35.08135,73.03037
Ishaq Khel,34.11077,71.1446
Ishgah,35.1088,74.07567
Ishkarwarz,36.83435,73.34748
Ishperu Arkari,36.20441,71.67971
Ishtial,35.3134,73.1316
Ishtiwincho,35.80842,71.60001
Ishāq,33.33275,71.03012
Islam Darra,34.80159,71.78344
Islam Gul Koruna,34.29699,71.79153
Islam Pur,34.71999,72.36533
Islam Qalla,35.1416,72.56879
Islam Sawi,33.81316,70.32552
Islamabad,34.06956,71.66945
Islamabad,34.12424,72.09767
Islamabad,33.56325,71.41059
Islamabad,34.04293,72.105
Islamabad,34.93808,72.02596
Islamabad,34.33308,72.2857
Islamia Colony,34.0036,71.47044
Islampur,34.14636,72.56663
Islampura,32.09076,70.9997
Islamzokot,33.93151,70.1207
Islāmābād Colony,34.01146,71.58693
Ismail Bando,34.46802,72.97812
Ismail Kala,32.73657,69.59638
Ismail Katha,34.79334,73.52383
Ismail Khani,32.95542,70.64818
Ismail Khel,34.00392,72.05804
Ismail Khel,32.92714,70.65269
Ismail Khel,32.9677,69.69026
Ismail Khel,33.84771,70.35413
Ismail Khel,33.02564,70.65191
Ismail Kili,34.16616,71.39709
Ismail Mela,33.96292,70.01174
Ismail Sher Kile,34.36901,71.46013
Ismaila,34.22147,72.24224
Ismailabad,34.10184,72.4611
Ismaili,32.84583,70.61528
Ismaili Mama Khel,32.91273,70.61423
Isorai,32.54158,69.74769
Isorai Nala,32.43004,70.42684
Isori Kuz,33.99048,72.15048
Ispagh Lasht,35.69348,71.77053
Isphanabad,33.27153,71.1619
Isphukht,36.02789,71.41383
Ispsht,36.12779,71.54464
Issori,32.97081,70.25034
Istach,36.45135,72.66245
Istaghoram,36.21909,72.09686
Istan Lasht,35.96087,71.95839
Istara,36.30533,72.34331
Istarwan,36.31887,72.38164
Istikal Shal,35.66004,71.59886
Istinaik,36.01226,71.42973
Istinighaik Ghari,36.10021,71.39121
Istoro Sar,36.36342,72.34997
Istui Ghari,35.93681,71.57107
Itehadabad,34.47226,72.48693
Ittefaqabad,32.01446,70.81249
Itwara,34.45329,72.82979
Iyyal,35.47794,73.53886
Izrobah,35.46326,73.72623
Iīra,35.46111,72.59444
Ja Banda,35.26481,72.39425
Jab,35.59978,73.14592
Jab,33.87865,72.99482
Jab Banal,35.79307,72.65572
Jab Pattan,34.2466,73.43906
Jaba,34.42791,73.3126
Jaba,34.93382,72.65658
Jaba,34.79331,72.67351
Jaba,34.93118,72.99584
Jaba,34.91544,71.69688
Jaba,35.20301,72.48319
Jaba,34.64082,72.54518
Jaba,35.25832,71.92378
Jaba,34.35,72.6
Jaba,34.67217,73.22644
Jaba,34.04586,71.55854
Jaba Banda,34.65311,72.01131
Jaba Banda,34.68252,72.733
Jaba Gidarpur,34.45828,73.1424
Jaba Kalle,33.98584,71.59495
Jaba Sar,34.94607,72.67629
Jaba Tangri,34.45249,73.1663
Jabagai,34.81697,71.81174
Jabagai,34.74558,72.04113
Jabagai,34.89692,71.71966
Jabagai,34.63642,72.63346
Jabagai,35.00163,71.66957
Jabagai,34.86626,72.8718
Jabagai,34.00739,71.01909
Jabagai,34.90196,71.57409
Jabagai,34.96273,71.82032
Jabagai,34.4174,72.44543
Jabagai,34.86339,72.94286
Jabagai,34.76545,72.16646
Jabagai,34.81896,71.85651
Jabagai,34.93142,71.83965
Jabagai Banda,34.56771,72.12301
Jabai,35.19523,72.18432
Jabai,34.26537,72.75732
Jabai,34.92125,72.13927
Jabai,34.81266,72.70249
Jabai,35.05319,72.24576
Jabai,34.71661,72.99511
Jaban,34.55578,71.93135
Jabang,34.56361,73.1989
Jabar,35.14413,72.03751
Jabar Danna,34.41799,73.34487
Jabar Kalle,34.81955,72.59119
Jabar Kalle,32.98472,70.59049
Jabar Koruna,32.97535,70.96506
Jabarai,34.77066,71.64087
Jabarbat,34.63982,72.39914
Jabari Maira,34.45852,73.23997
Jabaro Bala,34.98678,71.82187
Jabaro Payeen,34.98379,71.81654
Jabarwala,31.97321,70.94096
Jabba,34.2961,72.86968
Jabba,34.36136,73.10471
Jabba,35.21496,72.8659
Jabba,34.0696,71.72232
Jabba,34.72255,72.83736
Jabba,35.44183,72.61718
Jabba,34.59039,72.98122
Jabba,34.86839,73.63813
Jabba,34.87054,73.69862
Jabba,34.87007,73.69256
Jabba,35.03421,72.00175
Jabba,33.66972,70.82035
Jabba,35.30488,72.6607
Jabba,34.7445,72.91179
Jabba,34.36632,72.91532
Jabba,33.97671,71.31513
Jabba,34.60207,72.30783
Jabba,34.33837,72.75277
Jabba,34.28527,72.93129
Jabba,33.88144,73.00848
Jabba,34.69185,73.01925
Jabba,35.29299,72.68034
Jabba,34.06635,72.91597
Jabba,33.66166,70.48576
Jabba,33.68716,70.659
Jabba,34.60532,73.02009
Jabba,34.70895,73.61743
Jabba,34.00916,71.72427
Jabba,34.06714,72.92169
Jabba,35.14063,71.81744
Jabba,34.73462,73.47648
Jabba,34.74322,73.55845
Jabba,34.74758,72.44199
Jabba,35.5145,73.07799
Jabba,34.48009,72.76912
Jabba,34.17558,72.12439
Jabba,34.27993,72.66904
Jabba,34.58305,73.45175
Jabba,35.22362,72.36293
Jabba Banda,35.12115,72.8551
Jabba Banda,35.73913,72.81198
Jabba Banda,35.54135,71.96502
Jabba Banda,34.83377,73.2139
Jabba Gedar Banda,35.11462,72.84268
Jabba Kalai,34.88763,73.10762
Jabba Kangra Doga,34.30191,72.9356
Jabba Khattak,33.89537,71.87518
Jabba Masai,33.74325,70.62481
Jabba Wajtar,34.95345,73.92262
Jabbagai,34.42888,71.77669
Jabbah,35.27142,72.33931
Jabbai,34.44009,71.54595
Jabbal Kalle,34.31725,71.79843
Jabbar,34.6694,73.22367
Jabbar,34.72988,73.07904
Jabbar,33.96949,72.28668
Jabbar,34.86416,73.12439
Jabbar,34.52811,73.24287
Jabbar,33.5457,71.87057
Jabbar,33.87271,72.65503
Jabbar Gali,34.67961,73.22198
Jabbar Jar,34.48861,71.14361
Jabbar Khan Garhi,33.99419,71.78647
Jabbar Khel,32.58547,71.12238
Jabbe,34.36055,72.69562
Jabbi,34.56311,73.3577
Jabbi,33.55984,71.26045
Jabbi,33.97682,72.5738
Jabbi,34.53611,73.07358
Jabbi,33.7937,72.22069
Jabbi,34.63746,73.41002
Jabbi,34.06019,71.70938
Jabbi Haidar Shah,34.41479,73.41039
Jabbiwala Bakka,33.96769,72.83543
Jabbri,35.61502,73.13203
Jabe Mela,33.96777,70.20377
Jabela Banda,35.18432,72.84815
Jabgai,33.98511,71.08856
Jabi,34.15365,73.05906
Jabian,34.38941,73.10465
Jabli,33.21785,71.59779
Jablok,35.13018,71.90561
Jablok Banda,35.13471,71.90254
Jabori,34.60484,73.25921
Jabra,34.67629,73.43397
Jabrai,35.04167,72.46528
Jabrai,34.88118,73.01696
Jabrai,35.35707,72.17379
Jabrai,34.91176,72.79981
Jabrai,34.91596,72.96207
Jabrai,35.05851,72.56186
Jabrai,35.3095,72.06408
Jabrai,34.92343,72.80339
Jabrai,34.91501,72.93993
Jabrai,34.97261,72.52845
Jabrai Bela,34.89997,73.20543
Jabrarai,34.89361,71.47821
Jabri,34.6696,73.52926
Jabri,34.4759,73.38243
Jabri,34.67953,73.48936
Jabri,34.67637,73.4127
Jabri,34.15147,73.43548
Jabri,33.90819,73.1761
Jabri,34.22263,73.38496
Jabri,34.67063,73.43537
Jabri,34.54133,73.24236
Jabri,34.15734,73.06861
Jabri,34.78942,73.64168
Jabri,34.13796,73.18573
Jabri,34.06656,73.08047
Jabri,34.67962,73.60855
Jabri Maidan,34.3356,73.27912
Jabri Nakka,34.67099,73.38681
Jabrian,34.53865,73.03354
Jabrisar,34.73335,73.53535
Jabro Banda,35.71115,72.95617
Jabu Khel,32.52762,70.6734
Jachal,35.02743,71.91054
Jachha,34.67784,73.28841
Jachil,35.4432,73.62557
Jachoti,35.4512,73.28035
Jadidabad,32.33106,70.11905
Jafar Karuna,34.23438,71.86174
Jafar Khan,32.90319,70.68009
Jafar Khel,32.73644,70.74554
Jafar Khel,33.8033,70.74147
Jafarabad,34.66875,72.05172
Jafarabad,34.30924,72.30351
Jaffar,34.7133,71.64203
Jaffarabad,33.82225,72.04219
Jafran,32.23815,70.44388
Jag Kalle,34.0503,71.55733
Jag Kalle,35.09355,72.93023
Jagah,34.14835,71.88989
Jagal,34.92465,71.86311
Jagal,34.01264,72.88627
Jagam,35.06961,72.12123
Jagannoth,34.10149,72.29409
Jagdesh,34.62251,72.97398
Jagha,35.1922,72.53769
Jaghabanj,35.06195,71.99593
Jaghur Kili,31.93389,69.40384
Jagian,34.07181,73.29447
Jagian,34.59188,73.53075
Jagimar,34.20036,73.39938
Jagir,34.43107,73.35302
Jagori,34.53186,73.20947
Jagori Gali,34.53677,73.21242
Jagrila,34.83685,73.20831
Jahagh,35.18104,73.35762
Jahan Khan Banda,35.02956,71.87425
Jahan Khani,31.88941,70.47713
Jahangir,32.91264,70.7592
Jahangir Khel,32.90046,70.55304
Jahangir Kili,33.02192,70.59678
Jahangir Pura,34.00611,71.57013
Jahangir Qala,34.13385,71.58616
Jahangira,33.96416,72.22097
Jahangira Khattala,33.96237,72.19151
Jahangirabad,34.25522,71.99053
Jahangirabad,34.26612,71.995
Jahangirabad,33.88421,71.51376
Jahangirabad,32.10238,70.2063
Jahangirabad,34.002,71.49678
Jahangiri,32.95535,70.9952
Jahangirpura,34.16801,71.48115
Jahannamsar,35.00972,72.62684
Jahazano Dag,34.42963,71.89627
Jahgro,34.65786,72.46952
Jai,35.34306,72.59167
Jai,35.07952,72.03999
Jai,35.25622,73.2433
Jai,35.22867,72.48595
Jai Jabba,35.04708,72.71415
Jai Pishun,32.7185,69.76232
Jaik Ghari,36.17177,71.44074
Jaikot,34.80169,72.52506
Jail,35.20379,73.19741
Jailab Banda,34.81015,72.91437
Jailar,34.97972,71.94815
Jaithian,34.5272,73.08186
Jaiwar,34.41812,71.98749
Jaiwar Kalle,34.3605,71.93558
Jajai Banda,35.24097,72.82829
Jajok,35.81935,71.64604
Jajute,35.66978,72.06988
Jakan,35.39562,72.07135
Jakanani,34.84643,73.22839
Jakarui,35.10754,71.80054
Jakli Tarla,34.45935,72.93859
Jako Maira,34.42554,72.62193
Jal,34.82004,72.71571
Jal,34.04007,71.54627
Jal Baihk,35.38405,73.45753
Jal Dherai,34.57198,71.65524
Jal Gali,34.57894,72.99574
Jal Gali,34.57025,73.19389
Jala Banda,33.15262,70.9634
Jala Bela,34.1046,71.69254
Jala Din,33.93501,70.64091
Jala Kot,34.58547,73.06195
Jalad Koruna,34.27098,71.72732
Jalai,34.59559,73.6021
Jalal,34.2557,72.33168
Jalal Bandi,34.23309,73.16711
Jalal Din,33.98455,71.35771
Jalal Ghundi,31.65375,70.04187
Jalal Kalle,34.25884,71.80473
Jalal Khel,32.08762,69.41069
Jalal Khel Kili,31.94243,69.50686
Jalal Kor,34.2125,71.44472
Jalala,34.33527,71.90244
Jalala,34.65782,72.11173
Jalalabad,34.39686,72.29926
Jalalabad,31.71599,70.39208
Jalalabad,31.74864,70.39161
Jalalabad,34.21256,71.6947
Jalalai Sar,34.58961,71.59748
Jalalay,34.67628,72.80536
Jalale,34.40926,72.72637
Jalalia,34.14587,73.09809
Jalalkot,34.58921,71.89911
Jalalpur,34.243,73.24106
Jalalpur,34.52842,72.08537
Jalamai,33.61974,70.35255
Jalamzai Kalle,33.82981,70.04924
Jalandar,32.46028,69.79028
Jalandar,33.81673,70.24696
Jalandar Kalle,34.15241,71.93283
Jalandar Shah,32.9117,70.88498
Jalandhar Banda,33.37179,71.70894
Jalar,32.85498,70.12299
Jalar,34.18667,72.06972
Jalar Post,32.84582,70.24029
Jalat,32.91124,70.63109
Jalatai Banda,34.81492,72.11535
Jalawanan,34.62886,72.00112
Jalbai,34.01351,72.26556
Jalbang,35.50958,72.02957
Jalbang,35.14142,72.16047
Jalbangai,34.61987,72.62246
Jalbanr,35.47029,72.58122
Jalbra,34.56512,73.35214
Jalgar Banda,34.59643,72.23866
Jalgiran,34.16179,73.38901
Jaliarian,33.88023,73.20036
Jaliarian,33.85524,73.20957
Jalikai,35.06343,71.57453
Jalil Banda,34.36892,72.19587
Jalil Qala,34.15591,71.54487
Jalir,32.85251,70.19167
Jalka,35.13915,72.57402
Jalka Mela,33.77009,70.96394
Jalkai Pul,34.31669,72.26488
Jalkhad,35.42909,73.60396
Jalkot,35.25475,73.27682
Jalkot,35.07263,72.8689
Jallo,34.31507,73.14826
Jallozai,33.91165,71.81822
Jallu,35.26639,73.23848
Jalmai,33.50387,70.35229
Jalmali,34.20988,73.06457
Jalmanda,34.12196,73.48355
Jalo,33.7503,70.81842
Jalora,34.57149,73.34835
Jalsai,34.04726,72.33118
Jalsi,34.00867,73.34121
Jalu Banda,34.21891,71.70465
Jalu Banda,34.02862,72.44491
Jalu Khel,32.73318,70.5958
Jalwalian,33.79595,73.13089
Jalāla,35.0325,72.46528
Jam,34.15773,72.92251
Jama,34.04201,72.92794
Jama Khan Kalle,33.29539,70.4497
Jamadar Kalle,33.67345,70.30794
Jamal Din Kalle,34.27807,71.704
Jamal Garhi,34.3166,72.06855
Jamal Garhi,33.99229,71.60097
Jamal Gnazi Ziarat,34.14678,73.25438
Jamal Khel,32.9398,71.03511
Jamal Khel,33.99166,71.37005
Jamal Man,34.71154,73.58328
Jamal Mela,33.60046,71.03639
Jamal Mela,33.66327,70.62505
Jamal Mela,33.16266,71.69774
Jamal Wanda,32.17397,70.82905
Jamal Zai,31.46112,70.04172
Jamala,34.60037,72.64561
Jamalabad,34.18251,71.44545
Jamalabad,34.10482,72.46097
Jamalandeh,36.24263,72.14427
Jamama,34.74839,72.90798
Jamat,34.14851,71.66473
Jamat Pal,32.29361,69.94611
Jambal,34.68888,72.69845
Jambal,34.91409,71.57486
Jambera,34.85873,72.95952
Jambera,34.85042,72.98271
Jambil,34.72118,72.44748
Jamdar Kalle,34.15375,71.93637
Jamdar Koruna,34.27611,71.77611
Jamhir,33.91091,73.169
Jamia Khwar,34.89236,73.19205
Jamil Kalle,33.01995,70.82376
Jamil Nakka,34.29579,73.17347
Jamilabad,34.38695,71.73339
Jamilabad Banda,34.01565,72.41414
Jammu,33.8897,72.18791
Jammu da Nikka,34.61762,73.4115
Jammun,33.99315,72.61763
Jampur Derai,34.84433,72.4572
Jamra,35.15061,73.25414
Jamra,34.17604,71.98765
Jamra,34.28393,72.0678
Jamra,34.95443,72.6298
Jamra,34.20345,71.94371
Jamra,34.24805,71.93891
Jamra,35.46386,73.0184
Jamra,34.31114,72.14986
Jamrah,35.50422,72.42518
Jamrai,35.25634,72.57933
Jamrai,35.23705,72.40609
Jamroz Khan,34.28399,71.86879
Jamroz Khan Kalle,34.29509,71.82109
Jamrud,34.00152,71.38007
Jamrud Khel,33.99916,71.36466
Jamshaid Khan Kalle,34.26765,71.92859
Jamshedabad,33.08761,73.73835
Jamshedabad,34.03069,71.53026
Jamsmi,36.0967,72.05578
Jan Banda,35.13,71.88207
Jan Banda,34.38359,72.33052
Jan Khan Kalle,34.13348,71.88102
Jan Khan Talao,33.89556,71.69367
Jan Khanal,34.65751,72.73015
Jan Patai,34.95149,72.59505
Jan Shah Talao,33.87302,71.59664
Jan Shahi,35.35656,72.19449
Jana,35.05326,72.35212
Janab Kaur,32.95566,71.07308
Janabuz Kili,33.01392,70.82195
Janai,32.41639,69.4725
Janai,34.32891,72.21431
Janai Banda,34.33795,72.21517
Janak,33.23976,71.63888
Janal Khel,33.68202,71.64768
Janali,36.33148,72.35017
Janali,36.83634,73.33617
Janan Kalle,32.13534,69.40249
Janan Koruna,34.35565,71.75307
Janapur,34.60508,71.78537
Janar Khan,32.70994,70.10628
Janas,35.29649,72.03984
Janat Gul,33.31611,70.59192
Janat Mir,32.82701,70.44232
Janat Shah,34.72148,71.40011
Janata,32.60274,70.00759
Janatabad,34.49962,71.81956
Janawam,32.53774,69.65718
Janbhatai,35.06001,71.70239
Janchal,35.08868,72.96295
Janda,34.34857,73.08092
Jandal Kalle,33.29008,70.36514
Jandala,34.02034,73.27423
Jandar Banda,34.34231,73.18857
Jandar Bari,34.16395,73.38403
Jandar Kalle,32.89388,70.54465
Jandar Koh,35.61828,72.02921
Jandar Par,34.22593,72.01093
Jandar Wanda,32.07728,70.91953
Jandarak Kili,33.8215,71.08164
Jandarian,34.65041,73.61321
Jandarpari,34.30259,72.8782
Jander Koh Banda,35.51804,71.92837
Jandi,31.73267,70.63737
Jandi,33.85899,73.09137
Jandi Babar,31.60217,70.50429
Jandka,34.10462,73.14926
Jandola,32.33554,70.11922
Jandrai,35.43215,72.27005
Jandrai,33.72544,70.61599
Jandraj,35.25424,72.3444
Jandran,34.28404,73.15987
Jandri,33.18104,71.25644
Jandro,34.74482,71.70508
Jandrān,32.09056,70.62111
Jandu Khal,32.8464,70.71758
Jandule,35.32552,72.12744
Jane,33.72198,70.86205
Jang,35.45915,72.31549
Jang,34.11543,72.88957
Jang Baz Kili,34.28778,71.73972
Jang Darra,34.20341,72.48907
Jang Khel Mela,33.178,71.70477
Jang Kili,34.18254,71.42223
Jang Shal,36.05037,71.39674
Jang Shal,35.4114,71.65635
Janga,34.42566,72.02499
Jangai,33.91775,70.58584
Jangal,33.63002,71.14878
Jangal,33.6914,70.59446
Jangal,34.32829,71.94534
Jangal Khel,33.59857,71.43812
Jangdad Kalle,33.04623,70.74481
Jangdarra,34.48246,72.36121
Jangdarra,34.43922,72.51503
Jangi Dher,34.06973,72.43102
Jangi Khan,32.72873,70.71611
Jangi Sher Ali Khan Kale,32.64561,69.64782
Jango,34.73041,72.06065
Jangorai,34.69915,72.92346
Jangrai,34.91603,73.03902
Jangrai,34.82112,73.14061
Jangraiz Kalle,34.41851,71.84334
Jangraiz Kalle,34.29938,72.04978
Jangre,33.7429,71.98374
Jangri,35.46988,72.04893
Jangri Banal,35.79896,72.6008
Jangu,34.52425,72.82189
Jangurai,34.50775,72.89212
Jangurai,34.54894,72.93437
Jangurai,34.59391,72.88948
Jangwom,32.54615,69.65233
Jani Garhi,33.76106,71.50572
Jani Kalle,33.05086,70.97468
Jani Khel,32.71773,69.59392
Jani Khel,32.80216,70.50689
Jani Khel Kas,33.79755,70.80641
Jani Khel Kirri Toti,32.47066,70.45981
Jani Kot,33.7517,70.41135
Jani Talao,33.8618,71.54289
Jani Talao,33.80751,71.51825
Jani Wanda,32.13505,70.89723
Jania,35.36549,72.18433
Janimela,32.43333,69.54778
Janjah,33.93953,73.22265
Janjah Gali,33.93061,73.21653
Janjal,34.44641,71.55661
Janjal Mela,32.65908,69.93334
Janjal Saidan,32.50002,69.92942
Janjal Saīdan,32.50028,69.92917
Janju Shal,35.8644,71.92917
Jankian,34.25536,73.15041
Janmai,34.88862,71.64683
Jannat Khan Kalle,33.05342,70.5065
Jannat Khan Kili,33.61901,70.31512
Jannat Tange,34.84452,71.73727
Jano,34.93983,72.4892
Jano Mandi,34.5264,73.25216
Janogai,34.9481,71.51375
Janpasa,34.97348,71.60982
Janse,34.41764,72.31554
Janshai,35.51366,72.65396
Janu,34.67775,72.51328
Janu Dag,33.67947,70.96004
Januwali,34.73722,73.33442
Jao,34.45842,71.50387
Jaodarra,33.75356,70.47851
Jaondar,34.76736,72.92973
Jaossai,33.63185,70.46641
Japaki Kalle,33.83193,70.01284
Jappu,34.54689,72.76307
Jar,34.6392,71.15433
Jar Jorai,34.57735,72.42263
Jara,32.17389,71.07251
Jara Punga,31.61886,69.94423
Jarabi,33.6518,71.75622
Jarai,35.03933,72.73471
Jarai Kore,35.6759,72.22147
Jaran,34.33847,71.31713
Jaran di Gali,34.64951,73.15674
Jarana,33.58424,70.41338
Jaranda Koruna,34.2281,71.70292
Jarandah Kalle,33.77245,71.34042
Jarando Kalle,34.32772,71.86536
Jarandu Kalle,34.23356,71.77937
Jaranwala Bela,34.61188,73.5655
Jarare,34.28313,71.79594
Jarasi Banda,32.8192,71.02714
Jarbat Banda,34.61224,71.87857
Jarbihk,34.86837,73.17065
Jare,35.09749,72.50396
Jared,34.67627,73.55669
Jargai,35.10031,72.20824
Jarh,34.56156,72.9581
Jarhanpur,34.18249,71.6265
Jari Dhari,34.22552,73.35029
Jari Isa Khan Kalle,34.41146,71.91849
Jari Khel,32.29738,71.19976
Jarib,33.57144,70.93243
Jarin Banda,35.0145,72.84292
Jariurai,35.56844,72.08923
Jarl Sharif,34.14878,73.04665
Jarma,33.52709,71.46053
Jarmonai,32.26806,69.6375
Jaro,35.14269,73.33806
Jaroba,31.84491,70.02179
Jarobai,33.90653,70.52468
Jarobai,33.82146,71.7726
Jarobi,34.56206,71.06427
Jarobi,33.91627,70.61237
Jarubai,33.8683,70.87963
Jasgiran Bala,34.24525,72.97665
Jasgiran Payan,34.24651,72.98116
Jashar,34.96323,72.94502
Jashar,34.95322,72.57299
Jashar Banda,35.05073,71.80287
Jashkuhd Banda,35.53411,72.36161
Jashkund Banda,35.53802,72.3709
Jassal,34.34926,73.1256
Jastar,34.10727,73.36178
Jaswal,34.10869,73.26926
Jaswal Pani,34.08402,73.10758
Jat,35.36789,71.70301
Jat,34.33483,72.95523
Jat Gram,35.03453,72.08198
Jat Kalle,33.31492,70.34112
Jat Pat,33.48515,73.62383
Jata,33.77191,70.89417
Jatana Banr Banda,35.58813,72.28702
Jate,34.15568,72.30229
Jatial,34.64995,73.09167
Jatka,34.63661,72.86943
Jatkot,34.84521,72.37421
Jatku,35.24139,71.96189
Jatta,31.63494,70.79638
Jatta Ismail Khel,33.3316,71.27742
Jattai Payan,34.11043,71.57136
Jattan Banda,32.93528,71.00567
Jatti Bala,34.12147,71.56942
Jatti Pind,34.04875,72.9512
Jaulai,34.69091,73.14437
Jaungian,34.82006,73.16433
Jaur,35.03492,72.34096
Jaur,33.69578,70.56986
Jaur Banda,34.62282,72.18001
Jaur Bandai,35.03233,72.35655
Jauri Banda,34.24961,72.0808
Jauro Kalle,34.24447,72.08025
Jauz,34.99234,71.72662
Jauz,35.01493,71.62456
Jauzo Banda,35.04841,71.854
Javaidabad,31.82144,70.57913
Javed Kili,33.9028,70.84241
Jawal Oba,34.73225,71.60373
Jawanr,34.74991,72.23669
Jawar,34.68152,72.52425
Jawar,34.44677,71.63087
Jawar Kas,35.20268,72.54679
Jawara,33.86186,70.80106
Jawara Mena,34.14023,71.31728
Jawaya Sahi,31.95734,70.73177
Jawaz,34.21488,71.20018
Jawokai,32.51535,69.9453
Jaz Banda,35.39957,72.30889
Je Pungai,33.057,69.5945
Je Ram Garh,32.79541,70.78646
Jegan Nakka,34.24489,73.31876
Jegi,32.91833,70.51
Jehal,35.33269,73.1468
Jehan China,33.85072,70.36235
Jehanabad,34.32178,72.09496
Jehanabad,34.31177,72.22463
Jehangir Bazar Kala,32.69728,69.564
Jehangirabad,34.74282,72.23733
Jehangirai,35.05048,72.6903
Jeiur,34.40294,72.34781
Jela Baihk,35.19611,73.54089
Jerbak,35.38947,71.66767
Jero,35.26522,73.58224
Jeshbanal,35.77643,72.61004
Jetekh Baz,31.60644,70.02758
Jhab,35.6094,71.79104
Jhag,34.80751,73.5111
Jhag,34.79825,73.5208
Jhagra,34.00765,71.67014
Jhajar,33.99609,73.33994
Jhak,35.42429,72.92894
Jhakar Banda,35.00764,71.9124
Jhakarial,34.72656,73.54184
Jhal Khad,34.9974,73.93486
Jhalar,34.2531,71.60503
Jhalar Kalle,34.30331,71.61192
Jhalarian,34.0384,71.59752
Jhaliari,33.99215,72.74153
Jhalis,33.83912,73.18413
Jhamra,34.42508,73.09437
Jhamra,34.72093,73.63066
Jhamra,34.05326,72.86013
Jhamra,34.06028,72.85881
Jhamra,33.88557,72.6252
Jhan,34.4164,71.90337
Jhan Kharotti,32.46169,69.32537
Jhand Bala,34.39416,72.94278
Jhand Payan,34.39695,72.93279
Jhanda,34.59415,71.29679
Jhanda,34.15101,72.5772
Jhanda,34.05213,72.07441
Jhandai,34.24151,71.98117
Jhandala,33.99879,73.41343
Jhandao,34.54461,71.69441
Jhandi Darsamand,33.42369,70.65571
Jhandu Khel,32.95176,70.71387
Jhang,34.38582,73.10205
Jhang Kara,33.94839,72.8155
Jhang Khel,32.42573,70.87866
Jhangar,34.42987,73.09318
Jhangare,34.28839,72.15625
Jhangari,34.59488,73.4509
Jhangi,33.78804,73.03535
Jhangi,33.89874,73.17334
Jhangi,34.37907,73.05595
Jhangi,34.41838,72.61116
Jhangi,32.91715,70.63107
Jhangi,32.02083,71.00417
Jhangi,34.6191,73.29095
Jhangi Dheri,34.37988,72.03666
Jhangi Khan Kirri,32.27913,70.39942
Jhangi Saiyidan,34.18823,73.22979
Jhangian,34.19536,73.2267
Jhangirabad,32.04824,70.37965
Jhangra,34.02237,73.14085
Jhangrai,34.77061,73.05152
Jhangri,33.85513,73.2406
Jhangri,34.56452,73.3707
Jhangri Banda,35.20758,72.80499
Jhanjhakka,34.22076,72.97204
Jhare Kalle,34.24898,71.71451
Jhatta,32.14934,70.16893
Jhatta,32.13604,70.18695
Jhawar,35.44041,72.94588
Jhighal,34.59891,73.26049
Jhik Gali,34.51696,73.15218
Jhogian,34.45022,72.88236
Jhogian,34.4969,72.90569
Jhok Abdullah,31.639,70.61031
Jhok Amin,31.46346,70.63634
Jhok Arwaranwali,32.27595,71.18466
Jhok Ata Muhammad Jhandair,31.56786,70.70301
Jhok Aubachhar,31.80231,70.96432
Jhok Badli Khel,31.51649,70.69061
Jhok Bakhsh Hussain Shah,32.09165,70.94105
Jhok Balochan,31.9622,71.02496
Jhok Baluch,31.93477,71.03968
Jhok Baluchan,31.83409,70.97263
Jhok Baluchanwali,31.80719,70.97917
Jhok Bhara,31.96677,71.03616
Jhok Bhirki,31.55932,70.68764
Jhok Bilal,31.78881,70.95671
Jhok Bisharat,31.92083,71.00833
Jhok Chappanwali,32.07906,71.05609
Jhok Chara,31.4976,70.60757
Jhok Dad,31.55099,70.68121
Jhok Dadan,31.42847,70.36121
Jhok Daranwali,31.85193,70.98398
Jhok Dhapanwali,31.80504,70.90345
Jhok Dinu,31.34787,70.46659
Jhok Dumra,31.50562,70.64988
Jhok Faqir Khel,31.90736,71.02664
Jhok Gamewali,32.20339,71.12976
Jhok Ghamewali,31.98009,71.06127
Jhok Gishkori,31.64535,70.79944
Jhok Gosari,31.54659,70.70026
Jhok Gullan Khan,31.85833,71.00417
Jhok Haidar Bari,31.33108,70.52996
Jhok Haider Shah,31.97778,71.01667
Jhok Haji Din Muhammad,31.41096,70.52926
Jhok Haqdad,31.58935,70.8132
Jhok Hayat,31.40466,70.55648
Jhok Hayatwal,32.23347,71.16875
Jhok Hotan,32.03588,71.08331
Jhok Jhabanan,31.96764,71.02731
Jhok Jhandir,31.63462,70.81923
Jhok Jhangi Gharbi,31.33584,70.5786
Jhok Jhangi Sharqi,31.32946,70.59532
Jhok Jheda,31.65311,70.82176
Jhok Jindu Khan,31.92083,71.00139
Jhok Kachi Pain Khan,31.87045,70.99905
Jhok Kanera,31.84389,70.98145
Jhok Karlo,31.59553,70.81966
Jhok Kat,31.88017,71.00333
Jhok Khanewali,32.1585,71.12428
Jhok Khatar,31.71101,70.84844
Jhok Khoja,31.50825,70.6423
Jhok Kolachi,31.90909,71.03643
Jhok Kumhar,31.58794,70.65904
Jhok Kuptananwali,31.81711,70.95956
Jhok Ladnu,31.7125,70.82222
Jhok Laghari,31.91382,71.01383
Jhok Laghari,31.91476,70.9926
Jhok Lal Gadi,31.57906,70.70307
Jhok Lilian Wali,31.58113,70.67816
Jhok Lundi,32.17134,71.13665
Jhok Machhi,31.56088,70.70285
Jhok Machhi,31.55928,70.77884
Jhok Machhi,31.35228,70.53948
Jhok Mahmud,31.55508,70.77836
Jhok Mahmūd Khān,31.54806,70.78889
Jhok Maikan,31.85727,70.9834
Jhok Makha,31.62638,70.82627
Jhok Malana,31.74333,70.89861
Jhok Mamdu Gadi,31.58428,70.68531
Jhok Mangal,31.39924,70.40554
Jhok Mashori,31.42168,70.5268
Jhok Massu Khan,31.60693,70.59207
Jhok Miani,31.5031,70.77235
Jhok Mianji,31.54727,70.80241
Jhok Mir,31.59636,70.80816
Jhok Moazzamwali,32.20967,71.14523
Jhok Mohana,31.44385,70.40193
Jhok Mohana,31.89521,71.0071
Jhok Mohananwali,31.82472,70.96046
Jhok Muhammad Machhi,31.89306,71.01528
Jhok Muhammadwali,32.1651,71.13296
Jhok Nuna Nuri,32.27849,71.19336
Jhok Pachani,31.51005,70.78224
Jhok Qureshian,31.77845,70.87549
Jhok Ramzan Khan,31.61981,70.80032
Jhok Rind,31.45207,70.4401
Jhok Sahibdad Jhandair,31.56995,70.6906
Jhok Saiduwali,31.9177,71.01432
Jhok Saiyidan,31.76759,70.89708
Jhok Sarwar,31.4598,70.50493
Jhok Shero Jhandair,31.57098,70.69816
Jhok Sikandar,31.58334,70.80117
Jhok Sukhhani,31.54527,70.77963
Jhok Thothe,31.88414,71.0118
Jhok Tilkan,31.37901,70.68689
Jhok Traili,31.72245,70.91949
Jhok Umrewali,32.17928,71.13747
Jhok Usman Langara,31.52168,70.61519
Jhok Wainas,32.31479,71.20792
Jhok Wazir Korai,31.545,70.75861
Jhok Zamanwali,31.34633,70.46349
Jhokan,34.23727,72.99818
Jhugian,34.72265,73.6106
Jhungrai,34.30219,71.96297
Jhuti Lasht,35.7799,71.77593
Jibat,34.73744,72.89136
Jibbra,34.22288,73.26676
Jigal,34.70461,72.80094
Jigan,34.60466,73.33604
Jiggi Tarli,34.46145,72.93436
Jiggi Utli,34.46241,72.92809
Jika,35.09347,71.97217
Jilesh,35.69675,72.15494
Jilkai Ghulam,32.03214,69.36039
Jim,33.29169,70.53171
Jim Khana,34.02069,71.58137
Jin Lasht,36.40872,72.64437
Jina,34.88478,72.87234
Jina Kor,33.77315,71.77838
Jina Sar Banda,35.43192,72.34064
Jinah Abad,34.19214,73.24015
Jinai,32.58207,69.89693
Jindai,32.26667,69.51667
Jindari,34.39767,72.86334
Jindiabad Kalle,34.32213,71.69987
Jingai,34.41339,72.60905
Jingeret,35.52931,71.75923
Jingeret Kuh,35.57781,71.71063
Jingragh,36.38465,72.37028
Jinnah Colony,34.01048,71.47988
Jishko,34.54201,72.9863
Jit Kot,35.25383,72.00552
Jitkot,35.33202,72.03754
Jitur,35.98766,71.5313
Jitur Sanek,35.9775,71.52441
Jiwan Mela,33.97112,70.03158
Jiwar,34.47512,72.93111
Jiwar,34.77243,71.51392
Jlan Plaza,34.03113,71.57455
Jobra,34.5836,72.39883
Jod Pain,34.42601,72.90792
Jodan Utli,34.42129,72.90867
Jodar,35.3286,73.24456
Joe,35.403,73.1109
Joga Tangia,34.83124,71.96905
Jogai,34.01177,71.69194
Jogal,32.4075,71.22912
Joganmar,34.15117,73.10001
Joge,33.7,70.5696
Jogha,35.09385,72.04498
Joghrai,34.50656,71.68052
Jogi Banda,34.84925,71.97704
Jogi Banda,34.66593,71.51231
Jogi Mohra,34.04057,72.93485
Joguru,35.6412,71.68772
Joha,32.80081,70.76911
Jolagan,34.26401,71.90537
Jolagan Kalle,34.36934,71.78796
Jolagan Koruna,34.27526,71.74984
Jolagram,34.61749,71.89529
Jolla Garhi,33.84956,71.50981
Jolu,34.00169,72.62774
Jomat Kalle,34.3697,71.66321
Jonai,32.95666,70.47891
Jonkai,35.43777,72.17608
Jontar,35.04333,72.48472
Jopali,33.80867,70.32076
Jor,34.56319,71.65847
Jor,35.38229,72.16402
Jor,34.43375,71.8535
Jor Banda,34.80521,72.18429
Jor Banda,34.82267,72.07692
Jor Kuai,34.72289,71.99076
Jora,34.87522,73.90984
Joragh Banda,34.62985,71.54832
Jorai,34.87477,72.88553
Jorapind,34.09351,72.90807
Jore Pai,34.79252,72.16288
Jorian,33.89045,72.93075
Joru,34.13147,72.2951
Josach da Nakka,34.54341,73.36825
Josacha,34.53151,73.37586
Joshan Kund Binal,35.45849,72.6754
Joshar,36.42991,72.31789
Joso Kalle,33.6315,70.47397
Jot,33.84691,70.54109
Jowar,34.55563,72.30115
Jowar,34.61354,72.672
Jowar Koto Manzai,34.48139,71.61694
Jowaro Ghandai,33.41628,70.7136
Jowo,35.40485,73.14382
Jozak Kalle,33.81925,70.10442
Jozan,35.38779,72.605
Jrando Bela,35.24009,72.59123
Judba,34.69249,72.87174
Judbah,34.61086,72.7891
Jugabala,35.118,73.76375
Jugebela Ghhol,35.11629,73.76569
Jughrai,34.83469,71.74242
Jughrai,34.87301,72.07708
Jughur,35.82708,71.78633
Jugio Banda,34.22983,72.63355
Jugion,34.87393,73.57758
Jugni,34.15801,71.51032
Jugomi,36.09304,72.05328
Juka,33.06451,70.88452
Jukhtai,35.06005,72.5177
Julaabad,34.28791,71.8105
Julagan,34.33967,71.79264
Julba,35.11354,72.33618
Julgran,34.74638,73.52284
Julian,33.7742,72.87985
Juma Gul,32.46254,70.21014
Juma Khan,32.9829,70.61272
Juma Khan,34.31222,71.85338
Juma Khan Garhi,34.06114,71.41217
Juma Khan Kili,34.17605,71.41168
Juma-da-Bagia,34.08864,73.30207
Jumadera,34.60583,72.69634
Jumadera,34.56918,72.63702
Jumma Khan,34.37412,71.83443
Jumma Khan Kalle,34.19363,71.5235
Jumma Sharif,31.70422,70.67396
Jummawala Khu,31.85166,70.89538
Jumna,34.23381,73.02873
Junail Banda,35.59497,72.54367
Junali Kuch,36.25733,72.21637
June Kas,35.38565,72.16793
Jungle Kalle,33.9154,71.30471
Jungle Mangal,34.40289,73.32356
Jungzai,34.81549,71.40516
Juni Kalle,34.89923,71.65927
Jur,34.64684,71.52087
Jur,35.10979,72.63592
Jura,34.92721,72.3908
Juragh Mora,34.84232,72.71624
Jurgha,34.29074,71.62275
Jurgi,33.97087,72.74727
Jurjurai,33.73022,70.48418
Jurjurai Kalle,35.27758,71.82871
Jurjure,34.81121,71.73589
Jururai Banda,35.29646,71.80915
Jushtan Garh,35.44793,71.6884
Jushtangal,35.43812,71.70223
Justis Ghari,35.86853,71.48534
Juti Banda,35.62814,72.26358
Juz,34.63638,72.39992
Juz,35.23394,72.43497
Juz,34.71538,73.07678
Juzo Kas,35.37311,71.91787
Kabababian,34.02037,71.53946
Kabai,34.62166,73.49241
Kabal Banda,34.91462,72.1778
Kabal Khan Zarwali,32.02815,69.33868
Kabal Khel,33.22821,71.54281
Kabal Khel Mela,33.20734,71.6864
Kabal River,34.01733,71.98976
Kabalbash Baihk,35.09962,74.01714
Kabalbash Baihk,35.11606,74.01138
Kabalbash Baihk,35.09586,74.02259
Kabalku,35.0969,72.33257
Kabanj Banda,34.58418,72.23913
Kabbal,34.79067,72.28243
Kabbar Banda,35.14811,72.96037
Kabe Kalle,34.11012,71.84591
Kabeuri,33.80138,70.9194
Kabgani,34.18314,72.68069
Kabie,34.25159,71.5827
Kabir,34.6279,71.74934
Kabir Kalle,33.17229,71.31174
Kabir Raghzai,32.51752,69.93634
Kablao Sar,34.67505,71.70535
Kabli Kalle,32.27587,69.57317
Kabrunwali Ban,34.07341,73.23658
Kabul Kandah China,34.49198,72.41806
Kabul Mulla Jamat,34.3032,72.30121
Kabul Shah Koruna,34.25811,71.74421
Kabuli Mela,33.96281,70.02063
Kabuli Thana,34.00859,71.57004
Kabur Tangai,34.01366,71.3124
Kabut Khan,32.85667,70.71528
Kabutar Piquet,32.69892,69.81437
Kach,36.78967,72.61071
Kach Banda,33.54935,71.08705
Kach Dorana Khan,32.82195,70.69368
Kach Kotai Asad Khan,33.0147,70.60457
Kach Mama Khel,32.88515,70.27458
Kach Tarla,34.84994,73.7013
Kach Utla,34.82957,73.69631
Kacha Garhi,34.0014,71.44278
Kacha Pakha,33.45792,70.88567
Kachai,33.63031,71.15159
Kachal,35.24186,72.38715
Kachal,35.01124,71.56523
Kachar,35.08868,72.73801
Kachari,32.42294,69.90991
Kachcha Garhi,33.98657,71.43141
Kachcha Kor,34.73146,72.45927
Kachchi Bhanianwali,32.28413,71.19377
Kachchi Khisoranwali,32.31339,71.22468
Kachel Banda,35.30988,72.21857
Kachh Kili,34.18382,71.43657
Kachha Mali Khel,32.4401,71.32226
Kachhal,34.6937,73.2467
Kachhani,34.4951,72.98379
Kachhar,35.40901,73.08332
Kachhi,34.13078,72.9461
Kachi Kuper,34.40925,71.86376
Kachkai,34.30322,71.1556
Kachkai,32.55,69.65
Kachkina,33.87718,69.98963
Kachkol,33.90191,70.57103
Kachkol Banda,34.09155,72.52877
Kachkol Garhi,33.94675,71.55348
Kachkolabad,34.02981,71.57466
Kachlo Banda,35.44459,71.92424
Kacho Kalle,33.72981,70.88237
Kachra,33.79151,71.27433
Kachrai,35.41992,72.28734
Kachri Banda,35.61435,72.26375
Kachul,35.11061,71.98605
Kachurnai,36.15554,71.67985
Kachuzai Kalle,33.01158,70.62883
Kad,34.76552,72.52341
Kada,33.65572,70.64714
Kada Khel,32.99994,70.46804
Kadail Banda,35.09125,71.96025
Kadao,34.42007,71.77454
Kadarai Derai,34.86104,72.19996
Kadari Kalle,34.15889,71.74662
Kadda Bazar,33.72209,70.92166
Kade,34.14723,72.3543
Kadh,34.89592,71.85622
Kadiar,35.0866,72.29338
Kadmai,33.90356,70.54449
Kado Koruna,34.2068,71.43639
Kadok,34.89973,71.50452
Kaduna,34.72202,72.7208
Kaduna,35.22605,72.44369
Kadwi,34.05933,71.75104
Kafar Dap,33.76673,70.54664
Kafer Banda,34.8104,72.66761
Kafir Banda,34.98144,72.79713
Kafir Banda,35.11025,72.77601
Kafir Banda,35.30643,72.64724
Kafir Banda,35.12378,72.6308
Kafir Banda,34.92305,72.93465
Kafir Kandari Banda,34.9808,72.73842
Kafir Kot,34.88214,72.11643
Kafirai,34.78617,72.90688
Kafirai Banda,35.05713,71.83932
Kafiraikhwar,35.13089,71.94037
Kafirgat,34.8658,71.59333
Kafirgat,34.91067,71.73078
Kafrai,34.96027,72.91504
Kafur Dheri,34.10637,71.44011
Kag,34.47518,72.77152
Kag,34.06728,72.94272
Kag,34.9206,72.66314
Kaga,35.06908,72.38979
Kaga,34.95157,71.85474
Kaga,34.88725,71.38086
Kaga Panra,34.63619,71.24068
Kagal,34.44132,73.365
Kagan,34.33238,71.76503
Kagan,34.2153,72.1237
Kaganwali Gali,34.62764,73.35606
Kagawala,33.94468,71.54616
Kagbattian,33.99464,72.9857
Kagga Wala,33.94784,71.55765
Kagh Bhu,34.78698,73.09313
Kagh Bhu,34.76602,73.07286
Kagh Lasht,36.27301,72.24766
Kagh Rain,36.3874,72.36568
Kaghan,34.77675,73.5253
Kaghan Kalle,34.34135,71.75511
Kaghanzandiku,35.3262,71.73312
Kaghzai,33.58931,71.35711
Kagiar,33.99767,73.31093
Kaglun,34.78785,72.70835
Kago Kamar,33.98877,71.07018
Kago Kamar,33.74623,70.77639
Kagor,34.67074,72.6332
Kagukai,33.94817,71.33136
Kahai,35.23015,72.6403
Kahal Bali,33.93703,72.97102
Kahal Tarli,33.93422,72.96334
Kahan,34.35533,72.68644
Kahari,33.9066,73.34224
Kahawar,31.75763,70.60428
Kahi,33.47524,70.86119
Kahi,33.82015,72.0853
Kahi,35.24197,72.40031
Kahi Garhi,34.43108,72.72217
Kahiri,31.43806,70.77222
Kahiyan di Mari,34.29763,73.21576
Kahka,34.03,72.95588
Kahkuai,34.53544,72.65669
Kahl,34.58015,73.32119
Kahni Saiyidan,33.4851,73.73955
Kaho,35.04078,72.70974
Kahoie,34.36554,72.45198
Kahosar,34.38032,72.71173
Kahu,34.88773,73.02907
Kahu,32.16569,70.52358
Kahu,34.02808,73.48737
Kahughurt,36.16147,71.52717
Kai,34.38478,72.81621
Kai,33.13637,71.37337
Kai,34.12847,73.41014
Kai,34.67307,73.4019
Kai,35.29907,73.24554
Kaiar Sachha,34.60509,73.24012
Kaibar,33.96417,72.74634
Kaigoi Dharai,34.52273,72.91734
Kailag,33.99932,73.1175
Kaimar Banda,35.25225,71.9545
Kaimri,34.51131,73.29888
Kain,35.46909,72.82506
Kain,34.73809,73.24951
Kain,35.61322,72.41276
Kain Jabba,35.35157,72.8678
Kaini,34.27752,72.86376
Kaini,34.23183,72.97025
Kainthl,33.73528,72.93978
Kair,35.09304,71.89196
Kairo Godar,34.44185,71.84576
Kaisam Kor,34.40408,71.44865
Kaisan,34.45251,73.30828
Kaiwal,33.59555,71.5553
Kajal,32.91056,70.64722
Kajam,33.11606,70.16449
Kajar Kot,34.58307,73.01729
Kajarialai,34.80045,73.22914
Kajhurai,34.71378,71.72368
Kajikai,32.37075,69.77829
Kajir Kot,32.97856,70.24134
Kajir Pal Banda,33.17121,70.81538
Kajira,34.63374,71.42715
Kajla,34.41485,72.85666
Kajnoai,33.73572,70.7443
Kajo,34.2949,73.13504
Kajon,35.34911,72.11759
Kajura,34.56574,72.57917
Kajuri Kach,32.06416,69.85154
Kak,34.6705,72.12863
Kak Sera Banda,35.43611,72.62279
Kaka Abad,34.37212,72.04312
Kaka Khel,32.14433,69.68023
Kaka Khel,33.07915,69.98415
Kaka Khel,32.20128,70.36985
Kaka Khel Colony,33.37944,71.32994
Kaka Khel Dheri,34.2342,71.69103
Kaka Khel Dheri,34.23159,71.70263
Kaka Khel Kili,33.08891,69.96387
Kaka Khel Zhawar,32.75016,69.94098
Kaka Ziarat,33.23792,70.27685
Kakabanj,34.92322,72.08725
Kakad,34.99876,72.07161
Kakad Wari Dir Upper,34.99798,72.07295
Kakai,34.6133,72.16178
Kakar China,34.70169,73.02619
Kakar Kor,34.47594,71.25656
Kakar Shang,34.69016,73.07052
Kakardam,34.95513,72.52016
Kakas,34.96856,71.55746
Kakash,34.59761,72.82589
Kakatai,34.57856,73.06955
Kaki,32.86991,70.6621
Kaki Dherai,34.2729,72.1545
Kakka Khel,32.54787,70.79573
Kakka Khel,32.92774,70.28911
Kakka Khel,32.86159,70.4805
Kakka Khel Kalle,32.42039,70.47114
Kakogh Ghari,36.42601,72.32211
Kakot,34.86588,72.57119
Kakot,34.23117,73.15173
Kakotri,34.12429,73.01159
Kakshal Number One,33.99634,71.57716
Kakshal Number Two,33.99774,71.56738
Kakul,34.1875,73.26
Kakul,34.20365,73.28266
Kal,33.9743,73.3791
Kala,34.10553,72.47728
Kala Bagh,34.07257,73.37016
Kala Ban,34.13876,73.45934
Kala Ban,34.01187,73.44304
Kala Dhand,34.56406,72.41776
Kala Dhand Kalle,34.2448,71.75595
Kala Dhup,34.81011,73.20278
Kala Kalle,34.01989,71.68825
Kala Kalle,34.84518,72.27168
Kala Katha,33.89218,72.68081
Kala Khel,32.95938,70.63615
Kala Khel,32.63334,69.50656
Kala Khela,34.41776,72.6249
Kala Khela,34.55576,72.42134
Kala Kot,35.07079,72.47587
Kala Maira,34.38845,73.03528
Kala Pani,34.20898,73.32588
Kala Pani,32.36664,71.26735
Kala Pani,34.07023,73.38172
Kala Ram,32.76263,70.83963
Kalabai,34.32155,72.98351
Kalaban,34.67422,73.50064
Kalabat,34.54944,73.20321
Kalabat,34.59892,72.47636
Kalabat,34.07436,72.55056
Kalachi Kas,34.74703,71.55545
Kaladag,34.90032,71.83521
Kaladan,34.19333,71.56582
Kalagai,34.92674,72.36106
Kalagai,34.58353,71.28213
Kalaghor,32.04513,71.02015
Kalagram,35.12454,72.51182
Kalai,35.08873,72.70926
Kalai Kandao,33.87957,72.04142
Kalair,35.22233,73.2957
Kalakat Gali,34.2377,73.37167
Kalakot Gali,34.20159,73.11172
Kalala,34.55215,72.87642
Kalalano Dherai,34.87315,71.95633
Kalali,33.91751,73.03414
Kalam,35.4818,72.57809
Kalam Banda,35.44393,72.39408
Kalamlori Utli,34.49795,72.96993
Kalan,34.79999,71.35672
Kalan,34.31971,72.54733
Kalan Khel,33.71704,71.56649
Kalan Tughal Khel,32.91492,70.64535
Kalana,33.8069,70.70537
Kaland Kend,34.9904,72.91874
Kalanda,34.00044,73.24103
Kalandao,33.82345,70.75341
Kalang,35.29292,71.9504
Kalang Kuta,34.90417,73.20037
Kalangah,33.89185,71.45072
Kalangai,34.63123,71.80117
Kalangar Bala,34.11422,71.92575
Kalangkata,34.75556,73.19722
Kalanjar Payan,34.11708,71.94631
Kalao,34.60331,71.4568
Kalapani,34.09619,72.03233
Kalapar,34.14073,72.98554
Kalar,33.941,73.36942
Kalar Kalle,33.80825,70.34864
Kalas,34.73016,73.6464
Kalas,34.00626,72.90002
Kalas,34.6318,73.26579
Kalas,35.71296,71.94622
Kalas Bhek,35.51638,72.90864
Kalasar,34.61297,72.85865
Kalash,34.69423,72.86146
Kalash Grum,35.77346,71.69606
Kalashandam,35.56531,71.81292
Kalasno,35.32563,71.92887
Kalat,33.77097,70.97998
Kalat,33.77268,70.48079
Kalau,34.78237,72.60897
Kalawah,34.88479,73.93357
Kalawan,33.98951,73.01878
Kalawan,35.15425,73.98525
Kalaya,33.77124,70.49332
Kalaya,33.74803,70.96292
Kalaya Hq,33.74862,70.95213
Kaldam,35.57963,71.81241
Kaldara,33.99716,72.801
Kaldara,34.54162,71.87614
Kale,34.37395,72.60565
Kale Hassan Khel,33.81958,72.13613
Kale Ziarat,33.12622,70.69714
Kalegah,34.51603,73.26365
Kalel,34.67882,72.48223
Kalera China,31.97528,70.71556
Kalesh,34.46072,73.395
Kalgan,34.37835,73.22427
Kalgiran,34.35981,73.37805
Kalha,34.62865,73.60332
Kalhari,34.3601,73.0431
Kali Banda,32.25472,70.72862
Kali Dhak,34.62835,73.55566
Kali Gail,34.25732,72.86628
Kali Gali,34.004,72.77184
Kali Gatti,34.44332,73.01969
Kali Gatti,34.78218,73.54698
Kali Ghatti,34.74762,73.48978
Kali Kot,34.07007,72.56103
Kali Kour,32.23283,70.81735
Kali Lar,34.32778,72.7577
Kali Mitti,34.55702,73.33359
Kali Shera,34.20797,72.8024
Kali Trar,33.90086,72.88921
Kali Trar Utli,33.89879,72.93022
Kalial,33.18892,73.71004
Kalial,34.3087,73.1699
Kaliar Nikka,34.20656,72.76722
Kalias,34.09841,71.85013
Kaligali da Dera,33.99708,72.80541
Kalikot,34.43428,72.68571
Kalikot,34.39829,72.91145
Kalim Khan Kalle,33.03589,70.79647
Kalinjar,34.16521,72.87747
Kaliyaran Banda,32.63202,70.9292
Kaljur,33.41884,73.65542
Kalkatak,35.5197,71.75765
Kalkot,35.41649,72.18105
Kalkot,33.91998,73.33919
Kalla Khan,32.78171,70.8099
Kalla Khan Multanj,32.76472,70.73639
Kalla Khel,33.7257,71.54432
Kallai,34.86406,73.18046
Kallanger Kakki,32.8522,70.67889
Kallas,34.61499,73.21893
Kallas,34.62588,73.23242
Kallas,34.64225,73.22688
Kalle,33.36755,70.64987
Kalle,33.73661,70.80172
Kalle Dek,32.43287,70.20748
Kalle Garozani Khel,33.03885,70.55188
Kalle Gul Akhtar,33.0339,70.61118
Kalle Gul Hasan,33.01201,70.57891
Kalle Kande,32.92688,70.40784
Kalle Khwar,35.34425,71.98726
Kalle Mir Ahmad Khan,33.59998,71.71306
Kalle Mir Zaman,33.03558,70.62775
Kalle Muhammad Alam,33.00608,70.52756
Kalle Said Gul,33.02378,70.54022
Kalle Talan,33.04308,70.60563
Kalo,35.05959,73.05621
Kalo Khel,34.02474,71.6733
Kalo Mahrai,34.72532,71.93336
Kalo Shah,34.45339,71.97986
Kalot,35.48126,73.39934
Kalota,34.88255,73.09956
Kalotai,32.24117,69.48528
Kalpanai,35.06268,71.78521
Kalpanai,34.46743,72.53254
Kalpani,34.86826,71.39705
Kals,34.14101,73.40123
Kals,33.85948,73.27728
Kals,34.5504,73.31555
Kalsan,34.72888,73.57911
Kalsan,34.82275,73.52703
Kalsho,35.19958,71.87721
Kalsi,34.6665,73.22673
Kalsuna,34.83589,73.18907
Kalu,34.41145,71.97468
Kalu Baba Dheri,34.17997,72.37658
Kalu Banda,34.49241,72.85487
Kalu Banda,34.63769,72.80227
Kalu Basti,34.36933,72.94328
Kalu Dheri,34.34279,72.29169
Kalu Kalle,34.09228,72.2688
Kalu Khan,34.21231,72.29622
Kalu Khan,34.52179,72.88258
Kalu Maira,34.04547,73.09841
Kalu Pind,33.99068,72.83132
Kalu Shah,34.5065,71.41976
Kalu Shah,32.28055,69.46745
Kalu di Bandi,34.2843,73.30219
Kalu di Basti,34.3829,72.90892
Kalukhan,34.21667,72.3
Kalur,34.23806,73.26992
Kaluwala Dera,34.74285,73.64425
Kaluwala Kalas,34.71359,73.30997
Kalwal,34.31659,72.98773
Kalwan,34.88513,73.93061
Kalwatar,34.39967,72.95668
Kalyarosam,33.53723,70.89333
Kam,34.64644,72.5017
Kam Bacha,32.66434,70.69572
Kam Ghakai,33.85637,70.32576
Kam Kholai,34.93295,72.21735
Kam Lande Nur,32.46131,69.63585
Kam Narakai,32.63126,69.81474
Kam Sarobi,32.85772,70.08971
Kam Sham,32.75677,70.12313
Kam Walai,33.95234,72.03267
Kama,32.71306,69.84361
Kama Agra,34.58411,71.70164
Kama Chashmai,33.09233,70.78618
Kama Gharlamai,32.5983,69.94875
Kama Karbogha,33.60246,70.96671
Kama Nazhmerai,32.65175,69.85
Kama Parsha,32.87562,69.62014
Kamach,34.56308,72.81205
Kamal,34.82879,71.40867
Kamal Ban,34.72066,73.55556
Kamal Banda,34.4361,72.71004
Kamal Chat,36.4837,72.4737
Kamal Darra,34.63046,71.59049
Kamal Khan,34.71227,72.09649
Kamal Khel,33.41879,71.53244
Kamal Khelo Tal,34.92583,71.93186
Kamal Lagharai,32.71332,69.84894
Kamal Shah,32.8933,70.58419
Kamala,34.63505,71.82025
Kamalai,34.63262,71.57564
Kamalan,34.37164,72.94033
Kamale,35.06043,72.11872
Kamale Kalle,34.13076,71.88904
Kamali Banda,35.00774,72.39452
Kamali Zarra Khel,33.08717,71.28556
Kamalia Banda,33.06165,70.86417
Kamalizarah Khel,33.1042,71.286
Kamalpur,33.93601,72.99038
Kamalpur,33.96691,72.8402
Kamalpur,33.78892,72.95821
Kamangar,33.09713,71.16066
Kamangara,34.75397,71.38587
Kamangara,34.64267,71.39168
Kamangaro,34.9353,71.6848
Kamangra,34.75646,71.92158
Kamar,33.52994,71.95484
Kamar,34.76959,71.59252
Kamar,34.80128,71.41057
Kamar,32.96139,70.58167
Kamar Bagla,33.94272,73.34528
Kamar Banda,35.30927,71.93359
Kamar Banda,34.86982,72.35861
Kamar Banda,35.1677,72.98243
Kamar Dand,33.52303,71.37242
Kamar Dand,33.62312,71.75015
Kamar Din,32.89175,70.85959
Kamar Garhi,33.67327,70.7223
Kamar Kalla,32.96393,70.91382
Kamar Kalle,32.8194,70.2916
Kamar Kalle,32.9129,69.73233
Kamar Khwa,35.35871,72.6822
Kamar Mela,32.36111,69.96667
Kamar Mela,33.62162,70.94742
Kamar Mela,33.60622,71.57759
Kamar Mela,33.70859,71.57839
Kamar Mor,33.48072,71.87521
Kamar Sar,33.78056,72.03847
Kamar Sar Banda,35.1805,72.49729
Kamar Tal,34.93841,71.92957
Kamara,33.93323,72.86988
Kamarai,32.54002,69.75299
Kamarai,32.55649,69.73222
Kamarbagh,34.84033,72.43854
Kamargai,34.87183,72.4559
Kamargai,34.30718,72.17121
Kamari,32.5482,69.73965
Kamarmari,34.32973,73.00446
Kamat Drad,34.93241,72.90334
Kambar Ali Kili,33.94867,69.95362
Kambar Khel Atarai,33.93337,71.44216
Kambar Masi,33.74717,70.88174
Kambat,34.97127,71.66642
Kambat Qala,34.95922,71.6612
Kambela,34.3941,72.44606
Kambela,34.69102,71.71972
Kambela Banda,34.56175,72.15064
Kambelai,34.91244,71.52295
Kambo,34.02578,71.61625
Kamboli Basti,32.10503,71.03914
Kamel,34.45265,72.4647
Kamela,34.46358,72.84117
Kamesar,34.65428,72.93052
Kamhal,34.37548,72.93305
Kami,34.64056,71.31554
Kamik,36.81822,73.51662
Kamil,34.67636,73.51388
Kamila,34.2367,73.08145
Kamkai Nawaigai,32.71353,69.85993
Kamkai Shirani,32.89906,69.64269
Kamle Kalle,32.96732,69.60204
Kamlori,34.49973,72.97355
Kamlorian,34.46489,72.93906
Kamlorian Pain,34.46721,72.93491
Kammar Kalle,33.03001,69.67275
Kammar Sar,34.77809,71.42325
Kamra,34.91248,73.80186
Kamrai Khel Atarai,33.91476,71.44587
Kamran,34.26911,71.93225
Kamranabad,34.13735,71.78921
Kamranai,32.04574,69.47465
Kamsai,35.29781,71.66508
Kamshai,36.13378,72.47083
Kamsheri,33.80804,70.81563
Kamshir Kile,34.42294,71.34071
Kamu,35.11734,71.67213
Kamu Gali,34.15566,72.87068
Kamyarai Banda,34.93083,72.20458
Kamyori,34.908,72.22345
Kan Chhojari,34.69199,73.23933
Kan Khun,36.82687,73.11017
Kana,34.89936,73.11868
Kana,34.93333,72.96071
Kana Khel,32.83917,70.61528
Kanaba,34.86388,72.60143
Kanadaogai,34.98475,72.31856
Kanai Utror,35.49763,72.4661
Kanait,34.38331,73.18676
Kanaj,35.50535,72.50691
Kanake,33.92189,70.2099
Kanarian,34.1585,73.35878
Kanarrai,34.61025,71.91276
Kanatai,35.08015,72.30349
Kanater,34.78652,72.61066
Kanati,35.05002,72.31412
Kanauri,32.07052,70.52889
Kanautri,34.60276,72.98279
Kanautri,34.50615,72.99047
Kanazai,32.22695,70.27864
Kanazai Kalle,32.56826,70.30009
Kanazai Sheikhan,32.26897,70.28771
Kanba,34.74063,72.67078
Kanbela,34.67445,72.70127
Kand,33.0759,70.33413
Kand,35.00709,71.55873
Kand,34.17117,73.0536
Kand Karoshk Ghari,35.97465,71.46248
Kand Kili,32.56757,70.36249
Kand Kurru Goshti,36.09584,71.2905
Kand Saiyidan,34.90205,72.86137
Kand Wala,34.71235,71.63658
Kanda,35.02996,73.19663
Kanda,33.87088,70.16569
Kanda,35.0502,72.63995
Kanda,35.14861,72.5625
Kanda,35.02602,72.72181
Kanda,33.82564,70.01231
Kanda Karak,33.09645,71.11246
Kanda Kua,34.60552,71.88924
Kanda Mama Khel,32.89274,70.26734
Kanda Saraj Khel,33.02361,71.09403
Kandab Banda,34.39524,72.6595
Kandah Khel,33.07511,71.2591
Kandai,34.50302,72.86796
Kandai,34.23437,71.58734
Kandai,34.72685,72.74844
Kandai,34.16417,71.67149
Kandai,35.03691,72.36434
Kandai Kalle,34.20468,71.59627
Kandail Shai Banal,35.72391,72.64369
Kandak,34.62557,72.18954
Kandal,34.05794,73.06356
Kandali,33.54501,70.95855
Kandao,35.42763,73.1914
Kandao,35.32959,71.64962
Kandao,33.16981,71.39741
Kandao,34.48444,71.24611
Kandao,34.9207,72.25357
Kandao,34.89248,71.78564
Kandao,35.28759,72.05487
Kandao Baba,34.48709,72.47353
Kandao Banda,35.20585,72.96675
Kandao Banda,34.77659,72.55529
Kandao Banda,34.98293,72.51348
Kandao Banda,35.05434,72.83298
Kandao Banda,35.08499,72.71895
Kandao Banda,34.65369,72.6068
Kandao Banda,35.04062,72.70083
Kandao Barit,35.175,72.22075
Kandao Kelle,34.44996,72.0103
Kandao Khel,34.1068,71.14014
Kandao Korouna,34.85777,72.52824
Kandao Patai,34.42275,72.61518
Kandao Unah,34.87724,72.03396
Kandaogai,35.02356,72.66071
Kandaona,34.83456,72.83179
Kandar,34.44043,72.82254
Kandar,34.57827,72.98724
Kandar,34.88969,72.49009
Kandar,34.94802,71.83152
Kandar,34.41867,72.65137
Kandar,34.05776,71.72491
Kandar,34.69103,72.80077
Kandar,34.62482,72.63333
Kandar,34.11178,73.15297
Kandar,34.10056,71.705
Kandar,34.66205,72.60262
Kandar,34.21138,71.6336
Kandar,34.34376,73.00402
Kandar,35.01119,72.35041
Kandar,34.46281,73.2726
Kandar,34.48056,72.7555
Kandar,35.01675,72.32154
Kandar,34.19172,72.55702
Kandar,34.8231,71.8243
Kandar,35.01656,72.76216
Kandar,33.5466,71.83559
Kandar,35.27694,72.60083
Kandar,34.35902,72.66968
Kandar,34.42095,72.70165
Kandar,34.94518,71.90685
Kandar,34.39128,72.72997
Kandar,35.12556,72.395
Kandar Banda,34.72257,72.50264
Kandar Banda,35.04663,71.75225
Kandar Raghzai,32.59409,70.29037
Kandarai,34.21273,71.80417
Kandarai,34.16891,71.96221
Kandaray,34.24403,72.0408
Kandaray,34.58423,71.92098
Kandare,34.0331,72.00379
Kandare,34.20892,71.85061
Kandare,34.30524,72.17796
Kandari Shahi,35.6452,72.17883
Kandaro,35.04375,73.30491
Kandaro,34.83903,71.5687
Kandaro,34.75642,71.59759
Kandaro,34.63986,71.8611
Kandaro,34.87021,72.62314
Kandaro,34.14741,72.48398
Kandaru,34.49645,72.95268
Kandarwala,32.90361,70.73389
Kandaurgai,34.867,72.93377
Kandaymar,35.40218,72.59262
Kande Kalle,33.1294,70.63318
Kande Star Kalle,33.68458,70.82014
Kandero,35.23407,73.09099
Kandezar,33.72937,70.30109
Kandhar,34.13595,72.99601
Kandharo Kalle,34.27999,71.9465
Kandheri,35.72707,71.96013
Kandi Bosat Khel,33.9645,71.60923
Kandi Dheri,34.02882,71.66981
Kandi Dilawar Khan,34.02538,71.67057
Kandi Kalle,33.30047,70.86146
Kandi Taza Din,34.00433,71.75793
Kandiala,34.22515,72.95923
Kandiala,34.75293,73.51467
Kandian,34.72449,73.52845
Kandiaran,34.743,73.68787
Kandisar,35.69103,71.67042
Kando,35.01136,71.84588
Kandogai,35.19834,72.90023
Kandoli,34.65574,73.05754
Kandoli Banda,33.5133,71.19566
Kandon Last,35.98672,71.62975
Kandona,34.05125,72.81169
Kandor,33.32932,73.62765
Kandora,34.94359,73.7765
Kandora,34.77696,73.64413
Kandori,33.79908,71.42588
Kandow Jabbar,35.1469,72.02819
Kandowala Morah,34.71378,72.43884
Kandrai,35.03359,72.44586
Kandriola,34.38361,73.40612
Kandro,34.65417,72.10672
Kandro,35.08921,72.15866
Kandro Sar Banda,35.19538,72.47491
Kandro Shah,34.77659,71.99724
Kandu,33.87369,70.53265
Kandu,34.67864,71.69258
Kandu Khel,33.07443,71.24269
Kandujal,35.97653,71.56878
Kandwalai,34.56169,71.07764
Kane Wam,31.59163,70.19388
Kanei,34.79986,72.9918
Kaner,34.31321,72.83499
Kaneri,34.28071,72.812
Kanga,34.61609,73.38201
Kanga,35.22105,72.56491
Kangalai,34.74954,72.45556
Kangalai,34.31738,72.57704
Kangalkot,34.61819,72.68569
Kangan Doga,34.30103,72.94901
Kangane,33.72161,70.88153
Kangar,34.40566,72.59206
Kangar,34.44609,72.95368
Kangar,33.95682,73.27179
Kangar,34.46343,73.31877
Kangar,33.92254,73.28193
Kangar,35.17496,72.31364
Kangar,34.1493,73.01638
Kangar,34.34044,73.02808
Kangar Bala,34.21268,73.01898
Kangar Maira,34.45691,73.17197
Kangar Maira,33.89815,73.2154
Kangar Tarla,34.21469,73.01201
Kangariani,34.25252,73.05007
Kange,35.32533,73.19233
Kanglu,35.47032,73.15625
Kangra,34.61444,71.42924
Kangra,33.96617,72.87786
Kangra,34.20067,71.60309
Kangra Mohri,33.10602,73.68237
Kangrai,34.59475,72.98644
Kangran di Mori,34.3042,73.21573
Kangrani,34.27476,73.01951
Kangriala,34.36791,73.06058
Kangrochha,34.26686,72.77669
Kangrora,34.1813,73.02228
Kangu,34.56611,72.97091
Kangur Banda,34.45983,73.07404
Kanhal Khurd,34.49648,72.84495
Kanhar,34.48942,72.84731
Kani,34.81121,72.35568
Kani Kot,34.18933,72.92835
Kani Rogha,32.9614,69.80164
Kanial Mor,33.93547,73.15426
Kanian,34.63341,73.27181
Kanian Baba Talao,33.94583,71.75365
Kaniar,33.49473,73.64904
Kaniaran,34.77473,73.63945
Kaniat,33.93919,73.01065
Kaniatan,33.94153,72.8407
Kaniga Ziarat,33.08807,69.95968
Kaniguram,32.51888,69.78658
Kanila,33.4958,73.62953
Kanila,35.25789,73.26739
Kanji Kasi,34.1071,72.85182
Kanjka,33.15167,71.7457
Kanjra,34.67115,72.62606
Kanjra Kandao,34.70377,72.70169
Kanjrai,34.71415,73.05358
Kanju,34.49196,72.7656
Kanju Khor,31.44139,70.85611
Kankali,34.59809,73.57245
Kankar,34.67104,72.728
Kankara,34.45629,71.61391
Kanke,33.03733,69.61302
Kankola,34.07549,71.62641
Kankor Shal,35.8782,71.48228
Kankuai,34.4056,72.50999
Kankur Banda,34.49601,73.08269
Kanok,34.6026,73.25607
Kanonch,34.52465,73.37633
Kanpur,34.28344,71.67896
Kanr,35.51308,73.08047
Kanr Dheri,33.81383,71.62274
Kanra,34.5667,71.30567
Kanra China,33.40085,70.70409
Kanrah Khel,33.86593,71.98286
Kanrai,34.48266,72.85499
Kanre Kuna,33.6082,70.91143
Kanri,35.50939,73.11738
Kanrian,34.37791,73.1267
Kanro Dheri,34.1406,71.44625
Kanro Kalle,34.29042,71.70029
Kanro Kili,34.55484,71.44728
Kansair,34.89384,71.46539
Kansh,34.53283,73.40241
Kanshai,34.75305,72.992
Kanshgran,34.86013,73.0821
Kanshi Colony,34.89767,72.86666
Kanthiar,34.32359,73.22144
Kanthli,34.26316,73.40332
Kanty,33.31535,73.6142
Kanusht,35.79739,71.65533
Kanzirai,32.48361,69.82111
Kao,34.55826,71.06933
Kao Khulla,32.64361,69.69806
Kao Khwar,35.1347,72.31593
Kaorai,35.03762,72.71652
Kapa,33.84859,70.86988
Kapar Banda,35.50585,73.13475
Kaparai,34.33616,72.77687
Kapardap,33.72543,70.5433
Kapir Banda,35.12555,72.65157
Kapir Banda,35.0838,72.71125
Kapla,34.30229,72.74276
Kapo Bānda,35.13917,72.32028
Kappi Gali,34.58884,73.36997
Kaptan Kalle,34.05938,71.47083
Kar,35.0367,72.6767
Kar,35.45247,73.13825
Kar,35.18809,72.44463
Kar,34.77014,71.66417
Kar,34.94182,72.83983
Kar,34.43131,72.66641
Kar Baihk,35.79011,73.15509
Kar Banda,35.29472,72.17706
Kar Banda,35.44296,71.93134
Kar Banda,35.39893,71.89571
Kar Banda,34.9428,72.16126
Kar Banda,35.26742,72.52507
Kar Bandni Khel,32.44535,70.85808
Kar Bela Banda,35.20378,72.77917
Kar Jangai,34.79309,72.01466
Kar Kanar Kalai,31.71605,70.04366
Kar Kandi,34.61445,71.92385
Kar Kumai,33.36548,70.67343
Kar Maira,34.42162,72.60035
Kar Mela,33.72435,70.87373
Kar Takae,35.26651,72.48946
Kar Taugi,32.27815,69.88706
Kara,34.54496,73.37455
Kara,34.56233,72.64045
Karab Kalla,32.95165,70.88961
Karachh,34.13584,73.01601
Karachh,33.9923,73.20875
Karachi Development Authority Colony,33.13291,71.15756
Karah Kalle,34.08952,72.10163
Karahai,31.58129,70.02776
Karai,32.26528,69.5475
Karai,32.93937,70.48242
Karai,34.89669,72.98907
Karai Banda,34.97602,72.75675
Karai Jihar,36.27137,72.27566
Karai Kalle,32.85434,70.36512
Karain Banda,35.08934,72.28742
Karair,34.50311,71.22273
Karait,35.59598,72.52525
Karaiza,34.08029,71.51756
Karak,33.11633,71.09354
Karak,34.43828,72.73586
Karakai,32.79903,69.72329
Karakal,35.02412,72.32197
Karakar,34.42021,73.13407
Karakar,35.16196,71.66105
Karakar,35.02326,71.79813
Karakhela,33.88635,70.02225
Karal Banda,34.92657,72.74228
Karalo,34.95684,72.5572
Karam,34.50602,72.96004
Karam,32.49473,69.59444
Karam,32.54581,69.79549
Karam,31.51706,70.11765
Karam Gali,34.38331,72.91679
Karam Hezai,31.55474,70.06705
Karam Kale,32.61934,69.49071
Karam Kalle,33.00479,70.74184
Karam Kalle,32.88924,69.61122
Karam Khel,32.15806,69.595
Karam Kot,32.97654,70.23762
Karam Raghzai,32.75115,69.52273
Karama,32.5045,69.83836
Karamar,34.66766,73.06136
Karamar,35.15478,72.66418
Karamar,34.85349,71.95719
Karamar Banda,35.2496,71.95334
Karamat Karuna,34.23881,71.79149
Karamgai,32.48889,69.62639
Karamna,34.02156,71.16698
Karan,34.11274,73.03682
Karangai,32.41468,70.04042
Karangai,33.14787,70.20442
Karange Kar,34.89079,72.5115
Karango,35.39857,73.07861
Karankha,33.77823,70.5255
Karanzu Lasht,35.32702,71.57173
Karao,35.39139,72.9387
Karapa,34.48874,72.4646
Karapa,34.85245,71.6636
Karapa,34.29424,71.53779
Karappa,33.34531,71.30721
Karappa,33.62286,70.86552
Karapt,35.15938,73.72845
Karara Saiyidan,33.3705,73.69809
Karararing,35.72917,71.61111
Karas,35.48029,72.95081
Karat,35.13431,73.0684
Karati,34.09164,73.32445
Karazai,34.4436,72.66605
Karb Kot,32.24083,69.65667
Karbadai,35.09021,72.09874
Karbej,35.1812,72.98031
Karbelo Bhek,35.52641,72.90048
Karbogha,33.35091,70.77225
Karborah,35.13032,71.72393
Karborai,34.98816,71.74555
Karborai,35.15949,71.80002
Karborai,34.63359,72.9849
Karborai,34.94269,71.60623
Karborai,34.69283,71.33273
Karchh,34.08268,73.07407
Kard Dheri,35.36297,72.27321
Karde Khel Kalle,32.60182,70.34499
Kardial,35.14344,72.6291
Kare,34.70708,72.8023
Kare Raghzai,33.1661,70.13596
Karegar,33.62813,71.67886
Karegar Mela,33.6785,71.54603
Karegar Mela,33.56981,71.6832
Karen,35.57041,72.42275
Karenti,34.11301,72.80974
Karer,34.25681,73.15524
Karerai,34.17184,71.40259
Kareray,34.12401,71.63323
Kareri Mullah Kili,34.29278,71.70528
Karez,33.71194,71.07728
Karez Kalle,32.28317,69.44265
Karezgai,33.93738,70.07393
Karezo Shah,34.61322,71.21898
Karg,34.76364,72.9401
Karga Khulla,32.65412,70.23201
Kargah,34.95888,71.86814
Kargal,35.22311,71.9723
Kargarai,34.78303,72.9524
Kargha,34.57084,71.4333
Karghal,31.68237,70.06765
Karghan,33.78971,71.02693
Karghano,34.86366,72.63519
Karghano Kalle,34.37745,71.62542
Karghar,33.74376,71.06751
Kargin,36.34914,72.60917
Kargin Dheri,33.77298,71.64044
Kargrai,34.76661,73.0297
Kargu Kalan,34.17706,73.08765
Karh Banda,35.66646,72.05689
Karhaki,33.93937,73.1439
Karhaki,33.94106,73.15244
Kari,35.91609,71.84808
Kari,33.88861,73.29166
Kari Dhand,32.87078,70.98413
Kariala,34.21278,73.32214
Kariala,34.26645,73.17866
Kariali,34.53301,73.2727
Kariali Gali,34.54128,73.26843
Karian,34.53951,73.26255
Kariana,34.16486,71.53119
Kariankot,32.27639,69.55954
Karidu Ghari,36.42757,72.34449
Karigar Kili,34.11419,71.16557
Karigaro,33.73027,70.58116
Karigaro Kalle,33.66678,70.49564
Karikian,34.24488,72.91761
Karim Dad Kot,33.73737,70.5642
Karim Darra,34.56513,71.59878
Karim Kalle,34.34647,71.96426
Karim Khan,32.83578,70.69366
Karim Khan,32.96621,70.58445
Karim Khan Kalle,32.28245,69.57367
Karim Khan Tarkhan Wanda,32.1892,70.88692
Karim Khel,32.13949,69.6837
Karim Khel Banda,32.85,71.05
Karim Kot,32.39359,69.47717
Karim Masai,33.72413,70.67302
Karim Wanda,32.1321,70.90106
Karimabad,34.02834,71.45313
Karimabad,33.97497,72.93624
Karimabad,34.0575,71.51267
Karimabad,34.03417,72.10537
Karimabad,34.33104,72.0221
Karimai Manrai,32.34972,69.47722
Karimi Banda,32.22333,70.80306
Karimo,34.3902,71.70058
Karimo,34.39393,71.71591
Karimshai,35.21596,72.60719
Karin,34.583,72.57911
Karin,34.7354,72.61311
Karin,35.09321,73.02965
Karin,34.7631,72.78324
Karin,34.6764,72.69541
Karin,35.44752,73.11862
Karin,35.10554,73.03468
Karin Kandao,34.36167,72.42085
Karina,33.64795,70.81071
Karinda,34.71157,72.75108
Karini,34.8954,72.96833
Karinuna,34.56914,73.03514
Karinuna,35.09464,72.38424
Karinuna,34.96907,71.54431
Karirosam,33.30295,71.46046
Karital,33.75303,70.94383
Kark,32.41401,69.46973
Karka Saiyidan,34.33347,73.08655
Karkabanj,34.91372,72.09259
Karkai,34.65201,71.72338
Karkala,34.40747,72.88716
Karkala,34.334,73.17943
Karkala,34.24542,72.94
Karkan,36.60356,72.90706
Karkan Wam,31.74118,70.07964
Karkana,34.82885,73.56148
Karkana Khel,33.2244,70.77281
Karkanai,34.67764,71.19647
Karkanai,32.53556,70.15194
Karkanai,32.80015,70.20597
Karkanai Dhera,34.28645,72.36361
Karkanci,34.52987,71.25695
Karkand,34.88712,72.97508
Karkand,34.10155,72.09736
Karkandai,34.94043,72.50432
Karkane Banda,34.35946,72.07346
Karkani,34.20498,71.63107
Karkani,34.74532,71.30892
Karkani Mian Nur Din,32.67406,70.48419
Karkano Kalle,34.5111,71.2633
Karkanobag,34.21739,71.22338
Karkanr Mela,31.77831,70.00588
Karkanrai,33.77701,71.24265
Karkanwam,32.76529,70.31984
Karkar,35.13726,71.63666
Karkarina,33.16544,70.85396
Karkinosam Talao,33.54133,71.63565
Karla Banda,34.43523,72.89791
Karlan,34.11563,73.08128
Karlo Banda,35.1296,72.88934
Karlon,34.11772,73.04946
Karmadan,33.74582,70.80618
Karmai Kalle,34.80123,72.11278
Karmai Korum,31.49449,70.13141
Karmang Bala,34.55742,73.17392
Karmang Bela,34.53016,73.18819
Karmang Pain,34.5339,73.19664
Karmar,34.27318,73.1079
Karmatti,34.19549,73.14439
Karmo,34.34227,72.78423
Karmu,34.82192,71.75573
Karmun Khel,32.44901,70.65832
Karna,34.50655,72.76874
Karna Khel,33.91406,71.31932
Karnada,34.71719,72.74456
Karnol,34.38722,73.38045
Karo,36.18421,72.10337
Karo Baihk,35.05719,73.6417
Karo Bela Banda,35.14918,72.23088
Karo Kalle,34.20623,71.51532
Karo Sar,35.17648,73.39385
Karo Sar Kurona,35.09359,73.13504
Karocrang,35.47721,73.39794
Karoi Gologh,36.27738,72.30675
Karor,34.46329,72.80401
Karor Kas,32.5282,69.80314
Karorai,34.71709,72.59944
Karori Bala,34.38756,72.95175
Karori Kalle,33.25108,71.53444
Karori Miana,34.38868,72.94631
Karori Pain,34.39764,72.94551
Karoste Kandao,33.88379,70.52876
Karpa,34.70281,72.41648
Karpachi,33.93636,70.10101
Karpat,35.066,72.1355
Karpat,34.90845,72.06069
Karpuran Kili,33.87027,69.9868
Karra,34.80463,73.03809
Karram Bakht,36.12722,71.57836
Karrang,35.47708,72.96353
Karri Waruki,32.27719,70.34737
Karru Banda,34.57926,72.369
Karshat,34.97947,72.74756
Karshat,35.09141,72.73343
Karshkai Kalle,33.04592,71.00254
Karu,35.68255,71.79559
Karu-e-fahyan Tek,35.93433,71.52769
Karuki Banda,32.86991,71.05065
Karun Kalle,34.31001,71.67121
Karuna,34.05275,71.58379
Karurai Banda,34.94987,72.60104
Karwai,34.52426,72.88297
Karwala,33.9608,73.12238
Karwalano Banda,35.23245,71.94167
Karwali,33.77827,73.01282
Karwanda,34.60323,71.11743
Karwanda,32.79773,69.81605
Karwanzai,34.54133,71.15391
Karwar,34.69955,73.0042
Karweshnar,33.91159,70.29166
Karzun Dheri,33.77083,71.60531
Karāpe Bānda,34.44722,72.57639
Kas,34.08812,72.58896
Kas,34.78348,72.49464
Kas,35.16437,71.71294
Kas,35.12353,72.61934
Kas,34.97038,71.89128
Kas,34.99847,72.63548
Kas,34.52889,72.71601
Kas,34.99084,71.75218
Kas,35.1477,72.53893
Kas,33.97044,69.9365
Kas,35.01593,71.81814
Kas,34.96664,72.03661
Kas,35.21096,71.88091
Kas,35.00759,71.78395
Kas,35.16977,72.03393
Kas,35.16794,72.17705
Kas,35.03602,71.83428
Kas Baliamin,33.5709,70.29841
Kas Banda,35.63823,72.40312
Kas Banda,34.88556,72.80041
Kas Banda,34.4009,72.31632
Kas Chapar,34.99292,72.01466
Kas Gaon,34.18996,72.45851
Kas Jaimal,32.81583,70.61139
Kas Kalle,34.40688,71.81666
Kas Kalle,34.80562,72.10017
Kas Kalle,33.031,70.55345
Kas Kaoruna,34.27644,71.68513
Kas Kerwan,34.84781,71.40442
Kas Khet Bar,34.85559,73.23625
Kas Khwar,34.83305,73.11566
Kas Kizar Kalle,33.72553,70.82094
Kas Koruna,34.18471,71.43409
Kas Koruna,34.31708,71.61832
Kas Koruna,34.18953,72.46793
Kas Koruna,34.22043,72.04021
Kas Koruna,34.51091,72.37918
Kas Kot,34.48236,72.11094
Kas Mela,33.96608,70.05259
Kas-Pul,34.67119,72.99269
Kasa,32.50103,70.2009
Kasa,32.3267,69.99792
Kasa,32.663,70.34798
Kasa Langar Khel,32.53507,69.82066
Kasadan,34.7045,73.2795
Kasai,35.06739,71.55659
Kasai,34.79359,72.2068
Kasai,34.84206,73.05835
Kasai,34.43741,71.58311
Kasai,35.04666,71.66897
Kasai Kile,34.37164,71.35158
Kasakki Kalan,34.13811,73.14199
Kasakki Khurd,34.14265,73.1499
Kasala,34.04777,73.31817
Kasana,35.0279,72.07637
Kasaniara,34.7028,73.27675
Kasba,34.70259,71.47244
Kash Kot,34.7171,71.98845
Kasha,32.51867,70.02558
Kasha,33.61021,71.04753
Kashancol,35.75097,72.01166
Kashanka,35.10527,72.59318
Kashankad,35.10835,72.59246
Kashe,34.66588,73.51469
Kashi Kor,34.17673,71.41641
Kashifabad,34.00021,71.50951
Kashindai,35.68908,71.93355
Kashka,34.0253,73.15
Kashkar Banda,34.87029,72.20132
Kashkarai,35.25679,71.85879
Kashkaro Dab,35.46732,71.92721
Kashkin,35.65878,72.13053
Kashmanja,36.8117,73.2064
Kashmir,34.30573,71.80122
Kashmir,32.97972,70.97222
Kashmir Daredariz,32.87116,70.58429
Kashmir Kalle,34.79601,72.15007
Kashmir Khan,32.87707,70.58385
Kashmir Khel,32.92933,70.27968
Kashmir Pani,34.27828,73.00382
Kashmirabad,34.28561,71.82767
Kashmirai,35.06875,72.15085
Kashmiri Kalle,34.38967,72.0104
Kashor,34.96327,72.98096
Kashora,34.84167,72.55694
Kashora,34.77475,72.88933
Kashtara,34.43172,73.36289
Kasiat,35.35377,73.29957
Kasilan,34.01784,73.17754
Kaskai,35.16249,72.21173
Kaskai,33.9393,70.07243
Kaskai,33.0463,69.62579
Kaskai,35.03557,71.97145
Kaskai,32.27313,69.5601
Kaskai,32.5902,69.99358
Kaskai,32.68519,70.01679
Kaskandao,34.95201,71.89865
Kaskhwar,34.91337,73.19437
Kaski Abba Khel,32.83806,70.57222
Kaski Banda,33.31752,70.87455
Kaskoto Kalle,34.9103,71.67286
Kaso,35.19068,71.91194
Kaso,34.79564,71.98488
Kasona,34.8168,72.56411
Kasorian,33.98417,73.24702
Kasradat Baihk,35.43106,73.70348
Kassab,33.43853,71.86721
Kassi,34.63241,73.38784
Kassi Banda,32.81218,71.04312
Kastbiok Zhok,35.21476,73.40765
Kaster Banda,32.85402,70.9821
Kastora,34.83471,73.2351
Kasu,34.97136,71.981
Kasuna,34.32561,71.99548
Kasuna,35.03654,72.13285
Kasuna,35.22078,71.90292
Kasuno,35.12153,71.93056
Kasurrai,34.5185,71.37635
Kat,35.46945,73.00594
Kat,34.81574,72.7134
Kat Banda,35.39952,72.29172
Kat Belao,35.25664,72.83914
Kat Belu,35.50977,73.17216
Kat Jhok Tahir,31.72167,70.86889
Kat Kalla,34.55923,72.35514
Kat Shahani,31.72993,70.85466
Kata Banda,35.13755,72.95497
Kata Kanre,33.78663,71.23425
Kata Kushta,34.05343,71.25001
Kata Purta,35.2053,71.9645
Kata Serai,33.70326,70.55426
Katabol,34.48544,71.87958
Katagai,35.45621,71.72253
Katagal,35.45439,71.7075
Katai,34.35847,72.66371
Katai Kalle,32.9183,69.74398
Katai Shal,34.72778,71.68788
Katakkian,34.13452,73.18473
Katakot Maghabi,34.4145,72.61308
Katakot Mashriqi,34.41517,72.60372
Katan,34.70366,71.82222
Katan,34.71959,71.81277
Katan,34.62046,72.59785
Katan,34.80804,72.71606
Katan Banda,35.60345,72.27449
Katao Awar,35.36999,71.88753
Katapro,34.75763,71.57674
Katar,34.35377,71.39081
Katar Dheri,34.24167,72.275
Katarian Baihk,35.09351,73.94278
Katasang,33.88385,70.20213
Katasar,34.81322,71.71898
Katasar,34.35001,71.40117
Katasar,34.58964,71.27188
Katbano Kalle,34.37846,71.84888
Katbanoai Kale,35.41851,72.03039
Katbelu,35.52231,73.06915
Katchkai,33.2066,70.50456
Kategam,35.03269,71.96745
Katehra,33.96884,72.67031
Katen Bala,35.14353,72.0226
Kater,35.37369,71.95284
Katgala,34.71586,71.9821
Katgalai,34.74714,71.71787
Katgarh Banda,33.3711,70.97656
Katgiran,34.26953,73.02188
Katha,33.93848,73.25557
Katha,34.90714,73.66688
Katha,34.81722,73.58178
Katha,34.66838,73.47638
Katha,34.61286,73.27575
Katha Amlok,34.46266,73.11926
Katha Bisa,34.69085,73.21521
Katha Dobandi,34.39358,73.35007
Kathai,34.52334,73.08466
Kathar,33.42167,73.63386
Kathewala,32.24661,71.09339
Kathgarh,32.15128,71.02194
Kathiali,34.5863,73.51345
Kathwal,34.19363,73.31423
Kati Baihk,35.76977,72.73991
Kati Khel,32.95339,70.88495
Katia,34.80395,72.68494
Katia,34.16053,73.40323
Katira,32.89259,70.19951
Katira,32.88725,70.21401
Katira,32.93138,70.3046
Katiyar,34.87883,72.24408
Katkai,34.45988,72.85392
Katkor,34.80281,72.72211
Katlang,34.35579,72.08084
Katlian,34.22973,73.42195
Katnali,34.12878,73.03093
Katoro,35.1324,71.72865
Katosar Banda,35.00942,72.48511
Katoz,34.65354,72.72384
Katozai,34.28185,71.59866
Katpatai,34.94649,71.81465
Katraon,35.40425,72.93947
Katras,33.45546,73.71877
Kats,33.73999,70.7839
Kats,35.0327,72.0799
Kats,34.85927,71.40778
Kats,32.52373,69.40217
Kats Kai,32.36639,69.90889
Katsa,33.57448,70.99882
Katskai,34.85589,72.06016
Katskai,32.51472,69.44556
Katskai,32.50608,69.85808
Katskai,32.62929,69.93153
Katskai Astonai,32.585,69.88667
Katskai Saidan,32.5004,69.98899
Katta,34.78022,72.75725
Katta Kanre,33.78371,71.28175
Katta Khat,34.31452,72.18942
Katta Khel,33.69426,71.29842
Katta Ruppar,33.87813,73.1999
Kattah Khel,32.3624,71.05954
Kattah Khel,32.44996,70.9734
Kattawaz Kalle,33.02945,70.81042
Katti Garhi,34.34341,72.00507
Katti Miana,33.92826,72.20353
Kattikhel,33.88314,71.97152
Katurai Narai,32.50111,69.62344
Katway,34.6116,71.70327
Katāmīr Wazīr,32.84944,70.95083
Kauchi Koruna,34.22116,72.04472
Kauda Khel,34.17215,71.85787
Kaudai,34.34917,71.71898
Kaudare,34.22791,71.94286
Kauge,35.33569,73.26016
Kauna Ghazni Khel,32.54508,70.74752
Kauntara Kalle,33.32755,70.40057
Kaura,34.71948,73.22848
Kauri Hot,31.56255,70.5225
Kauri Jamal,31.55492,70.54738
Kauru Khan,32.20404,70.40884
Kausar,34.72953,71.43312
Kausar,34.69549,71.34844
Kaut Khel,32.97044,70.07967
Kauti,35.40632,71.67934
Kauwala,32.22917,71.03333
Kawa,33.76721,72.20516
Kawai,34.63241,73.44407
Kawai Raghzai,32.61917,70.33972
Kawal Shah,32.83472,70.70167
Kawara,33.79975,70.70153
Kawarai,34.9375,72.36833
Kawari,33.84899,71.97416
Kawaro,34.41542,71.57387
Kaya,34.1893,72.80817
Kayal,35.18439,73.03264
Kayu Banda,35.51317,72.05493
Kaz Gunaguz,35.29511,72.591
Kaza Ghala,34.43392,72.08158
Kaza Khel,33.91423,70.8818
Kazewaia,32.24364,71.07748
Kazha,32.67688,70.01473
Kazha,32.51659,69.92317
Kazha Kats,32.5626,69.96792
Kazha Nashtar,32.74222,69.76944
Kazha Patai,33.0513,69.61755
Kazha Punga,32.24646,69.42085
Kazha Punga,33.08947,69.59841
Kazhagai,32.52128,70.24841
Kazhakai,32.55332,69.8237
Kazhakas,32.42186,70.03471
Kazhamisht,32.73102,69.84085
Kazhe,31.84119,69.98256
Kazhikai,32.56319,70.02497
Kazim Khan,32.75195,70.72315
Keba,35.31491,72.61571
Kech,32.00773,70.88136
Kechi Kamar,32.66257,70.98149
Kedam,35.24806,72.58557
Kedam Bala,35.26243,72.58753
Kehian,33.89643,73.04083
Kehri,31.45675,70.74075
Kehroch,34.04452,72.81328
Kei,35.31754,73.09891
Kekhmani,33.14899,71.6754
Kekor,35.0113,72.75367
Kelo,34.56401,72.78141
Kelu,34.62846,73.50903
Kelut Bala,35.3003,71.97759
Kelut Payan,35.29925,71.98933
Kendaogai,34.89722,72.63611
Kergah,35.4008,73.20289
Keri,33.87175,73.20527
Keri,34.18984,73.38116
Keri,34.6537,73.2272
Keri Israfali,34.02575,73.35725
Keri Raiki,34.04365,73.35471
Kerikatha,34.65582,73.22306
Kesar,32.99972,70.99972
Keshura Banda,35.44846,71.91643
Kesu,35.63449,71.80063
Ketalai,32.43825,69.86123
Kethail,35.2684,72.61815
Ketya Gar,34.66275,72.57614
Kewa,34.77722,72.68095
Kewal,34.51746,72.98301
Khaba Nar,34.85668,73.81875
Khabbal,34.15442,72.78037
Khabbal Pain,34.54618,73.03665
Khachar Pla,35.00254,72.35185
Khad,35.19316,72.65743
Khadagzai,34.63702,71.88933
Khadai Kalle,34.3189,71.7141
Khadai Kalle,34.3394,71.66337
Khadang,34.78307,72.79384
Khadang,34.53821,72.81311
Khadang,34.83754,72.49011
Khadang,35.0375,72.44583
Khadang Banda,34.69552,71.87113
Khadar Khan,34.34929,72.7077
Khadar Ziarat,32.59525,70.36886
Khadarzo Patai,34.84337,72.52903
Khaddai,32.97216,70.21442
Khaddar,32.5551,70.21474
Khaddar Khel,33.4118,71.41608
Khadezai,33.61778,71.29096
Khadgol,35.39396,72.19303
Khadi,32.95905,69.66476
Khadi,32.50028,69.85667
Khadi Dhand,34.20885,72.42284
Khadi Kalle,34.13716,71.96791
Khadi Kalle,34.28135,71.83806
Khadi Khel,34.53469,71.26194
Khadi Kili,32.49825,69.85887
Khadi Nawasi,33.77372,70.62901
Khadigai Banda,34.53697,72.80609
Khadim Koruna,34.18497,71.76995
Khadimabad,33.30677,73.636
Khadizai,33.59621,70.7488
Khadlai,34.70543,73.0797
Khado,33.90117,70.62825
Khado,34.34959,72.71831
Khado Kalle,34.46043,71.96032
Khadorai,35.04721,71.95189
Khadrai,32.94997,70.4906
Khadri,32.95802,70.19327
Khaex,34.35658,71.60945
Khagram,34.93786,72.04279
Khai,34.14353,73.48333
Khai Banda,34.1771,71.33779
Khai Kada,33.5684,70.8667
Khai Tangai,33.80584,70.35462
Khaian,34.54433,73.17085
Khaibar,32.2546,70.6072
Khaidarai,35.13924,71.92138
Khaidarra,34.59631,72.55238
Khaijurai Banda,34.72147,71.71039
Khaikh,34.42016,73.0326
Khail Qala,34.99065,73.04742
Khaimbo Ghani Khel,32.98976,69.64744
Khair Jan Ghundai,34.56479,71.07791
Khair Ke,33.75509,70.81999
Khair Maidan,34.60748,72.99016
Khair Shah,35.03211,71.76409
Khair-ud-din Kalle,33.97549,70.00686
Khaira,34.67225,73.26344
Khairab Haji Kalle,33.91586,71.2897
Khairaba,34.50079,72.99059
Khairabad,34.71826,71.47675
Khairabad,34.13721,72.29881
Khairabad,34.94831,72.349
Khairabad,33.89127,72.22533
Khairabad,34.13346,71.76296
Khairabad,33.98002,72.95381
Khairabad,35.6057,71.79976
Khairabad,35.07541,72.91154
Khairabad,34.76549,71.99262
Khairabad,34.34203,73.32349
Khairabad,35.06509,72.54758
Khairabad,34.28842,72.20999
Khairabad Banda,33.53357,71.7078
Khairabad Colony,31.85417,70.91297
Khairabad Khurd,34.4511,72.92731
Khairai,34.81884,71.59961
Khairai,33.73458,70.73101
Khairala,34.00757,73.46175
Khairan Kor,32.96667,71.01667
Khairarai,34.92849,71.99197
Khairdi,34.08605,73.2099
Khairi,32.68893,69.55249
Khairo Kalle,34.73729,71.75758
Khairpur,31.35418,70.46967
Khairu Khel,32.52564,70.60688
Khairuwali,32.15996,71.11611
Khairwa,33.98337,69.93842
Khaisana Raghzai Kili,32.38722,69.70139
Khaisare,33.89528,71.94191
Khaisari Kat Khassadar Post,32.41271,70.20722
Khaista Baba Kalle,34.45267,72.61662
Khaistaabad,33.9845,71.58253
Khait,34.60656,73.38567
Khait,34.4568,72.89457
Khaitan,34.29602,73.231
Khaizo Kalle,34.39507,71.75545
Khajamad Kili,32.71677,69.85308
Khajura Banda,34.61487,71.55972
Khajuri Banda,34.58185,71.65527
Khakharo,35.02696,72.97726
Khakhdar,35.10879,71.85647
Khakhu,34.57146,73.12595
Khakhu,34.48407,73.14038
Khakhurian,33.99341,73.43052
Khakhwala,34.08006,73.26878
Khaki,34.40814,73.12813
Khaki,32.07583,71.04563
Khaki Banda,34.38409,73.11577
Khakiwala Tomb,32.29167,71.175
Khal,35.01521,72.93494
Khal,34.89668,71.97552
Khal Mandai,34.89242,71.98312
Khalabat,34.05997,72.88963
Khalabat,34.21824,73.03458
Khalabat Township,34.02215,72.91086
Khalan,34.89776,73.10693
Khalaqdad Kalla,32.9524,70.90384
Khalarik,35.9939,71.48641
Khalboi,33.0485,70.71324
Khalfanan Dur,36.48315,72.43428
Khalhan,33.85588,73.06926
Khali,34.54004,73.40205
Khali Kalle,34.21371,72.50751
Khaliala,34.28718,73.02301
Khaliala,34.33236,73.02546
Khaliala,34.15706,73.11439
Khalian Reran,34.36819,73.11334
Khaliar,35.03663,73.13841
Khalidabad,33.16528,71.23861
Khalidabad,34.53329,73.00094
Khalidabad,34.02842,71.45926
Khalidar,34.29623,73.27998
Khalif Khel,32.93283,70.51166
Khalifa,33.79414,70.54912
Khalifa,33.54299,71.09265
Khalil,34.23056,72.35907
Khalil Mela,33.96524,70.00958
Khalil Raghu,32.3343,71.20176
Khalilzai Shor,31.8196,69.97158
Khalkarai,35.06816,72.28286
Khall Shai Banal,35.69665,72.66036
Khalli Gatti,34.80013,73.55032
Khalo Qala,34.17232,71.51807
Khalora Bala,34.18851,73.07008
Khalora Khurd,34.19091,73.07137
Khalqu da Maira,34.3253,73.04908
Khalu,34.01551,72.65069
Khalwat,33.50932,70.65093
Kham,33.9076,70.84113
Kham Bakhi,36.66958,72.57931
Kham Karu,35.97912,71.9624
Kham Kheja,31.55614,70.11753
Khamadi Kotka,33.01785,70.79679
Khamaidan Banda,32.9497,70.9655
Khamal,33.67305,70.98514
Khamari,34.28342,72.91014
Khamari Bala,34.45673,72.96191
Khamari Miana,34.45771,72.97864
Khamas,34.91885,72.30908
Khamaseo,33.89137,70.20487
Khamata,33.85045,71.13064
Khamata,32.67914,69.77079
Khamata Narai,32.68666,69.77469
Khambakhi,36.66459,72.57891
Khambar Gar,33.6431,70.85713
Khamian,34.27768,72.93116
Khamosh Colony,33.9943,71.59755
Khamrang Kili,32.51472,69.49853
Khamzai,33.94546,69.95474
Khan,33.86746,73.15179
Khan Bag Kor,34.38694,71.20864
Khan Bahadur Garhi,33.97266,71.79607
Khan Bahadur Gazi,32.96644,70.72985
Khan Baihk,34.38129,72.81605
Khan Banda,34.95443,71.73871
Khan Banda,34.59435,71.75445
Khan Banda,35.3346,71.80869
Khan Banda,33.4178,71.45618
Khan Banda,33.37952,70.6005
Khan Banjar,34.85788,72.99228
Khan Beg Khel Mela,33.92194,71.28568
Khan Bek,34.35359,72.70442
Khan Bela,34.3775,72.80444
Khan Bhari,34.93888,73.86575
Khan Dand,34.4347,72.69179
Khan Dheri,34.47458,73.28398
Khan Din Garhi,33.46781,71.61556
Khan Gabral,35.57477,72.89434
Khan Gali,34.43709,72.98078
Khan Garhi,34.23902,72.00231
Khan Garhi,34.26049,71.736
Khan Geri,34.49344,73.39807
Khan Kalle,34.34953,71.86772
Khan Kalle,33.30506,70.53406
Khan Kalle,33.97824,71.68604
Khan Khei,32.78328,70.78854
Khan Khel,32.55295,69.72893
Khan Khel,32.58506,70.52419
Khan Khel,32.33254,71.22607
Khan Khel,34.08347,72.54848
Khan Khel,32.53441,69.72289
Khan Khel,32.54495,70.52221
Khan Khel,32.84839,70.55513
Khan Khel Koruna,34.03381,72.11896
Khan Khel Mandazai,32.71647,70.62749
Khan Khel Sarkha,34.14142,71.42997
Khan Khelan,32.75906,70.7683
Khan Khelan,32.76466,70.76619
Khan Kol,33.80792,72.15407
Khan Korona,32.68227,70.67714
Khan Kot,34.02533,73.44994
Khan Kot,32.61198,70.76618
Khan Kot Qilla,32.0583,69.33273
Khan Mahi,34.22526,71.8749
Khan Mahi,34.15805,71.88571
Khan Malkot,34.00213,73.44563
Khan Mir Kalle,34.29514,71.72541
Khan Mir Kili,33.69938,70.66991
Khan Muhammad,33.33009,70.60289
Khan Muhammad Kalle,32.64615,70.52857
Khan Muhammad Machine,34.39144,71.86062
Khan Pur,34.48797,73.26215
Khan Pur Maira,34.49091,73.26597
Khan Rokhan Kalle,34.0825,72.04099
Khan Sahib Qala,34.07888,71.84198
Khan Sar,35.10997,72.88328
Khan Sardar Kalai,32.81914,70.76955
Khan Shah Mela,33.96892,70.00635
Khan Sher Garhi,34.01344,71.80059
Khan Shirin,32.86708,70.74232
Khan Sida,33.90954,70.21551
Khan Silai,34.61271,71.62434
Khan Suba Landidak,32.85123,70.62417
Khan Torai,35.25609,73.24277
Khan Zad Mughal Khel,32.87669,70.73833
Khan Zada Koruna,34.22821,72.05288
Khan Zaman Kili,33.02005,70.61864
Khan Zamir Banda,34.41826,72.11602
Khan ka Deri,35.0443,74.0165
Khan ki Gali,34.14429,73.08282
Khana,34.15396,72.13448
Khana Banda,35.09391,72.81953
Khana Dheri,34.29342,72.31102
Khana Malik Lai Khan,34.17414,73.45435
Khana Sharif,31.60674,70.74732
Khana Woz,32.90944,70.83917
Khanabad,34.97703,72.47399
Khanabad,34.15041,71.58203
Khanabad,35.28157,71.85136
Khanai,33.94762,70.05496
Khanakai,34.98521,71.73998
Khanaki Kili,34.2136,71.174
Khanan Banda,34.93929,73.12163
Khanan Garhi,33.71072,71.08022
Khanano Dherai,34.4201,72.66572
Khanano Kalle,33.68233,70.32709
Khanano Sarai,34.74641,71.91709
Khanati Koruna,33.32514,70.61055
Khand Giran,34.36256,72.89522
Khand Post,32.21937,69.29908
Khanda,34.54928,73.33678
Khanda,34.76484,73.31101
Khanda Banda,34.77795,73.30059
Khanda Khu,34.29704,73.04807
Khandai,35.01463,71.82996
Khandak,34.58242,71.33024
Khandak,34.58996,71.32117
Khandako Garhi,33.59954,71.31319
Khandan,36.25218,72.2015
Khandar,34.16065,72.15851
Khandare,34.28244,72.02053
Khander,35.58201,71.97898
Khandia Baihk,35.1378,74.0458
Khandu,33.68724,70.94465
Khandun,32.96111,70.23111
Khane Talao,33.84476,71.53553
Khangah Bir Jamal Shah,33.96402,73.33067
Khangai,32.49333,69.34333
Khanghari,34.46892,71.90566
Khangipatai,34.81491,71.98089
Khanglu,34.60162,72.55068
Khangrizi Banda,32.89743,71.04678
Khani Mama Kili,34.17026,71.817
Khani Talao,33.99062,72.22706
Khani Wanda,32.22116,70.80102
Khanif Kalle,33.00305,70.59049
Khanist Ghari,35.96441,71.4323
Khanjar,34.27594,72.87452
Khanjar,34.47927,71.08858
Khanjar Kalle,34.15467,71.95424
Khanjare,34.37384,71.72816
Khank Chat,31.84329,69.97696
Khanka,34.56842,71.2273
Khankai,32.51733,69.332
Khankai,35.22296,72.57974
Khankai,35.21797,72.66409
Khankau Banda,35.3968,72.6329
Khankot Utla,34.24309,72.85416
Khannian,34.73123,73.5045
Khannk Mian Kalle,33.30313,70.76127
Khano Talab,33.58101,71.10871
Khanorai,34.49853,71.66746
Khanori,34.59831,73.3919
Khanori Sar,34.50799,71.65414
Khanpatai,34.92305,72.32098
Khanpur,34.16236,71.93382
Khanpur,34.35281,72.41197
Khanpur,34.36751,72.68344
Khanpur,32.06856,71.0457
Khanpur,33.17104,73.73576
Khanpur,34.87641,72.62787
Khanpur,34.174,72.83949
Khanpur,35.10983,71.97093
Khanpur Ajarh,34.3494,72.40065
Khanpurabad,34.04084,72.39638
Khanqah Yasinzai Sharif,32.25677,70.88424
Khanse Banda,35.56123,72.54298
Khanshai,35.60845,72.53899
Khanspur,34.02125,73.42789
Khanspur Cantonment,34.02038,73.42539
Khanu,32.19394,70.55067
Khanu Khel,32.1423,71.09315
Khanuwala,32.07581,71.02616
Khanuwala Jhugge,32.17599,71.13256
Khanwala,32.22083,71.04167
Khanzada Kale,32.66158,69.66358
Khanzod Mela,32.9,71.13333
Khao,34.13126,72.06227
Khao Banda,35.08486,72.31276
Khao Kalle,33.64919,70.4296
Khapa,34.10103,71.52
Khapi,33.37886,70.50523
Khapur Sipah,33.85035,70.86547
Khar,34.61555,71.9387
Khar,32.77685,69.69172
Khar,34.7361,71.52739
Khar Banda,34.86471,72.22022
Khar Banda,35.22793,72.93042
Khar Ghoze Khula,32.37639,69.71639
Khar Kadnai,31.64856,70.13595
Khar Kalle,33.7204,70.32964
Khar Khushta,33.70784,71.23879
Khar Tange,32.87073,69.5526
Khar Warsak,33.06822,70.07951
Khara,33.6305,70.98746
Khara China,32.4366,69.54654
Khara Manza,32.71857,69.78547
Khara Shah,34.61298,71.46945
Khara Shah,33.74585,70.48585
Kharah Warzah,32.70889,69.62278
Kharai,35.08472,72.31944
Kharai,34.76958,72.63763
Kharai Kamangara,34.70246,71.28773
Kharai Mela,33.97106,71.09202
Kharairai,34.93321,72.40506
Kharairai Cham,34.93794,72.39978
Kharak,33.1997,73.70744
Kharakai Nikka,32.55871,70.82546
Kharala,33.82372,72.96893
Kharama Toi Jaba,33.78783,70.79078
Kharan,34.18951,72.9584
Kharan,35.05389,72.54504
Kharana,34.30098,73.03212
Kharana,34.01335,70.02366
Kharandai Banda,33.20014,71.34204
Kharangi Tor Khel,33.20906,70.58008
Kharar Maria,34.36061,73.24314
Khararai,34.88785,72.54902
Khararai,34.62069,73.0282
Kharasha,34.43813,71.5382
Kharasha,33.79037,71.08206
Kharashu,33.6397,70.49469
Kharawai,35.09772,72.54574
Kharawe,34.96231,72.56397
Kharbara,33.97957,72.69196
Kharchaper,34.01014,70.00971
Khardi Khel,32.40093,71.24076
Khare Kili,32.9726,69.98185
Khare Mirzai,31.65498,70.08992
Kharegram,35.38878,71.72541
Kharesha,35.17812,72.53489
Kharg,34.83137,73.05628
Khargai,34.82569,71.91465
Khargai,34.30855,71.6114
Khargai,35.03185,73.06338
Khargai,34.98222,71.67556
Khargali,34.1032,71.09399
Khargarai,34.83558,73.06319
Khargarai,34.87454,73.14081
Khari,35.53802,72.8593
Khari,34.48518,72.99443
Khari,34.57921,73.39922
Khari Kammar,34.84851,71.41863
Khari Pattai,34.73568,73.12961
Khariala,34.37734,72.96665
Kharian,33.81666,73.15305
Kharirai,34.35089,72.7009
Kharka Daudzai,34.09836,71.66061
Kharkai,33.68189,70.96776
Kharkai,34.80158,71.66942
Kharkai,34.60057,71.48369
Kharkai,35.05632,72.26283
Kharkai,34.82172,72.01262
Kharkai,33.63162,70.68918
Kharkai,33.78339,70.73815
Kharkai,34.62732,71.43541
Kharkai,34.21347,71.65081
Kharkai,34.58225,71.8042
Kharkai,34.49486,72.01551
Kharkai,34.86569,71.41883
Kharkai,34.99884,71.5449
Kharkai Dherai,34.46781,71.94013
Kharkanai,35.04555,71.6081
Kharkanai,35.02912,71.74336
Kharkanai,35.11281,71.7445
Kharkanai,34.96623,71.78698
Kharkandala,34.42306,72.85883
Kharkano,34.73968,71.56196
Kharkano Shah,34.63216,71.19301
Kharkar,34.51353,71.88858
Kharki,33.84913,70.43181
Kharki,33.5843,70.80785
Kharkusnandeh,35.84144,71.76865
Kharlachi Kili,33.82796,69.96477
Kharlo Bhek,35.49072,72.97483
Kharlo Bhek,35.50084,72.91254
Kharmaira,34.41684,73.01148
Kharmast Khel,33.32909,70.60809
Kharmatu,33.51423,71.51292
Kharo,34.56274,72.73258
Kharo,34.98417,71.63944
Kharo Banda,35.10024,72.27784
Kharo Kili,34.87861,71.56139
Kharodar Banda,35.06015,71.81913
Kharoi Bala,35.25862,71.89802
Kharoi Payan,35.24963,71.89573
Kharora,34.23421,73.3088
Kharoti Banda,32.31462,71.09465
Kharpai,35.17404,73.59936
Kharpak,36.50543,72.53616
Kharpar,34.23945,73.0533
Kharpata Kalle,33.66535,70.24241
Kharposai,34.92484,72.12702
Kharra,32.98835,69.52747
Kharsha,33.53876,71.08377
Kharsin,32.84275,69.50259
Kharsin,33.0375,69.81806
Kharsin,33.12845,70.73338
Kharwai,35.14014,72.47157
Kharwalian di Basti,34.96683,73.97245
Kharwe,35.11159,71.68558
Kharwe,35.09649,71.63769
Kharwe,34.91981,72.48441
Kharyan,34.66262,71.28017
Kharāwai,35.08472,72.53611
Khasa,32.56167,70.22848
Khasa,33.6433,71.29895
Khasa,32.55491,70.23204
Khase Oba,33.1258,70.67885
Khashai,35.3072,73.1967
Khashkharai,35.2458,71.85745
Khasi Bhek,35.50944,72.90693
Khasrai,34.98169,72.94127
Khat Gulshanabad,34.16391,71.72446
Khat Kalle,34.22224,72.29839
Khat Kalle,34.21351,71.75483
Khat Kalle,34.00627,71.95919
Khat Kalle,34.31099,71.96394
Khat Kalle,34.3059,71.74415
Khat Kalle,34.37031,71.91473
Khat Kalle,34.20165,72.07571
Khat Kili,34.14335,71.47845
Khat Koruna,34.07882,71.67086
Khatab Kalle,34.11559,71.9944
Khatai Kalle,32.88407,69.61506
Khatakan Kotkai,33.00818,70.62748
Khatako Banda,33.36873,71.73348
Khatam Jan Kalle,34.26144,71.98243
Khatan,34.2596,72.32428
Khathainj,36.0348,71.58801
Khati,35.20138,73.57113
Khati Gol,33.98267,73.41965
Khati Ram,32.84889,70.61944
Khatin,34.54193,71.20148
Khatka Mela,33.56854,70.50485
Khatkai,34.96817,71.84385
Khatkai Sharif,34.20277,71.4175
Khatkhawa Banda,35.15988,72.31112
Khatko Kile,34.48492,71.44275
Khatkotai,34.84009,72.27702
Khator,34.66229,73.12292
Khatrel,33.19292,73.70859
Khatri Zangai,33.8816,70.30448
Khattak Banda,33.3821,70.93652
Khattak Colony,33.99358,71.98721
Khattak Derai,34.6546,72.94192
Khattak Kalle,33.0207,70.80295
Khattak Khel,32.95078,70.61006
Khattak Narai,34.25306,71.90528
Khattakabad,33.48212,71.44079
Khattakot,34.74805,71.58922
Khattar,34.06381,71.61259
Khatte Khel,33.14852,71.29635
Khatuna,34.61176,73.02579
Khatwarum Ghari,36.33941,72.33121
Khaunj,36.3438,72.35876
Khaurai,33.53708,70.52362
Khaurai,33.60923,70.60676
Khaurian,34.35118,73.01074
Khawaga,34.63192,71.48157
Khawaga Khizar,33.81744,71.21656
Khawaia Sak,33.79853,70.74897
Khawaja Khan Kili,32.33291,70.12411
Khawaja Khel,33.18033,71.23377
Khawaja Khel,33.67002,71.81044
Khawaja Khizar,33.63191,70.89357
Khawaja Khizar,33.64085,70.89927
Khawaja Khulla Banda,33.39819,71.70582
Khawaja Ki,33.61272,71.72594
Khawaja Payao,33.64131,70.72592
Khawajaabad,34.7664,72.3758
Khawajal Khel,33.82786,70.6519
Khawangi Ghakhai,33.74587,71.11427
Khawano Kili,33.69644,70.64782
Khawarabad,34.1303,72.00557
Khawari,33.90772,72.16544
Khawari,33.8127,70.5367
Khawari Banda,33.87321,72.11163
Khawarram,33.35044,70.76756
Khawarzin,32.92072,70.24627
Khawasai,32.57755,70.02504
Khawasi Banda,33.49147,71.47679
Khayest Khula,33.88699,70.80318
Khaza,33.80631,71.15811
Khaza,33.93216,70.74395
Khaza Kalle,34.09701,72.20444
Khazan Khan,32.94102,70.48771
Khazana,34.54617,71.4818
Khazana,34.96608,71.86703
Khazana,34.93636,71.65682
Khazana,34.72932,72.16889
Khazana,35.09631,71.68816
Khazana,34.71074,71.45144
Khazana,34.95401,71.78736
Khazana,34.04714,72.54346
Khazana,34.43741,71.56283
Khazana,34.79282,71.78679
Khazana Dherai,34.17138,71.94693
Khazana Kalle,34.07382,71.60675
Khazanai Banda,34.86724,72.21419
Khazane Kaskai,33.06852,69.63616
Khazanga Banda,35.03267,71.90306
Khazani Kalle,32.43582,70.44622
Khazar Manzor Ziarat,32.52593,69.79893
Khazare Selai,33.04712,69.56422
Khazera Banda,33.52118,70.87059
Khazina,33.8487,70.33694
Khazina,34.60809,71.23843
Khazina Warsak,34.60595,71.2236
Khazrai,34.82014,72.00757
Khcha Dher,34.05303,72.06124
Khebare,34.28918,71.58513
Khechi Kili,32.33573,70.1511
Khel,34.48226,73.23449
Khel,34.30745,73.06407
Khel,34.51873,72.50428
Khel Banda,34.65553,71.62261
Khelan,35.48854,72.24438
Khelkhona,34.98036,72.37112
Khema,34.81196,71.81834
Khemdarra,34.79897,72.2482
Khenai,35.04058,72.87756
Khenai,35.0191,72.87429
Khera,33.47687,73.73648
Khera Din,33.77522,70.70826
Khera Khera,32.59296,71.23488
Kherai,34.91085,72.82774
Khereri,35.03825,72.76112
Kheri,33.31174,73.64922
Kheri,34.19877,72.90244
Kheriki,33.8023,70.8227
Kherli,33.46801,73.62432
Khertai Bela Duber,35.07787,72.90919
Khesar,34.54673,72.5002
Khesari,31.66748,70.05283
Kheshki,34.17174,71.71794
Kheshki Banda,34.35186,72.33139
Khet,34.91082,72.85064
Khet,34.50444,72.97463
Khet,34.8309,73.18175
Khet,34.56217,73.28354
Khet,34.67943,73.14127
Khet,34.57914,73.00441
Khet Banda,34.67034,73.1137
Khet Sarash,34.57536,73.33572
Khetair,34.6024,73.45661
Khetan,34.63572,73.38049
Khetar,34.6235,73.28588
Khetar,34.17598,73.38785
Khetar,34.63465,73.53837
Khethian,34.53453,73.21932
Khethran,33.79937,73.06757
Khetor,34.239,73.3197
Khetran,33.95703,73.28204
Khewa Gul Garhi,33.90686,71.76414
Khewan Baihk,35.65965,72.34803
Khewas,33.97499,69.98648
Khezo,34.38831,71.75201
Khhajambar,34.28361,72.87464
Khhan,34.04259,73.31074
Khhan,34.13498,73.30771
Khhan Kalan,34.11721,73.45828
Khhan Khurd,34.09798,73.4693
Khhanda Khu,34.17619,73.05186
Khharbora,34.61459,73.26319
Khhari,34.08833,73.01004
Khhokhhran Dheri,34.06939,73.33707
Khial,33.83145,70.43966
Khiara Gali,33.98199,73.39971
Khiarah Bisharat,31.68818,70.61936
Khiari,35.61207,71.87481
Khiasta,34.87349,71.71127
Khida Banda,33.0107,71.06585
Khida Banda,33.00612,71.04959
Khidar,34.32875,73.05607
Khiddu,33.89504,72.8966
Khidra Khel,34.06319,71.57833
Khil,34.59005,73.44631
Khil Gal,35.62126,72.68361
Khilwat Kalle,33.36156,70.47111
Khin Lasht,36.3115,72.29774
Khinan,32.35833,71.15
Khine Punga,32.3927,69.84808
Khinsar,33.69763,71.02853
Khir Khel,33.19079,70.38224
Khirgi,32.31045,70.21053
Khirgi Post,32.30671,70.20664
Khirki,33.79749,70.37393
Khishah,34.28875,72.35245
Khisi Kili,32.36084,70.2349
Khit,34.10896,72.02813
Khita Maira,34.38135,73.17127
Khiyal Mir Garhi,33.74856,71.59063
Khizan Khan,32.89354,70.57198
Kho Bagla,34.26738,73.44573
Khoa,33.80888,71.08404
Khoain,36.17407,71.54227
Khobai,34.23877,71.58326
Khog Darra Banda,34.55837,72.05328
Khogal Khel,32.43611,69.47111
Khoi,34.50562,72.86695
Khoi Hasan Khel,33.7574,71.73106
Khoidaj,35.13923,71.92538
Khoinda,34.44693,72.54686
Khojai,32.7166,69.7753
Khojal Khel,32.46134,69.60847
Khojali,33.78834,70.58534
Khojari Babar,32.88951,70.66814
Khojari Jana,32.89239,70.66082
Khojel Khel,32.30136,69.54085
Khoji,32.9468,70.49044
Khojki Kalla,32.97828,70.9524
Khokhad,34.54407,73.23483
Khokhar,31.68935,70.46252
Khokhar Basti,32.03127,71.00874
Khokhar Maira,34.07829,73.1595
Khokhariala,34.249,73.39435
Khokhran di Basti,31.39806,70.75436
Khoknaran,34.09096,73.16024
Khola,34.54129,73.32766
Kholai,34.69767,73.16119
Kholarzai,34.38803,72.45142
Khole,34.55917,73.27757
Khole,34.59447,73.39014
Khole,32.18639,70.61721
Khole,34.59045,73.2611
Khole,32.20426,70.63421
Kholian,34.6069,73.39228
Kholian Bala,34.00894,73.10603
Kholian Kalan,34.0178,73.09203
Khollan,33.76975,72.95473
Khomarian,34.45606,72.9775
Khomeni Kat,32.21235,71.16853
Khon,34.57854,73.34814
Khon,34.94939,71.79129
Khon Khela,32.48667,69.86944
Khon Rambil,35.61138,72.92307
Khona Baba Ziarat,34.59765,71.709
Khona Paiza,34.50416,72.7223
Khonan Tangai,34.93821,72.05777
Khor,31.95779,70.99291
Khor Banda,35.23223,72.9341
Khora,33.89916,73.15342
Khora,34.91587,73.87528
Khora Kalle,34.10088,71.88234
Khora Kalle,34.13004,71.94743
Khorai,33.58319,71.0393
Khoram,31.70536,70.2333
Khorasan Camp,34.0828,71.55173
Khordor,35.58267,72.57227
Khore,33.93265,70.25823
Khorgai,33.05608,70.74612
Khorgarai,34.98842,72.49049
Khori,33.86678,73.27834
Khori,34.60242,73.38963
Khori,34.70543,73.32645
Khoroba,32.62967,70.4125
Khot Kalle,34.25445,71.87662
Khotedi Qabar,34.09842,73.16859
Khoter Ghari,35.99635,71.41895
Khotian di Taro,34.99311,73.98661
Khottak Nare,34.25248,71.91372
Khoungi,34.80184,71.82341
Khowk Ghaz,33.90089,70.57852
Khowna,34.81207,71.56129
Khoye,35.06056,72.05087
Khoza,33.14234,71.36695
Khozai,32.9782,70.02561
Khrappa,33.75873,70.62902
Khrarai,34.79971,71.39823
Khrarraik,36.01955,71.58035
Khro Shah,34.69068,71.47875
Khrolai,32.68687,70.00605
Khron,32.85428,69.98683
Khropatta,34.57788,71.8631
Khsan Khel,34.15219,71.68274
Khu,35.55225,72.41358
Khu Abdullah Charoha,31.66603,70.80371
Khu Khuanwala,31.49565,70.71784
Khuari,34.26286,73.10881
Khubai,34.64868,73.40668
Khubbai,34.41441,73.08585
Khubela,35.4428,71.92798
Khudadad Colony,34.00371,71.58311
Khudai Nur,34.26285,72.05618
Khudakka,31.79138,70.63144
Khudazai,33.64057,70.77641
Khudiwam,32.38194,69.71611
Khudli,35.17267,73.26433
Khudrezai,34.015,71.78534
Khudri,34.80855,73.22588
Khudri,34.85276,73.53867
Khudu Khelo Derai,34.43405,72.66511
Khue,34.70746,72.16361
Khui,33.82445,73.04278
Khui,33.85365,72.92159
Khui,34.68987,73.10074
Khui,34.28155,73.38353
Khui Bahara,31.34655,70.34893
Khui Barmol,34.48789,72.11332
Khui Kalle,33.15115,71.22934
Khui Kamman,33.81589,72.98578
Khui Maira,33.83582,72.93121
Khui Pewar,31.30446,70.34098
Khuja Khel,32.92721,70.47374
Khujadar Khel,32.81784,70.42072
Khujaram Khel,32.93672,70.64128
Khuji Khel,32.94083,70.35697
Khukar,34.60477,72.68426
Khukian,34.01673,71.02811
Khul Shah,34.36306,72.06806
Khulalai,34.38992,72.30898
Khulan,33.9257,73.25302
Khuli Kalle,32.44329,70.31256
Khuli Tarar,34.54237,73.41626
Khulle Kalle,34.15873,71.90249
Khumar,33.84803,72.9125
Khun,35.47667,73.694
Khun Kale,32.62825,69.49662
Khun Khpa,34.60471,72.5689
Khuna Banda,34.44224,72.00622
Khuna Chum,34.7435,72.3493
Khuna Patti,34.68522,71.18832
Khunako Banda,34.78336,71.93175
Khunan,34.65987,72.9891
Khunan Kalai,34.66102,72.59634
Khunano Banda,34.37846,72.23747
Khunar Dheri,34.12959,72.45038
Khunbran Kala,32.72375,69.68392
Khunda,34.04996,72.43081
Khunekai,33.93527,70.14831
Khungai,33.77302,71.41342
Khuni,32.82391,69.94331
Khuni,35.2191,73.11501
Khuni Qala,32.5,69.61667
Khunigai,34.39312,72.35348
Khuno Sar,34.08485,71.26436
Khunzada Mangri,34.92759,73.05079
Khunzada Mangri,34.96141,73.06926
Khura,34.56237,72.46493
Khura,34.91575,73.79181
Khura Banda,34.15878,72.04578
Khura Banda,34.16186,72.04256
Khura Khel,31.77979,70.0329
Khura Lasht,35.94109,71.82467
Khurachai,34.81102,71.35967
Khuram,34.98204,71.75257
Khuramai Kili,33.91951,70.99561
Khurasan Camp,34.08362,71.55647
Khurd Piran,33.38251,73.64347
Khurd Sim,36.40945,72.25839
Khurig,35.98833,71.49643
Khurkhurhi Banda,32.58333,71.19167
Khurmana,33.77253,70.43539
Khuro,34.10967,72.47825
Khurram Muhammadzai,33.21396,71.0455
Khuru Banda,34.31157,72.28982
Khuruzg,36.48663,72.70615
Khurzana,34.6032,71.612
Khurzina Kalle,32.9668,69.57159
Khusa Mela,33.59625,71.12579
Khush Maqam,34.03815,71.74151
Khushab Baba,34.75297,72.30202
Khushal Garhi,34.38772,71.88436
Khushal Kalle,34.2477,71.78332
Khushal Khan Banda,34.32917,71.84618
Khushal Kot,34.00773,71.93559
Khushal Majal Kalle,34.69389,71.76485
Khushal Turi Khel,32.94563,70.16547
Khushalabad,34.63906,72.98553
Khushalai Maira,34.72789,72.64227
Khushalgarh,33.48292,71.90411
Khushali,32.85283,70.24342
Khushbeni,31.5553,70.02767
Khushhal Patti,34.8476,72.13621
Khushhala,34.3104,73.23716
Khushmuqam,34.66993,72.07735
Khushmuqam,34.85612,71.94364
Khushra Gol Chari,36.80908,72.9775
Khushrana,32.17266,71.05404
Khusra,33.06525,71.19545
Khutkhutai,34.92844,72.87498
Khutpari,34.39612,72.37508
Khutti,31.83089,70.71222
Khwadadai,34.65889,72.55761
Khwadai,34.95683,72.01368
Khwadak Kor,34.21441,71.43976
Khwaga Seri,33.61171,70.8588
Khwaj Khel,32.60178,70.69621
Khwaja Ali Baba,33.51307,70.36971
Khwaja Kalle,34.1497,71.96229
Khwaja Khel,33.82549,70.61863
Khwaja Khizar,33.58332,71.21341
Khwaja Koruna,34.23144,71.53371
Khwaja Mad Landidak,32.85799,70.58378
Khwaja Mir,32.98551,70.54064
Khwaja Muhammad,32.95943,70.60214
Khwaja Vas Kalle,34.23916,71.5509
Khwaja Wajid Baba Ziarat,34.70886,71.58088
Khwaja Wali Ziarat,32.97702,70.05566
Khwajai,34.70282,72.50261
Khwajake,33.02792,69.55347
Khwajanagar,34.51271,73.04639
Khwajazai,34.16993,71.6613
Khwajgan,34.42928,73.13804
Khwaji,34.14299,71.54743
Khwanjai,34.87404,72.084
Khwano Tabbi,33.5494,70.8824
Khwar,35.15589,72.50261
Khwar,34.47928,71.58518
Khwar,34.83273,71.90286
Khwar,34.01233,71.06257
Khwar,35.38556,72.64194
Khwar Badar Khel,35.08135,72.93714
Khwar Banda,34.75597,72.63323
Khwar Banda,35.12098,72.0617
Khwar Kalle,34.95875,72.65177
Khwar Kalle,34.82316,72.61023
Khwar Talao,33.86253,71.5127
Khwar Zhawar,32.75565,69.52144
Khwara,33.65379,71.32593
Khwara Banda,34.1031,72.19098
Khwara Banda,34.14909,72.22587
Khwaran Khula,35.28804,71.66993
Khware,34.60849,72.64057
Khwarkoto,34.80492,71.82809
Khwaro Kalle,34.78489,71.41961
Khwas,34.52893,73.35104
Khwas Kalle,34.77688,72.15059
Khwashai Khel,32.49599,69.93789
Khwasmena,34.25652,71.1894
Khwazakhela,34.93486,72.46765
Khweshgi Bala,34.0469,71.90625
Khweshgi Bala,34.04946,71.89713
Khwārpalai,34.81111,72.5375
Khyber Bagh,33.09318,70.87842
Khyber Colony,34.00668,71.51828
Khyber Line,34.01106,71.58387
Khāmcha Dheri,34.17222,72.325
Khān Sāfa,32.60694,70.95417
Khāna Dheri,34.12917,72.30556
Ki Kor,34.72015,72.68859
Kiala,34.14759,73.39612
Kiala,33.8851,73.18743
Kiala,34.02946,73.24652
Kiala,34.22648,73.37447
Kiala Pain,33.95851,73.17717
Kiali,33.96426,73.43103
Kiamli,34.31607,73.02875
Kiara,34.11861,72.72861
Kiarai,34.5954,73.01663
Kiarbal,34.50179,73.00209
Kiargalai,34.66685,72.99238
Kibarai,32.25583,69.47417
Kichar Banda,35.10084,72.82379
Kichhar,35.36756,72.90984
Kichhar Banda,35.22225,72.84972
Kichkai Jambi Khel,32.96643,69.56534
Kichona,31.73693,70.17595
Kigamara,35.07129,72.96745
Kihal,34.08646,73.26451
Kihal,34.14518,73.22572
Kihari,34.08965,72.79365
Kihian,33.89072,73.04315
Kija Nizdu,36.49781,72.46483
Kikan,34.93859,73.65059
Kikarai,32.52407,69.77287
Kikarai,32.5319,69.74173
Kikarai Star Kalle,32.405,69.68917
Kikot,33.8563,73.18979
Kikri,31.67467,70.47716
Kikri Banda,32.25108,70.64857
Kil Baihk,35.17261,73.29416
Kilabat,34.14874,72.8676
Kilagai,34.25035,71.48247
Kilat Khel,33.12332,70.59101
Kilat Khel,33.10199,70.58233
Kili,33.07366,69.91569
Kili Ashraf Khan Koroona,34.0867,71.88496
Kili Kanyan,33.9745,71.06852
Kili Nur Khel,32.31248,70.11426
Kili Nur Muhammad,32.95747,70.61211
Kili Shinzai,33.96831,71.06587
Kili Yousaf Khan,33.79267,70.79613
Kili Zarkai,33.0874,71.31703
Killo Baihk,35.21336,73.3567
Kilo,33.00675,70.56932
Kilris,32.98056,70.61389
Kilāi,35.1306,72.3968
Kimal Bazar,33.87753,70.39399
Kimal Bazar,33.86436,70.38913
Kimbi,33.85053,73.27626
Kimi Kalle,33.82941,70.12017
Kinari,34.94512,73.67115
Kinari,34.80562,73.50905
Kindar,35.3885,71.72062
Kingar,32.96328,70.58456
Kingar Galai,34.51178,72.24238
Kinr Tangi,33.88155,70.32972
Kinra Darra,34.58448,71.58294
Kinshar Banda,34.98052,72.91043
Kirala,34.23891,73.18687
Kirarmal Kulyari,34.46998,72.60978
Kiri Ahmad Shah,32.13014,70.66541
Kiri Bahadur Khel,32.15022,70.63806
Kiri Khel,32.85818,70.40308
Kiri Laki,32.15232,70.62693
Kiri Malang,32.13329,70.66727
Kiri Marwat,32.21914,70.40086
Kiri Mira Khel,32.1335,70.65927
Kiri Pawinda,32.16008,70.08819
Kiri Pawindagan,32.15581,70.99594
Kiri Rashid Khel,32.13031,70.66174
Kiri Shah Zamani,32.21139,70.33086
Kiri Shamozai,31.4073,70.48624
Kiring,36.00483,71.79801
Kiririan,32.38232,71.14047
Kirkina,34.52251,72.82797
Kirmana,33.88915,73.03217
Kirmani,33.88205,70.19007
Kiro,35.19841,73.03108
Kirpolian,34.28941,72.8478
Kirra,33.21068,70.49234
Kirre Shah,34.4017,71.73997
Kirri,32.3262,70.12566
Kirri Ali Khel,32.27272,70.3747
Kirri Dargai,32.28898,70.42709
Kirri Haji Muhammad Khel,32.31407,70.33258
Kirri Jandar,32.26628,70.36572
Kirri Janki,32.26918,70.38815
Kirri Khisor,32.32966,71.19738
Kirri Marwati,32.2725,70.36181
Kirri Mauladad Miankhel,31.69097,70.39511
Kirri New Khel,31.59493,70.31699
Kirri Shadi Khel,32.29805,70.35362
Kirri Shah Alam,32.25464,70.42328
Kirri Shaikhan,33.56504,71.89767
Kirri Wadati Khel Kalle,32.41714,70.44381
Kirri Zafari,32.50136,70.48547
Kirriri,32.32555,70.13897
Kirriwam,32.30596,70.16532
Kirro Kalle,34.36254,71.60212
Kirro Shah,34.40699,71.73077
Kirta,32.94661,70.31286
Kiru,35.1859,73.11266
Kishan Dir Shai,35.58959,72.16103
Kiship,35.58279,71.91599
Kishman Dok,35.96235,71.71626
Kishna,34.22088,73.18402
Kishna Gali,34.2189,73.19139
Kishwar,35.40825,72.17501
Kisk,35.94786,71.54196
Kit,35.09607,73.0363
Kit,34.72044,73.10669
Kithar,34.69032,73.505
Kitiarai,34.75115,72.07453
Kitorai,32.34181,70.08986
Kitwal,32.93193,70.28135
Kiyar,36.09928,71.85179
Kizar,35.0518,72.9307
Kobai,34.79655,72.9561
Kobai,34.72038,73.03356
Kochak,34.73644,71.71622
Kochaw,34.78188,71.55742
Kochia,34.96002,72.50278
Kochian,34.46299,71.72045
Kochiano Kalle,34.31061,71.70453
Kochkai,34.33635,71.69932
Kochkal,35.17044,71.87543
Kod,34.74383,72.49585
Kod Desh,35.75943,71.70282
Koda,33.8764,70.26696
Koda Baihk,35.13165,74.0238
Koda Baihk,35.13001,74.04445
Kodagai,34.81463,71.50632
Kodai,34.18154,71.46742
Koday,34.0766,72.48422
Kodi,34.09125,73.32716
Kodinka,34.27981,72.0459
Kodinka Pol,34.33948,71.7431
Kodra,35.34391,72.09175
Kodri,34.41242,71.92543
Koe Banda,34.24502,71.39228
Koe Baram Khel,34.51955,71.39906
Koga,34.39019,72.50759
Koga Mahajir Camp,34.37558,72.51084
Kogoth Gali,34.3675,73.31833
Kohal,34.90881,72.0098
Kohala,33.85158,72.96558
Kohala,34.11615,73.48771
Kohala Bala,33.87326,73.18113
Kohala Moolia,34.14823,73.48198
Kohali,34.64028,73.51891
Kohalian,34.0782,73.29403
Kohan,35.07191,72.14535
Kohani,34.54289,72.88681
Kohas,33.82559,73.09013
Kohat,33.58196,71.44929
Kohat Tahsil,33.58272,71.44065
Kohati Gate,34.00447,71.57015
Kohi,33.9016,71.35485
Kohi,34.65159,71.20349
Kohi Kuldi,36.84278,73.56592
Kohiabad,34.32273,71.69164
Kohistan Tikai,35.26979,72.50212
Kohistano,35.5502,72.10343
Kohistano Banda,35.35319,71.99417
Kohistāni Bānda,35.12222,72.39028
Kohiwal,33.6558,71.57111
Kohvey,35.55546,73.13181
Koi,34.98454,72.93672
Koi Walwast,31.49205,70.00929
Koiar,34.81604,73.10724
Koka,33.93403,73.03201
Koka,34.7316,71.59738
Kokal,34.09712,73.11324
Kokali,33.95888,72.82299
Kokar,31.92178,70.92539
Kokarai,34.739,72.42528
Koker Baba,34.92697,72.61801
Kokial,35.05068,72.95435
Kokmar,34.28236,73.43808
Koknail,35.49438,72.59931
Koknal,35.54526,72.58875
Kol,34.96937,72.00746
Kol,35.76417,71.79033
Kol Banda,33.23926,71.21959
Kola,35.12158,71.8713
Kolagar,34.21216,72.72232
Kolai,35.04738,72.96556
Kolai,34.63488,73.05624
Kolai Andrak Baihk,34.95133,73.03912
Kolak,35.79343,71.65519
Kolalabad,34.2989,72.23951
Kolalabad,34.32942,71.58419
Kolalai,35.44079,72.05167
Kolalpatai,34.57702,72.78621
Kolanda Banda,34.91186,72.18885
Kolbani,35.1585,72.60165
Koli Dherai,34.26793,72.37296
Koliga,35.40521,71.69146
Komalpur,33.79114,72.94179
Komrae,34.3624,71.76201
Kondal,35.68845,72.22706
Kondi Cheod,32.47706,70.26576
Kondl,35.02918,73.29392
Kondo,35.58694,71.92472
Kongano Kamar,33.9111,71.28269
Konger,33.41932,73.64423
Kontargat,34.88077,72.4757
Kontari,34.77331,73.27549
Kontaro Banda,34.9044,72.30908
Konwai,35.48333,72.92222
Konwan,34.60943,72.47595
Kopa,34.25575,71.74984
Kopai,34.52789,73.29461
Kopar,34.51785,73.12234
Kopar,34.27432,71.8278
Koper,34.43211,71.2913
Kopra,34.59466,72.93779
Kopra,34.77293,73.0607
Kopra,34.46351,72.92524
Kopra,34.72968,72.89759
Kopra,34.56159,73.39454
Kopu Banda,35.08262,72.78544
Kor,35.06441,73.0855
Kor Broze,35.76911,71.78136
Koragh,36.3113,72.28378
Koragh,36.22045,72.16569
Korai,34.94942,72.37559
Korai,34.55583,72.7744
Korai Banda,34.86682,72.19415
Korakh,34.38813,71.76332
Koram,32.35583,70.15139
Korang,35.45502,72.63761
Korar,35.3368,71.64458
Koraseli Bala,34.46717,72.92398
Korata,34.72301,72.46476
Kordai,34.23172,71.9514
Kore,34.49282,73.23423
Kore Nakka,34.61473,73.59637
Korela,34.78843,73.14608
Kori,34.78685,73.53382
Kori Shaikhan,32.9638,70.62281
Koridab,34.67341,72.96753
Kormal,34.92637,72.54092
Kormang,34.80151,72.757
Kormang,34.97827,72.83155
Koro Tangai,35.14722,72.56667
Koro Tangai,35.07758,72.5226
Korpat,35.07374,72.17179
Korshung,35.04091,71.77813
Korum Dur,36.33064,72.27723
Korunah,34.64576,72.3607
Kosar,35.37318,73.23958
Kosh,35.7021,71.93499
Kosh Ghara,33.03477,70.89611
Koshi Kalle,32.97155,70.61497
Kosht,36.24202,72.15932
Kot,33.47468,71.55507
Kot,32.58566,70.36105
Kot,34.52986,71.47589
Kot,34.27058,73.15665
Kot,34.65388,73.23515
Kot,34.68528,72.50943
Kot,34.51,73.02451
Kot,34.4958,71.72258
Kot,34.81712,72.43131
Kot,34.71429,72.76417
Kot,34.88083,73.15903
Kot,34.65113,72.66023
Kot,34.60204,73.10286
Kot,34.54191,72.67828
Kot,34.19401,71.70677
Kot,34.7033,73.09864
Kot,34.3719,72.78747
Kot,35.45972,72.58889
Kot,34.09457,72.88482
Kot,34.84486,72.97092
Kot,34.79982,72.72823
Kot,34.46402,72.71629
Kot,33.6664,70.78751
Kot,35.01411,72.04259
Kot,33.68313,70.59507
Kot,34.20828,73.01778
Kot,34.98079,72.52318
Kot,34.35666,73.07
Kot,34.57137,73.20928
Kot Akram,32.09577,70.53024
Kot Allah Dad,32.12634,70.4564
Kot Allah Dad,31.72187,70.40435
Kot Amir Gul,32.4712,69.452
Kot Atal,31.97881,70.57568
Kot Azad,32.90945,70.70824
Kot Azam,32.08854,70.20021
Kot Azam,32.70136,70.47575
Kot Baihk,35.37786,73.65452
Kot Band Khel,32.62003,69.81747
Kot Banda,34.96912,73.07103
Kot Banda,34.93573,73.04821
Kot Banda,35.0969,72.45049
Kot Banda,33.28607,71.13191
Kot Banda,34.97275,73.04501
Kot Barra,33.00154,70.60986
Kot Begi,32.91965,70.72498
Kot Beli,32.99493,70.62897
Kot Bhalla,34.45526,73.35964
Kot Dain,32.99885,70.61429
Kot Daulat,31.95568,70.52785
Kot Daulatzai,34.19929,72.14748
Kot Dost Muhammad,32.94485,70.30412
Kot Gali,34.60826,73.35114
Kot Ghulam Jan,33.20663,70.31239
Kot Ghundai,33.736,70.31295
Kot Gul,35.44622,73.2075
Kot Gul Gai,32.15338,70.28647
Kot Gulan,32.23781,70.30585
Kot Haji,34.92497,71.81769
Kot Haji Gulzar,32.13818,70.15627
Kot Haji Shah,32.235,70.40314
Kot Hayat Ullah Khan,32.13133,70.20119
Kot Inayat,32.94666,70.24678
Kot Isa Khan,31.97317,70.63081
Kot Isa Khan,31.79591,70.39047
Kot Ismailzai,34.19667,72.15432
Kot Jai,32.17039,71.0932
Kot Jan Bahadur Land,32.8875,70.68005
Kot Jandan,33.74656,72.9727
Kot Jzhamalkhan,32.31361,69.60528
Kot Kalle,34.30418,71.9558
Kot Kalle,34.29938,71.61456
Kot Kas,35.08851,71.98863
Kot Kashmir,32.74097,70.71372
Kot Kat,32.26122,70.47347
Kot Khadak,32.15493,70.14502
Kot Khanjan,32.92147,70.72952
Kot Kili,32.70675,70.11322
Kot Koruna,34.44922,71.61142
Kot Kotkai,33.01234,70.56658
Kot Lal Khan,32.15101,70.14573
Kot Lalu,31.76592,70.30168
Kot Langar Khel,32.58804,69.81084
Kot Mehi Dil,32.14849,70.15361
Kot Mehtar,32.91003,70.71622
Kot Mela,33.7238,71.49468
Kot Miran,33.8574,70.30957
Kot Muhammad Jan,33.02782,70.54034
Kot Murtaza,32.15004,70.10956
Kot Musa,31.58705,70.42342
Kot Musajan,34.9191,71.82465
Kot Naim Shah,32.94364,70.32436
Kot Najibullah,33.93389,72.8522
Kot Nasran,32.3093,70.42908
Kot Nawaz,32.15673,70.117
Kot Pasha,32.89751,70.7454
Kot Pathan,32.24293,70.40602
Kot Pir Abdul Manan,32.97194,70.28612
Kot Piranwala,32.24223,70.35405
Kot Plak,31.7793,70.06879
Kot Qala,34.70999,72.96751
Kot Rajali Wazir,32.9274,70.92622
Kot Sagai,32.16347,70.16626
Kot Saidan,33.94239,72.81736
Kot Samar Gul,32.94647,70.30758
Kot Shah Nawaz,31.6661,70.445
Kot Shah Sahib,32.94104,70.31616
Kot Shakain,33.20555,70.30409
Kot Sher Khan,32.85913,70.66617
Kot Sultan,31.8671,70.35156
Kot Tagga,32.5,70.38333
Kot Tagga,31.49871,70.38233
Kot Wali Khan,32.13684,70.16367
Kot Walidad,31.8608,70.4886
Kot Waziran,31.89333,70.88763
Kot Zafar,31.85695,70.54538
Kot Zafar Baladasti,31.9931,70.3001
Kot kaley,33.59778,71.10026
Kota,34.60782,71.63791
Kotagai,34.4538,71.54517
Kotah,34.65095,72.15252
Kotai,34.68471,71.67165
Kotak,34.25192,71.5996
Kotak,33.72313,70.74289
Kotak,35.72871,71.97011
Kotal,33.95811,73.34577
Kotanai,34.99009,72.47302
Kotarai,33.11996,69.78745
Kote Baihk,35.36282,73.64179
Kote Kili,34.17167,71.87222
Kotegram,34.76254,72.02184
Kotemanj,33.47782,70.74843
Kotera,34.28226,72.29695
Koteri,33.42292,71.59264
Koterpan,34.31967,72.22073
Kotgah,35.43654,71.75825
Kotgai,33.52139,70.78059
Kotgai,34.69347,72.92764
Kotgai Banda,34.90593,72.23085
Kotgala,35.47503,73.28261
Kotgram,34.22498,72.71761
Kotha,32.34632,71.16919
Kotha,33.91391,73.02384
Kotha,33.78723,72.85913
Kotha Allah Bakhsh Sial,31.55325,70.66085
Kotha Khurd,33.8987,72.7556
Kotha Mahbub Khan,31.69427,70.83781
Kotha Ramzan,31.64414,70.56448
Kothai,34.70624,73.62521
Kothi Mian Naga,34.0189,73.3238
Kothi di Keri,34.99265,73.98643
Kothon,34.22298,73.41468
Kothra,33.77509,72.92503
Kothrian,33.84923,73.26416
Koti Gam,34.88802,72.02327
Koti Kalla,32.90682,70.98886
Koti Kalle,32.25667,69.52111
Koti Kili,32.92081,69.74718
Koti Sadat,32.99291,70.6651
Koti Shah,34.37394,72.08166
Koti Ziarat,33.80899,70.95802
Kotia,35.12739,72.96924
Kotiani,33.80369,71.25107
Kotka Abbas Khan,32.96495,70.80226
Kotka Abdullah Jan,32.93454,70.69186
Kotka Abdullah Jan,32.92891,70.93299
Kotka Adam Khan,32.89464,70.8718
Kotka Adamzai,32.57729,70.63488
Kotka Ahmad Khan,32.71625,70.80164
Kotka Ahmad Khan,32.71911,70.75665
Kotka Ainullah Khan,32.94274,70.8938
Kotka Akbar Zaman,32.71844,70.78969
Kotka Akhundan,32.96075,70.87258
Kotka Alam Gul,32.96718,70.92804
Kotka Alam Khan,32.71467,70.79705
Kotka Ali Khan,32.62145,70.57743
Kotka Alif Khel,32.8809,71.00503
Kotka Allahdad,32.97594,70.65816
Kotka Amir Khan,32.86181,70.75869
Kotka Amir Wanda,32.84821,70.96061
Kotka Arsala Khan,32.86535,70.72086
Kotka Aslam Khan,32.75228,70.64991
Kotka Asmatabad,32.57337,70.76076
Kotka Atlas Khan,32.81599,70.78381
Kotka Awal Khan,32.95285,70.87122
Kotka Awaldin,32.879,70.70954
Kotka Ayub Khel,32.69026,70.83472
Kotka Azmat,32.91076,70.6982
Kotka Azmat Khel,32.95021,70.67218
Kotka Babar,32.96212,70.6689
Kotka Banochi,32.72057,70.78961
Kotka Baram,32.73958,70.66947
Kotka Dalaki,32.70609,70.80253
Kotka Daultara,32.69555,70.76692
Kotka Fariq,32.95202,70.64248
Kotka Feroz,32.9914,70.64986
Kotka Ghazi Maz,32.99619,70.87645
Kotka Ghulam Mughal Khel,32.86459,70.76996
Kotka Gidder,32.71031,70.74324
Kotka Gul Bazar,32.86152,70.92922
Kotka Gul Howz,32.71666,70.79448
Kotka Gul Mamir,32.75596,70.61788
Kotka Gul Nawaz,32.93192,70.85521
Kotka Gulab Khan,32.94957,70.94297
Kotka Habibullah,33.05285,70.79403
Kotka Hadayatullah,32.82817,70.79586
Kotka Hafizabad,32.96082,70.9073
Kotka Haji Gul,32.76007,70.62324
Kotka Haji Mir Sardar,32.9688,70.90698
Kotka Haji Zar Khan Kalla,32.94672,70.8873
Kotka Hakam Dad,32.84991,70.8844
Kotka Haq Nawaz Khan,32.83678,70.70665
Kotka Haqnawaz,32.70547,70.85586
Kotka Jabar,32.57439,70.5617
Kotka Jahan Shah,32.84481,70.93398
Kotka Jalal Din,32.74447,70.80208
Kotka Janan,32.76126,70.63353
Kotka Jogi Ayub Khel,32.69409,70.82062
Kotka Juma Gul,32.95589,70.89483
Kotka Juma Khan,32.97316,70.91473
Kotka Kas,32.96518,70.69755
Kotka Kash Khan,32.83457,70.7605
Kotka Khadar Khan,32.66148,70.75496
Kotka Khali Khel,32.73856,70.75323
Kotka Khan Mir,32.72517,70.7572
Kotka Khuda Bakhsh,32.75872,70.80371
Kotka Khwaja Dad,32.95448,70.62605
Kotka Lali,32.71901,70.74288
Kotka Lappaki Khan,32.97939,70.81569
Kotka Loharan,32.68184,70.81911
Kotka Lojar,32.91337,70.54237
Kotka Mahmud,32.68876,70.79957
Kotka Malik Ayazi,32.6029,70.51574
Kotka Malik Umar Daraz Khan,32.98985,70.90657
Kotka Manandi Khel,32.99171,70.76077
Kotka Mangaitara,32.73486,70.82642
Kotka Manzar,32.71683,70.82163
Kotka Masih Khan,32.94943,70.64298
Kotka Mian Khel,32.96085,70.62073
Kotka Miana,32.72666,70.72072
Kotka Mir Akbar,32.58409,70.62677
Kotka Mir Mast,32.71159,70.84757
Kotka Mir Shah Jan,32.89608,70.96133
Kotka Mirwan,32.61372,70.5025
Kotka Mitha Khan,32.9677,70.78509
Kotka Muhabbat Khan,32.95653,70.8997
Kotka Muhammad Akhtar,32.94409,70.63049
Kotka Muhammad Ayaz Khan,32.94019,70.86451
Kotka Muhammad Hussain,32.94326,70.63853
Kotka Muhammad Khan,32.96678,70.88674
Kotka Muhammad Khan,32.98462,70.76938
Kotka Muhammad Nawaz,32.72309,70.81625
Kotka Mulagan,32.73463,70.59828
Kotka Musharab,32.94506,70.93291
Kotka Muzaffar Khan,32.76254,70.74552
Kotka Muzaffar Khan,32.89436,70.75429
Kotka Nadir Khan,32.96471,70.63127
Kotka Nawal Khan,32.97733,70.61794
Kotka Nawan Khan,32.83433,70.80531
Kotka Nur-ul Wahab Khan,32.94932,70.63641
Kotka Qalandar,32.90396,70.69453
Kotka Rahmatullah,32.59692,70.67214
Kotka Raitu Khan,32.55239,70.5619
Kotka Rajan Shah,32.86484,70.51517
Kotka Razzam Khan,32.99762,70.82139
Kotka Roza Khan,32.98487,70.84724
Kotka Sadiq Khan,32.98807,70.80232
Kotka Sahib Din,32.95266,70.89499
Kotka Saifullah,32.82388,70.60692
Kotka Saifullah Khan,32.93484,70.93512
Kotka Saleh Khan,32.94854,70.62086
Kotka Samundar Khan,32.97109,70.88379
Kotka Sardar,32.72351,70.76479
Kotka Shah Madi,32.94492,70.5666
Kotka Shah Muhammad,32.72555,70.75364
Kotka Shah Nawaz,32.87475,70.90214
Kotka Shakh,32.73093,70.66188
Kotka Sher Bahadur Khan,32.83863,70.73103
Kotka Sher Khan,32.70571,70.75545
Kotka Sultanabad,32.72338,70.73255
Kotka Surkh Dheri,32.71272,70.76029
Kotka Taimar,32.77282,70.7907
Kotka Wali Bat,32.58329,70.63961
Kotka Wazirabad,32.9942,70.91671
Kotka Zafar Khan,32.74779,70.5883
Kotka Zarif Khan,32.65235,70.83092
Kotka akram,32.71309,70.73266
Kotkai,33.08741,69.58383
Kotkai,34.77643,71.44907
Kotkai,34.75359,71.3672
Kotkai,34.53866,72.85477
Kotkai,34.81194,71.58151
Kotkai,34.93607,71.80502
Kotkai,33.7856,70.07375
Kotkai,34.68134,72.7574
Kotkai,34.91116,71.8563
Kotkai,34.72534,72.67973
Kotkai,33.07018,69.62907
Kotkai,34.73,71.50275
Kotkai,32.53333,69.56667
Kotkai,34.58042,72.74569
Kotkai,32.05,69.63333
Kotkai,32.41694,70.04028
Kotkai,35.04173,71.99799
Kotkai,35.18016,71.87649
Kotkai,33.94365,69.94606
Kotkai,35.06134,72.50841
Kotkai,33.96904,69.90704
Kotkai,33.64166,70.52548
Kotkai,34.87866,72.47989
Kotkai,34.69453,72.80132
Kotkai,34.90989,71.76639
Kotkai,34.87263,71.53599
Kotkai,34.80132,73.04735
Kotkai,34.98624,72.23931
Kotkai,34.872,71.95676
Kotkai Alar Khan,32.94722,70.64583
Kotkai Bala,34.7139,73.63143
Kotkai Banda,34.45762,72.84849
Kotkai Ibrahim Gul,33.00848,70.64658
Kotkai Khan Badshah,33.01467,70.56632
Kotkai Kili,33.90801,70.87725
Kotkai Kili,32.95889,70.61444
Kotkai Mela,33.97576,70.1823
Kotkai Payan,34.70658,73.63234
Kotke,33.91675,71.03982
Kotke,34.02822,72.79336
Kotke,34.34211,73.24578
Kotke,34.35101,73.24484
Kotke,34.92024,71.62393
Kotki,33.81684,70.56708
Kotki,34.37595,72.02369
Kotki,34.74681,71.35902
Kotki Bala,33.47139,71.01309
Kotki Khel,33.00028,70.63472
Kotki Payan,33.48097,71.01627
Kotkilai,34.80933,72.43071
Kotkio,34.5964,72.97727
Kotla,33.94266,72.95275
Kotla,34.36879,73.03486
Kotla,32.19167,71.05833
Kotla,34.59315,72.80955
Kotla,33.78914,73.09693
Kotla,34.43469,72.93188
Kotla,34.25024,73.00827
Kotla,34.18635,73.00714
Kotla,34.04234,73.21409
Kotla Habib Bucha,31.80298,70.80392
Kotla Ladhian,32.19375,71.07155
Kotla Mohsin Khan,33.9903,71.55154
Kotla Qaim Shah,31.75894,70.86453
Kotla Saida,34.49935,72.98668
Kotla Saiyidan,31.82329,70.84755
Kotlai,34.78655,72.23517
Kotli,34.28127,72.82286
Kotli,33.84756,71.882
Kotli Bala,34.51858,73.21336
Kotli Musalmanan,33.90122,73.31708
Kotli One,33.90371,73.31153
Kotli Pain,34.50523,73.23256
Kotli Two,33.8989,73.30611
Kotnai Banda,34.77482,72.8014
Koto,34.86111,71.67361
Koto,34.86267,71.861
Koto Qalat Nasir,34.17288,71.87357
Kotra,34.30134,72.272
Kotri,33.95659,69.87981
Kotta Kani,33.41135,71.64402
Koturdam,35.56301,71.81105
Kotwal,34.60892,72.67013
Kotwal,34.60164,72.96125
Kotāranrai,34.40417,72.36667
Kour Gah,34.48955,71.66816
Kourgha,33.76478,71.16627
Kowanai,34.6922,73.04981
Kowarjola,34.74593,72.93872
Kowe,32.81721,70.00779
Koye,36.8031,73.2304
Kozhasam Kalle,33.11762,70.75722
Kozi Khel,33.02779,70.52625
Kozina,33.77891,70.74663
Krakal,35.68498,71.66217
Krapai,33.71707,70.65747
Krapkot,32.25938,69.65002
Krappa,35.10515,71.68648
Krappa Kile,34.30304,71.38724
Krrapai,34.50957,71.40421
Krui Jinali,36.27376,72.2794
Krui Uch,35.89484,72.15651
Krum,33.69673,70.44738
Krunchki,33.64012,70.82895
Krungobai Raghzai,32.32424,70.12315
Kua Sheria,35.05312,73.08483
Kuai,34.59609,72.67236
Kuai,34.91873,72.84856
Kuai,34.4801,71.55084
Kuai China,34.57724,72.55331
Kuai China,34.567,72.51493
Kuan,34.50497,72.9781
Kuanpur,34.77379,72.07634
Kuar Sar Banda,34.67952,72.4398
Kubai,34.6975,72.93078
Kuch,35.98273,71.5242
Kuch Ghari,36.2439,72.0811
Kucha,34.91122,73.06665
Kuchan,35.4207,71.75407
Kuchiabad,34.03959,71.57976
Kuchiabad Larrama,34.03491,71.57825
Kuchian,34.12178,71.65382
Kuchiano Kalle,34.03569,71.57509
Kudai,34.18195,71.70883
Kudai,34.13939,71.49399
Kudal,34.37187,72.63919
Kudimar,34.92551,72.58302
Kudinakka,34.10037,72.20028
Kudri,35.56324,73.1544
Kuh,34.99557,72.55557
Kuh,34.83472,73.28339
Kuh,34.8208,72.67274
Kuh,34.80587,72.56699
Kuh,35.20799,72.59175
Kuhai,34.81446,72.68095
Kuhai,34.63111,71.43054
Kuhai,34.34741,72.5317
Kuhai,34.71963,72.73713
Kuhai,34.69937,72.7053
Kuhai,34.82234,71.53629
Kuhai,34.47624,72.29243
Kuhal,34.92062,72.9652
Kuhi,34.66737,71.59799
Kuhi,34.75426,71.29593
Kuhi,34.66271,71.59517
Kuhi Kas,34.72764,71.5549
Kuhmal Bala,33.85017,73.1413
Kuhmal Pain,33.85732,73.14784
Kuhna Zakhai,34.07304,71.72771
Kuhnader,34.85623,71.85231
Kui,32.74295,70.37864
Kui,32.64622,70.4333
Kui Banda,34.83658,72.73451
Kuidarra,33.90085,72.69216
Kuk Banda,34.59675,72.36338
Kukharhaka,34.33516,73.0402
Kukil,35.82599,71.84056
Kukilar,34.78062,72.9387
Kukmar,34.27466,73.4218
Kukrai,34.71148,72.34017
Kukri Gali,34.0635,72.79525
Kukukh Choha,34.0655,72.7274
Kukul Cantonment,34.18636,73.25941
Kul,35.62687,71.78904
Kul,34.39772,72.9528
Kul Kalle,33.71646,70.83113
Kul Kalle,34.39064,71.40674
Kula Dhand,34.2563,71.76435
Kula Karee,35.05495,72.52655
Kulachi,31.93058,70.45959
Kulachi More,31.75922,70.38348
Kulachiwala,31.71421,70.81576
Kuladano Sha,34.96188,71.78632
Kulader,34.76874,72.31407
Kulah,34.08277,71.59365
Kulai,34.93761,72.51022
Kulakka,34.51196,72.98866
Kulal Banda,35.14513,72.06852
Kulal Derai,34.99237,71.85004
Kulal Raghazai,32.32056,69.96972
Kulala,34.79779,71.6945
Kulalai,34.71642,72.67788
Kulalai,35.32075,72.61282
Kulalai Banda,34.84615,72.17695
Kulalan,34.20047,71.92926
Kulalan,34.96397,71.5853
Kulalan,34.19083,71.82273
Kulalano Kalle,34.30533,71.7046
Kulalano Shah,34.96117,71.77502
Kulalpatai,34.9001,71.82709
Kulam Darra,34.83866,71.76867
Kulam Shal,36.30781,72.68665
Kulan Dheri,34.37634,71.72042
Kulband,35.2193,72.49378
Kuldai,34.76451,72.31251
Kuldeh,35.75322,71.79242
Kulhare,34.45918,73.22221
Kuli Khan Pasanni,32.80139,70.74806
Kuli Khel,33.21657,71.0414
Kuliar,34.48883,72.74147
Kuliar,34.46143,72.75146
Kuliar Banda,34.5688,71.94513
Kuliara,34.4606,72.59484
Kuliarai,34.70261,72.7631
Kuliya,34.73488,72.44837
Kulla,33.79529,70.85274
Kulma,34.10235,71.5101
Kulo Dhand Banda,34.13911,72.49309
Kulum,36.08291,71.80201
Kuma,35.35962,73.26313
Kumbai,33.60103,70.72387
Kumbar,34.96084,71.81466
Kumbar,32.56676,69.42746
Kumbhar,34.82568,72.13592
Kumera,34.92704,72.05987
Kumhar Bandi,34.19034,73.20461
Kumharan Kalan,34.18741,73.09059
Kumharan Khurd,34.19002,73.09173
Kumi,34.51348,73.3786
Kumila,35.2608,73.21792
Kumran Kalle,32.46372,70.4153
Kumrat,35.51245,72.24407
Kun,35.46664,73.4256
Kuna,34.61516,73.23788
Kuna Danna,34.13377,73.42386
Kuna Shai Banda,35.41561,72.30335
Kuna Tangai Darra,34.60529,71.54488
Kunabuke Shina,32.56418,70.35348
Kunachi Banda,33.55426,71.45778
Kunal,35.39265,72.18317
Kunari,35.68864,72.98332
Kunastar Kili,34.21363,71.21968
Kund,33.93123,72.22526
Kund,34.92424,72.56489
Kund,34.11939,72.83149
Kund,34.56563,73.29761
Kund,34.29254,73.20332
Kund,34.43907,73.28913
Kund,34.2695,72.99408
Kund,34.4046,73.02574
Kund,34.44897,73.04886
Kund,35.64553,72.1768
Kund,34.65572,73.32747
Kund,34.42928,73.33879
Kund,34.66038,73.20628
Kund,34.71877,72.72318
Kund,34.30041,72.73606
Kund,34.66549,73.41439
Kund,34.22536,73.33081
Kund,35.08586,72.36854
Kund,34.57593,73.27717
Kund,34.75134,72.83809
Kund,34.76475,72.57501
Kund,34.79359,72.83639
Kund,34.82506,72.68357
Kund Banda,34.85009,72.17081
Kund Battal,33.88548,73.24322
Kund Kalu Khan,34.23249,72.92969
Kund Kili,34.23754,71.12565
Kund Mela,32.69273,69.90411
Kund Mela,32.50433,69.75712
Kund Shai,35.4432,72.27525
Kund Shal,35.75141,71.94177
Kund Tarla,34.66341,73.21409
Kund Tarla,34.51069,73.19945
Kund Utla,34.67317,73.21278
Kund Utla,34.50297,73.21694
Kund Utla,34.62957,73.17865
Kund Walai,33.74144,70.86267
Kund Wali,34.51895,73.32223
Kunda,34.24604,71.98529
Kunda,33.65478,70.96552
Kunda Bibi Kalle,34.25472,71.71887
Kundai Kalle,34.3508,71.70591
Kundai Sar,31.52856,69.98695
Kundak,35.72198,71.83988
Kundal,34.62334,73.19592
Kundal,34.60766,73.15434
Kundal Chawani,32.60721,71.06705
Kundas Kalle,32.47052,70.26676
Kunder,35.17406,73.28209
Kundi,34.03355,72.71735
Kundi,32.9822,70.75901
Kundi,34.69103,73.10799
Kundi,34.52526,73.05533
Kundi,33.32077,70.90998
Kundi,34.67345,73.50949
Kundi Kasa,32.26451,69.5209
Kundi Khattak Payan,33.59573,71.71408
Kundi Mangar Khel,33.59058,71.71865
Kundi Moddle Farm,31.91459,70.9319
Kundi da Maidan,34.84608,73.50657
Kundial Shahin Banda,35.42693,72.43495
Kundla,34.60768,73.16222
Kundlai,33.55815,70.51879
Kundol,34.19179,72.5876
Kundon,33.89703,73.09299
Kundra,34.55352,73.01825
Kundriala,34.10024,72.87949
Kundsarai,32.34554,69.6958
Kundwali,33.81341,70.91077
Kung,34.45405,71.20848
Kung Gedero,33.6611,71.53021
Kung Mela,32.58008,70.02283
Kungar,34.5194,72.86274
Kungar,34.21999,73.48195
Kuni,33.81518,70.74724
Kuni Kanrai,33.86591,70.45588
Kuni Warake,34.32474,72.05053
Kunj,34.1421,73.21612
Kunj,34.33237,72.03446
Kunj,33.7321,70.81417
Kunj,34.63426,72.58558
Kunj,34.83166,72.34708
Kunj Alizai,33.81907,70.03162
Kunj Banda,34.56493,72.63755
Kunj Ghare,33.71684,70.86814
Kunjborai,34.7509,72.9413
Kunjiwala,34.67378,73.3715
Kunjokhwar,35.00778,72.77167
Kunobush,35.45957,73.53428
Kunr,35.23256,72.56537
Kunshai,34.90812,72.86188
Kunsher,35.13312,73.11795
Kunsiah,34.05828,73.39566
Kunzalo Shah,34.5582,71.06303
Kupar,34.40787,71.83392
Kuper,34.2963,72.01377
Kuptan Kalle,34.12268,71.86398
Kur Bagh,34.03554,71.56943
Kura,34.72236,71.64583
Kurai,31.86399,70.84949
Kurai,32.91698,69.7401
Kurai,34.94251,71.8668
Kurai,35.14656,72.53142
Kuram,35.23896,71.95251
Kurambai,33.79494,70.67004
Kurar,32.07077,71.05071
Kurarwan,33.63296,71.68197
Kurd,33.01706,71.34886
Kurd Sharif,33.01324,71.35941
Kurezai,32.26938,69.52509
Kurgi,34.30844,72.94909
Kurh,36.14895,71.67987
Kurhiow,35.21532,73.41241
Kuria,34.41226,72.6172
Kurina,34.46981,71.16332
Kurli,34.17966,73.46409
Kurmai Sar Banda,35.58517,72.08725
Kurmeli,34.46679,72.9267
Kurogh,34.16894,72.0015
Kurona,33.85765,71.97487
Kurosar Banda,34.60884,71.572
Kurram Garhi,33.03171,70.53222
Kurruaiya Ghari,36.12842,71.4182
Kurs,34.86448,72.84707
Kurt,33.50094,70.70179
Kuru,35.71229,71.76602
Kuru,35.00312,71.64296
Kuru Dad Khanduri,35.56499,71.79639
Kurumb Banda,34.27307,71.29007
Kurwal,34.68435,73.04363
Kurwi Kili,32.97794,69.95066
Kurya Nakka,33.72164,70.81445
Kushab,33.79617,70.92297
Kushbinal,35.61408,72.1668
Kushi Kot,33.97644,73.41312
Kusser,35.1675,73.10054
Kut,35.4697,73.1319
Kutai,35.02016,71.75312
Kutali,34.12906,72.98741
Kutan Kalle,33.00604,70.79913
Kutan Kot,32.84783,70.6935
Kutanarai Kach,32.65572,70.34952
Kutar,34.66996,72.41975
Kutawai,35.03404,73.94258
Kutbar,33.89663,70.64769
Kute Khua Kalle,32.57805,70.40324
Kutebila,35.05039,71.95713
Kutera,34.31992,73.07851
Kutera Bagal,34.27254,73.12716
Kutera Saiyidan,34.27374,73.13333
Kutgali,34.60775,73.34872
Kuth,33.12057,73.73141
Kuth Kanre,34.11499,72.59479
Kutha,34.06777,72.58383
Kuthae,34.42976,72.40417
Kuthera,34.17747,73.01543
Kuthiala,34.28339,73.43077
Kuthiala,34.1708,73.13097
Kuthkanra,34.52697,71.60832
Kuthkanrai Sar,34.54778,71.61445
Kuti Basti,35.22532,71.88741
Kutizuna,33.72164,70.57516
Kutla,34.20557,73.40063
Kutli,34.12409,72.99145
Kutli,34.14619,73.3841
Kutli Bala,34.14012,73.40542
Kuto Banda,34.91284,71.75507
Kutrug,34.47601,72.92969
Kutterpana,34.09736,72.02905
Kutti Khel,32.43494,70.85238
Kutubes,34.56203,72.56337
Kuwarobagh,34.94726,71.8528
Kuwde,35.09065,72.99201
Kuwidakot,35.20768,71.93943
Kuz,32.10353,70.21755
Kuz Agra,34.11493,71.69837
Kuz Alpurai,34.90293,72.64431
Kuz Amba,35.10391,72.94258
Kuz Amrai,34.24137,72.68865
Kuz And Khel,33.77113,71.16133
Kuz Asharai,34.80284,72.90826
Kuz Aspair,34.78872,72.11763
Kuz Aspur,34.55915,71.70583
Kuz Awarai,34.72362,72.69518
Kuz Badwan,34.6458,71.9604
Kuz Baihk,35.1946,73.68973
Kuz Bakai,34.43212,72.74426
Kuz Bakiana,34.20154,71.91271
Kuz Bakor,35.03313,72.34423
Kuz Bamakhel,34.90753,72.42769
Kuz Bamilai,34.81533,72.93737
Kuz Banda,34.70139,72.87742
Kuz Banda,34.87863,72.00276
Kuz Banda,34.86698,71.75927
Kuz Banda,34.88154,71.99721
Kuz Banjir Banda,34.57855,72.21627
Kuz Banser,34.70329,73.10509
Kuz Bargin,35.00877,72.51177
Kuz Bartunai,34.70441,72.95077
Kuz Batai Banda,34.61576,72.24042
Kuz Batkhu,34.8596,72.94959
Kuz Batlai,35.0437,71.91682
Kuz Baz Dara,34.53833,72.13826
Kuz Bela,35.22636,72.60432
Kuz Bisau,35.27416,72.81876
Kuz Chamarkand,34.68997,71.22153
Kuz Charkum,35.06907,71.9842
Kuz Chhaprai,34.78244,73.00542
Kuz Chikho,34.73334,71.96776
Kuz Chil,34.36443,71.7711
Kuz Dalori,34.16786,72.72887
Kuz Darab,34.79269,72.97383
Kuz Darmal,34.919,71.87801
Kuz Darmal,34.91401,71.85953
Kuz Darra Banda,33.62583,71.83597
Kuz Daskor,35.01697,72.07403
Kuz Dewal Garhi,34.24095,72.73312
Kuz Dhero,34.14571,72.70285
Kuz Dok,35.315,71.99611
Kuz Duba,34.46364,72.77126
Kuz Dulai,34.39516,72.79133
Kuz Durshkhela,34.98026,72.45085
Kuz Gaggar,34.18244,71.64748
Kuz Gandor,34.72897,72.94448
Kuz Ganja,34.79682,73.20897
Kuz Ganshal,35.2306,72.03525
Kuz Gansnal,35.05288,72.74386
Kuz Garang,34.82386,72.81096
Kuz Garhai,35.17989,72.53673
Kuz Garhi,34.40835,72.75354
Kuz Garhi,34.48898,72.83185
Kuz Gatsar,35.03682,72.6235
Kuz Geni,35.26837,73.32359
Kuz Ghazni,34.73004,72.513
Kuz Gidar,34.76628,73.23064
Kuz Goriar,34.76375,72.9092
Kuz Gunagar,34.77172,72.83644
Kuz Gāsar,34.85556,72.70278
Kuz Hal Banda,34.94338,72.75635
Kuz Hasan Ali,34.63478,72.48748
Kuz Hissai,34.54927,72.50695
Kuz Jabai,34.75938,72.52457
Kuz Jatkul,34.7236,72.80093
Kuz Kabulgram,34.63947,72.78974
Kuz Kadai,34.14167,72.33333
Kuz Kalle,34.6964,71.1843
Kuz Kalle,34.80841,72.94121
Kuz Kalle,34.35357,71.82372
Kuz Kalle,33.35362,70.75989
Kuz Kalle,34.42631,72.66432
Kuz Kana,34.91764,72.75657
Kuz Kand,34.54854,72.87602
Kuz Kandai,34.72553,72.75331
Kuz Kandao Banda,34.71094,72.50487
Kuz Kandarkai,34.88058,72.89903
Kuz Kanju,34.80004,72.34256
Kuz Karai,34.2801,72.56467
Kuz Karin,34.85906,72.87794
Kuz Karingai,34.96572,72.57174
Kuz Karora,34.88837,72.76874
Kuz Kas,35.11561,71.97497
Kuz Katan,35.12959,71.99911
Kuz Khal,34.9348,71.96376
Kuz Khalaz,34.78836,71.41546
Kuz Kili,34.89484,71.96856
Kuz Killi,34.16748,71.25956
Kuz Kochian,34.13174,71.46349
Kuz Koi,35.54506,73.19062
Kuz Kutkai,34.88365,72.61821
Kuz Lahri Bhek,35.5033,72.98415
Kuz Laikot,35.4376,72.59247
Kuz Laikot,35.40164,72.60169
Kuz Lalku,35.13013,72.39382
Kuz Lewani,34.73931,72.52845
Kuz Lusesar Banda,34.85545,72.85983
Kuz Makra,34.76973,72.69361
Kuz Malaka,34.85739,71.8065
Kuz Mallakhwar,35.35358,71.96232
Kuz Malli Khel,33.90376,72.11808
Kuz Managai,34.63974,71.67545
Kuz Manasar,34.76485,72.5416
Kuz Martung,34.67816,72.74553
Kuz Meanar,34.91122,72.63084
Kuz Mehraje,33.92198,71.9741
Kuz Nagr,34.74124,71.94612
Kuz Nahrgah,35.30394,71.84361
Kuz Nar,34.86976,73.27078
Kuz Nawagai,34.4035,72.56765
Kuz Nawagai,34.40278,72.52222
Kuz Ner,34.85953,73.13319
Kuz Pakhi,33.7422,71.65056
Kuz Palosai,33.88072,71.95059
Kuz Paro,35.05087,73.12069
Kuz Piaza,35.12395,72.66263
Kuz Pirsar Banda,34.81841,72.88336
Kuz Pitao,33.92652,72.15468
Kuz Prang Darra,34.56678,71.57296
Kuz Samsara,34.60354,72.25033
Kuz Saokar,34.55114,72.88954
Kuz Saplamai,34.36821,71.77149
Kuz Sapparai,34.6553,71.71132
Kuz Sar Banda,34.47219,72.78779
Kuz Sarai,34.73488,71.9015
Kuz Sarkandi,34.81648,72.74382
Kuz Shai,34.44481,72.77365
Kuz Shalkumbnai,34.93782,71.99283
Kuz Shaltai,34.87542,72.94372
Kuz Shamnal,34.5707,72.61259
Kuz Shaur,34.98328,72.30715
Kuz Shino,34.23683,71.29312
Kuz Shudag,34.36231,71.7481
Kuz Surai,34.6395,73.07488
Kuz Taghan,34.65795,72.55263
Kuz Tangai,34.70827,71.34731
Kuz Targhao,34.66004,71.65991
Kuz Tartara,34.11426,71.30358
Kuz Tazagram,34.74987,72.02114
Kuz Tikai,35.29167,72.56667
Kuz Tikna,34.76795,72.07043
Kuz Tiraj,34.63468,72.6911
Kuz Umarlai,35.01956,71.98687
Kuz Uzbak,34.73181,72.52813
Kuz Watangai,34.89796,71.9385
Kuz Zarai Mora,34.86667,72.68611
Kuz Zed Khar,35.25186,73.14169
Kuz Zeli,35.27571,73.08026
Kuza,31.5343,70.09298
Kuza Banda,34.62965,73.00433
Kuza Banda,35.51157,71.96696
Kuza Bandai,34.81605,72.37469
Kuza Gali,34.01682,73.39548
Kuza Jabagai,34.79442,72.40981
Kuza Lalu,34.93441,71.9607
Kuzanwala,32.21036,71.13497
Kuzbarari,33.51481,70.34961
Kuzkharkai,35.08163,72.38808
Kuzo Koro,33.57635,70.88704
Kuzpanrghar,35.35961,72.27311
Kuzpao,34.70507,72.61206
Kuzsar Banda,34.6969,72.45192
Kwari Bala,33.94848,72.132
Kwaro Dherai,34.95256,71.75739
Kwerai,34.87791,71.77201
Kwāna,35.08389,72.16833
Kāfirkot,34.04028,72.45833
Kāla,35.06944,72.43333
Kāmdala,34.40333,72.43333
Kānezai Dheri,34.09444,72.35
Kār Bānda,35.28611,72.5375
Kārandūkai,35.46667,72.5925
Kāshora,34.775,72.975
Kīt,35.42778,72.60139
Kūz Katan,35.13194,71.99667
Kūz Maidan Kili,34.67317,72.99969
Labaran,32.70944,69.895
Labarkot,34.36121,73.23436
Labat,35.04892,72.32461
Labghar Ghari,36.39886,72.77097
Labodai Banda,35.69656,72.40075
Labour Colony,33.99126,71.43195
Lacha,35.03736,71.75946
Lacha Banda,35.04492,71.75306
Lachi,34.44141,71.39193
Lachi,33.38291,71.33733
Lachi Kor,34.43065,71.27349
Lachi Mang,34.60629,73.14032
Lachigaigal,35.47666,71.67065
Lachigram,35.35419,71.70238
Ladar,35.02647,72.77582
Laddan,34.48657,73.15081
Ladha,33.96418,72.80039
Ladha,32.56069,69.84156
Ladha,32.56803,69.82907
Ladhar Mang,34.2221,72.89481
Ladhewala,32.0821,71.02596
Ladranwala,32.02426,71.00471
Ladu,34.89757,72.51921
Ladwan,34.40867,72.54152
Laga Kazha,32.90273,69.51118
Lagar,33.25665,70.51107
Lagar,34.71181,72.60289
Lagarban,34.30232,73.31802
Lagham Kile,34.35876,71.45883
Laghar Kili,33.82218,71.0782
Laghar Manza,32.64837,69.81673
Laghar Sar,34.90226,73.09261
Laghara Mela,32.52211,69.32144
Lagharai,34.8082,71.34619
Lagharke,33.09157,69.67867
Lagharserai,34.89611,73.07713
Laghrai,34.97443,71.83951
Laghrai Banda,32.96078,70.95164
Laghro Pakha,33.72519,70.51122
Laghunaie,33.79133,71.062
Laghuno Tang,33.65189,70.40586
Lahanda,33.42539,73.65135
Laharano Kalle,34.32515,72.14303
Lahor,34.63111,72.51687
Lahor,34.47949,71.28934
Lahor,34.04958,72.36559
Lahor,34.9672,72.87695
Lahor Shakh,34.03034,72.36357
Lahori Gate,34.00995,71.58698
Lahori Kalle,33.36428,70.66113
Lahri,35.50818,72.98634
Lai,32.71464,69.6307
Lai Mir Ahmad Shah,32.79855,70.73494
Lai Seri,33.6945,70.89172
Laib Khan,32.95132,70.64598
Laid,34.54136,72.82304
Laigai,33.77748,70.89971
Laima Turat,36.63798,72.91283
Laindi,34.27122,72.16925
Lainrsuk,34.60233,72.60787
Laj Bang,34.99021,71.62985
Laj Kubri,34.60773,73.02379
Lajbok,34.95927,71.90072
Lajman,34.79784,73.65551
Lajwarc,36.375,72.1964
Lak,32.02527,71.03546
Lak Konah,33.20953,71.29962
Lakab,34.20465,72.75919
Lakai,34.46031,71.33011
Lakai,34.88235,72.03897
Lakai,32.60623,70.38194
Lakai Kalai,34.83979,72.26651
Lakai Kalle,33.7663,70.50657
Lakai Kota,34.92784,72.32067
Lakanre,33.721,70.89246
Lakap,36.27872,72.51268
Lakar,35.18462,71.6946
Lakar Bera,33.20521,71.64521
Lakarai,32.59737,69.78964
Lakarai,33.2086,70.73598
Lakarai,33.89494,71.93444
Lakarai,34.57866,71.25432
Lakarki Banda,33.01633,71.07955
Lake Maidan,32.8644,70.03115
Lake Tizha,32.60127,69.76314
Lakey Bazar,33.58796,71.13955
Lakhala,34.17824,73.00811
Lakhar,35.02637,72.51102
Lakhari,33.67311,70.60033
Lakhkar Khel,34.37578,71.45515
Lakhtai,33.79374,70.91983
Lakhtai Banda,34.36148,72.04336
Lakhtai Siamen,34.55184,71.58806
Lakhti Banda,33.52267,71.07572
Lakian,34.91751,71.48864
Lakian,34.91482,71.50263
Lakka,34.48999,71.43141
Lakka Tega,34.28,71.88778
Lakka Tizha,33.14818,70.74598
Lakkamanz,32.62307,70.34246
Lakkan Talao,33.66982,71.93172
Lakkarai,33.20431,70.7582
Lakkaro,34.56351,71.25866
Lakki,32.60724,70.91234
Lakki Banda,32.94776,70.99782
Lakki Ghundki,33.14377,71.1611
Lakki Kili,33.72829,70.5406
Lakki Machan Khel,32.359,70.41545
Laklargai,32.54008,69.43885
Laklargai,32.53303,69.4315
Lakrai,33.87876,71.21692
Lakrai,34.0483,71.48231
Lakrai,34.48166,71.54146
Laku,34.86078,71.55661
Lal Baghi,33.8912,70.10267
Lal Baihk,35.10726,74.0734
Lal Bandi,34.23277,73.17526
Lal Baz Banda,32.98985,70.98981
Lal Beg,34.08422,71.16446
Lal Bhek,35.26628,72.87498
Lal Darra,34.48996,73.15313
Lal Gul,33.00496,70.53486
Lal Gul Wazir Kot,32.08963,70.12933
Lal Jan Kalle,34.37074,71.92741
Lal Jan Kili,33.92525,70.95002
Lal Kandao,34.85674,72.0217
Lal Khan,32.77623,70.74051
Lal Khan Kalle,34.32372,71.93944
Lal Khan Shah,34.69554,71.47251
Lal Mela,33.60691,71.39609
Lal Mir Koruna,34.31444,71.68889
Lal Pura,33.68721,71.27704
Lal Qila,34.95014,71.81178
Lal Qilla,35.00012,71.80944
Lal Saiyid Koruna,34.31421,71.79091
Lal Sar Banda,34.73944,72.72258
Lal Shah,32.88583,70.65778
Lal Shah Koruna,34.22245,71.79472
Lal Shah Nikka,33.72636,71.23474
Lal Shashui,35.27086,72.59875
Lala China,34.00405,71.27271
Lala China,34.01259,71.2706
Lala Kalle,34.02422,71.69786
Lalaabad,32.42476,70.02816
Lalak,32.95207,70.47886
Lalam Shah,34.70373,71.52236
Lalarukh Colony,33.98818,71.5565
Lalazar,34.92166,73.76782
Lalazar,34.19532,71.80006
Lalazar Colony,34.35248,73.20915
Lalbaz Koruna,34.18224,72.23255
Lalbazgaray,33.59517,71.09565
Lalchiwali Mahli,35.05239,73.97005
Lale Kas,33.81612,70.66501
Lale Ribat,36.85443,73.58253
Lalejai,32.47281,69.79817
Lalgah,35.56285,72.20021
Lalgai,33.77353,70.89728
Lali,35.51705,72.06106
Lali Banda,32.27982,71.053
Lali Banda,34.60541,71.85129
Lali Garhi,34.22404,71.24496
Lali Kalle,32.94118,70.57434
Lali Kalle,34.36576,71.84225
Lali Khel Kalle,32.39628,70.43616
Lali Khel Kalle,32.45605,70.41815
Lali Mela,33.96382,70.0252
Lalia Talao,33.8675,71.54933
Lalian di Basti,34.97799,74.02267
Lalku,34.78983,71.98814
Lalkurti,33.99821,71.52996
Lalma Dheri,34.18479,71.70664
Lalmai,33.58636,70.72223
Lalmai,33.92195,70.14951
Lalmai Kili,33.86352,69.96502
Lalmi Punga,33.0596,69.61142
Lalozai,33.02028,70.60157
Lalu,34.99435,71.77579
Lalu Banda,34.314,73.10264
Lalu Gali,34.26592,72.84063
Lalu Razzar,34.37253,72.46564
Lam Kusham,36.47729,72.44446
Lama Nakka,34.73359,73.48961
Lamai Larai,34.86088,72.58266
Laman,32.94483,69.5207
Lamba Baihk,35.77799,73.01402
Lamba Bela,35.06117,73.78987
Lamba Danna,34.11401,73.43711
Lamba Maira,34.11608,73.17113
Lamba Nakka,34.83912,73.59975
Lamba Nokka,34.98696,73.92984
Lambat Jol,35.21397,72.54325
Lambi Dheri,33.53235,71.2704
Lambi Patti,34.54297,73.25419
Lambi Patti,34.85244,73.58779
Lambipati,34.72075,73.51931
Lamdori,32.28109,70.51673
Lamm,34.66918,73.10725
Lamma Chakkar,34.55351,73.05655
Lamma Nakka,34.52388,73.09878
Lammi,34.56515,73.10877
Lamotai,35.02596,71.74375
Lamutai,35.45996,72.23966
Lan,34.06385,73.18012
Land,32.95228,69.90454
Land Kamar,33.73667,70.68005
Land Sum,33.78347,71.3604
Land Wazare,32.78437,69.42491
Landa,34.41222,73.29724
Landa,35.20241,73.5555
Landa,34.90185,72.44073
Landa Nazar Shah Bhitanni,32.68476,70.51869
Landah,33.41389,73.63732
Landai,34.09443,71.68191
Landai,34.73991,72.71605
Landai,34.829,71.84219
Landai,35.07778,72.47778
Landai,34.84682,71.67522
Landai,31.62709,70.02752
Landai,34.85285,73.22542
Landai,34.69067,72.95329
Landai,35.09275,72.38761
Landai,31.72443,70.1215
Landai,35.01725,71.76631
Landai,34.85762,73.17396
Landai,33.78496,70.74417
Landai,34.5267,72.87144
Landai,35.04202,73.4503
Landai,34.75759,72.70505
Landai,34.359,72.29158
Landai,34.4291,73.12078
Landai,34.62515,73.01767
Landai,34.71634,72.42254
Landai Badal,33.04181,69.60267
Landai Bagh,34.88512,72.06351
Landai Jalajan,33.80661,70.77415
Landai Kachai,33.62033,71.16923
Landai Kalle,33.88062,71.3013
Landai Kalle,32.39722,69.69917
Landai Karama,32.49278,69.83528
Landai Kats,33.81097,70.75822
Landai Khel Zangai,32.56262,69.97236
Landai Manzai,34.94481,71.89726
Landai Mora,34.86105,73.02433
Landai Mutawar,31.71904,70.07968
Landai Nur,32.47972,69.62528
Landai Pakha,33.83239,70.356
Landai Rud,34.42353,71.73605
Landai Shah,34.84436,72.54522
Landai Shah,34.98974,71.96869
Landai Shah,34.55055,71.14309
Landai Shah,34.35527,71.99096
Landai Stanadar,31.71597,70.0924
Landai Tangai,33.87864,70.28301
Landaikas,34.76982,72.36275
Landaiwam,32.51269,69.71774
Landak Shaikh,32.85333,70.64222
Landakai,34.74837,72.49244
Landakai,34.28381,71.62968
Landakhwara,34.79528,72.28578
Landaki,34.66112,72.14214
Landakur,34.78724,71.77736
Landani,33.81229,70.71076
Landawar,33.82688,70.78751
Landay Shah,34.23995,72.04109
Lande,34.70329,72.33436
Lande,33.14771,70.03752
Lande,34.50303,72.40969
Lande Bahadur Khel Raghze,32.87902,69.58471
Lande Darra,34.64203,72.44003
Lande Narai,34.2944,71.25597
Lande Nur,32.45316,69.64182
Lande Shah,34.1781,71.84979
Lande Tut,34.42378,73.19947
Lande Umar Khan,34.25614,72.00519
Lander Bhar,34.30559,72.53588
Landesi,32.5222,69.91152
Landi,34.47865,71.41437
Landi,34.5825,72.85739
Landi Akhune Ahmad,33.95867,71.52156
Landi Arbab,33.98052,71.54901
Landi Broz,35.39409,71.67806
Landi Choya,34.84875,72.26775
Landi Dug,33.20752,70.29671
Landi Jalandhar,32.86783,70.92152
Landi Jawar,34.49481,71.31453
Landi Kalle,33.04183,70.811
Landi Kotal,34.0988,71.14108
Landi Muhandri,34.08488,73.42466
Landi Ragha,33.97711,69.9391
Landi Shah,34.61653,73.01533
Landi Shah,34.74754,72.06355
Landi Tangai,33.90977,70.38526
Landi Wala,34.26687,71.85991
Landi Wara Malam,33.2183,70.44662
Landi Wari Khel,33.80093,70.78166
Landia Banda,34.95606,72.78398
Landian Di Mori,34.79335,73.29243
Landidak Shadi,32.8597,70.63607
Landidak Shadi,32.85998,70.61834
Landidak Shah Najib,32.84889,70.57222
Landigo Jai,34.51216,71.31957
Landikas,33.95167,70.10886
Landikas,34.63801,72.99751
Landikass,34.63806,72.99694
Landikhari,35.37142,71.62726
Landino Kalle,34.13229,71.89479
Landiwah,32.74917,70.96595
Landiwal,33.5897,71.70978
Landiwam,32.5444,69.74137
Landiwan,33.94374,70.0608
Landkhwar,34.30903,71.99775
Landlai Bala,33.93506,71.47273
Lando Ahmad Khel,32.54595,71.09309
Landukai,33.31899,70.93599
Landukal,33.7055,70.99804
Landuna Ping,32.85724,69.50382
Lang,35.11604,72.92334
Lang,34.40205,73.07305
Lang Khair Shah,32.00345,70.99065
Langa,35.56067,71.80052
Langa Shal,35.82141,72.09074
Langa Shal,35.51066,71.89057
Langalot,34.22045,73.4433
Langan,34.3964,73.19027
Langao,34.34802,72.65383
Langar,33.84445,70.44889
Langar,34.11803,72.9036
Langar,34.3395,72.65815
Langar,34.94063,72.4801
Langar,35.22333,72.53604
Langar,34.90067,72.22682
Langar Derai,34.96189,72.4502
Langar Khel,32.48365,70.70433
Langar Khel,32.58584,71.09155
Langar Khel,32.69962,70.997
Langar Khel,32.57936,69.83237
Langar Khel Hathi Khan,32.50787,70.97071
Langar Khel Hindal,32.57841,70.91342
Langar Khel Manzar,32.52078,69.91603
Langar Kot,31.56244,70.38045
Langarkar,35.22147,72.52643
Langaro,33.86212,70.81896
Langra,34.06403,73.16186
Langrai,34.57133,72.75446
Langral,33.93782,73.30207
Langrial,33.92572,73.12498
Langurbat Ba,35.3286,71.60092
Langurbat Payan,35.31667,71.60939
Lanjar,35.67969,71.9331
Lanjian Saiyidan,33.90547,73.20265
Lanurdi,34.58205,72.63619
Lao,35.66069,71.92532
Lao Nisar,35.6584,71.92035
Laora,34.77105,72.92831
Lapakai,34.93112,71.80063
Lapari,33.41092,73.68768
Lapkai,35.08865,71.75703
Lapri Kalla,32.95172,70.94184
Lar,32.09094,71.06975
Lar Bilachand,35.14656,71.72218
Lar Bin,35.0905,71.70092
Lar Dag,35.31817,71.99881
Lar Dap,33.9378,70.1399
Lar Gatkai,34.86566,71.40387
Lar Jaba,35.15449,71.67512
Lar Kharowai,35.25081,71.89481
Lar Langarkai,33.09563,70.54432
Lar Mirako,33.70817,71.07135
Lar Rokhan,35.22901,71.89997
Lar Sangolai,34.8987,71.79919
Lar Shingara,35.12134,71.73873
Lar Tangharu,33.69923,71.07331
Lar Wazha,32.53211,70.2488
Lara Banda,34.7418,71.41161
Lara Darra,33.93137,70.13643
Lara Gora,34.27545,73.28752
Lara Nawagai,34.64835,71.28938
Larai,34.93137,72.61989
Larai,35.02936,72.7238
Larai,34.99091,72.64889
Larai Kas,34.84124,73.27257
Larai Piaza,35.12198,72.72625
Laral,35.3558,72.8983
Laram,34.78997,72.01867
Larama,34.05242,71.57603
Lardam,35.49641,72.48208
Larejaula,33.13364,70.29235
Largam,34.77161,72.98606
Largha Shirani,31.86407,69.97509
Largi Tangi,33.71536,71.09281
Lari,34.25383,73.36004
Lari,34.77098,73.44821
Lari,34.75617,73.53004
Lari,34.47455,73.40135
Lari Banota,34.25493,73.37683
Lari Karen,34.83687,72.80574
Lari Khel,33.92135,70.90084
Lari Pize,34.49307,72.71322
Larima,32.66009,69.92879
Larima,32.60472,69.74833
Larimai Borinzai,32.60604,69.74832
Larkhawa,32.40613,69.29878
Larkhwa,32.31778,69.30639
Larkiai Banda,35.26078,72.56399
Larnan,32.2204,69.54734
Larnawana,32.95848,70.21331
Larozai,32.48999,69.57978
Larra Banda,35.20193,71.88412
Laruka,34.59693,72.16037
Larzar,33.93016,70.02121
Las,34.36547,72.86821
Las,34.39569,72.98241
Las Garhi,33.65561,71.46228
Las Khan,34.91,71.8754
Lasgiar,34.33302,72.92389
Lashat,35.35718,71.7179
Lashkar,34.94493,72.81604
Lashkar,34.93617,72.81916
Lashkar Gahz,36.86302,73.46983
Lashkarabad,34.04171,71.58723
Lashora,33.77875,71.87919
Lashora,34.05183,71.32763
Lashore,34.55154,72.91297
Lasht,36.38841,72.20811
Lasht,36.10168,71.84611
Lasht,35.91585,71.8146
Lasht,36.65734,72.575
Lasht,36.38839,72.75722
Lasht,36.27626,72.26529
Lasht,36.3879,72.2081
Lasht Bukht,35.72844,71.71102
Lasht Ghari,36.17841,72.17256
Lasht Khot,36.50465,72.48206
Lashtai Banda,32.97521,71.0213
Lashtdan,36.50812,72.76142
Lashtdeh,36.34183,72.12455
Laskar Kalay,34.44446,71.0878
Laspata,34.52628,73.18889
Laspatin,34.45317,73.41339
Laspur Ghari,36.06014,72.51555
Lassan,33.92479,73.18655
Lassan,34.62405,73.44918
Lassan,34.08551,73.38095
Lassan,34.27123,72.97332
Lassan Nawab,34.34858,73.07232
Lassan Nawab Sahib,34.27456,72.97452
Lassan Thakral,34.27071,73.07473
Lasu Sultani,34.4778,73.37869
Lasul,34.69049,73.05913
Laswandai Bandai,32.55826,69.65277
Lat,34.74318,71.70949
Lat Kili,33.83868,70.16357
Lata,32.57336,69.85186
Latai,33.21797,70.75378
Latai,34.92171,71.46296
Latai,34.59868,72.60227
Lataka,32.91484,69.7427
Latake Kalle,33.77497,70.50398
Latakka,32.64516,69.8889
Latambar,33.10948,70.86793
Lati Kalle,32.25957,70.30672
Latif Khan Kili,33.96599,71.18855
Latifabad,34.03426,71.58883
Latifai Kalle,34.45272,71.95797
Latore,35.64042,71.85872
Latras,35.19799,73.11389
Latu,33.67005,70.68081
Latuk,32.95866,70.49686
Latwar,35.20421,73.26201
Lautil,35.21364,73.18582
Lawa Ghar Channi Khel,33.08808,71.3009
Lawa Ghar Kili,33.08508,71.30039
Lawadan,36.55026,72.47285
Lawanai,34.74191,71.7188
Lawanai Jabba,33.78539,70.79639
Lawanda,35.0119,71.66036
Lawani China,33.81423,70.80355
Lawano Banda,35.60755,72.01496
Lawanrai,34.70567,72.68092
Lawar,35.69274,71.80645
Lawar,31.80686,70.06537
Lawar Kili,33.92862,70.93877
Lawar Mela,33.68786,70.93855
Lawar Zon,36.4329,72.30252
Lawata,33.88412,71.14306
Lawi,35.60343,71.82143
Lawi,35.05669,72.25474
Lawi Banda,35.59549,71.99774
Lazai,33.59695,70.65757
Led,35.5099,73.12288
Leda,34.90914,73.68042
Leda,34.64081,73.4156
Ledai,34.99316,73.36817
Ledai,34.87184,73.19428
Leghra,34.29308,72.81912
Legra,34.42619,72.75737
Lehbad,34.55709,72.89743
Lehri,33.09398,73.70607
Lehri Sathana,34.27368,72.8163
Ler Almazo,34.85021,71.42129
Ler Khaloz,34.80372,71.37577
Leran,34.26688,72.63988
Lerflowzoo,34.7838,71.41996
Lesmaira,34.38722,73.39584
Letai,34.81335,71.92626
Lewa,34.57702,73.40726
Lewa Ghar,33.02816,69.57989
Lewan,32.87922,70.59542
Lewanai,33.91832,70.25889
Lewanai,34.77083,72.55833
Lewanai Nasai Kalle,32.5723,70.37044
Lewanal,34.90556,72.7
Liaghunai,34.70323,71.34895
Lial,34.40084,73.11592
Liaqatabad,34.05903,71.58181
Liaqatabad,33.85778,71.55691
Liara Mela,33.68624,70.95433
Liare Tangai,32.45179,70.25743
Liare Zhawar,32.73577,69.52055
Liari,34.5801,73.18732
Lias,34.29824,72.93457
Liasan Band Banda,35.58058,72.30631
Libanr Bala,35.12809,71.7667
Libanr Payan,35.12325,71.76723
Lidi,34.58493,73.31368
Lidi,34.9599,73.67752
Liganai,34.58841,72.30657
Likhu,34.66606,71.9726
Liknai,34.92839,73.34478
Liko,35.50335,73.60749
Likor,34.97814,71.6691
Likpani,34.40479,72.05552
Lil Darra,34.4156,72.69697
Lil Garh,33.59732,70.48865
Lilai Banda,34.83468,72.94876
Lilauni,34.95608,72.64419
Lilbanr,34.63196,72.57015
Lilbanr,34.7371,72.54442
Lilbanr,35.0194,72.3322
Lilownai,34.95631,72.64391
Limakishman,35.97447,72.07829
Limara Garhi,33.70219,70.67425
Lindia,32.70515,70.01436
Ling,34.65999,73.50121
Liqu,34.6794,71.95111
Lira,33.74369,70.93799
Liran,34.21008,73.46417
Lita,32.80443,69.5103
Litak Kot,32.72956,69.86118
Liwan Khel,33.9564,70.08971
Liwanai Pail,33.20606,70.9511
Lizzat Bānda,35.42778,72.57361
Lkai,34.01539,72.16662
Loar Devlai,34.86365,72.25185
Loar Sira,34.79222,72.28862
Lochana,34.677,72.65147
Lockhart Lines,33.99583,72.00694
Lockhart Lines East,33.99722,72.00833
Lodhlabad,34.27093,73.23726
Lodia,34.84722,72.55556
Loe Agra,34.60002,71.7033
Loe Banda,34.65209,71.63257
Loe Banda,35.05862,71.89948
Loe Bani,34.74977,72.3922
Loe Der,34.88637,73.28862
Loe Jakh,34.89851,73.33752
Loe Jawar,34.71088,71.38144
Loe Jowar,34.81391,71.54108
Loe Kalle,34.90888,71.45922
Loe Kobu,35.08759,72.79821
Loe Maina,34.55029,71.3147
Loe Mena,34.62633,71.57183
Loe Namal,34.99521,72.32531
Loe Nao,35.11428,72.53993
Loe Punarghai Bhnal,35.81438,72.5743
Loe Punarghal Nad,35.81374,72.56619
Loe Sam,34.69582,71.3968
Loe Sar,34.90895,73.1161
Loe Shah,34.43595,71.45278
Loe Shah,34.63125,71.42173
Loe Shorshing,34.83056,72.11895
Loe Surdag,34.50655,71.3928
Loedarra,34.57555,72.82607
Loepandghal,35.40684,72.3773
Logar,36.4948,72.45579
Logari,35.31895,73.20048
Logham,35.50937,73.60594
Logram,34.87977,71.49581
Lohar Banda,33.43828,71.80761
Lohar Banda,34.43469,72.94916
Lohar Banda,34.72418,73.57735
Lohar Bandi,34.33558,73.19261
Lohar Gachi,33.90523,71.45458
Lohar Gali,34.3332,73.41747
Loharan di Jhugi,31.39015,70.75482
Lohi Nel,35.46542,72.21703
Lohiamaira,34.63995,72.99166
Lohigal Ghari,35.8736,72.1693
Lohok,35.97997,71.52643
Loi,35.16041,73.23604
Loi,35.14141,73.06537
Loi Dandi,34.51852,73.42427
Loinalol Basti,35.15447,73.98624
Loiran,33.92661,73.34246
Lok,31.78277,70.71902
Lokhai,33.81444,70.39128
Lokhari,33.37595,71.58455
Lolemi,36.43813,72.32329
Lolgram,36.07157,71.82408
Lomai,31.76775,70.05978
Lon,36.17968,72.07971
Lond,34.85213,73.1634
Londai,34.82495,72.83319
Londai,34.85984,73.21992
Longai,34.00721,73.44066
Lonrai,34.8662,73.20218
Lora,33.8901,73.28297
Lora Banda,33.30167,71.61222
Lora Garhi,33.68,70.81811
Lora Mela,33.67413,70.8707
Lora Mena,34.14046,71.32048
Lora Shah Kalle,34.34944,71.64248
Loresa,32.94771,70.43304
Lori,34.61184,73.52879
Lorin,34.95578,72.91977
Lotar,35.47851,73.28203
Lotor,36.07752,72.44551
Lotshal Ghari,36.1568,72.20609
Lowanis Shal,35.80526,71.90751
Lowar Banda,32.96639,71.05417
Lowara Mana,34.1324,71.32932
Lowara Mela Banda,33.47302,70.91245
Lowarai Kalan,35.32921,71.82489
Lowarai Kalle,35.24033,71.80727
Lower Biusho,35.38438,72.05737
Lower Chaharmung,34.7685,71.32271
Lower Majuhan,34.20273,73.46229
Lowler Ghari,35.88167,71.49509
Loya Banda,34.5714,72.13158
Loyar,35.14798,72.07694
Loye Kandao,35.15297,72.02698
Lozum,35.42677,73.38318
Luar,35.00942,71.70184
Lubbar,34.40874,73.03272
Ludhi Khel,33.58914,71.16984
Lugai,35.08667,72.74644
Luge Banda,35.07985,72.75481
Lugga Gali,34.69745,73.2913
Lugharai,34.80462,71.42257
Luharano Banda,34.50402,71.78286
Luhgi,34.65597,73.45304
Lukhtni Ghari,36.07428,71.71717
Lulai,32.94405,69.53969
Lumai Banda,34.96378,73.11757
Lun Pattian,34.25638,73.29243
Lunan,34.58349,73.29646
Lund Khwar,34.38802,71.9808
Lunda,34.08914,71.81199
Lunda,34.72866,73.3158
Lunda,34.40874,73.023
Lunda,34.62934,73.27655
Lunda,34.26903,73.28057
Lunda,34.76742,73.45
Lunda,34.26492,73.08454
Lunda,34.40775,73.40311
Lunda Para,31.48161,70.69268
Lunda Sharif,31.6618,70.77002
Lundagari Chat,33.30601,71.37443
Lundai,34.95132,73.07383
Lundai,34.94947,73.07762
Lundai,33.62002,70.59237
Lundai,35.10629,72.7317
Lundai,34.4149,73.27247
Lundai,34.63614,73.08505
Lundakai,34.86556,72.43969
Lundi,34.42359,73.37174
Lundi,34.66221,73.02166
Lundi,34.54068,73.04742
Lundi,33.80015,70.83468
Lundi,34.7362,73.42763
Lundi,34.69109,73.34419
Lundi,34.55398,73.43322
Lundi Baloch Khan,31.6014,70.13432
Lundi Chhoi,33.79868,72.94879
Lundi Karna Khel,33.82504,70.71312
Lundi Ser,34.70061,73.22739
Lundi Shah,34.40613,71.78625
Lundokai,33.62047,70.45992
Luni,31.94882,70.34494
Lunia,34.64099,72.94378
Lunko,36.44,72.35277
Luno,33.46275,73.64679
Lunthor,35.44673,72.22524
Luqman Banda,34.95992,71.94114
Luqman Dheri,34.1568,72.41453
Luqman Khel,33.94592,70.04271
Luqmanabad,33.99211,71.57399
Lur,34.03953,73.44435
Lura,34.62898,72.61572
Lurai,35.06067,72.34974
Luran,35.45625,73.44673
Lurki,34.15667,72.95371
Lusar Gah,35.30707,73.53272
Lusesar,34.87619,72.87555
Lusu Baihk,34.18292,73.41702
Lut,36.85115,73.43121
Lutdeh,35.67895,71.64375
Lwara Kalle,32.98804,69.51064
Lwara Mandai,32.94804,69.50545
Lwara Mela,33.90036,70.73916
Lwara Mela,33.77548,70.47452
Lwargai,34.67192,71.32837
Lwargai,33.07117,70.58723
Lwari,32.62112,70.21122
Lāl Bela,35.17694,72.49528
Lāla Bānda,34.95,72.36667
Lāngbār,34.80278,72.70278
MGPCRBC,32.28634,71.17321
Maare Kala,32.70629,69.66747
Maban Dheri,34.17238,72.08921
Mabanr Banda,35.06095,71.90053
Mablola Payan,34.24833,71.85111
Mabonr,34.94944,72.36042
Macchhna,33.92196,73.30513
Mach,34.58886,72.82519
Mach Kili,32.57592,70.39433
Machai,34.66841,72.68309
Machai,34.30582,72.29681
Machai,34.61342,72.96593
Machai Dhanda,34.5782,72.91045
Machan Khel,32.74579,70.73075
Machan Khel Banda,32.69236,70.99425
Machapura,33.81493,70.67905
Machar Beh,34.50703,71.91407
Maches,32.99436,70.08532
Machhan da Maira,34.13457,72.98281
Machhi,35.09001,73.11254
Machhi Khet,34.58769,73.28239
Machhipol,34.4038,73.27215
Machhiwala Banda,32.00243,70.81097
Machhral,34.36284,72.8678
Machi Khel,33.02882,70.24306
Machi Khel Zhawar,32.74052,69.8682
Machin Koruna,34.06779,71.93586
Machkandai,34.72155,72.63977
Machla,35.01077,71.85322
Macho,34.73271,71.88721
Machpuran Banda,34.67911,72.54523
Machra,34.52045,72.82092
Machund,35.47838,73.72457
Mad,34.35093,72.88961
Mad Aghrab,32.865,70.72111
Mad Alim Kot,32.77755,69.9604
Mad Amir Kili,32.66528,70.05165
Mad Azam,32.91722,70.66611
Mad Banda,34.95327,73.12965
Mada Khef,32.94406,70.59739
Madad Khan Kalle,34.32902,71.66135
Madad Khel,32.42421,70.52262
Madagusht,35.73102,71.61401
Madai,32.95668,70.62345
Madak,36.34365,72.35246
Madak Khan Khel,32.84701,70.55695
Madak Khel Kili,33.07813,69.87274
Madak Lasht,36.35108,72.32481
Madaklasht,35.77558,72.03137
Madali Camp,33.36513,70.47781
Madam Talao,33.78969,71.70718
Madaman Kalle,32.93363,70.57722
Madari Koruna,34.41544,71.88123
Madashil,36.06125,71.81782
Madat Wanda,32.12207,70.90235
Madd Adda,33.17372,71.64243
Madda Khel,33.91628,71.02266
Madda Khel,32.13482,69.58968
Madda Khel,32.32343,71.22227
Madda Khela Bala,34.27864,72.39141
Maddan,34.31653,73.11839
Maddar Khel,33.87886,70.7878
Maddi,31.88128,70.57495
Maddi Khel,33.20264,70.5311
Maddi Talao,33.96354,71.74128
Maddu,34.35558,72.05239
Madha Dhand,33.95988,71.34936
MadhaMadha,35.05505,72.48043
Madhar,34.63629,73.33727
Madho,34.33093,72.18957
Madhokanrai,34.55366,72.41279
Madhu Dar,33.56913,70.82653
Madi Baba Ziarat,34.32583,71.88778
Madi Khan Banda,35.37946,71.90614
Madi Khel,33.0498,70.37801
Madi Khel,33.07062,70.36189
Madi Khel,32.95137,70.94008
Madi Khel,33.03184,70.35581
Madi Khel Banda,32.73121,70.77526
Madiat,35.02947,72.42019
Madikai,32.54682,70.01619
Madikai,32.61028,70.02042
Madina Colony,31.81124,70.90547
Madina Colony,34.0294,71.57309
Mado Kili,34.59938,72.77426
Mado Kili,34.13075,71.42806
Madona,35.02923,72.39161
Madori,35.22258,73.44191
Madowal,32.34078,71.16845
Madrassa,33.92626,71.36902
Madu Banda,32.63562,70.93973
Madu Talao,33.8207,71.53401
Madyan,35.14105,72.5382
Maghara Akram Khan,32.81389,70.87269
Maghdarra,34.2156,72.46522
Maghorgal,35.33752,71.59156
Maghrian,33.85315,73.06497
Maghzai Kili,32.32526,70.31521
Magra,34.72487,73.16259
Magra,34.68194,73.27439
Magrai Banda,34.84271,72.91497
Magri,34.03516,73.06838
Magri,34.66792,73.30768
Magri,34.57411,73.31082
Magri Janguan,34.07544,73.12623
Magri Janguan,34.13807,73.1242
Mah Hazara,34.17824,71.59484
Maha Bad Behn,34.00481,73.2514
Mahabara,34.40724,72.81238
Mahabbat Kota,34.96225,71.73538
Mahabta,34.06903,73.13578
Mahajir Colony,33.13714,73.69109
Mahak,34.86979,72.28975
Mahal Banda,35.03425,72.66641
Mahalla,34.00663,72.93669
Mahalla Akhunzadagan,33.99699,71.59987
Mahalla Bahauddin,34.00158,71.56998
Mahalla Tazi Khel,33.97376,71.60389
Mahallah Sheikhan,33.97315,71.6111
Mahandri,34.69758,73.57789
Mahandri Takla,34.69709,73.57769
Mahara,33.76215,70.22809
Maharramabad,33.81195,72.05144
Mahashe Banda,34.61167,72.35841
Mahavelian,34.25527,73.19985
Mahawalian,34.26069,73.19986
Mahbub Banda,33.28893,70.72051
Mahchiragh,36.52445,72.45685
Mahdul Mela,33.54621,70.95617
Mahe,31.53067,70.69538
Maherlan,33.97591,73.28539
Mahila,33.48382,73.65765
Mahin Baihk,35.05286,73.80294
Mahinjud,35.48166,73.71461
Mahirdal,34.48074,71.892
Mahlau,31.44717,70.09029
Mahli,34.96066,73.87862
Mahli,34.70453,73.41064
Mahli,34.64162,73.65158
Mahli,34.87838,73.76764
Mahli,34.88597,73.92055
Mahli Baihk,35.13249,73.68769
Mahli Nakka,34.70794,73.42171
Mahlian,34.79781,73.52681
Mahmandi,33.40901,71.40803
Mahmda,34.08477,73.17537
Mahmit Khan Khel,32.8184,70.46221
Mahmoodabad,34.24773,71.72468
Mahmuadabad,32.17614,71.02884
Mahmud Bhatti,31.73459,70.66704
Mahmud Kalle,33.0358,70.92332
Mahmud Khan Qila,34.17626,71.62272
Mahmud Khel,33.20456,71.14602
Mahmudabad,33.41491,70.64226
Mahmudabad,34.09755,72.45947
Maho Dheri,34.17833,72.10421
Mahrab Kili,32.91667,71.01667
Mahrah,31.49898,70.746
Mahram,32.15313,70.48664
Mahram Ghundai,34.71541,71.53833
Mahran,35.02931,72.93427
Mahri,33.87506,72.66413
Mahri,34.74521,73.2904
Mahrting,36.49059,72.72128
Mahsud,32.83927,70.63953
Mahsudabad,32.06235,70.22221
Mahsudabad,32.24585,70.37098
Mahsudabad,32.1306,70.48702
Mahta,33.1566,73.73059
Mahu Dheri,34.14242,71.99769
Mahu Dheri,34.17695,71.80263
Mahāsar,35.11667,72.57222
Maian Koi,35.09369,73.0536
Maiar,34.67223,71.89031
Maidalli Wanda,32.76805,70.93115
Maidan,33.9002,73.28512
Maidan,34.66414,73.39899
Maidan,32.8534,71.12352
Maidan,35.0738,71.76928
Maidan,35.68075,72.9679
Maidan,34.76642,73.10531
Maidan,34.75575,73.52289
Maidan,34.82148,72.99298
Maidan,34.78929,73.51342
Maidan,35.6051,73.14305
Maidan,35.65447,72.95155
Maidan,33.0181,69.7278
Maidan,34.88564,73.93894
Maidan,36.00551,71.5797
Maidan,31.63905,69.95593
Maidan,34.58548,73.44892
Maidan,35.72685,72.43483
Maidan,31.64203,70.06358
Maidan Banal,35.70096,72.65617
Maidan Banda,34.98336,71.80899
Maidan Banda,35.62145,72.52021
Maidan Banda,35.22395,72.84089
Maidan Darra,34.34051,72.8086
Maidan Wazhe Mina,31.6312,69.95551
Maidanai,33.20532,70.646
Maidanakai,32.39833,69.75806
Maidanakai,32.025,69.60278
Maidangi,32.74093,71.12362
Maidani,33.54427,70.31398
Maidani Banda,33.30823,71.64597
Maidar,35.15094,72.65129
Maidir,35.21044,73.01394
Maihu,34.47437,73.14061
Maikai Kalle,33.95463,70.10708
Maikai RH,33.96819,70.10979
Maikai Yaru,33.94444,70.10837
Mail Kas,35.43231,72.19675
Maila,34.69709,73.37485
Mailaga,34.78519,72.2136
Mailai Shahid Kalle,32.91389,69.72155
Mailnai Tizha,32.5167,69.70909
Mailno Baihk,35.21594,73.71456
Maiminai Qabr,33.98466,71.12141
Maimola,34.63507,71.61144
Main,34.43041,73.20204
Main Kate,33.99159,72.27646
Maina,34.64551,72.85451
Mainagah,34.59535,71.77637
Mainal,32.71773,69.67874
Mainari Tangi,34.78547,71.7702
Maine,34.70941,72.6095
Maini,34.11758,72.60849
Mainzpanr Ghare,35.33973,72.26971
Maioli,32.53385,69.66474
Maira,34.75994,72.84402
Maira,34.60768,72.62856
Maira,34.55938,73.13113
Maira,34.00148,73.36413
Maira,34.27737,72.96422
Maira,34.12862,73.30299
Maira,34.35482,72.83876
Maira,33.87705,71.62004
Maira,33.98266,73.31503
Maira,34.2915,72.85544
Maira,34.80114,72.51186
Maira,34.29704,72.85897
Maira,34.40328,72.92072
Maira,34.56995,72.71405
Maira,34.88556,71.95573
Maira,34.1173,73.37355
Maira,33.95938,73.32928
Maira,34.52093,72.79019
Maira,34.56313,72.61512
Maira,34.44577,72.95933
Maira,35.04834,71.98364
Maira,34.6013,73.25176
Maira,34.66861,72.73251
Maira,34.57845,73.00935
Maira,34.70647,72.62531
Maira,34.95076,72.51145
Maira,34.33189,73.06112
Maira,34.43057,73.38044
Maira,34.49386,72.63627
Maira,33.84924,73.04018
Maira,34.40115,72.78225
Maira,34.615,72.7477
Maira,34.5325,72.86037
Maira,34.15879,73.47636
Maira,34.1374,72.86098
Maira,34.13983,73.33353
Maira,34.04427,72.85729
Maira Amjad Ali,34.35323,73.30418
Maira Badhal,33.18591,73.71675
Maira Bala,34.31418,72.92909
Maira Bala,33.96654,73.212
Maira Banda,34.92201,72.22576
Maira Banda,34.29281,72.10143
Maira Banda,34.1385,72.90427
Maira Baz Garhi,33.89936,71.25607
Maira Chura,34.4062,73.184
Maira Colony,34.36466,72.0625
Maira Deshian,34.61759,73.03753
Maira Gujar,34.07498,73.14632
Maira Jia,34.38464,73.19715
Maira Mandi,34.42357,73.2117
Maira Pain,34.31234,72.93801
Maira Pain,33.97893,73.18645
Maira Pajhal,34.33691,73.0295
Maira Qazian,34.00595,73.14212
Maira Rehmat Khan,34.19444,73.31389
Maira Rehmat Khan,34.23638,73.32468
Maira Saiyidan,34.28345,72.84898
Maira Saiyidan,33.89394,73.21386
Maira Sarai Saleh,33.96757,73.0064
Maira Urmar Miana,33.91642,71.72611
Maira Utla,34.11424,73.17355
Mairagai,34.67774,72.72702
Mairagai,34.76038,72.95025
Mairagai,34.79717,72.77824
Mairagar,34.53975,72.77513
Mairagram Number One,36.26226,72.36909
Mairakai,35.0139,71.754
Mairakr,34.34056,72.06528
Mairal Dhand,34.21375,72.43708
Mairamai,34.92334,71.75613
Mairgai,34.64914,72.69964
Mairi Banda,34.24454,72.64381
Mairi Kalle,34.16265,72.38559
Mairo,34.24417,73.28179
Mairo Banda,35.16297,72.29084
Mairza Danya,33.01234,69.73623
Maithal,34.60571,73.28519
Maiyaro Kalle,34.35926,71.96543
Maizar,32.63102,69.50857
Maizara,32.38083,69.70722
Maizare,34.44913,72.57688
Maizaroga,34.51342,71.14557
Maizhigram,36.00823,71.61971
Maizu Baba Said Baba Ziarat,34.56007,71.06005
Majaffa,34.33625,73.39127
Majal,34.69165,71.75914
Majal,34.70157,71.74247
Majanr,34.91414,73.34029
Majhiani,34.3153,72.91173
Majid Kalle,34.33862,71.77573
Majid Khan di Mahli,35.03946,73.93489
MajjTalao,33.89425,71.74039
Majoke,34.1351,71.75162
Major Kalle,34.18686,71.58436
Major Kili,34.21074,71.47526
Majot,34.19749,73.45177
Majuhan,33.95497,73.1985
Majuhan,34.2111,73.47971
Majun Banda,34.80183,72.87697
Majwani Baba Ziarat,33.77259,71.6159
Makai,32.67259,69.64358
Makakot Banda,34.95567,72.74674
Makan Bagh,34.7704,72.3594
Makana Banda,34.2349,71.4607
Makanbagh,34.76855,72.35643
Makar,31.54028,70.72226
Makardam,34.91271,71.95822
Makarkhar,35.54626,72.56232
Makat Banda,34.9177,72.17585
Makh Banda,33.16155,71.34731
Makhad Khan,32.94925,70.48226
Makhai,34.8306,71.75101
Makhai,35.11671,71.73718
Makhai,35.04378,71.98876
Makhamoi,35.1491,71.67255
Makhan,34.02602,72.94163
Makhan Banda,32.86046,70.85804
Makhan Gali,34.55046,73.24195
Makhan Mohri,34.63646,73.35106
Makhangali,34.41385,72.9738
Makhar Nial,33.81955,73.13221
Makharano Kas,35.26427,72.0082
Makhazai,33.60989,70.30634
Makhdabbi,34.15707,73.11319
Makhhan Gali,34.54867,73.25456
Makhiala,34.42802,72.99802
Makhilai,32.71807,69.50704
Makhmad Alam,33.00867,70.53374
Makhmad Alam Kot,32.97363,69.97073
Makhmanda,33.83954,70.48917
Makhnan Colony,34.01448,72.93667
Makhranai,34.71976,72.88075
Makhranai,34.70424,72.87491
Makhranai,34.96459,71.844
Makhranai,34.40952,72.64246
Makhranai,33.88569,70.24844
Makhtumabad,35.82961,71.76651
Makin,32.62675,69.84156
Makinjal,35.67711,71.63071
Makol Bala,34.02768,73.31513
Makol Pain,34.02396,73.30819
Makori,33.29071,71.21427
Makra,34.7955,72.72623
Makrala,35.43506,72.22438
Makrao,35.06396,72.19285
Makri,34.19329,72.99012
Makria,34.48422,73.27192
Makrila,34.288,73.42048
Makrothi,33.43624,73.62531
Maksar Banda,35.29313,72.64586
Mal,34.16107,72.89271
Mal Baihk,35.42865,73.35477
Mal Bandi,34.39083,72.92879
Mal Mandi,34.03261,71.55413
Mala Darga,32.59394,70.45231
Mala Dheri,34.3357,72.1589
Mala Kalle,33.74232,70.79121
Mala Khel,32.43746,70.77653
Malach,33.99042,73.40465
Malachh,34.05979,73.39298
Malachh Ser,34.06276,73.38232
Malachno,33.89354,73.28898
Malagai,33.75216,70.76208
Malai,34.86494,71.99519
Malai Dakorak,34.85953,72.44297
Malaizo Banda,34.29297,72.05726
Malak Abad,34.80061,71.79778
Malak Abad,34.81009,72.56382
Malak Bala,35.3552,71.9773
Malak Garhi,33.89671,71.4432
Malakabad,33.96485,71.97645
Malakabad,34.10875,72.32524
Malakand,34.56561,71.93043
Malakand Darra,34.83982,71.83093
Malakand Lines,34.00165,71.97773
Malakand Road,34.59129,71.93637
Malakh Banda,34.78152,72.69168
Malal Zhawar,32.74861,69.86821
Malala,34.79036,71.76841
Malalai,34.97906,72.31127
Malalai,34.76845,72.46651
Malale Kalle,33.72219,70.8258
Malali da Kotha,34.20085,72.79568
Malam,34.82676,72.55113
Malam Jabba,34.79979,72.57185
Malan,34.28889,72.95629
Malana,33.93924,70.094
Malana Kacha,31.7475,70.86064
Malana Pakka,31.74153,70.86436
Malanah Dheri,33.80688,71.617
Maland Dam,33.96466,70.08738
Malang,32.88406,70.67643
Malang Dere,34.14769,71.83698
Malang Garhi,33.88793,71.43731
Malang Jan Kili,33.98149,70.93604
Malang Khel,33.66671,71.50184
Malang Khel,33.01392,71.05968
Malang Khel Raghzai,32.72187,69.92201
Malanga,33.04473,71.41049
Malangah,35.08628,72.04746
Malangai,34.84178,71.39811
Malangai,33.81881,70.5714
Malangano Kili,33.90264,69.95193
Malangdarra,34.61613,71.99237
Malar,35.3416,73.10528
Malasar,34.40875,72.63112
Malatar,35.10488,71.57667
Maldar Khan,33.26748,70.50784
Male Kalla,32.96252,70.88212
Male Khan Kalla,32.94143,70.87349
Malekhi,31.58918,70.73218
Malg Kalle,32.98479,69.66881
Malgai,33.56371,70.48255
Malgin,33.32686,71.52604
Mali,35.23316,72.46211
Mali,34.10661,71.48337
Mali,35.54488,72.416
Mali Banda,35.1849,72.85983
Mali Dera,35.04955,72.94007
Mali Desh,35.77321,71.69786
Mali Khel,32.83091,70.49672
Mali Koruna Sultanabad,34.09027,71.84785
Maliano Kili,33.94076,69.96316
Maliar,34.47858,72.76095
Maliara,34.21992,72.94811
Maliari da Khola,34.32824,73.06279
Malik Abdullah Khan Kalle,33.55557,70.33216
Malik Ahmad Khan Kalle,32.35562,70.21602
Malik Balal Kili,33.67621,71.61307
Malik Banda,33.41872,71.35739
Malik Din Khel Atarai,33.92175,71.43878
Malik Faqir,32.48312,70.06162
Malik Jafar Ghundai,33.92514,71.96185
Malik Kalle,33.50621,70.97631
Malik Kanan,34.3788,71.81851
Malik Khel,32.93271,70.26085
Malik Khel Kalle,32.8145,70.13195
Malik Mela,32.51635,69.85934
Malik Patuy,35.07437,72.38924
Malik Pur,34.61566,72.44443
Malik Shahi,32.82692,70.42845
Malik Shahi,32.82411,70.49267
Malik Shahi,32.83135,70.51584
Malik Shai Wazir,32.53301,69.60797
Malik Shamal Kalle,34.36496,71.3411
Malik Talao,33.97063,71.93759
Malik Zal Kalle,32.96785,70.48746
Malik Zarif Khan Kili,31.94106,69.42593
Malikabad,34.68637,72.15532
Malikabad,34.81288,72.35968
Malikabad,34.16387,72.64649
Malikabad,34.93587,72.01503
Malikabad,34.28585,71.58344
Malikabad,33.98877,71.56283
Malikabad,34.42308,73.13435
Malikabad,34.18491,72.39167
Malikabad,34.17586,72.01086
Malikdi,33.20352,71.38565
Malikdinai,32.54759,70.10522
Maliki Tatai Kili,32.59211,70.35225
Malikpur,34.42952,73.15257
Malikpura,34.15014,73.19915
Malikseri,34.90389,73.53091
Malikshai Kili,32.72193,69.8613
Maliār,35.04028,72.325
Malka,34.33734,72.6877
Malka,34.60825,71.15703
Malka Dher,34.16278,71.80833
Malka Dheri,34.16195,71.80404
Malkagata,34.36136,72.68539
Malkan,34.59861,73.16316
Malkan,34.07633,73.20455
Malkan,34.51624,72.96002
Malkan Kalle,33.57768,71.64845
Malkan di Gali,34.67651,73.15637
Malkana,34.67338,71.31101
Malkana,34.10831,71.17464
Malkana,34.97965,71.72174
Malkana,34.91255,71.6265
Malkana,34.48564,71.29427
Malkana Banda,34.86794,72.23588
Malkanai,34.82777,71.60414
Malkanan,34.94874,71.76835
Malkandher,34.01615,71.4731
Malkandher,34.00696,71.46968
Malkani,34.36868,73.12302
Malkaniwali,32.19714,71.14823
Malkano Kalle,34.28593,71.73956
Malki Kas,32.65633,70.34263
Malkiar,34.0089,72.92608
Malkora,34.61348,73.1529
Malkora,34.50623,73.03565
Malkot,33.99462,73.44575
Mall Khel,32.31287,71.187
Malla,34.05905,73.12004
Malla Khel,32.81775,70.86607
Malla Khel,32.77096,70.81465
Malla Khel,32.43885,70.67194
Mallat,33.87244,73.13189
Malli,33.25939,70.51568
Malli Kalle,33.84079,70.1436
Malli Khel,33.80598,70.11842
Malli Khel,33.79506,70.13297
Malli Khel Bala,33.89384,72.10963
Malmula,33.91128,73.30094
Malo Shah Kili,34.46551,71.9656
Maloch,34.84384,72.30278
Maloga,34.49343,73.02009
Malogai,33.1675,71.36849
Malogai Gujro,34.00739,71.67773
Malosh,36.5924,72.50653
Malot,33.42777,73.70891
Malsu,34.16333,73.36705
Malti Kalle,33.02154,70.95678
Malu,35.36315,71.7175
Maluk Banda,35.01046,72.11118
Maluk Kalle,34.2015,71.52062
Maluk Khan Kili,33.9454,71.16516
Maluk Payan,35.35069,71.97155
Maluk di Mahli,35.05203,73.98674
Maluka,34.88589,72.34943
Malukabad,34.77789,72.36843
Maluki Banda,34.5325,71.8216
Malwal,34.38336,72.93795
Malwananwali,32.20129,71.10591
Malwara,34.49722,72.97866
Malyar Banda,34.38799,73.18758
Mam Derai,34.79881,72.38161
Mama Je Kalle,34.33097,71.72183
Mama Ji Kalle,34.10123,72.11347
Mama Khan,33.57495,70.82094
Mama Khel,32.92855,70.26879
Mama Khel,32.91,70.59938
Mama Khel,32.85145,70.78042
Mama Khel,33.78587,72.13019
Mama Ziarat,32.89019,69.66312
Mamadi,32.95757,70.24005
Mamak,32.86654,69.53994
Mamal Pati,33.90271,71.14666
Mamanai Gudar,34.42718,71.68114
Mamani,33.05572,71.19975
Mamani,33.63829,70.93344
Mamarey,33.83578,71.30816
Mamat Khan,32.84957,70.65088
Mamat Kili,33.6845,71.52667
Mambati Barakzai,32.92589,70.54331
Mambe,34.63411,72.59515
Mamdinsar,34.89041,72.92113
Mamekh,34.74756,73.55413
Mami Khel,33.64675,71.75178
Mami Khel,32.56047,69.61928
Mami Khel,33.34216,71.17866
Mamidar Khan,32.94798,70.4876
Maminzu Kalle,34.75,71.5333
Mamit Khan Kot,32.47395,69.63748
Mamit Khel,32.41953,69.79256
Mamlu Dab,35.38716,71.89744
Mamokhan Taq,35.12567,72.17178
Mamosai,35.12612,71.72403
Mamozai,34.49637,71.11095
Mamsar,35.62115,72.03777
Mamta,34.35436,73.12355
Mamun Khatki,34.16177,71.58416
Mamun Khawara,33.39802,70.62809
Mamun Kor,34.4003,71.44768
Mamund,34.84372,71.40323
Mamutki,35.27378,71.66379
Mamuza,33.8536,70.15517
Man Zhawar,33.2218,70.22505
Man da Nakka,34.07615,73.07952
Mana,33.88691,70.18186
Mana,32.71124,69.60912
Mana Gul,32.92926,70.39419
Mana Kamar,33.78509,70.69763
Mana Tsolu,32.50176,69.75219
Managai,34.91723,72.59355
Managai,34.18312,72.34956
Managai,34.64924,71.68454
Manai,32.95861,70.58111
Manai Get Banda,35.34871,71.93477
Manaisar,34.88333,72.63333
Manak Bohri,34.65319,73.25744
Manak Borian,34.65022,73.24024
Manakhwar,34.51576,72.89197
Manal,34.02273,73.26947
Manan,34.05919,73.25573
Manar Kot,34.78825,71.43328
Manari Bala,34.14107,72.46805
Manark,33.0048,69.54246
Manatu,33.61535,70.48458
Manchora,34.51752,73.00731
Manda,34.80453,72.91929
Manda,33.70369,70.71093
Manda Gali,34.31333,73.00914
Manda Gucha,34.6641,73.26118
Manda Khel,32.67596,70.03858
Mandagh,36.26141,72.34794
Mandaghu Banda,35.30701,71.69861
Mandah Khel,33.42448,71.53612
Mandai,33.81481,71.73706
Mandai,32.71535,69.60268
Mandai,32.70726,69.568
Mandai,33.79614,71.44645
Mandai Kas,33.91034,71.40337
Mandai Tota Khel,33.80108,71.74019
Mandakai,33.96943,69.9899
Mandakai Khan Kalle,33.27485,70.35919
Mandal,34.98264,71.5918
Mandal Dag,35.09474,72.32237
Mandalo Shah,34.7104,71.64896
Mandan,33.58402,70.53791
Mandan,35.00798,72.42447
Mandan,32.94371,70.61138
Mandan Manjiwala,32.74206,70.83703
Mandan Sabu Khel,32.95623,70.60811
Mandan Shal,35.95108,72.34552
Mandanke,32.68048,69.66776
Mandanna,32.37525,70.0781
Mandao,34.62676,72.59467
Mandao,34.38447,72.72913
Mandao,34.51406,73.20885
Mandao Manzai,34.95766,71.90959
Mandaona,35.0258,72.39259
Mandar Kalle,33.02148,70.89486
Mandar Patal,33.60732,70.76202
Mandarra,33.54281,70.47456
Mandarra,34.51528,72.4181
Mandat Khān,32.96639,70.90306
Mandatai,33.73325,70.85191
Mandato Bagh,33.6127,70.59536
Mandato Kas,33.79535,70.77839
Mandatta,33.8209,70.58582
Mandau,33.03599,70.83835
Mandawam,32.72593,70.19112
Mandazai,33.01542,70.61815
Mandech,32.6622,69.7604
Manderi,33.57509,71.66399
Mandesa,34.96848,71.9096
Mandesh,34.87852,71.97079
Mandev,32.92055,70.55745
Mandezai,34.25163,71.62095
Mandgan,34.68122,72.80471
Mandhar,34.38549,73.30356
Mandhari,34.60282,73.3783
Mandho,34.58997,73.38457
Mandhran Kalan,31.94849,70.95852
Mandhran Saiyidan,31.9274,70.93506
Mandi,34.22714,72.8103
Mandi,34.58875,73.33945
Mandi Godfreyganj,34.52462,71.89611
Mandi Khel,32.91295,69.73561
Mandi Kul,32.4664,69.46192
Mandian,34.34915,73.23134
Mandnak,33.87616,70.13857
Mandni,34.34502,71.78669
Mando,34.33836,73.0747
Mando Khel,33.89011,72.15465
Mandogai,34.66974,71.5236
Mandona,34.12517,71.65967
Mandorai,32.44787,69.53036
Mandori,33.80263,72.22942
Mandra,34.19627,73.13905
Mandra Khel,32.91777,70.6491
Mandra Khel,34.06361,71.55042
Mandraza,35.22207,73.15461
Mandri,34.72003,73.0794
Mandri,33.02581,70.59883
Mandri Khel,33.90391,70.62063
Mandro,35.29301,72.98282
Mandrochh,34.25475,73.26563
Mandrochh Kalan,34.18304,73.28633
Mandrochh Khurd,34.18227,73.26255
Mandte Kas,33.83918,70.63604
Manduna Kai,32.66947,69.65436
Manduni,33.67396,71.88827
Mandura,34.68826,72.72293
Mandurai,34.60263,71.24221
Mandurai China,34.73905,72.68992
Manduri,33.43043,71.36861
Manduri,33.46217,70.42799
Manduri,32.93926,70.64556
Manduri,34.19122,71.90884
Manduri Bangash Kalle,33.54999,70.33223
Mandwahwala,32.10807,71.05869
Mane Banda,34.02207,72.41312
Mane Kamar,33.82441,70.74071
Manerai Banda,34.15736,72.40075
Maneri Payan,34.1357,72.4771
Manewal,34.51419,72.98305
Mang,33.90719,72.91039
Mang,34.58392,73.34704
Manga Banda,34.74977,72.76715
Manga Doga,34.28626,72.98036
Mangabon Banda,34.84693,72.89133
Mangah,34.18662,71.91286
Mangako Kalle,34.12854,72.30438
Mangal,34.25106,73.23586
Mangal,35.75085,71.78849
Mangal Chal,34.21412,72.74545
Mangal Darra,34.16615,73.1647
Mangal Khel,33.15607,71.27923
Mangal Tapo,33.52826,70.3523
Mangal Thana,34.30387,72.61159
Mangala,35.35064,72.08953
Mangalabad,33.65386,70.39248
Mangali Wanda,32.79982,70.89791
Mangaltan,34.85029,72.48279
Mangan,34.39933,73.27092
Mangan Kalle,34.83695,73.0592
Mangano,34.78191,72.78255
Mangar,34.41678,72.5837
Mangar Kalle,32.60941,70.36083
Mangar Khel,33.12051,71.28115
Mangar Kot,34.87656,72.57224
Mangara,33.59949,71.56981
Mangarai,35.07239,72.68684
Mangarra,34.57448,71.37665
Mangasin,33.05877,69.6435
Mangazai,35.04889,72.63348
Mange di Bandi,34.2224,73.25837
Manghal,34.67441,73.49054
Manghal Danna,34.6882,73.49148
Manghalan,34.72916,73.45363
Mangia,34.16321,73.09829
Mangian,34.60083,71.12655
Mangla,34.87089,72.8821
Mangla Colony,33.11217,73.64184
Manglai,34.52103,72.75141
Manglain Ali Khel Dna,32.52092,70.46604
Manglaur,34.80645,72.43988
Manglaur,34.25159,73.11127
Mangli,34.55075,73.34634
Manglur,34.6822,73.41658
Manglur Colony,34.09112,73.02783
Mangrai,34.64682,72.93858
Mangrai,34.81194,72.77662
Mangrai,34.81465,73.21862
Mangrai,34.58941,72.95099
Mangrai Bela,35.18792,72.4882
Mangrai Sar Banda,35.17467,72.47941
Mangri Pashta,34.95757,73.05539
Mangu,34.85553,72.0321
Manguabad,33.32444,73.62376
Mangwala,33.80775,73.12664
Mangwala,34.23674,73.0922
Mangwala Kalan,34.24707,73.08903
Manhadon,33.77847,70.80607
Manhai,33.90798,72.07984
Mani Kalle,33.05705,70.78443
Mani Khan,32.82868,70.70928
Mani Khel,33.73085,70.97786
Mani Khel,34.66412,72.71118
Mani Khela,34.16964,71.89951
Mani Singh,32.87056,70.57361
Manial,34.95583,71.77544
Manian Banda,32.72962,70.88176
Maniar,34.71464,72.27201
Maniari,34.63314,72.52141
Manibanr,34.81618,71.85579
Manin,35.43326,73.46295
Manin Baihk,35.39075,73.48371
Manipatai,35.00448,72.33648
Manj Kalle,32.30512,70.34904
Manja,34.8586,72.21404
Manjai,34.87015,71.89721
Manjakot,34.45128,72.78992
Manjara,34.79852,73.35408
Manjaral,34.56371,72.53062
Manjaur,34.75735,72.25858
Manjha Khel,32.91627,70.69887
Manjhi,32.07499,70.16703
Manjhia,33.9747,73.14769
Manji Bhek,35.44661,72.90456
Manji Khel,32.14523,70.47456
Manjinr Banda,35.09262,72.87623
Manjorai Kalle,34.16244,71.9547
Mankah,33.10127,71.26019
Mankar,35.1767,72.53721
Manki,34.00975,72.32706
Manki,34.84854,73.21984
Manki,34.64088,73.19213
Manki,34.99046,72.03442
Manki,34.72952,72.53558
Manki,32.70757,69.60515
Manki Ghakhal,33.95417,71.9757
Manki Kalle,34.66414,71.80134
Manki Sharif,33.94118,71.97472
Mankial,35.32516,72.61498
Mankrai,34.00225,72.96742
Mankrao,33.97607,71.53431
Manna,34.70907,73.30361
Mannar,34.05104,73.24752
Mannu,34.63619,73.36406
Mannu Khan Kot,32.09334,70.18948
Mannu Mair,34.61119,73.02082
Mannu di Gali,34.11333,73.21581
Mano Banda,35.13969,71.96032
Mano Dherai,34.7597,71.65984
Mano Dheri,35.04403,71.95536
Mano Malak,33.43318,71.84613
Mano Zhok,35.18095,73.33132
Manogai,34.47159,71.73615
Manogai,34.69479,71.51708
Manogai Seri,34.76718,71.31836
Manr Patai,34.97599,72.50129
Manra,34.81359,73.17256
Manra China,33.81727,70.50848
Manrai,35.00171,71.6254
Manrai,34.83912,72.10431
Manrai,34.66946,71.92548
Manrai,33.84402,70.59473
Manrai,35.17734,71.78676
Manrai,34.83553,72.96952
Manrai,34.93561,72.27762
Manrai,34.48494,71.60854
Manrai,35.05164,72.29869
Manrai,34.87601,72.02754
Manrai Banda,34.97015,72.2205
Manre,33.09293,69.6674
Manre Ghund,33.88256,70.28172
Manrega,34.86065,72.00082
Manrgan,34.26472,71.65278
Manrgan,34.77236,73.00845
Manrgano Kalle,34.10581,71.57834
Manri,35.05649,72.84598
Manri,34.10169,72.81756
Manriano Banda,34.60593,71.95449
Manrkal Banda,35.2967,71.9231
Manrkal Banda,35.27638,71.94463
Manro,33.90618,70.37085
Manro Tangai,34.82635,72.00382
Manro Zangal,34.89713,71.35578
Manrogai,34.84672,71.81606
Manru,34.86722,71.68083
Manru,34.93174,71.9878
Manrugai,34.85107,71.7026
Manrugai,34.79153,71.72145
Manrugai,34.73088,71.29884
Manrugai,34.77639,71.70719
Mans,34.76578,72.93029
Mansabdar,34.20737,72.35655
Mansehra,34.33023,73.19679
Mansfield Lines,34.00941,72.0037
Manshi,34.691,73.44376
Mansoka,34.24223,71.56233
Mansur,32.44751,70.79097
Mansur,34.89508,73.07961
Mansur Banda,34.88886,72.00093
Mansur Kalle,33.91851,70.12971
Mansur Kalle,34.15821,72.38342
Mansur Kor,34.47991,71.2686
Mansura,33.90561,72.77504
Mansurabad,34.0175,71.52992
Mansurgarh,33.32346,71.22494
Mansuri Banda,32.92121,71.03813
Mansuri Bānda,32.92343,71.02801
Manti Borai,34.78796,72.17397
Mantoi Ashangi,32.56185,69.60327
Mantu Patao,34.59718,71.63074
Manu Kalle,34.80756,71.52614
Manu Kas,34.93198,72.05823
Manu di Gali,34.12683,73.23009
Manugai Kalle,34.691,71.79309
Manukhwar,34.89071,71.90844
Manur,34.74668,73.64548
Manwain Banda,35.0449,72.8391
Manwali,34.62899,73.10255
Manwan,34.88278,72.6501
Manyar Barpalow,34.71425,72.27368
Manz Banda,34.68301,72.81735
Manz Banda,34.80464,72.70235
Manz Bela,35.21753,72.6102
Manz Brakha Banda,34.82583,72.79708
Manz Darra,34.76723,72.62721
Manz Kalle,34.15309,71.94028
Manz Kalle,33.67632,70.30981
Manz Kili,33.90082,69.94486
Manz Martung,34.68372,72.75346
Manz Mena,34.44538,71.51372
Manza,33.82436,71.38787
Manza,35.09249,72.41357
Manza,32.65075,69.90471
Manza Mela,33.63911,71.04396
Manzai,34.96993,72.0379
Manzai,34.70122,72.40489
Manzai,32.40192,69.86
Manzai,34.66826,71.54157
Manzai,32.24757,70.24352
Manzai,32.50236,69.74384
Manzai,32.57387,69.82939
Manzai,32.58576,69.80406
Manzai,35.24401,71.94274
Manzai,35.08685,72.14713
Manzai,34.67762,71.42606
Manzai Chund Khel,32.49278,69.86139
Manzai Kalle,32.39452,69.94171
Manzai Shaikhan,32.94462,70.95861
Manzai Urmai Khel,32.40583,69.69361
Manzakai,32.62253,69.83264
Manzakai,31.46012,70.11009
Manzakai,32.53834,69.6762
Manzakai,33.83145,71.21168
Manzakai Kili,32.53814,69.7255
Manzake,33.5736,70.71267
Manzakhe,33.79788,71.12507
Manzal,32.57109,69.7852
Manzar,34.41689,71.54129
Manzar,32.87417,70.64694
Manzar Faqir Khan,32.66161,70.68989
Manzar Shah,32.96981,70.64652
Manzar Tangai,34.87139,71.88995
Manzarai,34.72107,73.02124
Manzarai Banda,34.55579,72.17803
Manzarai Banda,34.91064,72.1993
Manzarai Gatta,34.586,71.62008
Manzarai Maidan,34.65086,72.46952
Manzare Sar Banda,35.17254,72.46458
Manzari China,34.48766,71.05497
Manzarmi,33.07868,69.67043
Manzghundai Banda,34.84182,72.19482
Manzke Kalle,33.03327,69.71498
Maohi Khel,32.74462,69.86275
Maora Banda,35.01081,71.74122
Mapal,31.76508,70.66187
Maqarrab Khan Kalle,34.23352,71.907
Maqsud Chauk,33.99276,73.05017
Maqsudabad,34.05024,71.56479
Mar Dhand,34.40043,71.69138
Mar Khanrai,34.89309,72.05984
Mar Makdan,34.86037,73.06408
Mara,33.6963,71.17555
Mara,33.00928,70.52945
Mara Dah,34.26944,71.51944
Marai Bala,33.70489,71.17264
Marai Kalle,32.452,70.21242
Marai Kor,34.38207,71.4197
Marai Payan,33.69027,71.18184
Marait,35.45288,73.44681
Maramai,35.03887,72.43799
Maran,35.06052,71.75837
Maran Shah,33.59313,70.72157
Marande,36.50239,72.50917
Maranka,35.12779,72.57596
Maranu,34.64311,73.36491
Marar,35.03343,73.27214
Marat Ghari,36.7388,72.96524
Marawara,35.04726,71.59966
Marchai,34.65469,71.73083
Marchakke Kotey,34.20742,72.09986
Marchinai,35.10572,72.49423
Marchir,35.09912,72.41995
Marchu,33.88229,70.31091
Marchungi,33.42725,71.5818
Mardan,35.33922,72.06448
Mardan,34.19794,72.04965
Mardan Ali,33.8343,69.98618
Mardan Cantonment,34.19722,72.03611
Mardan Khel,33.32778,70.98087
Mardana,34.22504,71.58046
Mardu Khel,33.53157,71.08463
Mareti,32.83487,69.88456
Marezghara Kalle,32.61294,70.38124
Marg,35.41866,73.63574
Margai,34.63762,72.37413
Margai,34.65766,72.42118
Margatair Banda,35.59997,72.27487
Margater Banda,35.19144,72.63782
Margha Marsanzai,32.6847,70.02069
Marghaband,32.40334,70.06132
Marghai,33.08099,69.61094
Marghai Shah,34.68835,72.07701
Marghai Tabar,34.20611,71.46083
Marghan Kalle,34.35424,71.75745
Marghano Shah,34.31151,72.27353
Marghari Mela,32.54612,70.3618
Marghasai,32.98146,69.53568
Marghazi,33.80629,70.55792
Marghe,32.65203,69.52334
Marghina,32.85417,69.47694
Margho Mela,33.92437,70.59465
Marghro,33.58069,70.85317
Marghuz,34.32005,71.60595
Marghuz,34.06951,72.53243
Marhan,32.24144,70.50552
Mari,34.74166,73.62835
Mari,34.19306,72.88222
Mari,33.82918,73.058
Mari,33.9635,73.29577
Mari Khan Khel,34.38235,73.16317
Mari Maqarrap Shah,34.38468,73.15185
Mari Misar,34.38067,73.13467
Mari Parwak,36.27211,72.37777
Mari Safdar Shah,34.39091,73.12886
Maria,34.81457,73.33453
Maria Banda,35.09467,72.86242
Maria Thandi Der,34.80948,73.32011
Mariamzai,33.83082,71.59263
Marin,34.89524,72.79044
Mario Mela,33.71169,71.09181
Marir,34.82352,73.3374
Marir,34.46801,72.8332
Marj Khel,34.15779,72.09315
Marjan Khan,32.96648,70.74574
Markande,34.54712,72.48674
Markazai,34.70036,72.62041
Markhala,33.15726,73.73729
Markhanai,34.87805,71.97942
Markhanai,34.9213,71.63142
Markhanai,35.00501,71.8791
Markhanai,34.67852,73.06818
Markhani,34.78352,71.75673
Markhano,35.03287,71.81802
Markhano,34.9481,72.12182
Markhanrai,34.67377,71.48584
Markhnai,34.96962,71.78632
Markohi,35.45149,71.79877
Markwar,34.60594,72.65827
Marmandi Multan,32.78964,70.82654
Marna Khel,33.61471,71.58025
Maroba,33.79499,71.93992
Marobi Raghza,32.60287,69.86805
Maroi,36.02022,72.01165
Maror,34.04503,72.80842
Marri Khel,32.95196,70.17792
Marsanzai,32.67361,70.00667
Marsanzai Zhawar,32.6119,69.90593
Marshai,35.26368,73.35372
Marsi Khel,33.0356,70.17948
Martoba,34.78473,72.63917
Maru,31.62214,70.55887
Maru Khel,33.56283,70.32702
Maru Punga,33.05962,69.59235
Maruf Khan Kalle,33.28992,70.89357
Maruf Khel,32.65414,70.41914
Maruf Khel,34.80151,72.757
Marufa,34.95856,71.91847
Marufi Banda,33.4446,70.77167
Marufian,34.06436,72.84397
Marusa,34.78393,71.60269
Marushaig Goshti,36.11283,71.32695
Maruzo Goshti,36.03576,71.29399
Marwai Baba Ziarat,33.76746,71.61719
Marwandi,34.19594,71.77005
Marwandi Kalle,34.20796,71.79823
Marwat,32.82229,70.73652
Marwat Kalle,33.0067,70.82742
Marwat Kalle,33.0183,70.80934
Marwatan Banda,32.99418,70.97061
Maryal Ziarat,33.92501,73.27289
Marā’ī,36.02529,72.02936
Masah Gojri,33.9277,73.20071
Masah Saiyidan,33.92529,73.21909
Masal Dherai,34.76659,71.62683
Masal Kalle,34.23675,71.56216
Masam Khan Koruna,34.19395,71.48855
Masam Khel,33.8842,72.11627
Masar Kapra,34.52229,73.3158
Masat Maira,34.26963,73.21297
Maser,34.75843,72.82056
Masha,32.44449,70.79433
Mashadam,35.28881,71.59618
Mashagho Lasht,35.98121,71.97187
Mashai,34.11116,71.67058
Mashai Koruna,34.20782,71.73601
Mashak Maira,34.09485,72.15573
Mashal,34.65595,72.65245
Mashal Charai,35.20579,72.65229
Masham,34.93758,72.89635
Masham Bala,34.94094,72.905
Mashar Kalle,33.01651,70.5569
Mashari,33.79255,70.93245
Masharif Kala,32.7098,69.64816
Mashi Khel,32.95778,70.95583
Mashial,35.42759,73.03787
Mashin,35.32843,72.63533
Mashin Banda,33.45581,70.9171
Mashin Kurona,34.98479,71.79679
Mashir Khel,32.87237,70.42453
Mashkanai,34.68608,73.00672
Mashkani Mela,33.93979,71.22568
Mashkatai,35.02578,72.67805
Mashkinar Kor,35.8079,72.67988
Mashkumai,34.92994,72.52558
Mashkun,35.32149,72.64498
Mashlur,35.68235,71.75338
Masho Gaggar,33.90157,71.54293
Masho Gaggar Maira,33.88166,71.53254
Masho Kalle,34.65296,71.83743
Masho Khel,33.90462,71.5008
Masho Pakkai,33.89693,71.50977
Mashomit,36.30819,72.29399
Mashrai,33.80734,70.78059
Mashram,34.20001,71.51724
Masht Khan,33.31003,70.59758
Mashuka,32.13333,70.46722
Mashwano,34.96365,71.87852
Mashwano,34.38485,72.09263
Mashwano,35.06196,72.09768
Masil,35.00509,72.75571
Masina Kalan,34.23845,73.45706
Masir,34.24759,73.41304
Masiti,34.15804,72.0276
Masjid Kili,33.8347,69.97482
Masjid Lasht,36.4212,72.3828
Maskanrai,34.95809,71.93652
Maskarai,35.03503,72.10921
Maskat,34.02707,71.26437
Maskepur,34.40539,72.49022
Maskota Basti,31.69416,70.31457
Maslun,34.64964,73.28235
Masma,34.02737,71.68188
Masrai,32.98162,69.63333
Mast Amir Kalle,33.0246,70.62535
Masta,33.79706,73.08831
Masta Danne,34.18986,73.37282
Masta Khel,33.27692,70.51415
Mastai Dherai,34.96642,72.12217
Mastak,33.92546,71.01869
Mastala,32.34034,71.16522
Mastan Khel Banda,33.06575,70.96915
Mastej Banda,35.62684,72.59801
Master Mandi,34.07989,72.08833
Masti,32.48615,69.88015
Masti Khan,32.99093,70.96786
Masti Khel,33.81808,70.63833
Masti Khel,32.49606,70.96072
Masti Khel,32.26852,69.53652
Masti Khel,33.11392,71.36144
Masti Khel,33.13372,71.34375
Masti Khel,33.27065,70.50777
Masti Khel,33.00891,70.5433
Masti Khel,32.60821,70.53217
Masti Malik,33.84638,70.31591
Mastikai,32.48997,69.877
Mastiwala,32.37889,71.22183
Masto Sar,34.62333,72.48521
Mastote,33.72433,70.80439
Mastu Khan Kalle,33.29254,70.328
Mastu Khel,33.87445,70.17126
Mastuj,36.28356,72.51942
Masturai,34.97957,71.88183
Masud Kot,32.12138,70.31689
Masud Pakha,33.7176,70.88735
Masud Sar,33.90329,70.27204
Masul,33.63772,70.4511
Masum Khan,34.3139,71.7297
Masum Shah,33.84647,72.90694
Masuman di Gali,34.57175,73.18462
Maswal,34.36824,73.17183
Mat,34.75074,73.50364
Mat Khatai,31.81778,70.0898
Mat Khaui,34.41778,72.84704
Mata,35.05498,72.72956
Mata,35.10463,72.53094
Mata,34.50966,72.88352
Mata,34.86355,72.74659
Mata Awan,34.88194,72.70526
Mata Banda,35.07603,71.86826
Mata Banda,34.89839,72.80214
Mata Sangar Kili,33.78716,69.98814
Mata Shewa,34.37977,72.08743
Matagai,32.92761,70.28612
Matai,35.11379,72.65044
Matai,34.99753,71.86774
Matakai,35.11086,71.94525
Matakgal,35.28466,71.68225
Matal,34.66509,72.72619
Matam Khel,33.00266,70.5612
Matangai,35.72018,71.7073
Matanni,33.79696,71.56086
Matar,35.03466,72.14787
Matari Ghari,36.34419,72.29384
Matarig,36.44647,72.43508
Matarkun,35.30511,72.60346
Mate,35.22955,73.21528
Math,34.83915,71.78937
Mathio,35.75871,72.01599
Mathra,34.79371,72.6155
Mathra,34.10312,71.47889
Mathra Nawan,34.23071,71.62808
Mathra Payan,34.23678,71.63712
Mathranwala,32.21384,71.13474
Mati Banda,34.97667,73.005
Matial,34.2756,73.1989
Matih Khel,33.00458,70.54022
Matiltan,35.54349,72.66344
Matin,34.57678,71.50431
Matin,34.39306,71.35056
Matin Kor,34.20614,71.46047
Matkanai,34.62363,71.85082
Matkhuza,33.70083,70.31783
Matki Bizan Khel,32.99731,70.69466
Matlu Khel,33.32369,70.89219
Matlubabad,34.07561,73.04003
Matnu,34.75652,73.46119
Mato Kalle,33.68674,70.93056
Mator,34.8474,71.56954
Matora,32.53588,70.77174
Matra,34.15805,72.34145
Matraorai,34.98563,72.13959
Matseri,34.35434,73.01658
Matta,34.6184,73.10094
Matta,34.59977,72.98682
Matta,34.5987,73.02258
Matta,35.09638,72.31198
Matta,34.64299,71.60631
Matta,34.68152,73.01166
Matta,34.63325,73.00861
Matta,34.92921,72.41463
Matta Khel,34.07023,71.21575
Matta Mughal Khel,34.27961,71.56601
Matta Shah,34.81954,71.56226
Mattai,34.86136,72.53696
Mattai,34.93601,72.65319
Matti Palol,35.2811,71.60906
Mattikol,33.28191,70.75714
Matul,35.44956,72.23838
Matur,33.14679,71.43787
Matwala,32.27854,71.20625
Matwala Shah,32.19212,71.11898
Matwani,34.48338,72.60954
Matyu Bhek,35.52464,72.97428
Maujon Ghari,35.92712,71.59643
Maula Ghazi Baba,34.4024,72.33988
Mauladad,32.98393,70.5616
Maulaian,33.60835,71.69018
Maulano Kili,34.22389,71.82361
Maulano Mirgi Kili,34.24483,71.80478
Maulian Kalle,34.23942,71.56194
Maulian Kalle,34.23604,72.07066
Maulyano Kalle,34.35194,71.63012
Maungai,34.40434,71.54394
Mausum,32.81404,70.74024
Mauza Lahani Khutti Khel,32.28122,71.03284
Mawal,33.25089,70.50734
Mawal Khel,33.73331,71.70532
Mawaz Khan Garhi,33.62897,70.69345
Mawazzi,32.93519,70.90141
Mawiz Khan Kalle,33.47839,71.50302
Mayar,36.46575,72.42918
Mayar,34.88663,71.66213
Mayar,34.16402,72.08435
Mayaro,34.8628,72.7196
Mazai Raghza,32.80096,70.19675
Mazakai,32.53516,69.68672
Mazanrin Kili,32.15062,70.1939
Mazar,33.67446,70.95729
Mazarai,32.45934,69.88898
Mazari Garhi,33.72526,70.81087
Mazarina,33.84293,71.3636
Mazarina,34.43877,71.24675
Mazdak,34.74726,71.72352
Mazdak,33.07897,69.7177
Mazdak,32.48908,69.59529
Mazdurabad,34.35522,71.93505
Maze ona Kalle,32.41126,69.59645
Mazhuru Ghari,36.2062,72.4947
Maziani Kili,32.27089,70.20175
Mazid Garhi,33.60891,70.85012
Mazid Khel,34.38019,71.47293
Mazin Banda,34.97846,71.70803
Mazo Kalle,35.13896,72.97745
Mazona Banda,35.22477,72.17002
Mazre Kalle,34.40872,72.00816
Mazrin,33.36052,70.65716
Mazrina,33.67462,70.44678
Mcwaki Gara,33.1827,70.25017
Meana,34.41909,72.35104
Mechni Chauk,34.0139,71.54007
Megai,34.73758,71.70237
Megai,34.96105,72.52464
Mego Derai,35.10972,72.53611
Mego Kate,34.24064,71.29267
Mehaini,36.25874,71.5459
Mehergai,34.67637,72.34093
Mehmandabad,33.98228,71.56968
Mehmoodabad,34.19857,72.09411
Mehmudabad,34.16154,72.17919
Mehmudabad,31.86795,70.90778
Mehmun Kor,33.02221,70.78174
Mehnaz Banda,35.50116,71.96391
Mehr Beg,31.79095,70.61474
Mehr Din Kalle,34.01955,72.37503
Mehr Gul Kalle,33.99038,71.69543
Mehr Haji Baba Ziarat,34.79674,71.35868
Mehr Shah Garhi,33.73381,71.58615
Mehra,34.31282,73.22052
Mehran Colony,34.0638,72.6944
Mehrban Kili,33.89715,70.82126
Mehrban Kirri,32.3993,70.42364
Mehrdil,32.83167,70.75194
Mehrdil Banda,32.32558,71.07727
Mehrogala,33.41194,73.62889
Mehrogala,33.40224,73.62568
Mehtar Isa,32.94111,70.61194
Mekhakai,33.87268,70.27491
Mekhband,34.554,71.82832
Mekhgantar,34.87053,73.15241
Mekho Khpa,34.63589,72.67207
Mela,33.58733,70.47261
Mela,33.89666,70.14802
Mela,33.85077,70.3727
Mela,33.91358,72.02978
Mela Mandra Khel,32.51368,70.86155
Mela Shahab Khel,32.56936,70.9093
Melai,34.40019,72.57269
Melat,33.52684,70.77284
Melbat,34.66047,73.22636
Melegai,34.72902,72.40284
Melgan,34.662,72.12536
Melo Sar,33.79032,71.00329
Melogai,32.79209,69.90787
Melogan,34.14231,71.57715
Memal Bazai,32.36161,70.27389
Memuk Ghari,36.19171,72.15514
Mena,34.64096,71.52042
Mena,34.86579,71.38506
Mena,34.8272,71.65984
Mena,34.7961,71.34679
Mena,34.60611,71.51613
Mena,34.68219,71.50391
Mena,34.74394,72.06251
Mena Baza,34.85467,71.39813
Mena Sar,34.61584,71.57214
Mendak Khel,32.8605,70.49233
Menjarai,32.85374,70.76156
Menz Kalle,34.06971,72.08212
Meragai,34.70723,72.45446
Meragai,34.20759,72.59477
Meran,35.88179,71.75155
Merao Bhek,35.41423,72.91913
Meras ar Kalle,32.29513,69.54865
Merashpatai,35.23806,71.90835
Merer,34.7701,72.82451
Merh Ghari,35.97942,71.63533
Meri Khel,33.67641,71.5463
Meri Khel,33.64523,71.74354
Merikhel Akakhel Bara,33.88778,71.4311
Meshta Kale,32.56829,69.72361
Met Kalle,34.95267,72.82088
Methper,34.55747,73.02077
Mewa Khel,33.02054,70.63635
Meyu,34.94814,71.62874
Mezalai,32.77409,70.14283
Mezara,34.63376,72.0581
Mezhewam,32.41494,70.02923
Miadaka,32.43583,69.39556
Miagano Koruna,34.57897,71.415
Miahgano Kas,35.0299,71.81396
Mial,34.15769,73.1407
Miali Basti,31.49689,70.77185
Mian,33.56173,71.65175
Mian Asmatullah,34.31842,71.7465
Mian Baba Banda,34.9065,72.21518
Mian Baba Talao,33.9484,71.6749
Mian Baba Ziarat,34.31182,72.2917
Mian Bagh,32.26879,70.36229
Mian Band,34.29771,72.94606
Mian Banda,35.11581,71.92699
Mian Banda,34.86824,71.82545
Mian Banda,34.83765,71.85071
Mian Banda,34.52891,72.74226
Mian Banda,34.9306,71.60626
Mian Bandi,34.30119,72.95977
Mian Barongola,34.63925,71.92567
Mian Bela Banda,34.92029,72.18645
Mian Cham,34.80595,71.83092
Mian Charai,35.01666,72.69799
Mian Chham,35.01471,71.65328
Mian China,33.63331,70.99962
Mian Daka Kas,32.30028,69.62361
Mian Dheri,34.11395,72.48409
Mian Dheri,33.97251,72.56814
Mian Dhok,33.45814,71.8018
Mian Din Banda,33.04073,70.93641
Mian Firoz Shah,34.3815,71.73405
Mian Ganu Kor,34.48796,71.45323
Mian Garhi,33.73074,71.57533
Mian Garhi,33.61037,71.36678
Mian Gujar,34.0841,71.6777
Mian Gul,34.25982,71.93644
Mian Gul Kalle,34.06523,72.05792
Mian Gul Kalle,34.21216,72.01832
Mian Gul Khel,32.97122,70.92122
Mian Gulzar,34.20823,71.9839
Mian Hasan,33.2985,70.53241
Mian Isa,34.24437,71.5724
Mian Isa,34.39902,71.97989
Mian Isa,33.99389,72.19309
Mian Jan Kalle,34.26261,71.71385
Mian Ji Garhi,34.07331,71.41861
Mian Kalle,34.90347,72.69429
Mian Kalle,34.76916,71.42634
Mian Kalle,34.74246,71.54929
Mian Kalle,34.20566,72.08701
Mian Kalle,34.37201,71.65257
Mian Kalle,34.27125,71.83503
Mian Kalle,34.28059,71.87911
Mian Kalle,34.21055,71.84221
Mian Kalle,34.82235,71.67226
Mian Kalle,34.04025,71.96579
Mian Kalle,34.25694,71.72491
Mian Kalle,34.61678,72.28194
Mian Kalle,34.87281,71.41674
Mian Kalle,34.50436,71.87425
Mian Khan,33.01361,70.54687
Mian Khan,34.45488,72.15853
Mian Khan Darra,34.60404,71.60169
Mian Khan Garah,32.07728,70.38421
Mian Khan Kandao,34.60317,71.57812
Mian Khan Kharri,31.69366,70.80641
Mian Khel,33.98136,71.02275
Mian Khel,34.11838,71.18221
Mian Khel,34.15193,71.45591
Mian Khel Tara,33.70075,70.89126
Mian Khelo Mela,33.68226,71.00666
Mian Kili,34.31997,71.97318
Mian Kili,34.29142,71.87639
Mian Kili,34.93794,72.32585
Mian Kili,34.201,71.49852
Mian Kor,34.42413,71.26778
Mian Magri,34.04232,73.07326
Mian Mahram Sakhi Sultan,32.10417,70.4914
Mian Maidan,33.79371,70.7399
Mian Maira,34.95623,72.35195
Mian Mandi,34.36129,71.35499
Mian Mela,33.59841,71.11239
Mian Morcha,34.08238,71.39702
Mian Nar,32.83405,70.45393
Mian Nur Khel,32.62857,69.82358
Mian Nur Shah Shahid,34.09958,73.32493
Mian Nur Talao,33.92048,71.89539
Mian Nurabad,34.19297,72.63495
Mian Patai,33.8848,70.32622
Mian Pattai,34.30472,71.54156
Mian Qala,34.17904,71.57122
Mian Qala,34.54829,71.4453
Mian Randi,32.27111,70.44083
Mian Sahib Kalle,34.26373,71.64134
Mian Sanotrai,34.52022,72.40055
Mian Sardar Gul Kalle,34.36063,71.64129
Mian Shafiuddin Kalle,34.32241,71.88147
Mian Talao,33.96868,72.14189
Mian Zafar Khan Kalle,33.89045,71.46773
Mian Ziarat,33.74034,70.93804
Mian di Seri,34.21515,73.23348
Miana,34.39081,72.63088
Miana,34.80581,72.17238
Miana,35.34024,71.97057
Miana Agra,34.116,71.69183
Miana Dog,35.33371,71.98139
Miana Kalle,34.27657,71.81731
Miana Malhar,34.41283,72.93321
Miana Zakhai,34.06396,71.73216
Mianbanr,35.07775,72.5804
Mianbanr Kandao,35.08217,72.53595
Miandade,34.3651,72.70189
Miandam,35.05453,72.56259
Miane Sar,35.17208,72.16546
Miane di Chakli,34.34045,72.90716
Miangan,34.67492,71.29709
Miangan,34.60056,71.32275
Miangan,34.53293,71.28368
Miangan Banda,33.79181,71.63331
Miangan Kalle,34.11431,72.07603
Miangan Kalle,34.13389,71.94367
Miangan Kalle,34.18662,71.51157
Miangan Kor,34.35697,71.47071
Miangano Kalle,34.82831,73.00624
Miangano Kalle,34.3391,71.83336
Miangano Kalle,34.70047,71.40931
Miangano Kili,33.80542,71.08595
Miangano Maira,34.6299,72.61927
Miangano Sara Shah,34.47473,71.59752
Miangano Serai,34.16838,72.41011
Mianganopatai,34.64075,72.62407
Miani Koram,31.70987,70.00902
Mianian di Mori,34.80486,73.29974
Mianji Khan,32.85278,70.57111
Mianji Khel,33.30938,70.74493
Mianji Khel,33.00388,70.5707
Mianki Banda,32.94634,71.02304
Mianki Banda Payan,32.943,71.00747
Mianki Mor,32.95367,71.02166
Miankote,34.84008,72.44485
Mianwadda,32.11743,71.05036
Mianwall Khel,32.77952,70.55404
Mianwar Khel,32.99173,69.65618
Mianwara Banda,34.95647,72.23095
Mianz Kalle,32.88192,69.61649
Mianz Kamangara,34.7165,71.27498
Miara Phal Ganar,34.2858,72.95782
Miara Tut,33.98377,73.03598
Miaro Banda,34.90727,71.76942
Miashkun,35.39448,72.5942
Miaso Tingai,33.77373,71.73783
Miawflay,34.29006,71.61355
Michan Baba,32.28056,69.63194
Michan Khel,32.83696,70.89111
Michan Khel Thal,32.5993,70.91448
Michi Khel Star Kalle,32.39139,69.70028
Mihr Bat,35.02065,72.8887
Mikki Mohri,34.6112,73.28721
Milam,33.9992,72.89654
Military Engineering Services Godawi,34.04346,72.00422
Mina,34.49022,71.67286
Mina,34.49609,71.74994
Mina Banda,35.14428,72.24386
Mina Banda,35.00978,72.7985
Mina Colony,34.32079,71.85988
Mina Khanda,32.335,71.14855
Mina Khel Banda,32.84945,71.04149
Mina Khel Mela,32.61713,69.98257
Mina Kot,32.96006,70.31571
Minazar Kalle,33.17881,70.86217
Mingak Kalle,33.6236,70.30516
Mingal Kalle,33.79984,70.35697
Mingora,34.7795,72.36265
Minjan,33.70349,70.57575
Minz Kalle,35.07416,71.97458
Mir,33.87781,73.24463
Mir Abbas Khan,32.87194,70.61278
Mir Afzal Banda,32.86667,71.01667
Mir Ahmad,34.27205,71.86642
Mir Ahmad China,34.76026,71.71336
Mir Ahmad Gul Kalle,34.20501,71.85984
Mir Ahmad Khel,33.58178,71.46428
Mir Ahmed,33.60457,70.74281
Mir Ahmed Gul Kalle,34.32428,71.71926
Mir Ahmed Khan Garhi,33.73706,71.54257
Mir Akbar,32.82171,70.71423
Mir Akbar Garhi,33.0043,70.55294
Mir Akbar Kalla,32.90601,70.87883
Mir Akbar Kalle,34.24993,72.03577
Mir Akbar Kili,33.89458,71.42099
Mir Alam,35.55871,72.0981
Mir Alam,32.94629,70.62737
Mir Alam,32.57846,71.23458
Mir Alam,32.98167,71.2159
Mir Alam,33.02335,70.60096
Mir Alam Kalle,34.32417,71.74018
Mir Alam Khan,32.83747,70.74746
Mir Alam Manjiwala,32.73514,70.83914
Mir Alam Shah Kalle,32.47124,70.43071
Mir Alam Wanda,32.23021,70.78479
Mir Ali,32.98325,70.26101
Mir Ali,33.17442,70.36918
Mir Ali,34.8807,73.026
Mir Ali,36.86127,73.36409
Mir Ali,34.29673,72.36282
Mir Ali,34.95044,72.86693
Mir Ali,33.01856,70.29219
Mir Ali Cantonment,32.98656,70.27395
Mir Ali Kalla,32.93469,70.87461
Mir Ali Qala,34.86844,73.03614
Mir Ash Kor,32.95,71.01667
Mir Azam,32.97221,70.5874
Mir Azam Machan Khel,32.71913,70.91232
Mir Badshah Kili,33.87208,69.96133
Mir Bagh,33.71141,70.38527
Mir Bandi,34.51248,73.07251
Mir Bash Khan,33.56155,71.39473
Mir Baz Banda,35.57007,71.96972
Mir Baz Barakzai,32.93532,70.52945
Mir Bazi,32.21473,70.60399
Mir Beg Kot,33.74463,70.57214
Mir Dad Kot,32.38972,69.69472
Mir Din Kor,33.00953,70.79122
Mir Ghar,33.76076,70.60124
Mir Ghara,33.75356,70.83044
Mir Ghash,36.42983,72.29089
Mir Ghous Kam,34.97978,72.87949
Mir Ghundkai,32.49778,69.94028
Mir Haider,33.71426,71.63645
Mir Hamza Colony,33.87412,70.10174
Mir Hasan Kili,33.17274,70.90899
Mir Hasan Koruna,34.27156,71.7915
Mir Hasan Wanda,32.77897,70.95948
Mir Hassan,32.86417,70.83917
Mir Hazar Khanzad Khel,32.55907,70.68864
Mir Jan,34.25466,71.9035
Mir Jan Kot,32.97774,70.07748
Mir Janam Kalle,33.92021,70.25198
Mir Kalan,33.81679,71.94615
Mir Kalan Kili,34.00901,71.06015
Mir Kalle,33.8175,71.4412
Mir Kani,34.68227,72.63029
Mir Khan Ji Camp,35.51083,71.73722
Mir Khan Khel,32.95213,70.15451
Mir Khan Khel,33.05292,70.32075
Mir Khan Khel Kili,33.99554,71.07333
Mir Khan Pakhe,33.58701,70.69946
Mir Khoni,32.68215,70.03754
Mir Mela,33.72629,70.91248
Mir Qalam,32.86333,70.69945
Mir Qasim Ziarat,33.72228,70.33942
Mir Rahman Kalle,34.23748,71.97986
Mir Saindah,35.75034,71.79667
Mir Salam Kot,32.11131,70.18574
Mir Salam Wanda,32.77189,70.93407
Mir Shafu,35.52486,72.85556
Mir Shah,34.26534,71.95915
Mir Shah Khel,32.82312,70.81736
Mir Shahi,34.32243,72.4295
Mir Shahi,35.51069,72.85307
Mir Zangu,33.94714,72.01101
Mir Zara,33.64611,70.86468
Mira Abad,34.29139,71.78519
Mira Din,32.93893,70.48402
Mira Din,32.73112,69.51895
Mira Din Banda,33.06333,70.96499
Mira Jan Kalle,34.16642,71.82035
Mira Khel,32.85472,70.645
Mira Khel,33.03956,70.75068
Mira Khel Kallle,33.17147,71.62013
Mira Kili,32.5768,69.91851
Mira Kor,34.44014,71.29513
Mirab Shahi,33.74273,71.02751
Mirabad,34.16084,71.75367
Mirabad,34.25899,71.83375
Mirabad,34.25167,71.67722
Mirabad,34.53968,72.88697
Mirabat,35.06472,72.93778
Mirabi Wanda,32.18746,70.77346
Miragai,34.48298,72.74154
Miragai,34.35324,72.41723
Miragai,34.63318,72.73959
Miragram Number Two,36.52326,72.77986
Mirai Saparia,33.21221,70.88331
Mirajan Colony,33.88859,70.10573
Mirak,35.32511,71.66064
Mirak Bat,35.29268,71.56541
Miraki Pungai,32.57484,69.99954
Miran,33.27188,70.52941
Miran,31.39891,70.70715
Miran,34.58456,72.98214
Miran Gul,32.94653,70.48533
Miran Jar,32.16897,71.1001
Miran Kalan,34.33513,72.88027
Miran Khured,34.3399,72.88249
Miran Kili,34.31278,71.71778
Miran Shah,33.00059,70.07117
Miranai,34.73951,73.05491
Mirani,33.85129,70.39214
Miranjani,34.10549,73.40369
Miranjani Chauki,34.10454,73.43022
Mirat Banda,35.52849,72.72911
Miratai,34.24991,71.56462
Mirati,34.24728,71.56194
Mirawas Garhi,34.02247,71.54156
Mirazai,33.75954,70.96723
Mirazai,33.66973,70.61256
Mirazai Khel,33.756,70.93226
Mirba Khel,33.82655,70.1356
Mirbak,33.76155,70.95285
Mirbaz Umar Kalle,34.26226,71.98721
Mirch Mandi,34.02023,71.56885
Mirdad,34.7485,73.46075
Mirdad Kalle,34.13887,72.45125
Mirdad Khan Koruna,34.18886,71.88455
Mirdad Khel,34.1119,71.17858
Mirdad Khel Kili,33.07404,69.88494
Mirdao Shahid,33.93661,71.83706
Mirdarra,34.52697,72.6007
Mirdi Banda,34.4919,71.89017
Mirdil Banda,32.97062,71.00761
Mirdo Tang,33.6554,70.48734
Miri,33.5625,71.45167
Miri Khel,33.83631,71.35895
Miri Khel,33.79852,70.9465
Miri Khel,32.98127,70.89711
Miriam Kalle,33.81509,70.06801
Mirian,32.90833,70.53472
Mirio Mela,33.7792,71.28318
Mirjale,34.70321,72.71846
Mirkhani,35.47064,71.72967
Mirki Khel,33.83465,70.64894
Mirma,33.9895,69.94775
Mirmast Kili,33.46266,70.42569
Miro,34.10648,71.59713
Miro Banda,33.04574,71.292
Mirobak,33.54351,71.10094
Mirozai,34.2433,71.63636
Mirozai,33.54557,71.45142
Mirozai,34.24744,71.58687
Mirpur,33.94678,72.94922
Mirpur,33.77076,72.83742
Mirpur Kalan,34.20711,73.25442
Mirpur Khurd,34.20187,73.25097
Mirpur Maira,34.16875,73.2215
Mirsi Mela,33.84145,70.84643
Mirtob,34.59014,72.96954
Mirtob,34.65637,72.95638
Miru Banda,33.84053,71.18112
Miru Darra,33.84685,71.18657
Miru Save,33.91166,70.25257
Miruddin Talao,33.9128,71.89227
Miruka,32.51928,69.57147
Miruzai,33.96261,71.54697
Mirwali Banda,32.45314,71.05395
Mirwali Kalle,34.2924,71.67451
Mirwali di Mahli,35.077,73.93882
Mirwas,34.72579,71.6566
Mirwas Kalle,34.19288,72.01213
Miryan Kalla,32.98147,70.91987
Miryan Kalla,32.88401,70.92231
Mirza Ali Dheri,34.20833,72.39583
Mirza Dheri,34.2559,71.65562
Mirza Kachozai,33.01221,70.61791
Mirza Kalle,33.97435,71.69299
Mirza Karin,34.72334,72.61839
Mirza Khel,33.83547,70.17681
Mirza Khel,33.1366,71.17208
Mirzagano Kalle,34.22586,71.98495
Mirzagul,33.25537,70.48836
Mirzak,34.39037,72.29405
Mirzak,33.09135,69.58762
Mirzali Khel,33.73031,70.63386
Mirzali Nmasai,33.57934,70.88069
Mirzaman Banda,32.82399,71.05817
Misal Khan,32.75644,70.58567
Misar,34.17676,73.12194
Mishak,34.01364,72.14372
Mishkar Serai,34.33171,71.82756
Mishrai Kili,33.83282,69.9633
Mishta,34.62269,71.7465
Mishtala,34.47209,71.30088
Mishti Bazar,33.75044,70.8714
Mishti Mela,33.73412,70.87097
Miskinabad,34.41451,73.13437
Miskinabad,34.50458,73.06234
Miskinabad,34.13314,72.27023
Miskinabad,34.33605,71.91312
Miskinabad,34.10495,71.99828
Miskinabad Number One,34.00281,71.59707
Miskinabad Number Three,34.00346,71.59993
Miskinabad Number Two,34.00013,71.60032
Miskini,34.95434,71.58312
Misri Banda,34.14328,72.41885
Misri Banda,34.01343,72.12347
Misri Khel,33.92779,71.28557
Misri Khelo Mela,33.92206,71.2766
Misriabad,34.1754,72.05214
Misrikhanai,34.90306,71.78126
Misuch,34.62568,73.39144
Misuri,32.97537,70.00149
Mita,34.73272,71.68351
Mita Fazal Shah,32.96082,70.60495
Mitha,34.68213,71.76837
Mitha Khan,32.97139,70.74638
Mitha Khan Pakha,33.74144,70.63147
Mitha Khel,33.01629,70.90322
Mithaphur Kalan,32.08179,71.05682
Mithapur Khurd,32.08618,71.06088
Mithawala,33.12577,71.13358
Mithi,31.73881,70.67968
Mithu,32.18275,70.36253
Mithu Ghazni Khel,32.78466,70.77462
Mitra Kili,33.84886,70.96421
Mitta Khel,32.975,70.25092
Mittai Tangai,34.60869,71.13132
Mittha Khel,33.1422,71.19484
Mittha Khel,33.10799,71.20559
Mitti Kot,34.54744,73.33222
Mitu Sandalai,33.69113,70.92485
Mizakhpa,35.00381,72.84803
Mizal Koruna,32.64507,70.79659
Miān Dāna,31.96389,70.66667
Miān Kili,34.27639,71.94167
Miāna,34.66667,72.33333
Miāngān Kili,34.13694,71.96889
Miāni Mela,31.94583,69.91194
Mlad Khel,34.11942,71.17398
Moazam Wanda,32.19387,70.78077
Mochara,32.17352,71.10189
Mochi Basti,32.18634,71.02027
Mochipura,34.47451,73.37493
Mochiwal,31.73506,70.51156
Mochiwala,32.17781,71.06343
Modad Khan Banda,34.44461,72.01344
Moehi Colony,33.55609,71.45992
Moga,31.56866,70.56034
Moghlang,36.74147,72.63232
Mogilai,34.99119,72.38351
Moha Sharif,35.03016,72.02717
Mohaian,34.27485,73.17266
Mohain Banda,35.11902,71.85737
Mohala Dayaran,33.3781,73.63559
Mohalla Ahamadabad,33.22201,71.48807
Mohalla Dangdang,34.03357,72.09118
Mohallah Darwaizi,33.52656,71.04618
Mohallah Haji Baba,34.7705,72.36611
Mohallah Lund-i-Kas,34.7686,72.3644
Mohallah Qazi Baba,34.7797,72.3651
Mohallah Rangmala,34.7759,72.368
Mohallah Sharifabad,34.7694,72.3696
Mohammadabad,33.92072,71.72138
Mohar Kalan,34.15841,73.29202
Mohar Khurd,34.15843,73.30911
Mohar Parla,34.31602,72.96529
Mohar Urala,34.31437,72.95671
Mohari,33.98741,73.1967
Mohat Nawan,34.08643,72.72986
Mohat Purana,34.0875,72.73833
Mohnra,32.98231,71.20449
Mohra,33.98669,72.96327
Mohra,33.88115,73.25936
Mohra,33.98451,73.01857
Mohra,33.78454,72.87615
Mohra,34.04203,73.46735
Mohra,34.0994,73.0708
Mohra Bangial,33.33404,73.71762
Mohra Gota,33.79463,72.92371
Mohra Koikirian,33.09382,73.74044
Mohra Lambian,33.24163,73.64599
Mohra Malkan,33.32253,73.68964
Mohra Molkan,33.09469,73.68668
Mohra Muhammadu,34.01143,72.96182
Mohra Muqadman,33.39597,73.68584
Mohra Quthbar,34.0311,73.46978
Mohra Sher Shah,33.31864,73.6729
Mohri,34.00169,73.04026
Mohri,33.16672,73.72136
Mohri,34.4839,73.34174
Mohri,34.64461,73.28924
Mohri,34.5001,72.92552
Mohri,34.75276,73.22937
Mohri,34.9477,73.65619
Mohri,34.56463,73.1414
Mohri,34.7011,73.46598
Mohri,33.23804,73.73804
Mohri,34.65633,73.26528
Mohri,34.58197,73.20736
Mohri Badbain,34.01029,73.24505
Mohri Malia,33.95093,72.80261
Mohri Pir Bakhsh,33.94086,72.80159
Moisa Romal,33.96014,73.36111
Moji Dhara,34.07329,73.38859
Mokhianwala Banda,32.3168,71.13199
Mola Nala,34.92178,71.93975
Mola Patai,34.46845,72.68226
Molai,35.01531,71.94727
Molai Kili,35.00275,71.92457
Molan Kili,33.89012,70.62694
Molia,34.14031,73.48029
Molin,36.34098,72.34982
Molin Dur Ghari,36.38863,72.25151
Molo,34.92791,71.77094
Molukan do Katha,34.45888,73.13051
Molvi ki Basti,35.0462,74.00823
Momandabad,34.17373,72.06427
Mombatti Kalla,32.99996,70.94296
Momin Banda,34.95649,73.08728
Momin Garhi,34.07421,71.71682
Momin Kalle,34.37757,71.84143
Momin Kalle,32.20501,69.30237
Momin Khel,32.89548,70.76071
Mominabad,34.25353,71.714
Mominabad Zakria Khel,33.74967,71.09155
Monak Khel,32.85868,70.48292
Monda,34.35555,72.41188
Monewal,34.34178,73.03704
Mongrai,34.58194,72.94909
Monian Pind,33.9454,72.74366
Monin,34.68585,73.56122
Mopatai,33.71451,70.66473
Mor,31.94979,70.75723
Mor Baffa Kalan,34.2527,73.07466
Mor Baffa Khurd,34.25967,73.09492
Mor Darra,34.6513,71.59689
Mor Kalan,34.23772,73.21472
Mora,34.84982,72.686
Mora,34.9006,71.67472
Mora,34.81603,73.17533
Mora Banda,34.56213,72.11469
Mora Shaghur,35.98517,71.96435
Mora Shah,35.01559,71.68572
Moragai,34.94603,72.32859
Moran Doga,34.36078,72.90574
Moran Koruna,34.22969,71.5635
Morcha Khan Kalle,34.38157,71.87588
More Lashi Bala,35.98259,71.97465
Moren More,35.97302,71.9614
Morestan,35.98102,71.92063
Morgai,34.59232,73.24041
Morgai Kili,34.10849,71.09355
Morgha,31.74241,70.06736
Morgram,36.26631,72.2527
Mori,34.59214,72.85517
Mori Bhek,35.57509,72.94094
Mori Ghari,36.59632,72.79902
Mori Gram,36.48665,72.41979
Mori Hun,36.49951,72.75406
Mori Kand,36.75862,72.96519
Mori Wasm,36.58299,72.87266
Morich,36.60101,72.53175
Morkandi,34.13148,73.48039
Mormanian,34.24826,72.98957
Morni,34.5433,73.20874
Moro,34.82919,73.20691
Moro Banda,35.01328,73.12497
Morpandai,35.11296,72.50896
Morpatti,35.62032,71.88948
Mosal Koruna,34.22087,71.44218
Mosam,33.55826,70.70168
Mosam Khan Talao,33.60144,71.40879
Moshanga,32.94154,70.25858
Mosone,33.5862,71.04436
Mot Koli,35.79114,71.54079
Mota Din,32.94487,70.48884
Mota Khan Darra,34.60055,72.62903
Motehianandeh,35.8642,71.79366
Moti Banda,34.40369,72.02344
Motli,35.53028,72.64617
Motoshah,34.40191,71.59319
Moughalabad,33.82352,72.9254
Moworte,34.58732,72.97719
Moza Dur,36.44262,72.32327
Mozak Ghari,36.14666,72.16505
Mozgram,36.42336,72.48282
Mozhdeh,35.50068,71.78925
Mozi Khel,34.4278,71.31903
Mozo Parwak,36.27323,72.39202
Mozribanr,34.83023,72.46349
Mu,31.95804,70.98585
Muaj Ghundai,34.48333,71.29124
Muavia,32.92219,70.6858
Mubarak,34.19241,73.13428
Mubarak Khel,33.6432,71.50898
Mubarak Shahi,32.95733,70.17119
Mubarakpur,32.70004,70.75987
Mubarikpur,31.9908,70.94831
Muchagai,34.60357,71.27471
Muchan Khel,32.90122,70.73111
Muchari,34.75938,73.30506
Muchkai Banda,32.93083,71.02262
Mudat Khan Koruna,34.15182,71.42622
Mufti Banda,34.32436,72.0122
Muftiabad,34.71724,71.49389
Muftiabad,34.18703,71.80887
Muftiabad,34.19786,71.81752
Muftiabad,34.32395,71.65505
Muftiabad,34.19535,71.82807
Muftiabad Kalle,34.34779,71.65799
Muftipur,34.19839,71.88878
Mugh,36.01231,71.65609
Mughal Bagh,34.11668,71.42066
Mughal Ghunda,32.31526,69.46993
Mughal Khan,34.33863,71.73097
Mughal Khan,34.31732,71.97299
Mughal Khel,33.72713,71.68751
Mughal Khel,32.48444,69.625
Mughal Khel,33.16824,70.67261
Mughal Kot,34.12474,72.35518
Mughal Kot,31.45108,70.09774
Mughal Mar,36.71133,72.92499
Mughalpura,33.33077,73.67923
Mughel Khel,32.29722,69.585
Mughlandeh,35.84692,71.77674
Mughlandeh,35.87193,71.80229
Mughot,34.20098,73.47202
Muhabat Khan Kili,33.91991,70.89399
Muhabatabad,34.1477,72.01879
Muhabbat Banda,33.29,70.78922
Muhabbat Khel,33.73826,71.63531
Muhabhati Kalle,33.00622,70.92842
Muhaib Band,34.62399,71.59182
Muhajar Colony,33.34075,73.74455
Muhajir Camp,34.70968,71.46802
Muhajir Camp,34.69633,71.42039
Muhajir Camp Shamshattu,33.87795,71.73822
Muhajir Comp,34.66784,71.32856
Muhalla Kalan,34.00758,71.57786
Muhalla Mution,34.00565,71.5801
Muhalla Sathan,34.01016,71.58171
Muhalla Umarabad,33.94309,71.67699
Muhallah Afzalabad,34.03125,71.58706
Muhallah Fazal-ul-Haq,34.00728,71.57788
Muhallah Fazalabad,34.01431,71.60576
Muhallah Garhi Arbāb,33.98912,71.55427
Muhallah Imrozia,34.04353,71.48856
Muhallah Islamabad,34.00691,71.56634
Muhallah Munawwar Bādshāh,34.02967,71.60246
Muhallah Sate,34.01487,71.59374
Muhammad Akbar,32.3433,70.54232
Muhammad Akbar Daulat Khel Kalle,33.02809,70.83128
Muhammad Akbar Khan,32.06226,70.19355
Muhammad Ali Kalle,33.80124,70.18342
Muhammad Ali Kili,33.93722,69.94849
Muhammad Amin,32.73239,70.73733
Muhammad Amin Kalle,35.2458,71.80522
Muhammad Amir,32.90732,70.63598
Muhammad Anwar Kalle,34.36962,71.98938
Muhammad Ayaz Khan,32.82266,70.72534
Muhammad Ayaz Kot,32.08419,70.15399
Muhammad Batanni,32.80194,70.73389
Muhammad Beg,34.89393,72.30004
Muhammad China,32.05533,69.32776
Muhammad Garhi,34.3532,72.61317
Muhammad Gat,34.61863,71.28286
Muhammad Ghani,34.31115,71.82918
Muhammad Gul Karuna,34.24356,71.83439
Muhammad Hassain Banda,34.29116,72.04929
Muhammad Hussain Mian Kalle,34.33797,71.68599
Muhammad Islam Banda,34.05607,72.42091
Muhammad Islam Kalle,33.93243,71.66147
Muhammad Ismail Koruna,34.25889,71.906
Muhammad Jan Kalle,34.26084,71.89963
Muhammad Jan Kili,33.19778,70.35861
Muhammad Jan Kili,32.76978,69.86874
Muhammad Kalle,34.09427,72.07613
Muhammad Khan,32.83691,70.69358
Muhammad Khan,32.87972,70.72111
Muhammad Khan Banda,34.16697,71.54261
Muhammad Khan Banda,32.88333,71.03333
Muhammad Khan Burj,34.09489,71.31472
Muhammad Khan Garhi,34.46427,72.74287
Muhammad Khan Ghazni Khel,32.77481,70.83612
Muhammad Khan Kalla,32.9369,70.88767
Muhammad Khan Kalle,34.43618,71.92114
Muhammad Khan Qasuriah,32.87222,70.55889
Muhammad Khawaja,33.43968,70.90898
Muhammad Khel,33.20792,70.49904
Muhammad Khel,32.98333,70.53333
Muhammad Khel,32.95753,69.88687
Muhammad Maira,34.43344,72.69804
Muhammad Mir Talao,33.91621,71.669
Muhammad Nao,34.63766,71.29012
Muhammad Nari,34.23446,71.83926
Muhammad Nawa Garhi,33.64397,70.71843
Muhammad Rasul Talao,33.91591,71.73781
Muhammad Rose Kalle,34.2657,71.90122
Muhammad Shah Kalle,34.27017,71.85115
Muhammad Shah Kalle,34.38799,71.87037
Muhammad Shah Kili,34.24861,71.85917
Muhammad Sharif,32.65681,70.65809
Muhammad Sher Kili,33.9192,70.93317
Muhammad Umar Kalle,34.23517,71.7607
Muhammad Wali Kalle,34.10258,72.14137
Muhammad Yaqub Colony,32.19577,70.37438
Muhammad Yar Khan,32.80607,70.72054
Muhammad Yar Khan,32.66931,70.53369
Muhammad Yari Banda,32.91416,70.97397
Muhammad Zai,31.47992,70.02794
Muhammadabad,34.33053,73.1956
Muhammadabad,34.22613,71.86522
Muhammadabad,34.26425,72.19208
Muhammadabad,33.99906,71.57288
Muhammadabad Kalle,34.29742,71.94372
Muhammadaddi Gudar,34.40318,72.0627
Muhammadi,34.56686,72.85526
Muhammadu Ghalu,32.22666,70.56178
Muhammadullah,34.31747,71.7215
Muhammadullah Talao,33.90206,71.61217
Muhammadzai,33.59974,71.39199
Muhammadzai,34.0547,71.65614
Muhammadzai,33.33103,70.5657
Muhar Dab,34.30581,71.71414
Muhar Dhaka,34.01798,73.24215
Muhib Banda,34.16098,72.32205
Muhib Banda,34.19677,72.11355
Muhib Banda,34.0536,71.77916
Muhin,35.34418,72.11605
Muhmand Line,34.00536,72.02097
Muhmud Abad,34.1631,72.41767
Muhsin Khel,33.38024,71.37424
Muiya Kirri,32.38855,70.38559
Muiya Kirri,32.38309,70.38101
Mujahedin,34.44437,72.72731
Mujahidin,34.73801,71.19703
Mujathh,34.01919,73.19721
Mujguli,35.17568,72.90756
Mujidabad,31.8467,70.87193
Mukadam,35.0533,72.4983
Mukarram Kalle,34.401,71.8548
Mukha,34.87603,71.36916
Mukhtar,34.31954,71.94558
Mukhtar Khel,34.13044,71.16249
Mukshpuri,34.05711,73.43788
Mul,34.90485,72.84509
Mula Dherai,34.45036,72.07844
Mula Khel,33.68355,71.51024
Mula Khel,32.73557,70.73267
Mula Khel,33.90605,71.06461
Mula Khel,34.50952,71.28015
Mula Pakha,33.68356,70.60665
Mulabagha di Mahli,35.0694,73.93305
Mulaino Kalle,34.23058,71.76407
Mulaino Kalle,34.22743,71.82135
Mulamian Kalle,34.17313,71.8211
Mulan Panar Mari,35.14812,72.34548
Mulan Sardai,34.25309,71.80648
Mulana Ghulam Hassan Khel,33.81841,70.71803
Mulapatar,35.05917,72.46422
Mulawali Baba,34.48084,71.56633
Muldeh,35.8441,71.78603
Muldeh,35.73047,71.77531
Muldeh Chamarkun,35.79552,71.78381
Mulen More Lasht,35.96897,71.967
Muli Banda,34.57384,72.65466
Muli Beshghar,35.9819,71.55748
Muli Bogosht,35.94417,71.53538
Muli Khuz,36.37528,72.59749
Muli Sanik,35.97693,71.54241
Mulianwala Bhan,32.28929,71.18992
Muliayano Kalle,34.30653,71.91293
Mulla Anwar Kalle,34.5488,72.38424
Mulla Bagh,33.94226,70.1599
Mulla Banda,34.66148,72.43871
Mulla Banda,34.81503,72.7559
Mulla Banda,35.04573,72.57379
Mulla Bata,33.36344,70.54565
Mulla Darra,33.81695,71.02224
Mulla Garhi,34.1009,71.46991
Mulla Gori,34.11601,71.38047
Mulla Gujran,34.01297,71.52777
Mulla Kalle,34.80406,71.33856
Mulla Kas,35.17782,71.71588
Mulla Khel,34.27225,71.61342
Mulla Khel,34.64332,71.15554
Mulla Khel,32.69169,70.82709
Mulla Kili,34.49067,71.44105
Mulla Mir Dad Ziarat,34.61406,71.61636
Mulla Oba,31.66017,70.12436
Mulla Pafa,34.91492,72.27913
Mulla Paiza,34.93187,72.68249
Mulla Patta,33.56095,70.86742
Mulla Saiid,34.83713,71.47888
Mulla Yusaf,34.45193,72.43617
Mulla di Basti,35.03273,74.04484
Mullagan,32.94698,70.27955
Mullagan Suleman,32.95209,70.30191
Mullagano Kas,32.64784,70.35411
Mullagori Patai,34.42793,71.54115
Mullah Banda,34.88197,71.61196
Mullah Hamzullah,32.55571,69.59834
Mullah Husain,34.83766,72.06385
Mullah Kalle,34.7823,71.61227
Mullah Kalle,34.90657,71.64728
Mullah Khel Kalle,32.48889,70.47324
Mullah Patai,34.89191,72.02267
Mullah Rahim,34.64232,71.23611
Mullah Rasul Patai,34.86235,72.04292
Mullah Said Ahmad Kili,32.979,70.18771
Mullan,34.62742,73.37326
Mullan Gujar,35.01783,72.04545
Mullano Banda,34.91162,71.77668
Mullano Kili,33.95822,69.94823
Mullapattai,34.73257,72.77668
Mullayah,34.1523,71.23362
Mullazai,32.41334,70.46592
Mullazai,34.05232,71.47472
Mullazai Chauk,34.05904,71.46768
Mulliyanoki Kili,33.79815,70.67666
Mullu Khan Banda,35.05437,72.09944
Mullāno Cham,35.04861,72.56667
Multan,35.45629,73.02116
Multan Manjiwala,32.75021,70.83409
Multan Sirki Khel,32.92778,70.845
Multani Landidak,32.84145,70.6333
Multān Kili,34.22972,71.24528
Muluti Kili,33.03741,70.96724
Mulyano Kalle,34.31923,71.82664
Mumahiya,34.04175,72.86766
Mumala,35.36456,73.12448
Muman,33.98215,72.96065
Mumanduwala,32.11962,71.07066
Mumani Kalle,34.28659,71.70963
Mumber Kalle,34.28882,72.03759
Mumchatti,34.66907,73.39746
Mumi,36.04037,71.71476
Mumlai,34.42495,72.7314
Mumlan,35.27309,71.78526
Mumraiz Khayaja Khel,32.78781,70.7785
Mumrhal,33.79716,72.88914
Mumyun,36.03555,71.73271
Mun Bek,35.18359,72.87289
Muna Khel,32.89161,70.97498
Munawar Shah Colony,34.00426,71.58741
Mund,34.26834,72.95623
Munda,33.5493,70.31964
Munda,34.33631,71.56893
Munda,34.82365,71.68556
Munda Dhand,34.57599,71.57378
Mundai,34.3362,71.38533
Mundai,34.63484,71.72133
Mundara,34.55078,71.45979
Mundel Shahid,34.62652,72.96364
Munder,33.62822,71.67279
Mundgaran,34.33439,73.06418
Mundi,34.28917,72.97482
Mundi Khel,34.42579,71.40584
Mundi Maira,34.28052,72.97674
Mundi Tarli,34.72874,73.24161
Mundi Utli,34.74133,73.22902
Mundir,33.70567,70.92342
Mundkai Bhek,35.58072,72.93146
Mundrian,33.93919,73.17583
Munjai,34.94617,72.87901
Munkar Banda,34.38696,72.05367
Munro Lines,33.99643,71.99406
Munsab Kalle,34.19777,72.00322
Munshi Kalle,34.39296,71.69349
Munshiwali,31.81341,70.8948
Muntrail,34.62018,72.9326
Muobil Kili,33.76965,69.97769
Muqam Qala,34.1712,71.51142
Muqarba,34.64397,72.72058
Muqarrab,33.28133,70.52092
Muqim Kalle,34.42142,71.85655
Muqim Shah,31.98543,70.87556
Mura,34.61424,71.16238
Murad Banda,34.70995,73.12613
Murad Garbi,33.67243,70.77823
Murad Khan,32.85594,70.68801
Murad Khan,34.43519,72.70303
Murad Khan,34.41765,72.41013
Murad Khel,33.74115,71.65235
Muradabad,33.99781,71.46185
Muradabad,34.43892,73.13569
Muradabad,33.98362,72.9548
Muradpur,34.14025,72.9457
Muradu,34.64081,72.65683
Murai,34.83637,72.54122
Murani,34.9022,71.86483
Murat Maira,34.39769,73.03109
Murda Dand,34.09643,71.36303
Murda Dand,34.10605,71.35127
Murdan,36.00366,71.58181
Murdar Banda,34.81596,72.21319
Murdir,36.25906,72.16224
Muren Kuju,35.93583,71.88533
Murga Jabbar Khel,34.61584,71.16869
Murgh,34.60103,71.68229
Murgha Khula,33.15139,70.09669
Murghai China,33.74827,70.3576
Murghai Kalle,33.87716,70.00853
Murghan,33.63841,70.53132
Murghi,34.59378,73.2373
Murghi China,33.66523,71.0972
Murghzar,34.66381,72.34816
Murgzar,35.36722,72.12885
Muri,34.56506,72.87397
Muri,35.18099,72.91406
Muri Monur,35.96595,71.55791
Muriali,31.80778,70.89608
Murigajal,35.99463,71.57321
Murin,36.39088,72.22019
Murin,34.84728,73.04311
Murin Dur,36.40264,72.24109
Murjagh Lasht,36.41134,72.38045
Murliat,35.47396,73.39929
Muro Baihk,35.16753,73.66448
Murshadabad,33.9909,71.56392
Murta Dag,34.23743,71.23475
Murti,34.01402,73.37827
Murti,34.12018,72.83786
Murtian,34.35414,73.03732
Mus,35.1731,73.3045
Mus,35.27429,73.2542
Mus,35.28534,73.26917
Musa Baba,34.48999,71.91065
Musa Banda,34.03374,72.48176
Musa Darra,33.74668,71.83102
Musa Garhi,33.74401,71.58027
Musa Kalle,34.2101,71.82604
Musa Khan Kili,33.8283,70.11042
Musa Khan Kot,32.72287,69.86478
Musa Khar,31.96246,70.98872
Musa Khar,31.96283,70.97548
Musa Khel,33.62057,71.1824
Musa Khel,32.86359,70.40765
Musa Khel,32.93278,70.64444
Musa Khel,33.91163,70.13113
Musa Khel,33.65544,71.45693
Musa Khel,33.02682,70.74319
Musa Khel,32.86223,70.42568
Musa Khel Walagai,33.00861,70.87888
Musa Kili,33.56713,70.32597
Musa Kor,34.37668,71.37274
Musa Kor,34.62158,71.42607
Musa Mela,33.59098,70.94482
Musa Mina,34.48557,71.86929
Musa Qila,34.19282,71.49918
Musafar Kalle,33.96,71.61918
Musafir Koruna,34.27526,71.71118
Musakai,32.82503,70.06904
Musal,33.19842,71.61014
Musal Garhi,34.02876,71.49631
Musala,35.21908,71.8195
Musazai,31.68303,70.36365
Musazai,33.97286,71.60785
Musazai Colony,34.2031,73.24468
Musewala Khu,32.00037,70.90158
Musgai Cham,35.16909,72.5157
Mush Banda,32.82448,70.96481
Mushang,36.54714,72.42499
Mushin,36.0095,71.43175
Mushki Khel,33.17963,71.27462
Mushtar Zai,33.93854,71.37888
Mushtarzai,33.90949,71.48673
Mushti Darra,33.83182,71.02836
Mushti Garhi,33.65149,70.652
Muskan Warana Banda,33.02651,70.91108
Muslim Abad,34.40023,71.90176
Muslim Bagh,32.79563,70.77248
Muslim Banda,34.62148,71.54944
Muslimabad,33.47231,71.40569
Muslimabad,34.19633,71.91534
Muslimabad,34.18565,72.04126
Muslimabad,36.09054,71.3808
Muslimabad,34.26311,72.35477
Muslimabad,34.41578,73.06148
Muslimabad Garhi,33.87078,71.53243
Musrai Mena,34.54443,71.56481
Mussaki,32.96157,70.2675
Mussamar Darra,33.80597,70.89444
Must Sar,34.44452,72.57359
Mustajabahdeh,35.83781,71.76707
Mustejab Garhi,34.10819,71.46827
Mut Khel,33.13338,70.28342
Mutazim Koruna,34.30682,72.36734
Mutina,35.03988,71.97823
Muting Goshti,36.09447,71.31013
Mutrachh,34.22111,73.1175
Mutrapendai,34.65544,72.35939
Mutre,33.055,69.74764
Muz Ghunar Jabba,34.27273,72.66214
Muzaffar Banda,32.74381,71.0733
Muzaffar Khan,32.86583,70.72111
Muzaffar Khan,32.86833,70.61361
Muzaffar Khan,34.33745,71.72277
Muzaffar Khel,32.88333,71.03333
Muzaffar Khān,32.86722,70.755
Muzaffar da Maira,34.2306,73.22885
Muzaffarabad,31.98498,70.97035
Muzaffarabad,33.99157,71.47473
Muzhadah,35.61572,71.87022
Muzhdeh,36.24956,72.14922
Muzhen,36.14513,71.96073
Muzhgol,36.26792,72.18694
Muzhigram,36.10621,71.67722
Muzholat,36.0562,72.40313
Muzun Ghari,36.01881,71.33439
Mākad,34.84444,72.50833
Māl Sar Bānda,34.90833,72.73889
Mānosar,34.88333,72.63333
Mārgat,34.8,72.69722
Mīmi,35.02917,72.42778
Mīr Akbar Khān,32.86139,70.72639
Mīr Dai,34.29167,72.41667
Mīr Khawāza,32.85417,70.86028
Mīr Shāh Dheri,34.16667,72.33611
Mīra Khel,32.92722,70.6525
Nabga,34.19378,73.42419
Nabi,33.9958,72.35779
Nabi Wali,34.69369,73.31726
Nabi Zar,32.93583,70.62556
Nabiabad,33.50114,71.65049
Nabikas Banda,35.11332,72.13092
Nabipatai,35.30662,72.65463
Naborai,35.07222,72.48472
Nach Darra,34.63092,72.45029
Nachh,34.13928,72.76452
Nachkara,35.04462,71.97366
Nachot Banda,34.95383,72.72647
Nadamin,32.99253,70.5502
Nadan Baba,34.02222,71.54931
Nadar Gul Koruna,34.29663,71.85649
Nadar Mian,34.36751,71.79145
Nadar Patai,34.48893,72.78399
Nadarabad,33.18326,70.94142
Nadarak,34.85944,71.67278
Naddar Mela,33.68322,70.63558
Nadi,34.75256,73.40373
Nadi,34.65559,73.39424
Nadir Ali Kili,33.82326,70.10126
Nadir Banda,33.31336,71.44306
Nadir Pain,34.48548,73.13596
Nadir Talao,33.80362,71.51034
Nadrai,34.46622,72.82709
Nag,34.69689,73.40066
Nag Band,33.84867,71.63155
Nagakki,34.1158,73.22965
Nagan,34.65432,73.27929
Nagan,34.68996,73.39537
Nagar,34.03601,72.94901
Nagha,34.89052,72.6241
Naghar,35.48004,71.74105
Naghar,32.95747,70.06843
Naghar,32.41545,71.24152
Naghar,34.40619,71.15074
Naghara,33.92203,70.83055
Naghara Garhe,33.80013,70.71739
Naghergah Bala,35.31706,71.83011
Naghor,35.99804,71.59053
Naghor,35.93602,71.52795
Naghoran Dok,36.11225,72.454
Naghozi,35.9436,71.9344
Naghrel,35.04435,71.94849
Naghriwala,32.84548,70.99556
Nagi,34.66515,73.27869
Nagir Shah Rambil,35.6112,72.91868
Nagotal,34.99141,71.79936
Nagrai,34.37975,72.68264
Nagrai,34.93862,72.54315
Nagrai Bala,34.75505,71.9605
Nagrail Kili,35.03327,71.91506
Nagram,34.64686,71.89937
Nagri Bala,34.04756,73.33686
Nagri Pain,34.01824,73.29387
Nagri Tarli,34.00791,73.29732
Nagri Tutial,33.93862,73.30995
Nagrogh,35.94721,71.70969
Nagwa,34.69803,72.2016
Nahargah Banda,35.32919,71.84827
Nahkai,34.20563,71.65028
Nahki Daudazai,34.10303,71.61507
Nahlbandi,34.00963,71.57265
Nahtaro Kalle,34.68158,71.71996
Nahuna,33.83867,70.86132
Nai Abadi,34.45718,73.12828
Nai Hotar,33.90729,73.2779
Nai Kili,33.48407,70.93912
Naianwali Basti,32.15753,71.05149
Naib,32.87906,70.65997
Naib Khan Koruna,34.25881,71.91357
Naik Kalle,34.76607,71.41008
Naik Nam,34.10171,72.33491
Naila,35.37644,71.69079
Naimat Khan Kalle,34.83749,71.40379
Nain Suk Banda,34.98616,72.72335
Nain Sukh,34.57791,73.12028
Nainnar Sukh,33.96446,72.70704
Nainsuk,34.8736,72.82844
Nainsukh,33.79657,72.8987
Nainwali Basti,32.12456,71.01768
Nairal Banda,34.81685,72.94688
Naivela,31.63107,70.78356
Naizh,36.00945,71.6679
Naizon,31.54548,70.13913
Naizon Jamal-ud-din Kour,31.56784,70.12256
Najabgram,34.64638,72.23375
Najafabad,31.8592,70.91295
Najafpur,33.80092,72.98858
Naji Ajoor,34.37083,71.88972
Najib,32.77557,70.80648
Najim Koruna,34.96849,71.88017
Najim Kot,32.39444,69.68944
Najimabad,34.13039,71.8104
Najimabad,33.97259,71.5625
Najjozaija,34.80307,72.40155
Najo,34.20799,71.80913
Najoi,34.0337,71.64663
Najwe Garhai,35.17798,72.52234
Naka,34.00777,73.40219
Nakai,33.80304,70.69551
Nakai,33.90437,70.83211
Nakai,33.58396,70.84043
Nakai,34.49046,72.42159
Nakai,34.85433,71.59475
Nakai,33.84272,70.8392
Nakai,33.90674,70.60243
Nakai,33.78027,70.71056
Nakai,33.9978,71.00099
Nakai,33.34365,73.6595
Nakai,33.83759,70.59329
Nakai,34.77463,71.52801
Nakai,34.41709,71.34344
Nakai,33.8223,70.57877
Nakai Khan Kalle,33.27997,70.38486
Nakai Kili,33.57321,70.91108
Nakamai,35.06604,71.65749
Nakani,34.27843,73.02779
Nakao,35.48589,72.93311
Nakarchi,33.974,72.56338
Nakashi,34.76172,73.5822
Nakata,33.66324,70.92056
Nakband,33.46551,71.80241
Nakband Dhok,33.45338,71.79777
Nake,34.68092,73.53185
Nakh,34.54508,73.03549
Nakhchairdem,36.73177,72.93038
Nakhera,34.22574,73.4569
Nakhtar,34.73951,72.91796
Nakhtar,34.90996,72.31766
Nakhtar,34.80562,71.32038
Nakhtar,34.60117,72.75427
Nakhtar,34.94302,71.85107
Nakhtar,35.05665,72.51112
Nakhtar Banda,34.41035,72.31076
Nakhtar Maira,34.50207,72.49059
Nakhtaro Sar,34.64571,72.42935
Nakhuni,34.61443,73.13647
Nakian,34.67383,73.53875
Nakim Gul,32.92574,70.85185
Nakka,34.09466,72.83765
Nakka,34.32979,73.41561
Nakka,34.68937,73.24477
Nakka,34.2806,73.01202
Nakka,34.66987,73.45071
Nakka,34.58415,73.21556
Nakka,34.73042,73.11997
Nakka Gali,34.1321,73.05728
Nakka Kot,33.81168,71.80867
Nakka Mela,33.7309,70.89696
Nakka Mela,33.66589,70.89265
Nakka Sandhu,34.58806,73.3811
Nakkar,34.16566,73.39181
Nakkar,34.01111,73.40685
Nakkar Majwal,34.04993,73.46304
Nakke Mela,33.67784,71.2886
Nakko,34.86384,73.58312
Nakoi,35.48391,72.92294
Nakota,33.43008,73.62993
Naksir Bhek,35.54236,72.92607
Nal,34.88298,73.02766
Nal,34.60205,72.11205
Nal,34.61241,71.11706
Nal Banda,35.10544,72.48412
Nala,34.18421,73.43866
Nala,33.90725,71.37604
Nala,33.97984,73.36616
Nala,34.80106,73.11712
Nala Banda,34.92593,72.76535
Nala Jabbar,34.66595,73.22175
Nalbori,34.42428,72.89595
Nalgah,36.01359,72.45985
Nalgas,33.79251,70.44532
Nali,34.66389,73.50488
Nali,34.94185,72.44642
Nalian,34.1097,73.24541
Nalki,34.13175,73.00258
Nalkot,35.13365,72.61978
Nalkot,35.06439,72.30597
Nalla,34.63246,73.54356
Nalla,34.68303,73.30217
Nalla,34.60718,73.27832
Nalla,34.74253,73.48902
Nalla,34.14687,73.08549
Nalla,33.88823,73.154
Nalla,34.58332,73.1932
Nalla Ghak,32.84412,70.80115
Nallewali Dhok,33.50185,71.87132
Nalo,35.08405,71.87346
Nalo Banda,35.2135,71.93752
Nalotha,34.04196,73.28124
Nalotha,34.05411,73.32775
Nam Shah,32.90944,70.50833
Nam Shera,34.28585,72.99082
Nama,34.26853,71.64132
Nama Din,32.91639,70.50639
Namak Mandi,34.0042,71.56826
Namardai,34.68388,72.92306
Namas Koruna,34.32437,71.92408
Namazkot,34.96966,71.76344
Namb,33.88617,73.28409
Nambal,34.19337,73.47945
Nambal,34.41945,72.9489
Nambal,35.5985,72.1579
Nambatai,34.98521,71.78006
Namblian,34.29132,73.17101
Namblian,34.32285,73.14903
Namdar Banda,34.58329,71.55237
Namdar Khel,32.34298,71.22869
Namdari,32.08394,70.70315
Namirkot,34.30382,72.29181
Namke,34.56363,72.36819
Namlai,35.17907,72.1683
Namlai,35.19275,72.17245
Namli,34.10832,73.38092
Namli Maira,34.09804,73.37676
Namori Baba,34.20596,71.71678
Namser,34.88555,71.98135
Namshehra,34.31038,72.91271
Namshehra,34.40874,72.9223
Namshehra,34.44205,72.97532
Namshehra,34.46661,72.99031
Nana Khel,33.14608,70.41867
Nanak Raghzai,32.46528,69.81639
Nananga Manduni,33.66344,71.899
Nanbezar Khan,32.93667,70.6325
Nandar Kalla,32.9622,70.94621
Nandar Mela,33.69908,70.80157
Nandi Kehari,34.09381,72.80201
Nandibasti,34.09287,72.88713
Nandihar,34.58685,73.20587
Nandoka,34.85833,72.56667
Nandrak,34.01338,72.17903
Nandrika,33.24642,71.54701
Nandur,32.37412,70.55208
Nandār Dheri,34.03333,72.35
Nangabad,34.36599,72.1923
Nangal,33.88554,73.29082
Nangar Karai,35.17303,71.88654
Nangar Khel,32.30758,70.41345
Nangrai,35.12107,71.83258
Nanhath,34.6782,73.25576
Nanhua Khurd,34.24722,73.11968
Nanhuia Kalan,34.24137,73.11033
Nani Kalle,33.81914,70.05238
Naniali,34.20155,73.38962
Nanizo,33.56202,70.89316
Nann Chashmai,33.16227,71.60394
Nanotra,34.26394,72.97878
Nansar,34.49146,72.25004
Nanu,32.38889,69.83583
Nao,34.75544,72.54553
Nao,35.0069,73.30989
Naogram,34.88658,72.78848
Naogram,34.2841,72.6533
Naona,34.99577,72.31524
Naoya,33.89675,71.28783
Naqai,34.94546,71.61405
Naqai,34.97633,71.82416
Nar,34.727,72.929
Nar Abu Samand,32.81207,70.78947
Nar Abu Samand Begu Khel,32.80908,70.77352
Nar Bakhmal Ahmadzai,32.7801,70.79683
Nar Bostan,32.83508,70.70539
Nar Chaman Gaul Khan,32.78797,70.7578
Nar Chatal,35.16621,73.02449
Nar Dila Shah,32.85788,70.76586
Nar Gali,34.63061,73.55849
Nar Hafizabad,32.84595,70.75472
Nar Haidar Shah,32.7908,70.81041
Nar Haidaran,32.83004,70.8095
Nar Jadid Superlai,32.78261,70.75515
Nar Jafar Khan,32.85918,70.73516
Nar Kili,32.54167,69.67333
Nar Mauladad,32.83047,70.76573
Nar Mela,33.05811,70.06452
Nar Mir Abbas Khan,32.83214,70.74178
Nar Mir Akbar Khan,32.86395,70.73536
Nar Muhammad Anwar,32.86669,70.73204
Nar Najib Khan,32.82948,70.71601
Nar Paihk,35.08743,73.89932
Nar Pasti,34.90669,73.90736
Nar Quli Khan,32.80243,70.75384
Nar Raza Khan,32.77665,70.76152
Nar Sahib Khan,32.80365,70.76583
Nar Sahibzada Khost,32.83699,70.79034
Nar Shukrullah,32.83411,70.71443
Nara,33.85101,72.93109
Nara,33.98702,73.22643
Nara,34.06551,72.85713
Nara,34.36802,72.91176
Nara,34.32132,72.77259
Nara,35.07654,72.3827
Nara Banda,32.89454,71.01677
Nara Daga,34.36049,73.04828
Nara Dheri,34.14822,72.42764
Nara Khwar,33.05566,71.05888
Nara Raghzai,32.52506,70.21029
Nara Sheikhan,33.99148,73.16313
Naradar,34.70603,72.61363
Naraddua,34.15537,73.29558
Narah,34.53767,73.35322
Narai,34.82188,73.23706
Narai,34.2627,71.24475
Narai,34.32826,72.17559
Narai,33.2209,71.4614
Narai,33.95002,72.21453
Narai,34.90037,72.91201
Narai,34.15495,71.98407
Narai,34.18207,71.96433
Narai Banda,35.1971,71.73658
Narai Banda,34.5935,72.24359
Narai Banda,34.60611,71.64175
Narai Ghakhai,33.68496,71.01451
Narai Kalle,34.21164,72.00408
Narai Kandao,33.44707,71.6837
Narai Kar,32.66206,70.38357
Narai Kili,34.28754,71.88142
Narai Kot,32.97913,70.04853
Narai Manzai,34.81913,72.07955
Narai Mela,33.92422,70.9703
Narai Qila,34.29067,71.88517
Narai Raghzai,32.61183,69.99753
Narai Raghzai,33.13532,70.64635
Narai Shah,34.69804,71.45814
Narai Shiggi,34.1,72.33333
Narai Sur Banda,34.79026,72.53447
Narai Tangai,34.5281,72.54919
Narai Tangai,35.06949,72.53767
Narai Tangi,34.6099,71.79249
Naraini,34.39583,72.87243
Narakai,32.57261,69.79635
Narakai,32.31944,69.35694
Naraki Bhek,35.68457,72.92436
Naral,34.40909,73.37679
Naral Ban,34.70977,73.23051
Naran,34.90532,73.64864
Narani Shahio,34.77235,72.95944
Naranj,34.51511,72.85816
Naranj,34.54401,72.84198
Naranj,34.34014,72.6376
Naranj,34.75861,71.70944
Naranj,34.52895,72.66139
Naranji,34.31449,72.4161
Naranjo,34.48128,72.69346
Naranjpura,34.88216,72.32876
Narao,35.55639,72.88109
Narao,35.55829,72.81642
Narao,33.83027,70.67231
Narao Banda,35.20676,72.81166
Narao Tangai,34.86716,71.43762
Nararai,33.59442,70.36818
Nararai Jalamai,33.62497,70.34803
Narauk,34.87016,73.1042
Naraza,34.63047,73.07067
Naraza,34.87349,71.57319
Naraza,34.61811,72.98806
Naraza Shingri,34.67462,73.03322
Narbatol,34.60831,72.45607
Narbir,34.31264,73.27254
Nardubba,34.15063,73.29421
Nare,34.41989,71.6731
Nare,34.46705,73.16889
Nare Dheri,34.46611,73.17566
Nare Kalle,32.96426,70.49849
Nare Koshar Kalle,33.89372,70.00127
Naredalai,35.0299,72.73332
Naredalai,34.99245,72.44166
Narelai,34.86405,72.65804
Nargah,34.04607,72.84299
Nargala,34.30878,72.96694
Nargasai,32.84486,69.71822
Nargassai,32.31667,69.35417
Nargola,34.16604,73.4512
Nargosa,32.64783,69.901
Nargusm,33.03755,69.67112
Narhand,35.09759,72.01994
Nari,33.97275,69.97401
Nari Dog,33.20778,70.84398
Nari Hotar,34.06132,73.47096
Nari Idal Khel,33.21845,71.35689
Nari Kade,33.6558,71.13227
Nari Kak,33.48079,71.59563
Nari Kalle,32.68724,70.35611
Nari Nakka,34.09749,73.37073
Nari Nao,33.90357,70.54998
Nari Panos,33.18267,71.16253
Nari Sar,31.43351,70.09705
Nariab,33.48328,70.78136
Nariali,34.48379,72.98421
Narian,33.99056,72.80537
Narian,34.16204,73.34772
Narian,34.61407,73.45728
Narian,33.86136,73.13172
Narian,34.16763,73.23016
Narian da Maira,33.93546,72.98399
Narila,34.13836,73.38472
Narin,35.44688,73.62224
Narin Banda,35.6651,72.1864
Narinjai,34.63043,71.66575
Narinjai,34.62549,71.71919
Narinji Banda,34.5669,71.68664
Nariwal,33.82123,73.17222
Narkat,34.36464,72.69012
Narkoret,35.97927,71.56531
Narkot,34.4208,72.6226
Narkun Bala,35.31717,72.0629
Narkun Payin,35.32426,72.06003
Narmai,33.84757,70.43857
Narmi Khel,32.86557,70.44836
Narmia,32.9838,71.22062
Naro,35.46773,73.11764
Naro Banda,34.15015,72.44083
Narochhi,33.46611,73.71442
Naroi Obo,34.44773,71.77844
Naroka,34.35178,73.38983
Naroli,34.4429,72.9943
Narota,33.81092,73.07392
Narota,34.33719,73.10079
Naroti,34.59272,73.12449
Narpe,33.01107,69.68
Narran da Banda,34.15228,72.77624
Narshak,34.26535,72.1482
Narsi Khel,32.83105,70.39367
Nartopa,34.02993,73.01303
Nartopa,33.76734,72.99131
Naru Banda,34.23536,72.66621
Narub Sar,34.92019,73.10771
Narunjo,34.18953,72.73859
Narwan,34.26467,73.07709
Narwara,33.98964,73.25712
Naryala,34.72144,72.97341
Naryat,34.27421,73.43508
Nasafa,34.24651,71.87469
Nasafa,34.21926,71.79902
Nasafai,34.76781,72.26671
Nasai,34.87036,73.0895
Nasak Nagar,34.16283,73.41194
Nasapa,34.06872,71.60003
Nasapa,34.73072,71.91165
Nasapa Bala,34.06995,71.59641
Nasapa Payan,34.06174,71.59889
Nasapai,34.8699,72.02241
Nasapai,34.39277,71.4735
Nasapai,34.56762,73.06881
Nasapai,35.04422,71.93061
Nasapai,35.09167,72.425
Nasapai,34.55296,72.79056
Nasapai,34.95589,71.75249
Nasapai,34.54361,72.62952
Nasar,32.87417,70.63389
Nasara,33.0386,70.79449
Nasari Bharat,32.89358,70.64044
Nasatta,34.10147,71.79615
Nasatta Kalan,34.11303,71.52871
Nasatta Khurd,34.10667,71.53434
Naseran,34.20989,73.46461
Nashapur,34.28343,72.51827
Nashnamal,35.18715,72.1741
Nashnamal,35.20421,72.18035
Nashtar,36.4899,72.35966
Nashudar Kandao,34.46261,71.83628
Nasiba,34.09387,72.80771
Nasibabad,34.13883,71.7595
Nasibabad Gambar,32.93914,70.69187
Nasim Shah Kalle,33.04941,70.80666
Nasimullah Banda,34.41106,71.81348
Nasir,34.43926,71.58603
Nasir Bagh,31.77797,70.79686
Nasir Bagh,34.04064,71.43256
Nasir Fateh Khel,32.96737,70.59779
Nasir Garhi,33.98531,71.69656
Nasir Garhi,34.39636,72.74848
Nasir Kalle,34.01285,71.75665
Nasir Kalle,34.26127,72.03347
Nasir Khan Kalle,33.3008,70.33692
Nasir Khel,32.81738,70.80608
Nasir Koruna,34.92697,71.62824
Nasir di Dhaki,34.60205,73.1191
Nasirabad,33.99063,71.55548
Nasirabad,34.4004,73.04567
Nasirabad,34.51898,72.42928
Nasirabad,34.98352,71.95411
Nasirabad,33.49829,71.55143
Nasirabad,34.32243,71.70491
Nasirabad,31.75038,70.33251
Nasirabad,34.02853,71.4727
Nasirpur,34.02464,71.67822
Nask,34.65805,72.46112
Nask,34.46221,72.74598
Naskit,36.32325,72.27314
Nasrat,35.09674,71.65148
Nasrat,33.01785,70.56024
Nasrat,34.8707,72.26894
Nasrat Miana,33.88034,71.71595
Nasrati Kalle,32.1635,70.19668
Nasray,34.03223,72.4342
Nasre Nakar,34.1592,73.41303
Nasri Khel,32.89607,71.12657
Nasrkar,32.45639,69.46479
Nasro,35.04656,73.01399
Nasro di Baihk,35.08666,73.85987
Nasruddin,33.02236,70.656
Nasrullah Dheri,33.17195,73.70919
Nastikot,33.83408,70.04219
Nat Khater,33.87982,73.0156
Nat Maira,34.65749,72.23492
Nata Sar,34.97149,72.659
Natai,34.85567,73.15062
Natai,34.05987,71.73351
Natai,34.93357,73.05868
Natbori,34.42428,72.89595
Nate Banda,35.08948,72.80403
Natela,33.93914,73.36309
Nath,34.33939,72.67425
Nathi Banda,35.23698,72.92242
Nathia Gali,34.06881,73.39669
Nathu,34.65051,73.07532
Nati Banda,34.79979,72.78864
Natian,34.34645,72.38933
Natta Dheri,33.98275,72.28072
Natthen Ban,34.04892,73.15964
Nau Banda,35.19241,71.70935
Naubahar,33.87745,73.11333
Naudeh,33.94663,72.22062
Naudrak Maira,34.08197,72.21093
Naugazi,34.33344,73.2104
Naugh Phhatti,35.9962,71.48148
Naugram,34.82043,73.09665
Naugram,34.22762,72.44212
Naukot,34.4248,73.17826
Naukot,34.50234,73.36645
Naukot,34.65933,73.2169
Naula Garhi,34.0384,71.45985
Naura,35.11749,71.79931
Naurak,32.98095,70.17185
Naurang Dau,31.77565,70.66744
Naurang Khan,32.75278,70.74778
Naurang Lak,31.97196,71.03522
Naurang Utra,31.75163,70.66521
Nauroz Kot,32.24848,70.97534
Naushahra,33.98953,73.31913
Naushehra,34.66022,73.013
Naushero,34.03205,73.09346
Nauthia Jadid,33.99181,71.54525
Nauthia Qaldim,33.99465,71.54443
Nawa,34.75175,71.34183
Nawa Kalai,33.94499,72.20964
Nawa Kalle,33.54635,70.93875
Nawa Mahal,33.18036,73.70198
Nawab Basti,35.1309,73.98481
Nawab Kalle,33.81738,70.11077
Nawab Khan Koruna,34.06376,71.85745
Nawab Kotey,34.11197,72.24147
Nawab Mandi,33.09836,70.04108
Nawab Nun,31.78242,70.86545
Nawab Sher Koruna,34.19443,71.42364
Nawababad,33.77031,72.87285
Nawagai,34.66303,72.55653
Nawagai,34.86496,71.96729
Nawagai,34.80441,72.73245
Nawagai,34.66226,71.29156
Nawagai,34.49468,71.67347
Nawagai,34.65608,72.25601
Nawagai,34.70539,72.84829
Nawagai Banda,34.7822,72.16695
Nawagal,34.57542,71.93336
Nawai Kalle,34.73213,71.47929
Nawai Kamar,33.89761,71.28236
Nawaiti Goshti,36.08366,71.30731
Nawal,32.70435,69.85582
Nawal Khula,32.70058,69.84774
Nawalai,34.68225,71.17338
Nawan Chel,35.14384,72.57207
Nawan Garahi,32.23084,70.5837
Nawan Garan,34.52265,73.36265
Nawan Giran,34.21807,72.83644
Nawan Kall,33.18657,71.29688
Nawan Kalle,34.7829,72.35396
Nawan Kalle,34.37801,71.58864
Nawan Kalle,34.19403,71.68649
Nawan Kalle,34.2233,72.03112
Nawan Kalle,34.1417,72.07962
Nawan Kalle,34.3342,72.2538
Nawan Khu,31.81243,70.87439
Nawan Kile,34.39401,71.40851
Nawan Shahr,34.36186,73.09568
Nawan Shahr,34.16481,73.26545
Nawan Shehr,34.48582,72.9392
Nawanshahra,34.24242,73.04841
Nawar Khel,32.65316,71.08894
Nawar Khel,32.52667,70.90355
Nawar Khel,32.58499,71.0675
Nawasin Ghari,36.26139,71.54833
Nawaz,32.84,70.68972
Nawazabad,33.11926,70.91334
Nawazabad,34.64982,73.22632
Nawazgah,34.11639,72.89723
Nawazuddin ki Dhok,33.49672,71.85268
Nawe,34.63532,73.28176
Nawe Banda,35.08105,72.74015
Nawe Chel,35.14469,72.58112
Nawe Dand,34.3728,71.59523
Nawe Dhand,34.5239,72.21991
Nawe Garhi,33.80087,71.42732
Nawe Garhi,34.06256,71.57376
Nawe Gorey,33.81746,71.31396
Nawe Kaile,34.61283,71.95571
Nawe Kalai,34.88416,72.41769
Nawe Kalai,34.81918,72.42329
Nawe Kalai Bedasto,34.99587,72.47028
Nawe Kale,34.02931,71.53625
Nawe Kalle,33.69659,70.79006
Nawe Kalle,34.73056,72.28236
Nawe Kalle,34.38422,72.6863
Nawe Kalle,33.8781,70.163
Nawe Kalle,35.01257,71.65269
Nawe Kalle,33.48439,70.92588
Nawe Kalle,34.45501,72.40571
Nawe Kalle,33.9204,70.129
Nawe Kalle,35.25143,71.79688
Nawe Kalle,34.29462,71.70077
Nawe Kalle,33.97631,71.52175
Nawe Kalle,32.90931,69.72282
Nawe Kalle,34.36638,72.49605
Nawe Kalle,34.28629,71.58681
Nawe Kalle,34.28759,71.9569
Nawe Kalle,33.76195,71.31354
Nawe Kalle,34.8161,72.10044
Nawe Kalle,34.53982,72.3565
Nawe Kalle,34.65865,72.16943
Nawe Kalle,35.04067,72.47774
Nawe Kalle,34.4041,72.71007
Nawe Kalle,32.90015,69.63212
Nawe Kalle Payan,33.97995,71.52134
Nawe Kaller,34.44872,71.83745
Nawe Kelle,34.498,72.82605
Nawe Kile,34.43604,71.29977
Nawe Kili,34.93841,72.76063
Nawe Kili,34.02417,71.98222
Nawe Kili,34.21478,72.34085
Nawe Kili,34.39056,71.46018
Nawe Kili,32.97838,69.94556
Nawe Kili,32.97097,69.61295
Nawe Kili,32.95651,69.80109
Nawe Kot,32.86809,69.55181
Nawe Kotai,34.94264,71.6961
Nawe Miana,35.29718,71.8455
Nawe Qila,34.82009,71.83883
Nawe Wela,33.76615,70.49694
Nawedarro,34.62767,72.4816
Nawesit,35.99879,71.563
Nawi Dhand,33.30513,70.59478
Nawi Garhi,34.5074,72.99664
Nawi Kili,34.52548,72.81684
Nawi Mela,33.60067,71.10137
Nawo Gudai Tangi,34.39923,71.2328
Nawo Qala,34.89172,71.65568
Nawroz Garhi,33.93399,71.7757
Naya Bagh,33.80178,70.71155
Naya Gara Khan,31.77459,70.45611
Nayar Banda,34.6179,73.22925
Naz Zafarabad,32.68889,70.84835
Nazakai,34.79093,71.55564
Nazandu,34.87668,72.77891
Nazano,33.67803,70.85591
Nazar,34.16641,73.08126
Nazar,34.19656,72.22841
Nazar Dad,32.997,70.75607
Nazar Din Banda,32.90626,71.04357
Nazar Garhi,34.26168,71.58828
Nazar Gul Garhi,33.98911,71.6987
Nazar Kai,33.78969,70.66184
Nazar Kalle,32.06663,69.36398
Nazar Kalle,33.03821,70.93181
Nazar Kalle,34.10838,72.28237
Nazar Khel,34.75811,71.64276
Nazar Khel,32.53639,69.72722
Nazar Khel,33.77017,70.62778
Nazar Koruna,34.26417,71.8625
Nazar Mena,34.67318,71.61544
Nazar Shah,32.95055,70.55202
Nazar Shāh,32.68667,70.82222
Nazara,33.7845,70.78545
Nazarabad,34.93321,72.38218
Nazarbeg Kili,33.07282,69.86917
Nazardin Kot,33.22385,70.49521
Nazarewali,34.9086,73.98138
Nazargali,34.30225,72.86944
Nazari Kalle,33.54554,70.33406
Nazarial,34.36333,72.88711
Nazhur Raghzai,32.41556,69.78472
Nazim,32.47158,70.06952
Nazimabad,34.16917,72.35016
Nazimabad,31.86376,70.86401
Nazir Bagh,34.11934,71.66441
Nazir Garhi,34.01863,71.70828
Nazir Gul,33.52999,71.59727
Nazir Kalle,33.18016,70.87141
Nazira Kalle,33.02225,70.79533
Nazirabad,34.0456,72.09171
Nazirabad,33.97864,71.48264
Nazirabad,34.00485,71.59563
Nazo Kalle,34.12773,71.87593
Nazo Tanga,34.55709,72.27466
Nazri Banda,34.15479,72.40378
Nazro,35.00402,72.95495
Nazro Bela,35.1839,73.41822
Nazru,33.83978,70.2848
Nechan,34.22732,73.06092
Nechhagh,36.31849,72.28747
Neehi,34.02024,72.78452
Nehr Kalle,33.88357,71.35164
Nehr Wanda,32.62471,70.81533
Neikabad,33.89996,71.70072
Nekai Raghzai,33.1337,70.72742
Nekam,32.82784,70.72156
Nekman Tarah,32.54364,71.01038
Nekrach,36.43554,72.33084
Nekrotok,35.8024,71.63631
Nel Banda,34.62416,72.3847
Neldar,35.53281,72.38463
Nelo Banda,34.57018,71.97664
Nemar,34.33743,71.96804
Nerai,35.19157,72.88837
Nerai,34.87222,72.66389
Nerasik,36.42569,72.42889
Nerian,34.76402,73.49583
Nerian,34.076,73.35893
Nerith Gol,35.30058,71.56375
Nero Gol,36.30921,72.31805
Neshan Banda,35.16835,72.03417
Nesko Shah,34.6728,71.40319
Nesor,36.59249,72.51816
Net Bil,35.46057,73.18843
New Ara Jaitan,33.34602,73.67762
New Arbab Garhi,34.002,71.5032
New Baba Garhi,34.02791,71.53834
New Bagh,34.28161,72.47658
New Ban,34.05037,73.20872
New Dana Colony,34.06331,72.95339
New Daraban,31.73993,70.33462
New Darband Township,34.36478,72.86059
New Faqir Muhammad,33.95184,73.16351
New Kalle Bala,33.97576,71.51254
New Khanpur,33.8035,72.90683
New Khar Kot,34.23321,72.83878
New Khiwa,34.02562,72.89893
New Mahal Palan Dheri Dhok Ismail,33.16876,73.69945
New Malang Adda,32.67757,70.77539
New Muradabad,34.43472,73.14224
New Naqshbnd Town,31.82132,70.88942
New Pind Jord,33.99771,72.89048
New Pind Khan Khel,33.96206,72.8205
New Pind Tarbella,33.78793,72.82107
New Sethi,34.41539,72.63194
New Shah Bazar,34.79186,72.93101
New Shanki,32.35942,71.24736
New Takht,33.33848,71.32903
Newe Banda,35.15165,72.58195
Newe Banda,35.20031,72.59973
Newe Kalle,34.69085,72.70267
Nezo Mundo,34.70561,72.38958
Nia Lash,36.61759,72.54917
Niam,35.22056,72.54261
Niamat,32.98886,70.66582
Niamat Garh,32.85388,70.60011
Niami,34.15531,71.53842
Niaran Ziarat,34.13949,71.16845
Niariaabad,34.07633,73.02453
Niaz Gul,32.94903,70.48048
Niaz Kili,33.17033,70.90621
Niazabad,32.96892,70.9672
Niazai,34.61758,72.59006
Niazai,32.82158,70.44024
Niaze Banda,33.36285,70.74817
Niaze Kalle,33.32372,70.54953
Niaziabad,31.92687,70.87244
Niaziankeri,32.17415,71.00604
Nichagh,36.14125,71.97606
Nichagh,36.60697,72.94689
Nichhagh,36.501,72.54168
Nicholson Lines,33.60307,71.41769
Nig,34.63156,73.28724
Nigram,34.64367,71.79443
Nihag,35.06429,72.12834
Nihalpura,33.94437,72.22349
Nihan,34.66831,73.45467
Nihan,34.66524,73.43876
Nihmat Khel Kalle,32.26534,70.34795
Nijab,33.72246,70.54302
Nika Chauntari,34.04702,72.76667
Nikam Gul,32.87447,70.66698
Nikhan Banda,35.00496,71.7171
Niki Pail,33.20933,70.88161
Nikka,33.16756,73.70104
Nikka Bohr,33.97557,73.11643
Nikka Maira,34.09407,73.38869
Nikka Pani,34.42432,72.89262
Nikkapa,34.00256,73.07513
Nikkapa,33.99207,73.07038
Nikki,33.395,73.69293
Nikki,33.09475,73.67957
Nikki,34.79042,73.27009
Nikki,34.23397,73.34431
Nikki,34.81537,73.34478
Nikki,34.77957,73.4704
Nikki Khel,34.07401,71.19833
Nikki Takki,34.78332,73.3017
Nikori,32.76642,70.38651
Nikot,33.73148,70.74291
Nikot,33.72928,70.75294
Nikra,33.77167,72.85752
Nikrab,32.97212,70.79509
Nil,35.01733,73.41251
Nil Batla,34.45559,72.91085
Nil Batla Bala,34.44968,72.90591
Nil Gagri,33.90375,73.12436
Nila,34.59508,73.62817
Nila,35.04101,73.2416
Nila Tota,35.2731,71.6547
Nilaur,34.39563,73.10402
Nilawe Baba Ziarat,34.90471,72.31756
Nilawi,34.16663,71.51867
Nilban,34.66418,73.15212
Nilberi,35.14793,73.74909
Nilbora,34.53386,73.17939
Nile Pair,34.23385,73.23313
Nilgai Banda,35.21352,72.96981
Nilgram,34.95172,72.33398
Nili Saiydan,33.45328,73.69652
Nilishang,34.62279,73.07743
Nillan Bhotu,33.83119,73.1882
Nilo,33.95171,73.3366
Nilo,34.09944,72.99537
Nilohi,33.44691,73.67044
Niloni Ghari,35.88755,71.49559
Nilor,34.09042,72.99627
Nilour,34.17833,73.26286
Nim Gali,34.33818,73.10808
Nim Talao,33.76513,71.53365
Nima Parao,33.05774,70.33094
Nimakai,35.09968,72.52407
Nimakai,34.91866,72.29261
Nimakai,34.61573,72.00488
Nimaki,34.99661,72.53391
Nimal,34.56059,73.07973
Nimkulah,34.01317,70.03485
Nimkulah Kala,34.00357,70.03487
Nimli,34.2883,73.16625
Nimmal Payain,33.7795,72.03398
Nimogram,34.73879,72.13524
Ningulai,34.84157,72.41974
Ningulai Ghunda,34.84496,72.41716
Nir Babo,32.48222,69.89
Nirgah Sugaya Banda,35.38453,71.90337
Nisar,36.29812,72.44965
Nisar,36.27451,72.456
Nisar Gol,36.28956,72.43673
Nisar Khan Kalle,33.88056,71.56696
Nisarabad,34.7121,71.44179
Nisha,36.39367,72.35945
Nishan Banda,35.06899,72.06874
Nishan Kili,34.28167,71.74139
Nishanabad,34.28416,71.5596
Nishba,32.66021,70.03674
Nishfazai,31.63989,70.04636
Nishku,36.38112,72.36236
Nishpa,31.80112,70.0275
Nishpa,31.47158,70.07416
Nishpa,31.70908,69.95357
Nishpa,31.71795,69.96144
Nishpa,31.55944,70.02556
Nishtar Colony,34.01318,71.5891
Nishtar Kot,32.1043,70.20196
Nishtarabad,34.01253,71.57924
Nishwa,31.55472,70.01917
Niskora,31.57845,70.05358
Niskora Banda,33.26144,71.6599
Nismano Baihk,35.16739,73.67003
Niswar Mohri,34.62158,73.5203
Nitai Banda,35.2034,72.91661
Niwrang,34.9905,71.87216
Niyok,36.35477,72.3976
Nizam Baba Ziarat,33.56408,70.66533
Nizam Banda,34.71221,72.40085
Nizam Bazar,33.00475,70.64062
Nizam Darman,32.99794,70.64067
Nizam Khel,32.82214,70.25395
Nizam Sam,32.32659,71.15014
Nizam Tandai,33.93898,71.31735
Nizamabad,34.02049,71.59099
Nizamabad,33.34278,71.28015
Nizami Banda,32.48849,71.15635
Nizami Banda,32.45775,71.17327
Nizampur,33.78253,72.03408
Nizona,31.51352,70.08614
Nobanda,34.97095,72.97316
Nobatabad,33.96003,71.83206
Nodeha Payan,33.97748,71.47364
Nodia Bala,33.97926,71.47517
Nodia Payan,33.97448,71.5136
Nodragh,36.31671,72.35812
Noe Kili,34.14711,71.43705
Noeha,34.83221,72.55182
Nogh Dur,36.35516,72.33615
Nogh Madok,36.33806,72.35524
Noghor,35.85474,71.7887
Noghorghar Ghari,35.8874,71.49895
Noghur,36.05341,71.3846
Nogram,34.45301,72.59667
Nogram,36.28216,72.18039
Noja Bandi,33.96774,73.18463
Nokha,34.7,71.46637
Nokhara,35.07323,72.42542
Nol,36.12283,72.06457
Nola Mela,32.95,71.15
Nommahal Dheri,33.17231,73.69737
Nonur,34.60301,73.28133
Nonur,34.53599,73.28693
Noorabad,34.25195,71.96656
Nor Badshah Kalle,33.62282,71.77649
Noril,36.34221,72.34469
Noron,35.9751,71.54903
Noshbil,35.64831,71.72101
Noshpah,33.23822,71.32614
Now Kalle,34.38335,71.64319
Nowa,32.9939,69.64968
Nowe Kalle,32.38782,70.06293
Nowshera,34.01583,71.98123
Nowshera Cantonment,33.99829,71.99834
Nowshera Kalan,34.0191,71.97445
Npal Dhor,34.85096,72.80311
Nubaiti,36.20725,71.695
Nug Hotar,34.35093,73.04581
Nundem,32.88293,69.57764
Nuniat,35.46693,73.69795
Nur,34.4358,73.37612
Nur,32.85718,70.44779
Nur,33.56972,70.87408
Nur Ahmad Dherai,34.57547,71.66015
Nur Ban,34.59112,73.43422
Nur Boghasht,35.94145,71.53337
Nur Colony,31.86401,70.90591
Nur Hasan Ali,33.63594,70.3053
Nur Khan Talao,33.92878,71.75458
Nur Khel,35.13194,71.67431
Nur Kirri,32.21319,70.50757
Nur Kundai,33.86864,71.17728
Nur Mahal Khan Kalle,33.31427,70.44176
Nur Maidan Ziarat,34.51801,73.27784
Nur Mong,34.13479,73.35732
Nur Muhammad,32.99278,70.81364
Nur Muhammad Khan Kalle,34.08709,71.87644
Nur Muhammad Kot,34.815,71.88092
Nur Nala,34.09919,73.37221
Nur Phan,34.56382,73.40996
Nur Pur,34.07223,73.06845
Nur Shah,33.25535,70.49281
Nura Kalle,33.13675,71.30279
Nurabad,33.8931,71.85568
Nurabad,34.33735,71.86902
Nurai Paiza,34.94987,72.65655
Nurakai,32.88639,69.6167
Nuran Shah Kili,34.28371,71.76111
Nurangi,32.2236,70.50359
Nurani,34.1863,71.51535
Nurar,32.9042,70.53415
Nurdai,34.80883,72.83952
Nurdi,33.9125,73.00421
Nurdok,36.15104,71.9647
Nuri,34.65952,73.5336
Nuri Saley,34.42355,71.869
Nuri ai Mahli,35.06173,73.97802
Nurik Wanda,32.113,70.8727
Nurjan Kala,32.73862,69.6659
Nurkai,33.92126,70.04843
Nurmali,32.95981,70.70332
Nuro Banda,34.81808,72.79618
Nurosai,35.07082,72.36231
Nurpur,33.90366,73.27353
Nurpur,32.20032,71.13254
Nurpur Palhar,31.35658,70.81894
Nurui Haq Kili,34.37583,71.64889
Nuruk Kalle,33.00542,70.87711
Nusrat Khel,33.81118,70.71721
Nusrat Khel,33.596,71.33841
Nusrat Kili,34.76319,72.00287
Nusratzai,34.21322,71.5928
Nut Shah Kalle,34.2456,71.7591
Nādir Ali Shāh,32.18083,70.535
Nāli,35.0125,72.46667
Nāsāpai,34.53333,73.00556
Nātai,35.16278,72.485
Nīnd,35.22583,72.62056
Oamargai,34.34013,72.27012
Oba Sar,32.22694,69.29611
Obed Kili,34.289,71.75805
Obishto Ghari,35.98632,71.61524
Oblin,33.92266,70.66647
Obline Kala,32.70439,69.63692
Obo Wanda,32.23436,70.76884
Obu Darra Banda,34.56248,72.08024
Ochhal,33.97977,73.29965
Ochhan,36.36523,72.3999
Ochin,33.84394,70.89149
Odigram,34.88534,71.47682
Odin Kalla,32.93063,70.91066
Odin Shah Kalla,32.91992,70.97867
Odu,36.4057,72.4449
Ogdagai,33.85393,71.2419
Oghaz,34.81383,72.04304
Oghi,34.49847,73.01399
Oghoz Shah,34.96268,72.01426
Oghuz,34.56157,71.08727
Oghuz Zawa,32.7395,69.78283
Ohecheri,36.36794,72.17363
Ohkharai,32.39662,69.89332
Ohr Mela,33.65632,70.98822
Ohrkhai Almar,31.55519,70.01915
Oislazmai,35.72733,72.14375
Okho Kandao,33.8256,71.30187
Okshin,34.90459,71.461
Olandai,35.05,72.76667
Olat,34.56442,72.7581
Om,32.82002,69.83796
Onran,35.03073,72.30673
Onshit,36.2261,72.49721
Oolandai Payan,35.27018,71.85157
Opal Mela,33.08327,71.2815
Orak,34.59473,72.59744
Oramzai,32.9994,71.21682
Orang,34.94983,73.0678
Orienti,35.01235,73.40158
Orkaun,36.82498,73.31041
Ormai Banda,34.62081,71.54237
Ormai Kandao,34.88986,72.56584
Ormo,36.44917,72.46567
Oroki Kalle,34.23059,72.27261
Orsai,35.13478,74.07213
Osaik,35.55485,71.78618
Osaik Dap,35.55881,71.77429
Osha Mandao,33.98077,71.00056
Oshak Uch,36.35981,72.31605
Oshata Bela Baihk,35.21168,73.5085
Ospana Raghzai,32.36472,69.83556
Ot Khel Mela,33.16951,71.70858
Otakai,33.81141,71.33092
Otalshai,35.53795,72.6104
Otash Suli Khel,32.97978,70.9481
Oti Khel,33.2549,71.30612
Otin Khel,32.98325,70.90679
Ouaidabad,33.99517,71.56486
Oucham Kala,32.70493,69.62772
Ougda Pakh,33.64125,70.9571
Oujrahwas,33.02713,69.70278
Oules,35.40663,73.15795
Ourrais,36.09294,71.68184
Ouserrai,32.89883,69.5986
Ousi,33.80654,70.50546
Owae Mela,33.67838,70.87558
Owir,36.2275,72.2082
Owir Arkari,36.28008,71.67161
Owir Lasht,36.29419,71.67696
Owirik,35.9697,71.56338
Owobzhai Kalle,32.58557,70.4697
Owzgarai,33.0219,69.63918
Oyan,36.40842,72.41495
Ozagai Dab,35.37528,71.65649
Ozai Khel,33.01572,71.01897
Pabaini,34.1522,72.60685
Pabbal Tarla,34.45352,72.85063
Pabbal Utla,34.47386,72.90634
Pabbat Tarla,34.47066,72.89857
Pabbi,34.00968,71.79445
Pach,35.06257,72.47505
Pach Bachaabad,35.06326,72.48328
Pacha,34.87576,72.90665
Pacha Kalai,35.17736,71.79958
Pacha Kalle,34.59717,72.45278
Pacha Kalle,35.11347,71.79594
Pacha Kalle Banda,34.95583,72.21778
Pacha Kalle Banda,34.95206,72.21364
Pacha Panra,33.66464,70.64864
Pachargram,34.75228,72.96358
Pachheli,35.72017,71.78148
Pachhili,35.99336,71.8033
Pachhwar,34.15739,73.04354
Pachrikka,34.53923,73.38286
Pachun Pana,33.64513,70.80533
Padagusht,35.678,71.64198
Padami Kili,32.97568,69.99369
Padhana,34.04446,72.9158
Padni,33.87572,72.92461
Padripura,34.02784,71.61071
Pagal Chak,33.3275,73.68952
Pagalano Kalle,34.2833,71.7017
Pagaldam,35.12635,72.47656
Pagar,34.68196,72.80211
Pagar,34.11271,73.38969
Pagiran,34.20381,73.04896
Pagorai,34.89533,72.69752
Pah-i- Wela Spat,35.00241,73.73119
Pahan Lasht,36.05503,72.0326
Pahanbah,34.22724,72.87656
Pahar,36.38551,72.37663
Pahar Banda,34.31737,73.37288
Pahar Khel,32.49139,70.61786
Pahar Khel,32.64801,70.87602
Pahari Banda,34.44371,71.56893
Paharo,33.97318,72.84081
Paharpur,32.10502,70.97055
Paharpur Kacha,32.1066,70.94479
Paharwala Wahan,32.23837,71.09417
Pahata,33.86085,73.20855
Pahia Banda,33.28305,70.89777
Pahlwan,31.45441,70.09717
Pahor,31.66154,70.74349
Pahtankot,32.14613,71.06297
Pai,32.35498,70.55668
Pai China,34.50673,72.3928
Pai Dheri,34.22161,72.38785
Pai Khan,34.50266,72.37755
Pai Khan,34.40115,71.55373
Pai Khel,32.97096,69.83955
Pai Khel,33.01657,70.80275
Pai Kili,32.95583,70.53056
Pai Mar,32.47438,70.27462
Paian,34.1887,73.44926
Paicha,36.43624,72.36525
Paidal Khel,33.14267,71.30773
Paigham Karuna,34.20229,71.78115
Paiki,33.98672,69.94703
Paila Kalle,33.56556,70.29144
Pailagai,34.39339,72.10448
Paimal Banda,34.74034,72.99198
Paimal Sharif,34.73984,72.98084
Pain Banda,34.626,72.37909
Painao Patti,34.689,71.19135
Painara,34.57084,72.26014
Painda Banda,32.85949,71.01177
Painda Khan Banda,32.61279,71.01264
Painda Khan Banda,33.0272,70.9208
Painda Kothe,34.33769,72.28078
Painda Machan Khel,32.71255,70.91693
Painda Shah,34.36976,71.86929
Painda Shah Patai,34.79485,72.22437
Paindai,35.05013,72.41036
Paindai China,33.93276,70.92682
Paindai Lalma,34.11713,71.37129
Paindari Banda,34.96501,72.72101
Paindekas,34.86599,71.91517
Paindi Dheri,34.16245,72.29843
Painun,36.2834,71.55985
Paipali,33.26729,70.50562
Paira,34.69721,71.15781
Paira Khel,32.46574,69.62824
Pairan,34.33027,73.30397
Pairi Kalle,34.35949,72.00596
Pairma,34.74309,73.32307
Paitai,34.15812,72.44089
Paitao,34.47779,71.93048
Paito Darra,34.78935,71.84454
Paitsan,36.03603,71.85146
Paiza,34.61106,72.58751
Paiza,34.69532,72.67312
Paiza,34.77294,72.68531
Paiza,34.65674,72.63909
Paiza,34.80104,72.9533
Paiza,34.94729,72.83575
Paiza,34.55765,72.83855
Paiza,34.51819,72.72333
Paizal,34.78032,72.87098
Paja,34.92226,73.81115
Paja,35.37126,72.68556
Paja,34.7325,71.51037
Paja,34.65947,73.27697
Pajagai,34.0603,71.54238
Pajaho,35.55978,72.80999
Pajega,34.58416,73.2537
Pajia,34.50826,73.08833
Pajigram,34.73377,71.61477
Pajigram,34.7345,71.64481
Pajur,33.85848,73.30652
Pajwar,33.84251,72.97893
Pak Ban,34.34803,72.69514
Pak China Fertilizer Colony,33.97263,72.89404
Pak Keya,34.02707,72.4239
Pakai,32.41108,69.83646
Pakai Kili,32.95224,69.78377
Pakalla,34.56332,73.26717
Pakaransh,35.35074,71.61567
Pakawarai,33.90668,71.05907
Pakban Bala,34.59032,72.87116
Pakban Kuz,34.58762,72.8742
Pakdarra,33.90121,70.64713
Pakha,33.85107,70.33792
Pakha Ghulam,34.0384,71.60854
Pakha Kalle,33.85717,70.31713
Pakhan Kili,34.18202,71.35671
Pakhar Masai,33.72782,70.64611
Pakhe Kili,33.71217,70.54341
Pakhhi,34.78334,73.29375
Pakhi,33.72128,71.66162
Pakhna Banda,32.90196,71.04036
Pakhtanai,33.72974,70.83154
Pakhtunpatai,35.33571,72.64868
Pakhturi,36.32927,72.26859
Pakhwal,34.29032,73.13207
Pakhwat,34.31275,73.18987
Paki Raghzai Kalle,32.40635,69.63836
Pakistan Air Force Colony,34.05184,71.98847
Pakistan Council of Scientific and Industrial Research Colony,34.00954,71.49002
Pakistan Kalle,34.27284,71.92017
Pakistan Medical and Dental Council Colony,33.32148,71.29796
Pakistan Ordinance Factory Colony,34.03477,73.11463
Pakistan Tobacco Colony,34.48382,72.47639
Pakka,34.08628,72.88389
Pakka,33.15075,71.636
Pakka,34.57866,73.21623
Pakki Saiduwali,31.9625,71.01389
Pakona,34.35285,73.09377
Pakri,34.77311,73.31741
Pakshahi,33.8244,73.09663
Pal,34.31365,73.42921
Pala Banda,33.19978,70.9435
Paladar Baik,34.22001,73.37885
Palai,34.51221,72.08081
Palai,35.65044,71.94582
Palai,32.74199,69.78218
Palai Banda,34.88843,71.90533
Palai Baruzai,34.41177,71.6756
Palai Koruna,34.45486,71.70573
Palaiki Banda,33.05364,70.9405
Palak,33.98648,73.42718
Palaka,33.83909,72.97165
Palali,35.71832,72.00644
Palali Raka,34.32974,72.8407
Palam,35.13332,72.5337
Palam,35.17073,72.1417
Palama,32.97199,70.26943
Palan Khak,31.79552,69.99928
Palang,34.73893,71.53765
Palang,34.89045,72.07313
Palang,34.85467,73.12999
Palang,34.50572,72.65104
Palangai,34.66289,73.03672
Palani,34.40879,73.39293
Palaodari,35.7326,72.0035
Palar Derai,34.63649,72.72339
Palarogh,35.78529,71.6781
Palas,33.92292,73.32076
Palas,35.10282,73.00097
Palasai Kalle,33.03104,70.56724
Palasho Bhek,35.44544,72.97219
Palasi Maira,34.09241,73.04532
Palatu,34.14863,72.05805
Palethi,34.27686,73.13922
Palgai,32.63929,69.68402
Palgai,32.37861,69.77556
Palham,34.44417,72.86374
Palia,35.48803,73.6083
Palir,35.50847,72.57135
Palkeri,34.3441,73.1107
Palkot,35.65555,72.06433
Palkot,34.31567,73.01899
Pallan,33.90207,73.33153
Palli Dheri,34.28571,72.27995
Pallo Banda,34.38852,72.07398
Pallo Dheri,34.3531,72.19445
Pallo Kanda,34.3492,72.30617
Palmer Line,34.07473,71.99608
Palo Dheri,34.17517,71.69775
Palo Mela,31.75949,70.00854
Palodrian,34.24903,73.35787
Paloi,34.54845,73.23009
Palolai,32.9543,70.1563
Palos Punga,32.66601,70.16202
Palos Punga,32.68393,70.19386
Palosa,34.29499,72.08145
Palosa Sar,33.14062,71.35442
Palosai,33.66662,71.2988
Palosai,34.26533,72.41152
Palosai Atozai,34.03579,71.48879
Palosai Baba Ziarat,34.9384,72.42526
Palosai Dhand,33.8934,71.34294
Palosai Maqaddarzai,34.04087,71.4892
Palosai Mazorzai,34.04563,71.49916
Palosai Piran,34.0301,71.48154
Palosai Talarzai,34.03116,71.49205
Palosai Ziarat,34.49856,71.23948
Palosalpaiza,34.71785,72.7958
Paloseh,34.8953,72.03875
Palosi,34.49951,71.24674
Palosi Banda,33.34045,71.47334
Palosin,34.69551,71.17997
Paloski Banda,33.05535,70.92885
Palosmelah,31.8391,69.98014
Paloso,34.02607,72.78638
Palot,33.16155,73.717
Palotal,34.45092,71.9049
Palowana Kats,33.17215,70.55364
Palsal,34.23429,72.97889
Paltoke,32.46734,69.67877
Paluan,31.36667,70.73333
Paludran,34.84774,73.56885
Paluno,34.42675,71.82445
Palur Gah,35.80111,71.68705
Palwarai,34.38895,72.39
Palwari Banda,34.56767,72.88256
Palwasa,34.13703,71.83365
Pam Pokha,34.63124,71.40824
Pam Pokha,34.72531,71.35204
Paman China,34.27083,72.29338
Pamana,32.64408,69.92858
Pamaro,34.60623,73.35657
Pamonkai Mela,32.54633,70.04736
Pamonkai Raghzai,32.55607,70.04451
Pamp Koruna,34.2965,71.98215
Pamrah,34.56741,72.9045
Panaghar Kalle,35.38519,71.92826
Panah Kot,33.89616,71.80297
Panakot,35.23268,71.86959
Panakzai,32.97667,70.03972
Panal,33.86685,73.20516
Panal Shai,35.59181,72.28447
Panalsan Banda,35.54912,72.36704
Panam Dheri,34.12165,71.45462
Panashai Banda,35.27016,72.6665
Panawal,34.24766,72.62756
Pand,34.76328,72.37747
Panda,34.87474,72.03647
Panda Darra,34.39274,72.33283
Pandak,33.99177,72.93775
Pandal,33.83419,73.21505
Pandare,34.99634,71.53232
Pander,34.54678,72.67045
Pandher,33.72716,70.66709
Pandher,34.61818,73.36683
Pandheri,34.27694,72.14555
Pandi,34.17437,73.46848
Pandi Khel,32.32852,71.15936
Pandiar,34.95809,72.89409
Pando Shah,34.71824,71.65214
Pando Thana,34.22395,73.15112
Pandori,34.69,73.37139
Pandori,33.9766,72.80271
Pandorya,34.67922,72.58885
Pangadari,34.64517,73.27699
Pangharai,35.03602,72.26867
Pangora,34.14911,73.35253
Pangori,34.28683,72.98368
Pani,34.38081,73.36996
Pani Bagh,35.41913,73.20398
Pani Khel,32.07926,69.41371
Paniala,32.24393,70.88393
Paniala,34.08711,72.89153
Paniali,34.46968,73.10749
Paniam,33.25216,73.71852
Panian,33.9731,72.8511
Panian Baihk,35.17574,73.76881
Panirak,34.23332,71.85159
Panj Khuian,34.15974,73.05144
Panj Pir,34.08841,72.48078
Panj Pir,33.88956,73.31309
Panjao,35.16641,72.59292
Panjar,33.82903,70.55557
Panjgat Sar,35.11814,72.48341
Panjgran,34.02977,73.15784
Panji Banda,35.12844,72.86898
Panjigram,35.19602,72.54143
Panjir Banda,34.59824,72.00344
Panjkora,35.03978,71.98259
Panjman,34.17439,72.57939
Panjo Banda,34.5687,71.89939
Panjoth,33.9466,73.30698
Panjra,34.71709,72.61763
Panju,34.84984,73.09359
Panju Banda,33.18596,70.88557
Panjul,34.65858,73.25025
Panjul Treda,34.65379,73.24137
Panjuwala,33.84073,73.07081
Pankanai,34.98005,72.3015
Pankia,35.23829,72.58021
Pankzai,32.97108,70.58601
Pano,34.81827,71.91931
Pano Dehri,34.36557,73.18904
Panoba,33.60952,71.89734
Panra,34.1562,71.75487
Panra Jaranda,34.29157,71.63644
Panrashai,35.24838,72.65224
Panrsat,34.98537,72.28915
Pansera,34.61349,72.93139
Pantolo Baba,34.97981,71.85528
Panwar,33.38304,73.70662
Panzore,33.73265,70.94345
Pao,34.39015,71.7839
Pao,34.78185,71.74789
Paoka,33.98572,71.50259
Papar,34.77719,72.46797
Papinai,35.10594,72.74271
Par,35.04123,73.11657
Par Baranwai,35.16594,72.55401
Par Hoti,34.20373,72.07103
Par Janarai,35.43691,72.2995
Par Loi,35.15318,73.24369
Para,34.96566,72.96289
Para,35.04975,73.19089
Para Tangi,33.7177,70.92727
Para Tara,34.41543,72.78031
Parabeg,35.99132,71.48913
Parachga Banda,33.60561,71.36406
Parachinar,33.89968,70.10012
Parad Kalle,33.8745,70.1628
Parai,35.38446,72.9308
Paraikas,34.94981,71.79959
Parait,36.05274,72.0245
Parakalak,35.75097,71.7067
Parakh,34.97052,73.51196
Parana,34.3746,72.10992
Parang,35.38665,71.93826
Parang Ghar,34.40573,71.64597
Parangai,34.45591,71.93388
Parani,34.83491,73.53635
Paranjal,34.42848,72.79341
Parao,33.65503,71.93175
Parao,33.43667,70.47472
Parao,35.0307,72.33844
Parao Kili,33.89866,69.95214
Parao Sar,35.22319,72.62187
Parar,34.63357,73.41702
Parara,33.86391,72.14732
Paras,34.66231,73.4612
Parashan Tang,33.61682,70.90656
Paratian,34.42973,72.98531
Parba,34.33973,72.76606
Parbanj,35.02206,72.68297
Pardan,36.54771,72.80755
Pare Mela,33.83915,70.46807
Pare di Chho,33.97601,72.76033
Pared Khel,34.11023,71.18575
Paregh Ghari,35.97145,71.48331
Pareghlik Ghari,35.87278,71.4875
Parez,32.96734,70.58137
Parez,32.99859,70.57191
Parez Khoni Khel,33.00925,70.62503
Parghast,36.37788,72.36588
Pargoni,34.02746,71.64235
Parhanna,34.3578,73.09211
Pari,34.98909,73.9697
Pari Kalai,32.84648,70.85685
Pari Yor,36.7811,73.01993
Paria Attar Shisha,34.38995,73.31763
Pariari,34.61353,72.95183
Parich,36.5896,72.5234
Parkha,34.81747,72.4903
Parkhai,35.13008,71.64744
Parkho Dheri,34.33,71.93889
Parkho Ibrahim,34.3248,71.92892
Parkho Kili,34.32075,71.92835
Parla Banda,35.42055,71.94768
Parlagran,34.7835,73.53229
Parlo Banda,35.43642,71.93824
Parlu,35.29347,71.72969
Parmakhai,34.76713,71.50191
Parmali,36.32055,72.55751
Parmanai,34.97098,71.86975
Parmand,34.45283,72.54933
Parmulai,34.27015,72.35593
Parn,34.763,72.37699
Paro,35.13259,73.11495
Paroa,31.55729,70.76006
Paroha,35.3714,73.1591
Parok,35.01161,73.46921
Parpish,36.13063,72.06028
Parpitai,34.94418,71.81963
Parpuni,36.19871,71.6771
Parrah,35.03571,73.26579
Parramar,34.78077,71.99666
Parrameser,35.34399,71.6121
Parro,35.06547,71.86966
Parro,35.10899,72.30483
Parro Kalle,32.573,70.34054
Parsang,36.42472,72.28733
Parsha,33.12022,70.17972
Parshai,33.51446,71.84482
Parshai Banda,33.55557,71.79981
Parshala,34.52791,72.57919
Parta,34.37551,71.32798
Partai,34.40677,72.95097
Partakal Dheri,34.2,72.39583
Parth Kot,34.71543,73.39735
Partigai,32.5557,69.96679
Partīsar,35.04444,72.51111
Parurri,34.70536,72.22842
Parwan,34.88381,72.36137
Parwara,31.53627,70.15533
Parwari,33.92246,73.06426
Parwash Shah Kalle,34.27052,71.82097
Parāo,35.01667,72.35
Pas Khui,33.67431,70.56493
Pas Mela,33.84527,70.45669
Pasa Mama Khel,33.75713,70.84988
Pasala,34.04048,73.37186
Pasalkot,32.69224,70.06821
Pasanni,33.76615,71.59063
Pasari Bela,35.17079,73.62113
Pasbarari,33.51713,70.34842
Pasha Ziarat Kala,32.70754,69.71445
Pashai,35.70925,72.02626
Pashat,34.86545,71.52664
Pashatai,34.83694,71.70074
Pashkal Nar,34.87654,73.14433
Pashkari,35.28051,73.62224
Pashmal,35.44384,72.59461
Pashmal Gosh,35.44733,72.59907
Pashmal Khet,35.43159,72.60451
Pashmal Kot,35.45697,72.5966
Pashmo,35.14676,72.30286
Pashora,34.70549,72.97984
Pashot,35.27062,73.28567
Pashot,35.21613,73.40136
Pashrak,35.33933,72.058
Pashta,34.95143,72.11438
Pashto,34.89044,73.03985
Pashto,34.74771,71.52448
Pashtonai,35.05726,72.31251
Pashtun Garhi,34.02059,71.83316
Pashutian,34.5524,73.00833
Pashuwa,35.18745,73.02616
Pasial,34.21039,73.11885
Pasir,35.40997,73.09548
Paskai,33.79078,71.29921
Pass Kalle,34.69941,71.18267
Passani,32.77505,70.70715
Past Khorah,36.3014,72.29608
Pasta,32.22583,69.90556
Pasta Jara,32.65999,70.39867
Pasta Mela,33.78379,71.44964
Pasta Pal,33.17634,70.20481
Pasta Sanda,33.64033,71.97477
Pasta Wane,33.70194,71.75566
Pastawanai,33.55542,70.45786
Pasti,36.09076,71.94433
Pastoni,33.54802,70.44965
Pasum,36.30426,72.55493
Paswal,34.17726,73.15933
Paswal,34.07265,73.05361
Paswal Mian,34.22439,73.19456
Pat Bandi,34.29685,72.78133
Pat Darband,33.519,70.94815
Pat Khel,32.54895,69.7037
Pat Pire,33.18516,70.08931
Pat Seri,34.4873,73.36679
Pata,34.80584,71.77964
Pata,34.69149,72.64415
Pata Banda,34.46872,72.85375
Pata Gahto,34.41986,72.73196
Pata Panra,33.7906,71.0215
Patai,35.47323,71.7342
Patai,34.7696,73.09774
Patai,35.04806,72.47083
Patai,35.34722,72.86444
Patai,35.3425,72.66556
Patai,32.5358,69.75771
Patai,34.28583,71.91679
Patai,34.46916,72.71437
Patai,33.88296,70.64687
Patai Banda,34.42727,72.51548
Patai Kalan,34.27658,71.92509
Patak,32.8076,70.48977
Patal Kili,33.79118,70.19447
Patan,35.10964,73.00781
Patan,34.11838,73.09257
Patao,35.44594,72.94606
Patao Kalle,33.58109,70.82969
Patao Kater,35.37124,71.95399
Patao Roghano Kalle,35.38703,71.95472
Patekka,34.46155,73.37779
Pateman,34.99773,72.23438
Patha,34.62984,73.40056
Pathan,34.64933,73.35236
Pathan Kai,34.56049,73.20996
Pathan Kot,32.01779,70.98687
Pathani Seri,34.37159,73.06689
Pathra,34.58791,73.53696
Pathra,34.7077,73.45079
Pathra,34.53059,73.426
Pati,33.1288,70.60771
Patia Gam,33.76589,71.30891
Patia Kalle,34.13237,72.60763
Patian,34.34631,73.04548
Patian,34.51078,72.92474
Patian,34.53741,73.02964
Patian,34.54286,73.38301
Patiang,34.5682,73.354
Patibast Banda,34.85643,72.31586
Patigal,35.69696,71.93311
Patikar,35.04085,72.68041
Patikka,34.61276,73.36823
Patim,35.34939,72.11143
Patio,35.05198,71.91747
Patkhola,34.31156,73.02353
Patla,34.28545,72.96237
Patni,32.72944,69.55818
Pato Kalle,33.66991,70.48868
Pato Khel,33.7391,70.7697
Pato Khel,32.09774,69.58506
Patodara,35.41239,71.75473
Patol Khel,32.8828,70.94995
Patorak,34.34022,72.04752
Patoran Gali,34.59798,73.12482
Patorat,35.35659,72.05442
Patr Nagaz,36.55753,72.80387
Patrak,35.34395,72.06028
Patrami,36.37049,72.20491
Patrian Deh,36.35344,72.35517
Patrik Ghari,35.93055,71.57588
Pattan,33.89321,73.23521
Pattan,34.68659,73.48482
Pattan Kalan,34.25303,73.44105
Pattan Kanauri,32.08371,70.54167
Pattan Khurd,34.26873,73.46774
Patthar,32.1644,70.32704
Patti,34.68147,73.30097
Patti Gali,34.27663,73.41482
Pattian,34.28059,72.86493
Patto Banda,34.77487,71.9272
Pattu,34.46005,72.3973
Patura,34.18283,73.48082
Paturra,34.50248,72.32006
Patwar,34.08048,71.49371
Patwar Bala,34.08304,71.48319
Patwar Payan,34.07203,71.49138
Patwari Kalle,34.13774,71.89048
Patwari Kalle,34.23469,71.82659
Paujdarra,34.38344,73.0623
Paunran,34.32785,73.0239
Pauran Maira,34.32159,73.06012
Pawa,34.20278,73.17207
Pawa Sar,31.76658,70.03721
Pawanda Salai,32.45177,70.2027
Pawandanwali,32.32195,71.11656
Pawandawala,32.2411,71.06777
Pawasan,36.20598,72.19397
Pawasan Ghari,36.19737,72.19431
Pawinda Kalle,32.25264,70.86253
Pawinda Kiri,32.09022,70.97547
Pawindo Camp,32.08701,71.03453
Paya,34.60624,73.48786
Paya,32.53783,70.31808
Paya Tang,32.8081,71.11829
Payah,33.71819,71.55756
Payan Dag,35.31311,71.99872
Payan Khel,33.65574,70.67059
Payan Tang Sar,35.25466,71.99568
Payori Mela,31.63043,70.02225
Pazal Sar,34.86142,73.01313
Pazong,34.9151,72.91366
Pebale Maira,33.85804,72.90713
Pech Mundai,34.79282,71.64714
Pechuz,36.81056,73.27303
Peghlukai,34.81614,72.70491
Pehlwan,34.18297,73.34885
Pehmdi,35.41111,71.76106
Pehr,33.94171,73.33964
Pehur Hamlet,34.0513,72.63573
Pei Khel Kili,33.91487,69.95234
Pejju,34.21092,73.29046
Pela Khel,33.76185,70.63071
Pelewali Dhok,33.42451,71.83499
Penar,35.4692,71.86201
Pendai,34.37971,72.41367
Penin Sor,36.63355,72.747
Pepal,31.66512,70.22506
Perai,31.84168,70.15281
Perai Mandakai,33.06639,70.46
Perian,34.57745,73.38122
Perino Kalle,33.61487,70.30561
Permato,33.96437,73.42481
Perol Wakhtini,36.43839,72.30569
Pershito Goshti,36.0865,71.2875
Peruwana,32.23119,70.46866
Peshai,32.96301,69.58505
Peshal,34.80622,72.59162
Peshao Ghari,35.98253,71.44428
Peshawar,34.008,71.57849
Peshgah,34.26529,73.10947
Peshumok Goshti,36.08804,71.31201
Petao,34.24008,72.19973
Petao Ashley,34.65616,72.82721
Petao Banda,34.20356,71.30731
Peto Kas,35.10128,72.26588
Pets Uts,35.99868,71.56487
Peza,35.15488,72.30384
Pezu,32.31738,70.73439
Pezwanda Kalla,32.91571,70.82775
Pezzwan Banda,34.58499,71.8627
Phagal,34.73276,73.55034
Phagal Koruna,34.32885,71.38705
Phagla,34.40726,73.30895
Phagla,34.17665,73.12645
Phaglain,33.35603,73.60049
Phagna,34.68326,73.4685
Phagora,34.64412,73.06358
Phagora,34.47247,72.92799
Phagwar Banda,34.45486,73.17003
Phair Din,35.54307,72.22313
Phaira Dhok,33.84505,73.08899
Phaju Nakar,34.15161,73.46383
Phal Gohar Mial,34.29451,72.95076
Phal Kot,34.42703,73.04287
Phala Gali,33.9435,73.09296
Phalai,34.61803,73.14993
Phalari,32.33799,71.22556
Phalastine Piquet,32.99734,70.19475
Phalgohar,34.29957,72.94478
Phaliat,35.19254,73.56764
Phalkot,34.14986,73.37918
Phalla,33.86728,73.21876
Phalla Gali,33.87019,73.2249
Phalra,34.39374,72.90217
Phamrao,35.49439,73.09485
Phando Bala,33.98354,71.63433
Phandu Payan,33.9891,71.63074
Pharan Pala,34.70291,73.37925
Pharari,34.03856,73.02646
Phargam,36.11112,72.42273
Pharhaia,34.02217,72.95811
Pharila,33.81387,73.18157
Pharogh,36.35972,72.35765
Pharra,33.77412,72.99351
Pharwal,33.78762,73.04463
Pharwali,33.80146,73.03663
Pharwan,35.30314,73.17718
Pharwaro,35.51219,72.98818
Phashk,36.48881,72.7399
Phatian,34.01035,73.28536
Phatik Koruna,34.15667,71.80278
Phatorat,35.55446,72.58959
Phelwandeh,35.71179,71.70323
Phernan,33.376,73.68495
Phhag Danni,34.48221,73.09693
Phhitni,34.40803,73.0922
Phonge,31.85281,70.01311
Phora,34.3962,73.3711
Phorth,36.10158,72.45529
Phuagram,35.38097,71.69817
Phuhar,34.18305,72.9781
Phul Doga,34.34129,72.90818
Phulai,34.60293,73.2393
Phulan di Bandi,34.18592,73.1586
Phulan di Seri,34.34077,73.02157
Phulanwali,34.0284,73.18719
Phulbilo,35.55963,73.15086
Phuldar,34.3149,73.03531
Phuldar,34.40687,72.84825
Phuldhar,34.07389,72.89951
Phulgaran,34.05086,73.2554
Phulgiran,34.15641,73.46103
Phulra,34.33524,73.05555
Phulwarai,34.6079,72.56254
Phumba Zara,34.65122,71.93682
Phunsi Lasht,35.46211,71.72661
Phur Khot,36.51108,72.56867
Phurnis,36.39005,72.23875
Phutti,34.63049,73.38069
Pia,35.1067,72.51363
Piak,33.8796,70.19587
Piala,33.64642,70.59179
Pialo Baihk,35.1256,73.83972
Pialo Baihk,35.2091,73.80905
Pialo Baihk,35.22054,73.61957
Pialo Baihk,35.09197,73.8132
Pianr,34.71756,72.81485
Piao Din,32.9525,70.6475
Piari Ziarat,33.63958,71.09457
Piawara,34.681,71.35928
Piaz,35.74168,72.43163
Piaz Banda,34.52155,72.71438
Piaza,35.03333,72.72292
Piazha Band Khel,32.60128,69.93018
Piazo,35.47086,73.72712
Piazo Banda,34.84223,72.95441
Piazo Banda,35.15304,72.70704
Piazo Banda,35.17634,72.61957
Pichar,35.00669,72.22727
Pichhbhanna,34.13891,73.46856
Pichhla Bani,34.69955,73.25969
Pichhli,34.71868,72.97852
Pichkhopak,35.9825,71.55863
Pihal,34.22629,73.11132
Pikhal Khan,32.86333,70.72861
Pikhar Khui,34.31137,72.94012
Pila Banda,33.20616,70.86199
Pilan,33.46986,73.7406
Pilanshi Banda,35.22801,72.8323
Pilosai,34.49784,71.25438
Pina,33.88944,73.11526
Pind,34.17252,73.03073
Pind Barun,34.86838,71.92563
Pind Gakhra,33.77709,72.84361
Pind Gujran,33.84882,72.89009
Pind Hashim Khan,34.06272,72.99631
Pind Hashim Khan,34.05473,73.00498
Pind Jamal Khan,33.93223,72.99822
Pind Kamal Khan,33.90808,72.95063
Pind Kargu Khan,34.17268,73.07613
Pind Khan Khel,34.10467,72.9243
Pind Kule,33.71871,70.63331
Pind Munim,33.87078,72.91082
Pinda Khel,32.97007,70.81052
Pindai,34.39726,71.731
Pindiali,34.46227,71.43981
Pindori,34.00764,72.84546
Ping,33.11917,70.14037
Ping,33.14469,70.71961
Ping Sar,33.12978,70.0411
Pinga Kili,32.6245,70.39132
Pingai,32.88602,70.00027
Pingal,34.67811,71.79169
Pingas,35.37524,72.04964
Pingo,33.51885,70.34565
Pingrai,33.20305,70.79085
Pinian Banda,34.63311,72.37398
Pinjkorai,34.58451,71.56069
Pinju,33.89894,72.90638
Pinkzai Kalle,33.01818,70.62562
Pinorai Banda,34.94351,72.19178
Pinza Gine,32.45583,69.66602
Pipal,34.46465,72.11069
Pipal Maira,34.40383,73.24683
Pipal Mandi,34.00758,71.57354
Pipal Shah,34.75077,71.69345
Pipaliala,34.30958,72.87529
Pipalwali Ban,34.00096,72.84776
Piplai,34.84267,72.98265
Piplan,34.01623,73.18953
Piplan,34.3709,73.05316
Piplan Bazar,33.01853,70.5506
Pipli,33.44545,73.66513
Pipliwala,33.99085,72.6728
Piquet Alizai,34.7932,71.65342
Pir Badshah,34.26657,71.89613
Pir Baglai,34.97407,72.49049
Pir Baha ul-Haq,33.8808,71.46754
Pir Bala,34.067,71.50891
Pir Bholi,33.35129,73.64935
Pir Cham,34.86337,72.24947
Pir Darra,34.55841,72.50264
Pir Dil Khel,32.97845,70.58052
Pir Dost Kor,32.91667,71.03333
Pir Galai,34.29006,72.72806
Pir Gandai,34.98441,72.56231
Pir Garhi,34.23483,72.03423
Pir Ghori,34.10767,73.16869
Pir Ghundi,31.70803,70.10621
Pir Gul Kot,33.31222,70.54389
Pir Gul Kot,32.46742,69.63732
Pir Jawar,34.33656,71.47648
Pir Kach,32.22108,70.37144
Pir Kalai,34.90999,72.41245
Pir Kalle,32.91071,70.7476
Pir Kalle,34.37143,71.83212
Pir Kalle,32.31108,70.26416
Pir Kalle,34.12918,71.50312
Pir Kas,33.37335,70.51929
Pir Khair Muhammad Shah Ziarat,33.76315,72.92711
Pir Khan,34.24485,73.28061
Pir Khan Kalle,33.00189,70.51139
Pir Khel,34.57981,71.80797
Pir Khel,33.59712,71.44478
Pir Khel,32.88192,70.65559
Pir Kili,32.96075,69.79755
Pir Makan,32.2793,69.57701
Pir Mela Banda,33.25311,71.24218
Pir Nakka,34.05305,73.323
Pir Panjan Shah,31.74928,70.3977
Pir Patai,34.47641,72.6804
Pir Patai,34.44684,72.65847
Pir Patai,34.7498,71.74467
Pir Patai Banda,34.84807,72.18985
Pir Piai,33.99421,71.90434
Pir Qala,34.20134,71.5319
Pir Qamar Sultan,32.37267,71.2488
Pir Qayyum,33.68951,70.33173
Pir Saddu,34.33844,71.85073
Pir Sohawa,33.78411,73.10997
Pir Wal,33.72998,71.51154
Pir Zinda,34.38237,72.87596
Pira Khel,32.67363,70.04159
Pira Khel,32.9932,69.6346
Pirabad,34.28858,72.00533
Pirabad,32.10324,70.51434
Pirabad,32.13589,70.21713
Pirabal,34.52815,72.43688
Pirai Bala,34.16996,71.4903
Pirai Payan,34.17108,71.49854
Pirakai Raghzai,33.02311,69.67546
Piran,33.96332,72.03706
Piran,32.95205,70.73537
Piran,32.91404,70.76223
Piran,34.58226,71.59439
Piran Kalle,34.58608,71.93431
Piran Khel,33.01043,70.5632
Piran Tughal Khel,32.91655,70.6472
Piranai,35.25552,72.53939
Piranda Shahr,34.42189,72.89097
Pirano Banda,34.42647,72.09001
Pirano Kalle,32.96189,70.1675
Pirano Kalle,32.89158,69.66148
Pirano Kalle,34.34145,71.72481
Pirano Kalle,34.09248,71.91708
Pirano Kalle,34.27034,71.96478
Pirano Kas Raghze Kalle,32.9651,69.59618
Piranpatto,34.59799,71.93926
Piranra,34.57574,72.05976
Pirat Kalle,32.89554,70.60605
Pirdarra,35.22974,72.51258
Pirdil Kalle,32.99627,70.64427
Pirjai,35.10425,72.26208
Pirkand,35.0927,72.31525
Pirkin,35.42934,71.7089
Pirkot,33.9864,73.31022
Pirkot,33.9218,73.00692
Pirkot,33.89315,73.28091
Pirman Derai,34.78222,72.32883
Piro Khel,34.14717,71.1628
Piro Khel,34.13116,71.16857
Piro Pakha,33.80153,70.95379
Pirorsar,34.89136,72.90309
Pirpatai,35.00288,72.38487
Pirpatai,35.09368,72.50589
Pirsabaq,34.02667,72.0403
Pirsai,34.41262,72.24468
Piru,34.18127,73.11903
Piruno Baihk Bela,35.16686,73.65521
Pirwala,32.62185,70.97773
Piryano Gat,35.03547,71.69311
Pisedun Ghari,35.82141,72.08468
Pishai,34.85015,71.83134
Pishkand,34.33855,72.23361
Pishlaur,34.65304,72.71611
Pishlaur Derai,34.6598,72.72355
Pisho Ghot,34.54328,72.48066
Pisho Tandai,33.75854,70.46942
Pishothan,35.33341,71.69216
Pishta Khara Bala,33.94298,71.43242
Pishta Khara Bala,33.95468,71.49391
Pishtakhara Payan,33.96339,71.50922
Pisi,33.12431,70.56974
Piskam,36.61926,72.90444
Piskand,34.63666,72.7331
Pistao,34.87018,73.07772
Pistawani Kandao,33.90104,70.51304
Pitag Kalle,32.86405,69.51952
Pitai Kalle,34.33212,72.09469
Pitao,34.61028,72.49151
Pitao,34.87694,72.71417
Pitao,33.92227,72.06966
Pitao,33.9299,72.17738
Pitao,34.95908,71.60551
Pitao Banda,34.97853,71.58144
Pitao Banda,35.18178,71.93937
Pitao Banda,35.059,71.85696
Pitao Bānda,34.46944,72.73889
Pitao Dabira,34.82692,71.9881
Pitao Gaonai,34.86549,72.06807
Pitao Kas,35.0025,72.63304
Pitao Kili,34.2117,71.43849
Pitao Malandri,34.42034,72.34453
Pitao Manzai,35.08182,71.88597
Pitao Mela,33.64037,71.07702
Pitawrar,32.64907,70.33262
Pitna,32.32169,69.49091
Pito Banda,35.2227,71.94084
Pitul Goshti,36.06301,71.30414
Piuch Maira,34.87685,72.68864
Plai Nasrutzai,34.40647,71.67895
Plair,34.27433,73.47933
Plair Bazar,34.28598,73.47772
Plan,32.50344,70.30121
Plana,34.66194,72.46259
Plano Diperai,35.00713,71.80401
Plasar,34.44821,73.13965
Plashi Bhek,35.51787,72.80464
Plaz Bela,34.84951,73.57303
Plewan,33.31003,70.35512
Plosin,33.42108,70.58722
Plousa,34.89074,71.6783
Pochar,34.45692,73.12112
Pochial,34.45691,72.91682
Pode Zhok,35.21285,73.3452
Podnial,34.45684,72.95949
Pogha Kot,32.25139,69.65111
Pokal,34.81976,73.07698
Pokhra,33.89974,70.13885
Pokobadi,35.28637,73.63966
Pola,34.20832,72.69189
Polada,32.48085,70.06314
Poladai,34.66083,72.70611
Pole Baba,34.00507,71.87978
Polian,33.09464,73.67336
Polo Dhand Pul,34.18113,72.43667
Pologah,35.60807,72.68954
Pomang,34.71404,72.98197
Pomhara,34.59574,73.34925
Pona,33.9897,73.29155
Pongdeh,35.51376,71.78778
Pontiya,34.02962,72.6118
Por,34.40294,73.36524
Pora,34.44559,72.53673
Porai Maidan,35.40739,72.60227
Porchamyarai,34.59594,71.64056
Pordil Khan Kalle,34.24533,71.7355
Pore Kalle,34.8384,71.91216
Pore Kanda,33.78301,70.19119
Pore Shah,34.75301,71.71152
Porest,34.5132,72.89195
Pori,34.54133,73.34629
Portanai Mela,32.569,70.48781
Portu,36.01242,71.5837
Poshash,34.93358,72.83852
Poshkari Ghari,35.8052,72.07557
Poskai Kas,32.62667,70.33126
Postakai,34.00308,71.02554
Postaki,35.99518,71.54176
Postaki Ghari,35.98069,71.60435
Pota Yar Ahmad,31.45271,70.37771
Potah,31.95529,70.68524
Potaniandeh,35.57244,71.80525
Potar Shai,35.66259,72.6808
Potha,34.29806,73.19228
Potha Bangash,33.28576,73.65618
Potha Sher,33.27775,73.67018
Pothi da Nikka,33.46119,73.69965
Potosh,34.62832,72.78312
Potshal,36.8526,73.4896
Power,36.57591,72.82437
Powinda,32.82605,70.48812
Poya,32.38,69.69722
Poya,33.21578,70.9457
Poya Pukiwala,32.81667,71.13333
Prang,34.13501,71.74004
Prangdarra,34.84426,71.76516
Prangdarra,34.19657,71.23119
Prata,34.9912,71.58582
Prekareh,33.90298,71.09201
Preparation For Life Colony,34.03039,72.67461
Prince Qala,34.16278,71.53844
Professor Colony,34.02578,71.47377
Prrarah,34.57064,72.28512
Pshuka,35.38547,71.72867
Public Works Department Colony,34.02419,71.55575
Puchh Moi,35.05865,73.12296
Puchh Mor,35.00917,73.22494
Puchung,36.50287,72.46335
Puk,32.27635,70.4035
Puka Rok Ghari,35.88152,71.47349
Pukhto Daman,34.08618,71.64792
Pukhtun Bagh,34.06718,71.42026
Puki Banda,32.85115,71.07361
Pul Banda,35.68118,72.39894
Pul Bazar,34.80386,72.92947
Pul Bela Banda,35.26146,72.56732
Pul Dherai,35.05227,72.4817
Pul Kalle,34.39594,72.01026
Pula Dher,34.15864,71.7728
Pulai,35.01538,71.80525
Puland,34.65243,72.41298
Pulangat,35.17287,71.68119
Puldera,35.05074,72.47197
Puliru Shal,35.92351,72.09004
Pulogh Jal,35.97178,71.7258
Pumba Zaral,34.47718,72.70536
Pumbazara,34.87851,72.01319
Pumbo Ghundai,34.6705,71.37789
Pumman Mar,34.10303,73.29215
Pummanmar,34.03027,73.26815
Puna,34.21302,73.17357
Punga,33.03413,69.67307
Punga,32.59506,69.77368
Punga,32.63263,69.92781
Punga Kale,32.64264,69.69985
Pungah,32.8293,70.04551
Pungai,33.41801,70.83122
Pungai,33.53371,70.67025
Pungai,32.56978,69.80749
Pungai,31.62143,69.98171
Pungai,32.82767,69.58979
Pungai,33.0385,69.59143
Pungai Pare Khel,32.38061,69.76959
Punge,32.67791,69.54799
Punial,34.87956,72.80075
Puniali,34.16272,73.12439
Punj Naddi,34.74752,73.32403
Punj Tar,34.22208,72.51932
Punnubat,35.1199,72.61221
Punra,34.45134,72.74623
Pur Seri,34.28563,73.18424
Pura,34.62348,73.00321
Pura,34.45949,73.18761
Purana,34.07511,72.90914
Purana Bakka,33.97404,72.81624
Purana Bhogar Mang,34.58018,73.25618
Purana Khanpur,33.82315,72.93479
Purani Babugarhi,34.03287,71.53403
Purani Kheri,34.20755,72.90609
Purdash,35.9868,71.96569
Purdil Banda,34.02023,72.39809
Purdil Begu Khel,32.80017,70.78328
Purdil Khan,32.88856,70.70414
Purdil Khan Kalle,34.34302,71.64165
Pure Tikarai,35.51228,71.9891
Purgram,36.67596,72.58773
Purigal,35.60143,71.86908
Purj,34.78045,73.26621
Purjhali,34.93504,73.63254
Purkesap,36.31854,72.55202
Purni,34.32559,73.06801
Puronai,34.70416,72.46696
Pursat,35.5982,71.85802
Pursh Bando,32.39064,71.2163
Puru,34.96854,73.51046
Purāni,34.03222,71.53383
Pusha,31.96126,70.84681
Pushkari,35.24372,73.46046
Pusht,36.52176,72.60905
Put Khel,32.53933,69.72397
Put Lang Gushti,36.08153,71.24828
Puta,34.23001,71.82078
Putandes,34.74429,73.507
Putari Saiyidan,34.22163,73.16585
Pāgaldām,35.12944,72.31583
Pānai,35.12917,72.44583
Pīr Khān,34.09167,72.28333
Pīr Tangi,32.4,70.25
Pīrodai,35.02639,72.45139
Qabaro Kili,33.80783,71.39714
Qabba Banda,35.56737,72.79168
Qaber Banda,35.15306,72.61481
Qabula,34.60236,73.0613
Qabuli Kili,34.19901,71.40889
Qadam Khel,31.87777,70.59613
Qadam Khel,34.51243,71.92879
Qadar Banda,35.02317,72.29982
Qadar Bando,35.04167,72.2181
Qadar Nagar,34.64372,72.48418
Qadar Nagar,34.33733,72.27091
Qadara,34.82764,73.31659
Qadarabad,34.34644,71.83254
Qadarabad Kalle,34.11161,72.16868
Qadim Babu Garhi,34.03507,71.54654
Qadim Ghari,36.10219,71.38172
Qadim Kalle,34.31877,71.73135
Qadim Kalle,33.97206,71.66174
Qadimabad,34.27041,71.73185
Qadir Banda,35.39456,71.96694
Qadir Kalle,35.38343,71.94736
Qadir Khan Kalle,33.08164,70.08322
Qadir Khel,32.99102,70.97607
Qadir Khel,32.82417,70.76548
Qadira,34.76438,72.95825
Qadira Banda,34.77559,72.96567
Qadirabad,34.0186,71.49869
Qadirabad,34.09121,71.57253
Qadirabad,34.76181,72.32837
Qadirabad,33.23117,70.26619
Qadme Kalle,34.18853,72.28793
Qadra,34.21641,72.57183
Qadrao,35.44892,72.79557
Qadri,34.81033,73.22459
Qadri Banda,33.32301,70.73869
Qafila Sarai,34.09805,71.14535
Qahdarra,34.58625,72.57924
Qaiandar Kalle,34.26062,71.77111
Qaidabad,33.99683,71.47145
Qail Darra,34.36326,72.81629
Qaisarabad,32.98466,70.82299
Qajir,34.26293,72.31902
Qala,34.17418,71.83207
Qala,34.8631,71.70634
Qala,35.33166,71.96464
Qala,34.74426,72.98435
Qala,34.87267,72.64313
Qala,34.64473,71.79953
Qala,34.53916,72.8595
Qala,34.81375,72.49875
Qala,34.25586,71.70701
Qala,34.41539,71.68233
Qala Band,34.48555,72.69065
Qala Kili,34.21679,71.22582
Qala Tapu,34.13442,71.5394
Qalagai,34.65886,72.9715
Qalagai,34.8699,72.05331
Qalagai,34.84139,71.91235
Qalagai,34.53465,72.99096
Qalagai,34.70355,73.03514
Qalagai,35.03319,71.87117
Qalagai,34.8783,71.84426
Qalagai,34.60647,72.97298
Qalagai,34.88212,71.83017
Qalagai Banda,34.88228,72.14569
Qalagai Banda,34.87832,72.152
Qalagai Banda,34.8679,72.14642
Qalagai Banda,34.88328,72.15226
Qalagai Banda,34.85782,72.17549
Qalagan,34.74501,71.33291
Qalamanzai,35.04456,71.82666
Qalanari Kili,32.97222,70.60917
Qalandar,32.15518,70.6736
Qalandar,32.71858,69.75263
Qalandar Banda,35.45054,71.94046
Qalandar Khel,32.49725,70.46937
Qalandar Khel,32.58333,70.4
Qalandar Kili,33.90346,71.4404
Qalandar Shah,33.03204,70.62356
Qalandarabad,34.26442,73.23889
Qalandarābād,31.85833,70.64444
Qalao,35.19833,72.88686
Qaldara,34.31882,71.3706
Qalim Khan Talao,33.89027,71.5234
Qallagai,34.63969,71.20605
Qamar Baba Ziarat,33.88286,71.78027
Qamar Dhand,34.29585,72.41714
Qamar Kalle,33.6831,70.31138
Qamar Kalle,33.79808,70.55865
Qamar Khel,32.93167,70.29341
Qamar Khel,33.89484,71.24914
Qamar Mela,33.77694,71.89703
Qamar Sarai,32.61913,70.33746
Qamarabad,34.33669,72.25025
Qamargai,34.2521,71.98548
Qambar,34.62158,71.60744
Qambar,34.76561,72.32591
Qambar,34.67943,72.68975
Qambar Khan Kalle,34.35633,71.74087
Qambar Khawa,33.83229,71.07413
Qamer Mela,32.68199,70.37892
Qamri Khel,32.88011,70.66508
Qamri Mori,34.33436,72.98527
Qand Har,34.2864,71.77372
Qandaro,34.34155,71.7031
Qandharai,34.90612,71.70528
Qandil,35.10096,72.50128
Qandirgai,34.80317,73.01214
Qargan,34.83912,73.0282
Qaribabad,32.10882,70.20701
Qarun,34.52994,72.88053
Qasamabad,31.92083,70.46685
Qashish,35.65684,71.91794
Qashodal,34.95455,71.71565
Qasim,34.12936,72.13578
Qasim,33.9965,71.72943
Qasim Kalle,34.24917,71.95861
Qasim Kalle,34.11761,72.27125
Qasim Khan Kalle,34.2811,71.68314
Qasim Khel,33.68785,71.50499
Qasim Khel,33.77019,70.95266
Qasim Khel,34.22698,72.51774
Qasim Khel,33.89896,70.78933
Qasim Talao,33.90729,71.62409
Qasima,34.57186,72.78614
Qasimabad,34.13965,72.59077
Qasimabad,34.00263,71.50732
Qasimabad,34.08544,71.83228
Qasimabad,34.3047,71.93072
Qasmi,34.45137,72.05538
Qatab Garh,34.19958,71.94231
Qatar Dand,34.24315,71.39654
Qawal,34.45894,71.52947
Qawe Kalle,32.48389,70.42737
Qayyum Koruna,34.07572,72.14852
Qayyum Nagar,31.74314,70.83095
Qayyumabad,34.03639,71.46337
Qayyumabad,34.4755,72.47627
Qayyumabad,33.95296,72.81655
Qazafi,34.79791,71.66202
Qazi,33.80484,70.94722
Qazi,32.09839,71.07096
Qazi Bela,34.45579,73.2928
Qazi Dera,32.80391,70.79932
Qazi Dherai,34.78156,71.6215
Qazi Kalle,32.95205,70.60878
Qazi Kalle,34.03854,71.58994
Qazi Khel,34.15503,71.73685
Qazi Khel,34.58002,73.23652
Qazi Khel,34.1634,71.74687
Qazi Kili,34.26586,71.9799
Qazi Koruna,34.68929,71.34787
Qazi Serai,34.35103,71.67289
Qazi Talao,33.97204,72.24039
Qaziabad,34.14549,71.86546
Qaziabad,33.9076,71.55846
Qaziabad,34.46167,72.98146
Qaziabad,34.17215,72.42645
Qaziabad,34.20924,71.16437
Qaziabad,34.54492,73.16626
Qaziabad,34.29466,72.07252
Qazian,33.82066,70.70651
Qazian,34.02952,72.92655
Qaziano Katskai,33.89617,70.85823
Qazikot,32.97414,70.07832
Qazipur,33.49838,71.02625
Qazipur,33.99189,72.60309
Qila,34.48043,72.91579
Qila Dherai,35.07624,72.49168
Qila Kalle,34.29497,72.03937
Qila Shahid,34.55751,72.73601
Qilagai,34.14467,71.4445
Qilla Bashir Khan,34.27823,71.76139
Qillato,35.06229,72.94315
Qima,34.52089,72.90395
Qimat Manjiwala,32.71669,70.85201
Qismat Khan,32.08619,70.21797
Qismatabad Kot,32.10661,70.16192
Qissa Khwani,34.00691,71.56882
Qissa Khwani Chauki,34.00722,71.57182
Quahj,35.25373,72.02796
Qubad Shah Khel Kalle,33.92825,70.12945
Qubul Khel,32.63274,71.12956
Quddus Kilai,33.78668,71.0791
Qudrat Kalle,34.18627,71.95852
Qudratabad,36.28188,72.43383
Quduwal,32.3647,71.15745
Qui Zaman,34.26783,71.86758
Quli Beg Banda,32.95,71.01667
Quli Beg Banda,32.98333,71.06667
Quli Khel Kalle,32.40252,70.41468
Quli Khoi,35.42405,73.47983
Qureshabad,33.82979,72.93531
Qurki,34.90201,73.95789
Qurqurian,34.55012,73.00783
Qutab Khel,32.96538,70.0827
Qutabgrab Kalle,34.36925,71.87143
Qutar Khuna,33.023,70.12441
Qutba,33.88652,72.93904
Qādar Chana,35.025,72.28472
Raba Din Garhi,33.7478,71.60407
Rabaki,32.87517,70.56093
Rabat,34.88137,71.97377
Rabat,36.48827,72.43074
Rabat,34.86267,71.95353
Rabio,35.55625,73.14795
Rabt,36.2238,71.70955
Rabt Mukhi,36.20951,71.69866
Rachhari,34.63561,73.22188
Rachmor,35.05838,73.33818
Radai,34.33948,72.68047
Radshah Qala,34.32754,71.58892
Rafiqabad,34.23373,72.39543
Rafiqueabad,34.17952,71.81273
Rag Kalle,34.69927,71.73023
Ragastun,35.10173,72.46158
Ragbai Kili,34.82013,72.1511
Rage,34.11921,71.39271
Ragh,36.61379,72.54851
Ragh,35.93203,71.88047
Ragh,36.36511,72.17492
Ragha,34.15406,71.22347
Ragha,32.70414,70.02348
Ragha,34.33573,71.73011
Ragha,34.59588,71.55456
Ragha,31.50402,70.14932
Ragha,33.9189,69.93425
Ragha Kili,31.45648,70.11076
Ragha Shah,32.95482,70.48338
Raghani,34.48589,72.94629
Raghasar,31.61379,70.06137
Raghgan,34.78533,71.58583
Ragho Doke,36.26558,72.26433
Raghzagai,32.99073,69.6351
Raghzai,32.40781,70.04603
Raghzai,32.74021,69.86087
Raghzai,34.24426,71.47705
Raghzai,32.10063,70.13233
Raghzai,32.82385,70.10726
Raghzai,32.47694,69.88083
Raghzai Kalle,32.39175,69.70618
Raghzai Kalle,32.39222,69.93791
Raghzai Kalle,32.31472,70.34793
Raghzai Kili,33.2246,70.46582
Raghzai Kili,32.97539,69.9474
Raghzai Shahidan,33.2116,70.51345
Raghzaki Chau,32.32482,69.38154
Raghze Kalle,32.99508,69.64109
Raghzi Kili,32.78257,69.87475
Raghzi Sar,32.65704,70.36122
Ragishom,34.80041,72.64284
Ragod,36.46905,72.36348
Raguna,34.59234,72.58305
Ragzh,36.42337,72.49581
Rah Nalla,34.7143,73.18676
Rahat Khan,34.55528,73.17234
Rahat Kot,35.07726,72.47721
Rahatabad,34.01507,71.49656
Rahawal,33.91907,73.28738
Rahi,33.90255,73.25696
Rahim,34.34574,72.7643
Rahim Ali Shahwali,32.04504,71.01402
Rahim Khan Banda,34.51712,71.57886
Rahim Koruna,34.19354,71.41672
Rahim Mena,34.16952,71.38585
Rahim Patai,34.36842,72.71714
Rahim Sar Banda,34.89121,72.65585
Rahimabad,33.7595,71.52064
Rahimabad,34.9545,71.70535
Rahimabad,34.90072,72.66804
Rahimabad,33.51103,71.7793
Rahimabad,34.76902,72.3504
Rahimabad,34.80158,71.72838
Rahimdil Kalle,32.4746,70.25232
Rahimwali,32.29235,71.17477
Rahm Kot,34.47133,72.95591
Rahman,32.91825,70.63293
Rahman,31.96801,70.79389
Rahman,36.10818,72.46254
Rahman,33.25888,70.492
Rahman Baihk,35.1296,74.042
Rahmanabad,34.81858,72.46922
Rahmanabad,34.74019,71.46232
Rahmanabad,34.47327,71.97853
Rahmani Khel,32.38159,71.12312
Rahmat Ali,32.84583,70.69833
Rahmat Khan,32.11124,70.16933
Rahmat Shah,32.8978,70.59786
Rahmatabad,31.96248,70.86485
Raht,35.59667,71.92972
Rai,35.20077,73.12883
Rai,34.74616,71.27778
Rai Binal,35.44118,72.64416
Rai Khan Kot,32.95694,70.31124
Rai Ponian,34.66409,73.50662
Rai Qila,33.99343,71.30231
Raibat Kalla,32.89022,70.88115
Raidauno,34.82818,71.57222
Raihun,36.10657,71.64888
Railway Colony,34.00003,71.55118
Railway Colony,34.01873,71.58996
Rain Baihk,34.50243,73.11614
Raindale,34.93538,71.58777
Raing Sharif,33.09669,73.73097
Raipur,33.31431,73.68653
Raisan,33.57322,71.19126
Raisl Baihk,35.54223,73.18951
Raitar Kalle,34.26282,71.84641
Raitri,32.40389,71.27835
Raj Dani,33.92639,73.0677
Raja Baba,34.11629,72.61663
Raja Banda,34.8959,71.43022
Raja Banda,34.61027,72.62532
Raja Kalle,34.15005,71.88634
Raja Kot,33.7472,70.47589
Raja Sar,35.05678,73.32415
Rajab China,34.67837,71.41636
Rajabad,33.8316,72.14362
Rajanpur,32.1852,71.11578
Rajdhan,33.77384,72.97828
Rajdhari,34.68555,73.10232
Rajdi Khela,34.38214,72.57426
Raji Khel,32.94047,70.12017
Raji Khel,32.83097,70.47072
Rajidan,35.19993,72.53053
Rajinda,33.91455,70.31864
Rajjar,34.16939,71.75418
Rajkand,34.54671,72.70643
Rajkaram,34.17227,73.09547
Rajmoure,34.7052,73.06618
Rajoa,33.41098,73.69896
Rajorian,34.54142,73.39215
Rajoya Shreef,34.07789,73.22633
Rajpatti,34.60946,73.35883
Rajpattian,34.54433,73.38563
Rajpur,33.93123,72.89707
Raju Mela,33.93225,70.18341
Rajwal,34.82116,73.51763
Rajwal Bala,34.83588,73.53103
Rajwali di Mahli,35.05861,73.95862
Rakarnan,34.16508,73.06504
Rakh Chatli,35.50532,72.91092
Rakh Narai,34.18639,71.97722
Rakh Sarkari,32.89199,70.75609
Rakh Zindani,31.8172,70.82508
Rakhan,34.94322,73.86307
Rakhban,34.70932,73.02948
Rakhi Khel,32.83932,70.23902
Rakhima,34.18053,71.86166
Rakhtanwala,34.44301,71.84801
Rakhtat,35.58872,71.86304
Rakhwan,33.08509,71.70825
Rakia,35.07043,72.40312
Raking,36.8203,73.29611
Rakshin,36.60273,72.92754
Ral Khel,32.873,70.44113
Ral Kili,32.95417,70.61028
Raluli Gali,34.17976,73.29894
Ram Baihk,35.45087,73.70121
Ram Dorra,34.03541,72.7693
Ram Kot,34.0224,73.46588
Ram Kot,34.00201,73.35336
Ram Kushan,34.06718,71.57918
Ram Sehra,34.55264,73.16591
Ram Sher Khel,33.81477,70.62086
Rama,34.89303,72.36332
Ramak,31.35189,70.68755
Ramaki Kalle,33.77523,70.21654
Ramalai,34.37389,71.24589
Rambaki,34.95716,72.56626
Rambat,34.66105,71.44037
Rambek Nawasi,33.77615,70.62737
Rambi Khel,33.8994,71.07462
Rambial,35.0457,72.09844
Rambil,35.61863,72.92315
Ramdan,33.63997,70.80074
Ramdas,33.99742,71.56041
Ramdindanna,34.51696,73.1446
Rami Khel,34.35799,71.40606
Ramial,33.8417,73.17903
Ramjal,34.67204,72.00702
Ramjan,34.54637,72.85482
Ramli Malhar,34.41416,72.93171
Ramnargo Baihk,35.4588,73.72626
Ramo,34.5874,71.54885
Ramora,34.66959,72.06696
Rampatai,34.99887,72.29846
Rampur,32.18389,70.31
Ramrai,34.308,72.81695
Ramran,35.27574,71.62203
Ramun,34.56102,72.78786
Ramus,34.57874,72.8944
Ramzali,34.47091,72.92136
Ramze,34.58875,72.66305
Ran Ghaz,36.35631,72.33358
Rana,32.79287,69.56484
Rana Dheri,34.01925,72.48568
Ranazai,31.9316,70.46712
Randi,34.95997,73.71062
Randi,34.8556,73.61577
Randu Banda,35.15425,71.93482
Randur,35.9869,71.8051
Rang Mina,34.42196,71.57569
Rang Mina,34.41766,71.58607
Rangeenabad,34.76089,72.9885
Rangela,34.7573,72.18301
Rangen Khel,33.00571,71.0108
Rangin Khel,33.72516,70.88703
Rangmala Banda,34.57954,71.92088
Rango,34.6737,71.36964
Rangpur Janubi,31.63223,70.70494
Rangpur Shamali,32.0644,71.0334
Rangshai,35.71447,72.41542
Rangul,34.95433,71.60454
Ranguri Banda,35.22691,72.84347
Ranguta Bagal,33.88758,70.3069
Rani,34.85887,71.92178
Ranial,34.89614,72.7974
Ranian,34.4511,73.03263
Ranikot,34.91817,72.88698
Raniwah,33.83975,72.88416
Ranja,34.56737,73.06388
Ranja,34.6296,73.12758
Ranjai,35.08056,72.50972
Ranjha,33.79326,73.01225
Ranjigram,34.73399,72.2768
Ranjnian,34.27029,73.28836
Rankot,34.2921,73.41517
Ranolia,35.04925,72.89057
Ranolia Bar Kalle,35.0529,72.8634
Ranolia Kuz Kalle,35.04241,72.87109
Ranra Manzai,34.97557,71.86778
Ranra Sar Banda,35.08612,72.54335
Ranran Banda,34.80019,72.62115
Ransachcha,34.66198,73.46831
Ranshu Khel,33.76593,70.89604
Ranwal,32.18791,70.43978
Ranyal,34.89569,72.79742
Ranzara,34.81123,72.83538
Ranzara Banda,35.1035,71.88997
Rao,34.81905,73.04923
Raolek,35.78807,71.65425
Raqib Bela,34.36909,73.13184
Rar,34.26023,72.81177
Rara,33.92535,72.96659
Raran,33.44608,73.63522
Rarl,34.32201,72.95807
Rarri,34.38669,73.07034
Ras,33.8974,72.64568
Ras Khel,33.67849,70.83083
Rasaldar Kalle,34.11661,71.85588
Rash Sikandra,34.42477,73.11993
Rasha Dherai,34.82122,71.58178
Rasha Dherai,34.88192,71.69253
Rashai,34.52157,73.09377
Rashakai,34.18099,72.01815
Rashakai,34.11788,72.02291
Rashakai,34.18629,71.52733
Rashakai,34.18596,72.31652
Rashakai,34.70682,71.41072
Rashaki,34.11131,72.21286
Rashaki Kalle,34.23214,72.12067
Rashang,34.81976,73.1196
Rashian,34.20971,73.27729
Rashid Garhi,33.98956,71.57315
Rashid Kala,32.71298,69.62173
Rashida,34.51254,73.01414
Rashidabad,34.0283,71.57154
Rashidabad,34.01017,71.67443
Rashidabad,34.71854,71.63578
Rashidabad,34.03624,71.58049
Rashiddin,32.95455,71.14575
Rashide,32.98035,69.62911
Rashman Khel,32.81307,70.48762
Raskhane,34.81142,71.91394
Rassi Dhok,33.42996,71.82916
Rassi Shar,33.41956,71.86397
Rasul Banda,34.67337,72.68922
Rasul Banda,34.85567,71.73554
Rasul Khan,32.94483,70.74391
Rasulai Dheri,34.23689,72.25978
Rasulibanr,34.92101,72.30417
Ratachhani,34.83125,73.523
Ratanzai,32.59091,70.51631
Rateran,34.33892,73.04662
Rathi,34.5835,73.2336
Rathian,33.17679,73.70822
Ratian,33.93101,73.07223
Ratian,34.27366,73.1904
Ratra Ar,34.0059,71.68073
Ratra Par,34.00107,71.68273
Ratta,33.36217,73.65962
Ratta,34.19717,73.02948
Ratta Banna,33.96878,73.08681
Ratta Depot,34.3896,73.08787
Ratta Kulachi,31.86777,70.89613
Rattap̄r Deri,34.03194,72.30278
Ratti Gali,34.56436,73.15267
Ratti Gali,33.91256,73.27497
Ratul,34.53217,73.31387
Raughnak,36.08286,71.67874
Raumli,34.33157,73.02004
Rawa,35.30139,71.68769
Rawaikot,34.17242,73.27626
Rawal Kor,34.18894,71.41969
Rawal Kot,34.7885,73.51313
Rawanai Kanai,34.79285,73.01682
Rawark Ghari,36.73213,72.93977
Ray Mohal,34.34618,71.8172
Rayin,36.39233,72.37763
Raz Gul,32.9275,70.70833
Raza Khan,32.61819,70.50144
Raza Muhammad Koruna,34.22123,71.86554
Razagai,35.01876,71.96573
Razagram,34.89032,72.02688
Razakki,35.56146,73.1525
Razani,32.7916,69.88813
Razaq Koruna,34.20345,71.40185
Razar,34.26628,72.39819
Razdan,36.4753,72.4165
Razin,32.64058,69.72185
Raziqa,35.30566,73.11929
Razmak,32.68931,69.8343
Razwala,34.09841,73.33268
Razzaq,34.34924,73.02999
Razzaqabad,34.2204,72.30292
Rean,34.8516,73.19345
Rebrian,34.67129,73.44082
Rechh,36.59161,72.88262
Redawan,34.73175,71.38523
Redi Koruna,34.26833,71.81
Redun,34.31024,71.80478
Reg Mena,34.24168,71.46513
Rega,34.47101,72.47356
Regai,34.77869,71.40414
Regda,34.9295,71.80736
Regee,33.437,70.65778
Regha,32.51727,69.79622
Reghan,34.48596,72.96434
Regi,34.05027,71.46118
Regi Badizai,34.03722,71.44526
Regu,33.82696,70.41628
Rehan Kot,34.78774,71.81456
Rehana,33.94524,73.02547
Rehanabad,34.48532,72.17302
Rehankot,35.20249,71.86895
Rehmanabad,33.9436,71.55788
Rehmanabad,34.48967,71.86945
Rehmanabad,33.16837,71.62982
Rehmanabad,34.76962,72.34984
Rehmanabad,33.31104,71.10021
Rehmanullah Bela,35.20133,73.53326
Rehmat Kotkai,33.0062,70.6282
Rehmatabad,33.09345,71.0017
Rehmin Kas,35.42657,72.18793
Rejgana,33.92484,70.54093
Rema,34.99,72.29147
Remal,35.33775,72.07339
Remanabad,34.65464,72.51944
Reori,34.89367,73.89278
Reori,34.88446,73.77796
Reori,34.75547,73.42451
Reorian,34.59079,73.56461
Reorian,34.7936,73.53625
Reri,36.14033,72.04558
Reshaka,33.68333,70.50482
Reshakai,33.91132,70.86575
Reshakai,34.84368,71.62741
Reshun,36.15705,72.10396
Resi Dhok,33.4231,71.83916
Resun,34.62348,73.35265
Retar,34.39599,72.95656
Retara,34.5604,71.0695
Retra,34.56728,73.09443
Retra,34.63226,73.12092
Retri Gali,34.0422,73.34593
Retri Khhan Kalan,34.09707,73.4276
Reurian,34.60362,73.52808
Revery,34.73603,73.66984
Rezu Prash,36.36084,72.33621
Rial,34.48956,72.65872
Riala,33.98654,73.19277
Riala,33.856,73.19839
Riala,34.27293,73.31493
Riala,34.30713,73.0169
Riala,34.01411,73.46185
Riala,34.12253,73.44433
Riala,34.21421,73.38517
Riali,34.05537,73.47356
Riali,34.5752,73.39133
Rian,34.78726,73.52593
Riat,35.56168,73.19965
Riat,35.64266,73.14078
Riazabad,32.26904,71.16666
Riazabad,34.36175,73.08099
Ribat,34.83814,73.04516
Ribat,36.87467,73.65188
Richao,35.48302,72.8717
Richarai,34.88087,73.03962
Richband,35.07586,72.70133
Richbanr,34.57363,72.73821
Richbanr,34.80109,73.07962
Richh Bela,34.80419,73.64971
Richh Bela,34.78906,73.68511
Richh Nakka,34.97135,73.70082
Richhao Banda,35.20475,72.7646
Richhbhain,34.20338,73.14275
Richi Kashkai,32.80912,70.2215
Richmohri,34.73456,73.33837
Ridad Khel,34.37906,71.29884
Ridi Khan Banda,34.37774,71.91711
Right Bank Colony,34.06995,72.65946
Rihar,34.26395,73.18691
Rikhra,35.66101,72.90968
Ril,34.50177,72.86545
Rin,34.59275,73.33033
Rindarra,34.84401,73.184
Ringali,36.09998,72.46737
Ringali,36.03358,72.47139
Ringe Kalle,32.65261,70.33334
Riran Banda,34.30756,72.03939
Rirh,34.38855,73.28179
Rirh Galla,34.38161,73.27881
Risalpur Cantonment,34.06048,71.99276
Rishigal,35.29168,71.60533
Rishkai,34.12599,72.29082
Rishtandi Kate,34.18319,72.42661
Rizhan,36.0672,72.41428
Roayet Khan Kili,33.17675,71.63983
Robani,34.56465,73.07104
Robia,34.67426,71.72762
Rochhan,34.6691,73.46813
Roda,31.66913,70.824
Rodi Khel,32.24029,70.43434
Rodi Khel,32.07247,70.83067
Roe Baikh,35.18609,73.44097
Rogah,35.21562,73.42691
Rogh Dal,35.98145,72.1357
Rogh Jenoli,35.9934,72.12107
Rogha,32.83398,69.86122
Roghaili Ghari,35.8525,72.00724
Roghzai,32.44,69.46833
Roh,34.25914,72.88188
Roh,34.4134,73.35773
Rohala,32.13288,71.08559
Rohtas Pahari,33.84105,73.10043
Roi Khot,36.44063,72.327
Rokhan Bala,35.24526,71.90515
Rokhan Payan,35.22452,71.90201
Role Academy Town,33.99412,71.48323
Rom Kili,36.23155,72.19148
Roman Dar,36.22375,72.19226
Romen,35.98599,72.0973
Romo Lasht,36.39653,72.43651
Rondesh,35.18755,71.97418
Rongah,34.82605,73.16634
Rophuph,36.2685,72.27424
Rorah,31.67578,70.70762
Rorah Khurd,31.67155,70.67965
Rorai,34.71342,71.49444
Rori,32.06352,70.36928
Rori Gali,34.64451,73.31181
Roria,34.87524,72.47725
Roria Jadid,34.17318,72.03352
Roria Qadim,34.16661,72.04004
Rorian,34.3173,73.01457
Roringar,35.07222,72.32308
Rorri,34.33714,73.02509
Rosa,33.88302,71.29531
Roshai Dab,35.55548,72.21034
Roshakho Ghari,35.97932,71.61059
Roshanabad,34.02011,71.52673
Roshenpura,34.21126,72.34986
Rosht,35.3263,71.57557
Roshun Banda,35.67109,72.1998
Rowanan di Basti,31.49246,70.86458
Roziabad,33.96415,72.29614
Rua,36.68471,72.60315
Rucha,32.86809,70.38116
Rud,34.5649,71.57919
Rug,34.46153,72.95011
Rughano Banda,34.29341,72.11207
Rughzai,32.52218,70.36435
Ruh,35.42873,72.26635
Ruha,35.23219,73.0977
Rui,35.98967,71.50488
Ruigal Ghari,35.82823,72.08937
Rujaitru,36.2131,71.702
Ruji,36.01809,71.71531
Rukarok Gol,35.91438,71.41422
Rukat,36.77675,73.00569
Rukh Anil,36.86108,73.62777
Rukhan Khel,33.74127,71.62312
Rukhana,35.02577,71.59037
Rukhani,34.14675,72.25713
Ruknau,31.76317,70.74435
Rumain,36.82044,73.13589
Rumalai Kor,34.37429,71.25167
Rumbur,35.77493,71.69344
Rundah,35.23067,73.09121
Rundo Banda,35.17321,71.95717
Runi,36.01901,71.73945
Runial,34.95607,72.36077
Rupkani,34.83792,73.10549
Ruppar,33.86393,73.19957
Ruranden,36.26756,72.33447
Rusami,35.23989,73.14013
Rushmin Kota,32.97454,69.62726
Rusi,35.21916,73.43382
Rustam,34.34639,72.27891
Rustam Banda,34.51388,71.85768
Rustam Banda,33.28948,71.12127
Rustam Banda,34.88629,71.72861
Rustamabad,33.51586,71.60315
Rwe Ware,32.63796,69.69319
Rānāsar,35.09861,72.54583
Rāzam Dherai,34.42556,71.66139
Saadullah Khan Kili,34.44471,71.83601
Sabagai,34.69306,71.3758
Sabai,34.53148,72.84435
Saban Khapa,34.72702,72.14267
Sabandi,34.32941,71.81516
Sabandi,34.43697,71.28494
Sabar,34.38261,72.59196
Sabar,35.0769,71.5796
Sabar Gul Kalle,34.28006,71.79431
Sabar Shah,34.82032,72.51843
Sabat Khan,34.31221,71.94271
Sabedar Kalle,33.81696,70.02255
Sabhati Kach,32.30581,70.27415
Sabil Kalle,34.60205,71.92506
Sabir Shah,34.4343,73.17199
Sabirabad,33.15916,71.32595
Sabirabad,34.17453,72.24812
Sabra,33.74619,72.94421
Sabro,35.36889,72.16587
Sabu Kirri,32.48583,70.41333
Sabun,34.66784,72.7434
Sabunai,34.79943,72.59594
Sabunai,34.72833,72.3966
Sabune,34.86069,72.72792
Sabzal Kalle,34.43456,71.90323
Sabzi Mandi,34.01619,71.5752
Sabzi Mandi,34.00904,71.57509
Sacha,34.88074,71.95261
Sachan Kalan,34.61832,73.23397
Sacheri,34.63128,73.24295
Sachian,34.65444,73.40776
Sachian Bala,34.65719,73.41713
Sachpur,34.27676,72.90181
Sad Bain,34.22993,72.94232
Sada,34.87871,72.26856
Sadab,34.29665,72.9822
Sadabahar,34.29648,72.18222
Sadai Kili,32.76385,69.87053
Sadakal,35.03849,71.97609
Sadam,36.15612,71.65188
Sadaqi,33.26235,70.49573
Sadar Garhi,34.30853,71.58009
Sadar Herao,35.51236,72.83287
Sadara,33.83568,70.15148
Sadarai,33.6396,70.76856
Sadarwan,32.9693,70.71904
Sadat Baba Kalle,34.37823,72.01079
Sadat Khan Qila,34.04444,71.53946
Sadat Khel,33.61085,71.60682
Sadat Madad Shah,33.01808,70.5992
Sadat Rehmat Shah,32.89034,70.68593
Sadatabad,34.20742,71.79061
Sadatabad,33.82921,70.03019
Sadatabad,34.22208,71.81037
Sadbar Kalle,34.92079,71.67975
Sadda,33.70591,70.32881
Sadda Khan,32.70278,70.01555
Sadda Khel,32.93429,70.77766
Saddar Kalle,34.27338,72.05454
Saddiq,33.0425,71.39095
Saddique Koruna,34.58458,71.50801
Saddiqueabad,33.94212,71.58407
Saddo Khan,34.59717,72.14969
Sade Khel,32.48583,69.62833
Sadgai,34.13182,71.18161
Sadhin,34.54938,72.89533
Sadi,34.95052,72.00357
Sadin,33.49254,70.35993
Sadiq Banda,35.2448,71.87835
Sadiqa Banda,35.13608,72.08324
Sadiqabad,33.96439,72.93452
Sadiqabad,34.72527,71.47339
Sadiqabad,33.40242,71.26359
Sadiqabad,34.30897,72.04905
Sadiqabad,34.29733,73.20739
Sadiqabad,33.40552,73.65418
Sadiqabad,34.26832,71.87215
Sadiqabad,34.30822,72.20897
Sadiqabad,34.0445,71.60222
Sadiqabad,34.42534,72.04144
Sado,34.7882,71.81191
Sado Garhi,34.14271,71.47085
Sado Nawagai,33.90305,70.35185
Sadodin Kalle,34.26547,71.94591
Sadokai,34.9828,71.54701
Sadokai,34.85727,71.56131
Sadokai,35.02013,71.9922
Sadokai Banda,34.91053,71.57804
Sadr Banda,33.27951,70.8028
Sadr Basti,35.03906,74.03013
Sadr Bazar,34.05619,72.00894
Sadra,34.12372,73.27848
Sadra Sharif,32.08452,70.71218
Sadri Garhi,33.96033,71.6475
Sadu Khan,34.70989,72.84052
Sadu Khel,33.84542,71.99373
Sadu Khel,34.08026,71.16955
Sadu Pul,34.39098,71.67626
Sadullah Jan Koruna,34.29717,71.79611
Sadullah Khan,32.85361,70.57333
Sadullah Khan Kalle,34.07026,71.85797
Saeedabad,34.80628,72.66791
Saeedabad,34.89866,72.0314
Saeedabad,33.96241,72.93136
Saeo Khan,34.76377,72.86401
Safai,35.03711,71.83127
Safaid Dheri,33.98096,71.48772
Safaid Dheri,33.98164,71.48829
Safaid Sang,34.10087,71.42592
Safaida,34.32971,73.24056
Safashi Banda,34.59895,72.24642
Safdar Kalle,33.90009,70.02512
Safdar Karuna,34.22252,71.77042
Safdar Khan Kalle,34.15069,71.82943
Safdar Town,32.60168,70.93089
Safdarabad,32.1371,70.51039
Safdarabad,34.08169,71.4071
Safdarabad,34.07318,72.60211
Safiabad,34.15841,72.01241
Safiabad,34.35921,71.91881
Safiah,34.91667,72.98002
Safid Mahal,34.66335,72.34481
Safu Bara Band,34.33265,71.80541
Safukhel Dheri,34.10278,72.35833
Sagai,34.6176,71.31315
Sagai,32.74604,70.47998
Sagar,32.37271,70.10718
Sagar,35.01675,72.40218
Sagargram,34.90689,71.46813
Saggu,31.81485,70.58364
Saggu Shamali,32.02764,71.04008
Saghar,32.0162,71.01655
Saghlat Dheri,34.14365,72.44934
Saghri Chashmai,33.15883,71.61401
Sahab Tomb,32.325,71.19583
Sahalia,33.98639,73.33187
Sahan Gali,34.05141,73.35726
Sahbaga,34.37082,72.50725
Sahdat Khān Kili,34.15,72.375
Sahgur,34.27331,72.94112
Sahi,35.10211,73.03986
Sahib Chak,33.11757,73.66654
Sahib China Kile,34.26032,71.40315
Sahib Gul Koruna,34.31903,71.80858
Sahib Jan,32.86754,70.45791
Sahib Khan,32.91389,70.63556
Sahib Khel,33.73699,70.7559
Sahib Khel,33.93107,72.05164
Sahibabad,34.31633,72.1561
Sahibabad,35.0493,72.00351
Sahibdad Khan,32.77795,70.77498
Sahibi,34.06041,71.68866
Sahibzada Kalle,34.15843,71.86189
Sahibzada Karmitti,34.47854,73.06673
Sahkhthar,33.89089,73.30705
Sahn,35.70393,71.76593
Sahrab China,34.48483,72.5132
Sai Kili,33.77269,70.63009
Saib Nur Wanda,32.48378,71.0442
Saib Rajgan,33.18952,73.70053
Saiban,34.08575,71.58004
Said Ali,32.72762,70.73401
Said Ali Ghundai,32.31444,69.46583
Said Ali Mela,34.02494,71.26352
Said Amin Kalle,34.29692,72.02635
Said Azam,32.09218,70.21095
Said Azim Koruna,34.17278,71.9725
Said Baz Colony,34.24616,71.96982
Said Dera,35.09352,72.19219
Said Imran,34.37104,71.80302
Said Kalamdin,34.30236,71.85908
Said Kalle,34.27531,71.73937
Said Khan,32.8117,70.7348
Said Khan,32.86272,70.64861
Said Khan,32.85319,70.64226
Said Khan Dheri,34.17473,72.26867
Said Khan Kili,31.96018,69.48108
Said Khan Kotte,34.30924,72.35842
Said Khan Nmasai,33.61997,70.94421
Said Mahmud Koruna,34.27945,71.78704
Said Muhammad,32.42028,69.47028
Said Nurabad,34.15616,71.82741
Said Tughal Khel,32.91701,70.64299
Saida,35.0192,72.49597
Saida,34.79558,72.79785
Saida Bibi,34.2172,72.02182
Saida Kor,34.45221,71.36866
Saida Shah,34.72477,71.3129
Saidabad,34.25804,72.18848
Saidabad,34.11865,72.0394
Saidabad,34.1367,72.62055
Saidabad,34.77918,72.37409
Saidabad,34.61623,72.02761
Saidabad,34.29877,71.77474
Saidabad,34.64636,73.22605
Saidabad,34.02142,71.5673
Saidabad,34.0218,71.58718
Saidabad,34.33794,72.2922
Saidabad,32.25012,70.86038
Saidabad,34.22059,71.5706
Saidabad,34.13821,71.60707
Saidabad,34.30414,71.99761
Saidabad,34.49148,71.89964
Saidagul Banda,33.33128,71.17758
Saidal Kalle,32.25939,70.35605
Saidan,34.43527,72.93862
Saidan Banda,34.32355,71.58783
Saidan Dheri,34.30835,72.18944
Saidano Kalle,34.22948,71.77287
Saidano Mela,33.66539,71.02987
Saide Khel,32.40458,71.25
Saidgai,35.20374,72.27733
Saidgai,35.29156,72.32383
Saidgai,35.06444,72.50093
Saidgai Killi,33.08079,69.96009
Saidgai Mandi,33.08173,69.97238
Saidgai Sar,33.87943,70.33571
Saidgi,32.93277,70.39939
Saidodher,34.21091,72.39166
Saidon,32.98889,70.02194
Saidpur,33.76678,72.84051
Saidpur,34.14076,72.92329
Saidra,35.07932,72.32662
Saidrai,34.59535,72.95688
Saidu Pawa,31.75875,70.05471
Saidu Sharif,34.74655,72.35568
Saidullah Baihk,35.05945,73.90479
Saidullah Jah Kili,34.10718,71.16502
Saidullah Talao,33.91638,71.5873
Saiduwali,31.92115,70.99018
Saif Ali,33.0676,71.22757
Saifal Darra,33.57338,71.00992
Saifli,33.20786,70.43144
Saifullah Khan,34.33026,71.6675
Saifullah Khan Qala,34.36514,71.66267
Saikot Banda,33.06358,70.97905
Sailkas,35.09419,71.88023
Saimal Baihk,35.39628,73.45365
Saindri,33.9237,73.23415
Saingal,35.27963,71.61417
Sainzo Shah,34.4021,71.77226
Saipal,32.87361,70.75
Sair,33.93204,73.34499
Sair,34.89089,72.04122
Sairai,34.36074,71.73585
Saire Baize,33.02527,69.60552
Sairi,33.88251,73.12504
Sais Mandai,34.04372,71.98732
Saithano Kalle,34.31502,72.00217
Saiyadabad,34.29339,73.20769
Saiyadan Bandi,34.31193,73.21172
Saiyedalian,32.15166,71.08705
Saiyeduwali,32.19231,71.03507
Saiyedwali,33.66144,71.92553
Saiyid Ahmad,34.25827,71.87355
Saiyid Akbar Kalle,33.8314,70.05459
Saiyid Ali Banda,32.9876,71.05121
Saiyid Ali Mela,33.88409,70.25497
Saiyid Azam,32.95689,70.59376
Saiyid Hanif,34.31745,71.85
Saiyid Karam,33.87367,70.36488
Saiyid Khan Sharif Khel,32.81577,70.81223
Saiyid Khel,32.60419,70.92275
Saiyid Khel Kalle,33.03333,70.71703
Saiyid Kili,33.15616,71.37045
Saiyid Nagar,31.81976,70.87424
Saiyid Nur Baihk,35.13408,74.0615
Saiyid Parinda Baba Ziarat,34.75337,72.21145
Saiyid Raza Kili,33.81743,70.11813
Saiyid Shah Garhi,34.15652,72.59642
Saiyidabad,32.81114,70.78037
Saiyidabad,33.81048,72.05996
Saiyidan,34.06425,73.18499
Saiyidan,33.21751,70.49072
Saiyidan,32.89849,70.59541
Saiyidano Kalle,33.60405,70.31807
Saiyidano Nawa Kalai,34.96703,72.46701
Saiyidwali,32.37262,71.20568
Sajan Kalle,34.41022,71.96516
Sajawal,34.0662,73.22752
Sajikot,34.26252,73.21904
Sajikot,34.00387,73.27235
Saka Kas,34.05087,73.38292
Sakadi Baba,35.29657,72.60868
Sakah,35.14885,72.90066
Sakai,34.82609,73.15171
Sakai Banda,35.07018,71.94354
Sakalan,33.64805,70.60027
Sakamutak Ghari,35.94475,71.45209
Sakandri,34.20328,72.05752
Sakar Kalle,34.282,71.63164
Sakargah,34.90922,72.96973
Sakh Kor,33.91719,71.03647
Sakha Dand,34.25639,71.44429
Sakha Kot,34.4614,71.90236
Sakha Uni,34.84278,72.11908
Sakhako Dheri,34.4523,72.29499
Sakhar Kona,31.48894,70.05173
Sakhawunai,34.99191,71.83328
Sakhi Ahmad Shah Kalle,33.6437,70.31561
Sakhi Mardan,32.09677,70.92663
Sakhi Pul,34.06624,71.39676
Sakhnai Banda,34.78979,72.7895
Sakhra,35.07712,72.41296
Sakhu,32.87406,70.73314
Sakir Mut,36.69974,72.92387
Sal Bandi,34.56872,73.27055
Salabat,34.41967,72.96102
Salae Saidan,34.30209,72.94997
Salag,33.87086,73.23676
Salah,34.00003,72.37309
Salaha,34.44411,72.90855
Salaiah,34.30154,72.96895
Salair,32.4634,69.56455
Salam Beki,35.33738,71.92966
Salam Kot,32.94649,70.25498
Salam Kot,32.93881,70.26138
Salamkot,35.17241,71.83129
Salandur,36.60849,72.5437
Salar Kalle,34.21507,72.07627
Salar Kalle,34.21969,71.81963
Salar Khel,32.56595,70.98051
Salar Khel,32.27267,69.44752
Salar Kili,34.1181,71.41201
Salarai Sappar,35.1677,72.29581
Salargan,33.80389,72.85732
Salarzo Maira,34.55241,72.37781
Salatar,34.17285,73.32954
Salbat,34.15147,72.86856
Sale Rogha Sarai,32.50746,69.77269
Sale Saidan,34.30117,72.96593
Sale Shah,34.32609,72.16612
Saleh Khan,32.9013,70.57675
Saleh Khan,32.96143,70.61161
Saleh Khan Pipalai,32.71983,69.69083
Saleh Khana,33.84358,71.87008
Saleh Kor,34.19938,71.44936
Salewahi,31.56957,70.05316
Salhad Tarli,34.1264,73.20625
Salhad Utli,34.13114,73.19999
Salich,35.46375,73.18557
Saligram,34.83596,71.96445
Salikhan Kalle,33.49909,70.35451
Salim Colony,34.00789,71.58644
Salim Kala,32.70338,69.6845
Salim Kalle,32.97408,70.72513
Salim Kalle,33.82161,70.03995
Salim Khan,34.38036,72.31732
Salim Khan,34.19509,71.94133
Salim Khan,34.16576,72.4612
Salim Khan Banda,34.7155,72.40169
Salim Khane Khula,33.89601,70.65126
Salim Shah,34.7979,72.08268
Salim Talao,33.91159,71.70481
Salima Sikandar Khel,32.96932,70.66489
Salimabad,33.4545,71.30401
Salimabad,34.39893,72.30286
Salimabad,34.44422,71.93293
Salimabad,33.99216,71.56679
Salimabad Colony,31.7903,70.89563
Salimi Khel,32.8239,70.2467
Salirai,32.7856,69.74362
Saljot,34.14606,73.11956
Saljot Tarla,34.14976,73.12199
Salma Khand,34.008,72.7233
Salo Kalle,34.42152,71.96259
Salo Kor,34.43868,71.37268
Salu Beg,35.04019,72.06598
Salule,35.29741,72.01374
Salwala,33.99888,73.15632
Salān Dheri,34.03472,72.30833
Sam,33.77463,70.95469
Sam Badhber,33.79554,71.71061
Sam Banda,33.27909,70.98032
Sam Deolai,34.86361,72.24972
Sam Maira,33.89034,71.61317
Sam Patai,33.90025,70.33966
Sam Patai,33.8801,70.3209
Sam Shin,35.02529,72.47104
Sama Barrarai Kot,32.71918,69.82685
Sama Bazar,33.69394,70.67169
Sama Gol,36.28408,72.19383
Samad Khan Kalle,34.07085,71.85114
Samai,34.52654,73.26728
Samain Darra,33.71159,71.33897
Samal Khel,33.90184,71.0695
Samal Maira,34.59851,73.05522
Samalola,32.99477,71.19867
Saman Banda,35.66924,72.16211
Samana,33.83128,70.37777
Samanat,34.21971,71.53508
Samand,32.91704,70.7633
Samand Adam Zai,32.76923,70.80725
Samand Gahri,33.85791,71.43766
Samand Kalle,33.00696,70.90429
Samand Khan,32.99706,70.56905
Samandar Kili,33.69031,70.58186
Samandar Titter Khel,32.42125,70.80815
Samandari Kalle,33.05524,70.84025
Samander Kalle,34.35961,71.72811
Samandi,32.62116,70.52049
Samandi,32.75386,71.07489
Samang,35.26655,71.99827
Samang,34.64128,73.21844
Samango,35.24529,71.93823
Samani Banda,35.73512,72.94758
Samano,35.21536,73.31934
Samar Bagh,34.05009,71.60505
Samarbagh (Barwa),34.96242,71.64808
Samard Banda,33.03896,71.01834
Samarqand,34.33993,71.94904
Samarqand Kalle,34.22884,72.07153
Samarzai Khel Kalle,32.46538,70.44257
Samast,34.44684,72.73105
Sambal,34.04802,72.80167
Sambalbut,34.52137,72.96478
Sambat,34.93553,72.42776
Sambi Khel,33.74835,71.6423
Sambli Dheri,34.28422,73.37027
Sambli Dheri,34.28498,73.39259
Sambol,34.13543,72.75795
Sambora,34.71684,73.11764
Sambul,33.8526,73.10319
Samchelai,34.83611,72.63889
Samdad,34.7344,71.65771
Samdlasa Banda,35.03835,71.8566
Sameo,35.22097,73.03779
Samesar,34.26165,73.26609
Samesran,34.37706,73.25902
Samghakhai,34.39691,71.15752
Sami,35.08728,72.32616
Sami Khel,34.34856,71.35134
Sami Khel,34.35022,71.34098
Samian,34.33734,73.29428
Samiar,32.94874,69.78747
Samir,33.76141,70.26034
Samir,34.97488,72.51407
Samiullah Khan,32.83772,70.63415
Samkot,35.17168,72.15618
Samliala,34.0607,73.14798
Samlotha,33.30862,73.67503
Sammal,34.58141,73.09883
Sammar Bagh,34.01926,71.38591
Sammarthala,33.3028,73.64457
Samo Kili,33.75627,70.55798
Samor,33.402,73.69247
Sampai,34.81035,72.14446
Samsai,34.28045,71.1335
Samsai,34.25212,71.26518
Samsel Banda,34.82434,72.27162
Samsu Kas,35.1668,71.89244
Samter,34.75527,72.48187
Samundar Khan,32.84063,70.7392
Samundar Khan,33.20886,70.56866
Samundari Kili,33.64679,71.47641
Samundari Mela,33.59387,71.70132
Samwala,33.99063,73.18402
San Banda,35.63016,72.07547
San Maidan,35.62593,72.0559
Sanagai,35.12496,72.90943
Sanagan,34.66553,73.45548
Sanailai,34.21327,72.73087
Sanam,32.99921,70.53255
Sanam Banda,34.74607,72.68096
Sanbai,34.23817,72.87698
Sand Pur,34.51933,72.47859
Sand Satil,35.16874,73.02822
Sanda Ganda,34.23102,72.95349
Sanda Khurram,33.27952,71.31948
Sanda Kot,33.7473,70.2812
Sanda Maire,34.68447,73.03928
Sanda Manzai,33.26098,71.315
Sanda Sar,34.37435,73.26448
Sanda Sar,34.17178,71.65221
Sandagai,33.81838,70.73351
Sandai,34.7639,72.67286
Sandaimar,35.08857,72.51383
Sandal,34.69283,71.69115
Sandal,33.39304,73.65573
Sandal Banda,34.50157,71.57769
Sandali Kalli,33.88994,71.41239
Sandapal,33.82743,70.8403
Sandapal Kandao,33.82348,70.86671
Sandapatai,34.64064,72.63532
Sandari,35.05272,72.95106
Sandh,33.95357,73.34669
Sandheki,33.97299,73.20491
Sandho Gali,34.16968,73.0916
Sandi,33.47643,73.64658
Sandiq,35.64966,71.72755
Sando,35.25412,73.0623
Sando Garhi,34.03029,71.56445
Sandoka,34.59931,72.16074
Sandragh,36.25565,72.1587
Sandu,33.65246,70.54595
Sandu Garhi,34.06216,71.52166
Sandu Kalla,32.94937,70.90067
Sandur Banda,35.28668,73.03481
Sandur Banda,34.23552,72.68017
Sandur Gah,35.7856,71.69951
Sanduwal,34.21581,72.67244
Sanek,35.9724,71.54071
Sanela,34.77171,72.66376
Sang Last,36.12381,71.56324
Sanga,34.30472,71.82403
Sanga,32.43769,69.59063
Sanga,33.92627,72.91456
Sanga Banda,34.36567,71.9652
Sanga Poin,34.53561,73.3445
Sangal,34.15856,73.48344
Sangan Deh,36.2655,72.34409
Sangar,34.06983,73.10015
Sangar,34.65897,71.15293
Sangar,35.23246,71.81356
Sangar,34.35024,71.36958
Sangar,34.55667,71.51861
Sangar,34.85164,71.92932
Sangar,34.69664,72.47125
Sangar,34.78819,71.73491
Sangar Baihk,35.20742,73.67608
Sangar Baihk,35.14649,73.83316
Sangar Kalle,33.5535,70.95276
Sangar Kili,34.07074,71.46586
Sangar Koruna,34.26499,71.63597
Sangar Shah,34.889,71.79138
Sangarai,34.81073,71.55154
Sangaram,35.1672,72.0198
Sangarh Banda,33.47389,70.78529
Sangatai,35.02928,71.80008
Sangau,34.46431,72.17369
Sangbast Kalle,33.92114,70.01297
Sangbhatti,34.25071,72.3359
Sangemarmar,34.22131,72.10406
Sanghar,34.58006,73.37771
Sangi,34.39655,72.91668
Sangi Maira,34.15775,73.36624
Sangina,33.72043,70.31258
Sangini Shakkar Khel,33.35337,71.11868
Sangipara Qala,34.92714,71.6165
Sangira,34.44317,72.41744
Sangiri Khula,32.82018,70.09483
Sangli,34.15604,73.3411
Sango,33.93213,71.46815
Sango,34.64631,73.05393
Sangobat,35.07136,72.50011
Sangol,33.14556,71.62243
Sangor,34.80884,72.68409
Sangota,34.79626,72.41621
Sangotia Banda,35.01688,72.80144
Sangra,34.02047,73.2276
Sangra,34.59988,71.46346
Sangra,33.75505,70.89316
Sangra,33.79921,73.117
Sangra,34.53933,72.5612
Sangra,34.24766,73.41295
Sangra,34.61906,73.42295
Sangra Banda,34.93232,72.79723
Sangra Gali,33.8067,73.14056
Sangrai,35.00963,72.54848
Sangrai,34.69904,72.61607
Sangrai,32.97131,69.55288
Sangrai,34.60346,72.6594
Sangran,34.36188,72.84167
Sangrani,33.76753,70.93436
Sangreri,33.83818,73.1186
Sangreri,34.06784,73.47195
Sangri,34.0825,73.05739
Sangri,35.23578,73.12312
Sangroba,33.51425,70.57062
Sangtoi Wazir,32.53849,69.56313
Sangu,34.73499,73.06475
Sangu Dherai,34.8531,71.54734
Sani Khel,32.93042,70.47821
Sani Khel,32.95401,69.90604
Sanja,33.86652,73.31401
Sanja,34.29436,73.44051
Sanjaliala,34.37864,73.08374
Sanjaliala,34.396,72.98493
Sanjgora,34.47899,73.39483
Sanjli,34.30607,72.94742
Sankar,35.07997,72.10246
Sanki,34.62205,71.62313
Sanno,34.12749,72.31202
Sanno Dheri,34.12499,72.32063
Sano,35.21374,73.32804
Sano Banda,35.07975,71.91087
Sanobar Kot,32.73084,69.98316
Sanobar Shah Garhi,33.00049,70.55029
Sanoghar,36.27534,72.40967
Sanot,33.48116,73.63495
Sanzal Khel,33.89847,71.0814
Sanzalai,33.0877,69.66642
Sanzale,32.96196,69.59425
Sanzar Khel,32.98194,70.8993
Saokal,34.55738,72.84915
Saokani,34.63954,71.80555
Saokar,34.66854,72.957
Saokas,35.02533,71.60614
Saokh,33.89251,70.85698
Sapari Dhok,33.50948,71.64492
Saparkai,33.12096,70.63396
Sapat,34.98939,73.76846
Saperd,32.82717,69.60511
Sapgai,34.92201,72.34984
Saplama,34.37851,71.7662
Sapo,33.76615,70.48257
Sapolai,33.17915,70.22494
Saporak Ghari,35.97197,71.43191
Sappan da Banda,34.13825,73.20149
Sappar,35.16023,72.59498
Sappar Banda,35.16067,72.28151
Sappar Tir Banda,35.51677,72.38023
Sappara Kalle,33.70515,70.81478
Sapparai,34.90151,71.40979
Sapparai,34.60869,71.51833
Sapparai,34.65704,71.52529
Sapparai,34.60414,71.56014
Sapparai,33.89582,70.68556
Sapparai,34.52213,71.63534
Sapparai,33.87579,70.51971
Sapparai,34.75301,71.76862
Sapparai,34.87581,71.79391
Sapparai,34.92869,71.95442
Sapparai,34.58894,71.65974
Sapparai,34.63229,71.58096
Sappare,34.96099,71.7506
Sappare,34.336,71.58037
Sappare,34.36011,71.56026
Sappare,34.37802,71.54401
Sappare,34.43713,71.52229
Sappare Mullayar,34.94633,71.70794
Sapparuna,35.15769,72.6956
Sappro Banda,34.62707,71.5417
Sappuro,34.62194,71.11591
Saprai,34.36808,72.61597
Saprakai,35.00812,71.70665
Sapruna,34.15082,72.37096
Sapu Darra,34.4958,71.57054
Sapu Kalle,34.24564,72.10124
Sar,34.77997,73.4777
Sar,34.10708,71.45695
Sar,34.15384,73.08528
Sar,35.14515,72.51969
Sar,33.81757,73.02851
Sar,34.62732,71.8123
Sar,34.62472,72.7378
Sar Baihk,34.93862,73.02462
Sar Baihk,34.89763,73.10649
Sar Banda,34.42998,72.57757
Sar Banda,35.55072,71.92089
Sar Banda,34.86075,71.76696
Sar Banda,34.61036,72.76533
Sar Banda,34.43354,72.27253
Sar Banda,34.66065,72.75856
Sar Banda,35.66596,72.39473
Sar Banda,34.78314,72.80541
Sar Banda,34.89926,71.777
Sar Banda,34.90877,71.90512
Sar Banda,35.09056,71.85444
Sar Banda,35.4341,72.31022
Sar Banda,35.22898,72.08884
Sar Banda,35.42753,71.9248
Sar Banda,34.86137,73.1821
Sar Banda,35.19452,72.46516
Sar Banda,34.90712,73.01451
Sar Banda,34.91271,71.74403
Sar Banda,34.96258,72.32076
Sar Banda,35.31662,72.55254
Sar Banda,34.95656,72.32647
Sar Banda,34.85889,72.78384
Sar Banda,35.27445,72.52883
Sar Banda,34.93171,72.78264
Sar Banda,35.29386,72.52194
Sar Banda,35.36303,71.89282
Sar Bayaim,34.71115,71.74444
Sar Bānda,35.06667,72.575
Sar Bānda,35.34861,72.56667
Sar China Banda,34.68273,72.40728
Sar Daro,35.22146,73.3563
Sar Ghari,35.46154,73.13323
Sar Ghazo,34.60808,71.145
Sar Ghundai,33.9738,71.14289
Sar Ghundai,33.62086,70.78801
Sar Kai Naghashai,33.22514,70.67131
Sar Kalle,33.61826,70.88643
Sar Kas,34.83691,73.4029
Sar Khane,33.22519,70.52586
Sar Khonai,32.66866,70.13681
Sar Kundai,34.87927,73.16593
Sar Mast Khel Kalle,32.42064,70.43045
Sar Mela,33.56233,70.97014
Sar Mela,33.58818,70.80282
Sar Mena,34.53535,71.50771
Sar Mena,34.60472,71.55155
Sar Mirgam,35.02774,71.81843
Sar Mogh,32.32556,69.955
Sar Musa Khel,34.57736,72.7617
Sar Panre,33.73294,70.51241
Sar Patai,34.88447,72.12628
Sar Patai,34.35175,72.60089
Sar Qala,34.63235,72.65093
Sar Toi,33.73933,72.00841
Sar Wai Khel,33.67567,71.62054
Sara,34.7453,73.28265
Sara Bala,34.35152,72.87482
Sara Bangla,32.8134,70.56699
Sara China,33.77355,71.04317
Sara China,35.0244,72.45374
Sara China,34.83716,72.96225
Sara Darra,33.80011,70.53056
Sara Dheri,34.19167,72.33889
Sara Dheri Kalle,33.0632,70.78538
Sara Garhi,33.96679,71.20381
Sara Garhi,33.92761,70.98593
Sara Garhi,33.72015,70.77072
Sara Kalle,33.78375,70.30267
Sara Khui,33.71319,70.74845
Sara Khuna,33.67247,71.0616
Sara Khuna,33.67022,71.05144
Sara Khuna,33.66643,70.85168
Sara Khwa,33.85217,70.41487
Sara Khwa,33.71806,70.75639
Sara Khwa,34.59023,71.17802
Sara Mela,33.7381,71.34722
Sara Mela,33.65978,71.45169
Sara Mela,33.38575,71.64978
Sara Mela,33.58451,70.85514
Sara Mela,33.68635,70.95869
Sara Mena,34.69785,71.54291
Sara Nakka,33.7186,70.8713
Sara Nawa,34.56036,71.65905
Sara Qamar,34.70934,71.55082
Sara Rag,33.85697,70.81511
Sara Shah,34.77404,72.51315
Sara Shah,34.48599,71.59055
Sara Shah,34.36372,71.63208
Sara Shah,34.70985,71.59165
Sara Shah,34.54533,71.47
Sara Shah,34.38907,71.42602
Sara Shahida,34.38061,71.63503
Sara Singar,33.99165,71.11175
Sara Tangai,34.43602,71.53606
Sara Tangai,32.71391,70.24161
Sara Tangai,32.64832,70.39172
Sara Tangi,34.42369,71.36377
Sara Tara,33.63876,70.72774
Sara Wargha,33.19953,70.8139
Sara Wela,33.87633,70.76409
Sara Zamaka,33.44632,70.81353
Sarab,34.97555,73.18951
Sarabai,35.02119,71.87762
Saradhna,33.81177,72.96317
Sarafil,34.57837,71.61224
Saragulla,33.86044,70.15666
Sarah Dargai,33.75568,71.63488
Sarah Garhi,33.79847,71.25168
Sarah Khura,33.8461,71.55563
Sarah Mela,32.60141,69.47902
Sarai,35.04611,71.97389
Sarai,32.20798,70.38173
Sarai,35.35366,72.67578
Sarai,34.68982,73.25427
Sarai,32.21543,70.3832
Sarai,31.44379,70.09511
Sarai,34.75684,71.93275
Sarai,31.58819,70.19493
Sarai,34.82477,71.84055
Sarai,31.91221,70.87957
Sarai,34.64024,72.2947
Sarai,34.42795,72.92502
Sarai,35.31703,71.83111
Sarai Gambila,32.69258,70.78185
Sarai Garat,33.94266,72.82541
Sarai Ghundi,32.59092,70.54029
Sarai Malik Wazir,34.02251,71.59447
Sarai Naurang,32.82581,70.78107
Sarai Niamat Khan,34.08342,73.03648
Sarai Saleh,33.98778,72.98262
Sarain,34.3385,73.16119
Saraipian,34.73139,71.90654
Saraj Khel,33.02148,71.11662
Sarajia Maruf Kalle,31.78089,70.88143
Sarakamar,34.77583,72.64244
Saran,34.52279,73.39037
Saran,34.60517,73.30196
Sarang,35.03236,72.91724
Sarang Baba Ziarat,32.54954,69.60764
Sarangar,35.10497,73.04153
Sarangi Mumsh Khel,33.0056,70.57206
Sarangkot,35.53185,73.60081
Saranjan Khan Kalle,34.20826,71.91659
Sarara,34.08672,73.09366
Sararogha,32.51292,70.02708
Sarasukh,33.7709,72.84525
Sarat Khel,33.13799,71.25944
Sarazadi,35.44295,71.83067
Sarbab,34.63886,72.34163
Sarbadal Dheri,34.09887,72.1079
Sarbago Banda,34.55926,71.79896
Sarbala,35.05832,72.13136
Sarbala,34.82165,72.20511
Sarbala Banda,34.82565,72.1762
Sarban,34.1158,73.21227
Sarband,34.99666,71.82778
Sarband,33.9451,71.48501
Sarband Kalle,34.14602,71.93785
Sarbankai,32.97847,70.08717
Sarbarai,35.09759,72.52445
Sarbarana,33.57381,70.39844
Sarbat Khel,33.82398,70.73543
Sarbhanna,34.15894,73.32513
Sarbiland Pura,34.01984,71.61398
Sarbugai,34.5152,72.82596
Sarbuland,32.92611,70.70694
Sarburi,34.57946,73.28858
Sarburi,34.57332,73.31548
Sard Cheena,34.15747,72.25311
Sardalia,34.7809,72.97546
Sardar,32.11366,70.19221
Sardar Garhi,33.88535,71.67747
Sardar Garhi,34.0223,71.63411
Sardar Garhi,33.73977,71.6092
Sardar Ibrahim di Mahli,35.03045,73.9258
Sardar Kalle,34.2409,71.89719
Sardar Khan,34.33028,71.92278
Sardar Khan Kalle,33.27941,70.41588
Sardar Kili,32.72911,69.80905
Sardar Koruna,34.32018,71.75246
Sardar Midad Khel,32.79791,70.78575
Sardar Shah Kotkai,33.01014,70.57527
Sardar Singh,32.79302,70.80372
Sardarabad,34.017,72.3877
Sardarabad,34.17155,71.80782
Sardarabad,34.33754,72.18039
Sardari,34.76334,72.4943
Sardariwala,32.36602,71.31466
Sardarlo,35.48895,72.91614
Sardarwala,31.98537,70.95634
Sardaryab,34.13248,71.69366
Sardi Khel,32.84858,70.5501
Sardur,35.52533,71.76822
Sardān,35.00833,72.32639
Sardān,35.00556,72.31389
Sare Gare,33.59944,71.07639
Sare Kade Khel Killi,33.07354,69.89696
Sare Khwa Kandao,33.82838,70.76306
Sare Lakka Kili,34.21635,71.20636
Sare Mala,33.76171,70.82551
Sare Panre,33.76021,70.54927
Sare Ware,32.81912,70.01942
Sare di Gali,34.228,73.32959
Sarehow,34.43459,72.40252
Sarekhwa Kili,34.10914,71.37958
Sarela,32.34319,69.92019
Sarfaraz,34.49,71.14056
Sarfaraz,33.90491,70.26012
Sarfaraz Kalle,34.3027,72.0432
Sarfaraz Khan Kalle,34.16177,71.78478
Sarfaraz Kili,34.15969,71.4389
Sarfaraz Landka,32.79112,70.7903
Sarfarāz,32.18639,70.54472
Sarfat Koruna,34.31469,71.9249
Sarfraz Banda,34.02572,72.41891
Sarfraz Colony,34.00248,71.59297
Sarga Khairu Khel,32.35569,70.79841
Sargah,34.40925,72.3638
Sargah Banda,34.55228,72.18065
Sargai,31.73137,70.15349
Sargai,35.05535,72.19743
Sargai,34.86436,72.06332
Sargai,34.81033,72.07877
Sargai Banda,34.86343,72.35587
Sargai Banda,34.96812,72.73994
Sargai Banda,35.00144,72.73449
Sargand Dherai,34.28347,72.29784
Sargare Muhammad Khan,32.65577,70.5006
Sargariwam,32.71633,70.11731
Sargaro Banda,34.51992,71.86989
Sargaw,35.48947,73.10078
Sarghalan,34.22617,73.14855
Sarghari,35.51678,73.60479
Sarghoz,36.27845,72.48739
Sargio,34.68485,72.85846
Sargonde Khurgay,35.26102,71.94019
Sargul Kalle,32.9939,70.59363
Sarhad Gadu,32.52018,71.18089
Sarhad Police Colony,34.01284,71.4578
Sarhan,34.65228,73.20727
Sarhan,34.29811,73.39231
Sari,35.34825,73.24115
Sari Banda,35.33418,72.45131
Sari Bandi,34.35968,73.02298
Sari Bang Galian,33.89036,73.0938
Sari Begum,34.70215,71.75205
Sari Blolian,34.39974,72.97806
Saria,35.53641,73.27303
Sariala,34.66905,73.29517
Sariath Banda,35.07075,72.55505
Sariho Mula Kalle,34.43404,71.73999
Sarikh,34.24495,71.63182
Sarila,34.00885,73.14558
Sariyun,36.12876,71.70836
Sarjol,34.33156,73.2808
Sark,34.95925,71.99814
Sarkai,34.44587,71.94215
Sarkai,32.98303,71.16586
Sarkai,34.90112,71.3587
Sarkai,34.66166,71.74426
Sarkai,33.4314,70.82179
Sarkai,33.66453,71.85925
Sarkai,32.77369,70.3951
Sarkai,33.9935,71.36259
Sarkai,32.71579,69.77895
Sarkai Kalle,32.4268,70.3507
Sarkai Kalle,32.44575,70.37635
Sarkai Kamar,33.93401,71.29515
Sarkai Lawaghar,33.05047,71.15737
Sarkai Morgai,34.60297,71.11136
Sarkai Raghzai,32.73687,69.83912
Sarkai Sar,34.77983,71.69458
Sarkai Seri,34.22759,71.40522
Sarkai Tsapparai,34.55839,71.07271
Sarkamar,35.22549,71.94841
Sarkandai,34.83158,73.1059
Sarkandi,34.84623,73.16897
Sarkandi,34.84417,73.13225
Sarkano Mena,34.72105,71.31055
Sarkarai,34.9888,72.25554
Sarkarai,32.29753,69.59441
Sarkari Qila,34.73481,71.30835
Sarkatti Machan Khel,32.69035,70.92057
Sarkaza Kor,33.03209,70.825
Sarkhala,34.64158,73.65814
Sarkhana,34.15747,71.51844
Sarkhar,35.10722,73.05316
Sarkhawai Dara,33.63371,70.40893
Sarkhelai Banda,34.65876,72.96146
Sarkheli Chham,34.71144,73.11632
Sarki,34.24832,71.80469
Sarki Kashran,34.30085,71.81746
Sarki Mushran,34.27484,71.80238
Sarkidal,33.15496,71.63259
Sarko,34.68198,71.42988
Sarko Mela,33.9151,70.76819
Sarkoh Banda,35.59161,71.93644
Sarkot,33.67983,70.98267
Sarkot,33.87496,70.00051
Sarkotai,35.03914,71.78974
Sarku,35.18346,71.78436
Sarkul,34.76273,72.89566
Sarla,33.86632,73.05928
Sarlara,34.64029,71.62771
Sarlara,34.49528,71.22873
Sarlara,34.64874,71.14101
Sarlara,34.63934,71.12516
Sarle Banda,34.99264,72.50607
Sarmad Khel,32.98486,70.24197
Sarmai,35.11237,72.31683
Sarmai Banda,35.08436,71.9345
Sarmano Kili,34.00771,71.0732
Sarmaoba,34.91417,71.97881
Sarmashai Raghzai,32.39361,69.91972
Sarmast,32.93056,70.69194
Sarmast,34.65586,73.10659
Sarmast Kalle,33.04961,70.8394
Sarmast Khan,32.66321,70.66054
Sarmast Talpaka,33.66743,70.53449
Sarmato,35.24668,71.9573
Sarmika,32.31806,69.96389
Sarmle,32.93854,70.42018
Sarn,34.85117,73.78495
Sarni,34.31713,73.04879
Saro Baihk,35.09022,73.76608
Saro Banda,35.06958,71.96515
Saro Hado,34.74068,71.68464
Saro Kalle,34.21315,71.51329
Saro Kalle,33.87526,70.02161
Saro Kili,34.21657,71.52308
Saro Shah,34.23542,71.90873
Sarob,31.59838,70.05906
Sarob,33.14881,70.80959
Sarobai,33.52607,70.69926
Sarobai,34.22679,71.25695
Sarobai Mela,32.88401,70.06109
Sarobe Garh,33.72246,70.92994
Sarobi,32.88287,70.11181
Sarobi,34.45965,72.05256
Sarobi,33.09635,71.35825
Sarogai Malakand,34.85116,71.82168
Sarolian,34.69515,73.39209
Saromanzai,35.11574,71.80729
Saropo Banda,35.28439,71.95354
Sarorai,34.63037,72.9347
Sarorai,34.5564,72.93018
Saroya,33.99178,73.3358
Sarozai,33.42431,70.78382
Sarozai Piala,33.47479,70.94384
Sarpakh,33.84581,70.39454
Sarpanr Ghore,35.31408,72.27351
Sarpata,34.51945,72.97374
Sarpatai,34.96691,71.87971
Sarpatai,34.55453,72.61682
Sarpatai,35.15298,72.1564
Sarpatai,34.58153,72.62887
Sarpatai,34.57972,72.66048
Sarpato,34.82367,71.89767
Sarpo,35.10258,71.84495
Sarpu Kas,35.28531,71.9521
Sarra Garrah,31.39641,70.61745
Sarrsast,32.93028,70.69417
Sarsang,34.27597,71.62095
Sarshah Banda,34.62387,71.80148
Sarshai,35.20183,72.56301
Sarta,35.18532,73.03018
Sarta,34.59571,73.07718
Sartai,34.99892,73.38075
Sartoe,35.03603,73.30415
Sartu Number One,35.47393,73.13187
Sartu Number Two,35.4852,73.10624
Saru Khel,33.41062,70.64303
Sarujal,35.69862,71.69596
Sarup Singh,32.77139,70.78056
Saruzjal,35.77282,71.6961
Sarwai Kare,33.64486,70.64673
Sarwai Narakai,32.63992,69.76374
Sarwakai,34.01089,71.05405
Sarwala Nakka,34.78983,73.64485
Sarwam,32.25984,70.14561
Sarwan,33.01246,71.38878
Sarwanai,33.81767,70.39599
Sarwani,34.15379,71.64475
Sarwar Kalle,34.26233,71.92293
Sarwar Khan Kalle,34.32258,71.66494
Sarwar Khan Kalle,34.27082,71.73925
Sarwar Khel,33.90094,72.05591
Sarwar Mama Khel,32.77439,70.79216
Sarwar Mela,33.5605,70.85229
Sarwarabad,36.22519,72.15159
Sarwarabad,34.33191,71.91224
Sarwek,32.5028,69.97623
Sarwekai Kili,33.82562,69.98165
Sarwepanr,32.68022,70.38259
Saryara,33.65528,70.51377
Sarzai,33.78971,70.9031
Sasti Gabbari,33.19923,71.64153
Sastik,35.99574,71.45816
Sat,34.95994,72.6354
Sata Aba Khel,32.57634,69.85636
Satai,35.17416,72.53206
Satai,34.88413,73.08476
Satai,35.01515,72.53513
Satal,35.17397,72.5356
Satal,35.33868,71.69403
Satal,35.14581,71.99278
Satal Cham,35.16992,72.53048
Satana Gul,34.3064,71.8416
Satanr Cham,35.1706,72.51664
Satar Jabba,34.88694,72.05627
Satar Khan Kalle,34.25848,71.92845
Satar Khani,33.92983,73.35657
Satar Sam,33.70371,71.13742
Satarabad,34.20647,71.99058
Satbani,34.56022,73.3183
Sathal,34.3012,73.42505
Sathan,34.61623,73.19694
Sathan Gali,34.61251,73.19797
Sathana,34.35109,72.8203
Sathana,34.23234,72.80888
Sathonu Banda,34.22214,72.80724
Satil Banda,35.06679,72.83248
Satin,33.71168,70.36359
Satketai,34.26484,72.73805
Satol,34.81374,73.36014
Satol Thandi Der,34.80765,73.3739
Satoniz,35.9013,71.50881
Satora Tarai,33.94182,70.76072
Satrai Kalle,33.01229,70.81988
Satrik,35.59375,71.91476
Satta,32.57437,69.86208
Sattat Kalle,33.73486,71.51441
Satti,34.22768,72.03084
Satti,33.03683,70.63158
Sattiabad,34.14321,71.78617
Satura,33.9567,73.24305
Satus,35.66919,71.92249
Satvai,35.21446,73.26218
Saudullah,32.71463,69.57349
Saugia,34.31591,71.68797
Sauni,35.22118,71.98683
Sawabi Maira,34.1313,72.85699
Sawai,34.26674,72.92418
Sawai,34.76556,71.61461
Sawai,34.28871,72.77403
Sawal,34.16804,73.35123
Sawal Dheri,34.04533,73.18016
Sawaldher,34.30932,72.10238
Sawan,34.69381,73.49159
Sawan Banda,33.44344,70.79924
Sawan Maira,34.27434,73.00056
Sawan Sheikh,31.71588,70.9151
Sawanla Gorah,33.17626,73.71786
Sawar Maira,34.20329,72.85911
Sawari,34.47682,72.48637
Sawaro Shah,34.70124,71.43435
Sawawi,34.29021,72.51289
Sawye Mela,33.05541,70.44515
Sayal,35.41805,73.09324
Sayid Khasan,33.36722,70.655
Sazgul,35.49795,72.4397
Sazin,35.52991,73.50701
Sazinkot,35.51032,73.50524
Sazo,33.59302,70.91186
Sazu Kili,34.25452,71.92614
Sboharan Pain,34.68656,73.62367
School Banda,33.35234,70.78386
Sedarai,33.67369,70.55388
Sefan Koruna,34.15858,71.42613
Segal,35.4956,72.86146
Segala,35.26076,72.59769
Segan,35.0738,72.89844
Segla,35.48663,72.86396
Segri,32.1037,71.07706
Segriwala,32.08333,71.01667
Seh Sadda,34.65965,72.042
Sehakki Bala,34.28847,72.89443
Sehakki Pain,34.28227,72.89278
Sehr,33.99592,73.34963
Sehra,34.32122,72.80002
Sehra,34.548,73.15553
Sehra Kili,33.92716,69.97669
Sehra Payan,34.31251,72.92731
Sehrand,33.92096,70.64706
Sehre da Jabba,34.31878,72.92532
Sehri,33.80586,73.07972
Sehri Khel,33.90182,70.77833
Sehwar,34.63222,73.36441
Sekha,34.97098,72.55649
Sekhdiz,36.48941,72.48425
Sela,33.5446,70.96832
Selai Kandao,34.9804,72.19046
Selga,35.21838,72.58697
Semar,34.66182,72.61068
Semprai,34.96797,72.59137
Sen,33.69644,71.99791
Senai,35.06528,72.53056
Senai Ghaundai,32.60413,70.37743
Sengakh,33.76308,70.69466
Sengol,35.3345,73.20543
Seni Gumbat,33.49402,71.67517
Seni Mela,32.61013,70.04964
Seo,35.3096,73.18499
Seo Banda,35.2209,72.40954
Sepalai Kili,31.93823,69.41314
Seper Kat,32.70852,69.63503
Ser,35.10721,72.52358
Ser,34.70314,73.22665
Ser,35.34367,73.23882
Ser Banda,34.81451,72.95357
Ser Colony,34.82444,72.50564
Ser Kharvek Ghari,35.96825,71.46115
Sera,34.70916,72.98637
Serai,34.43349,72.9542
Serai,34.58761,72.0468
Serai,34.24443,71.88487
Serai,35.05076,72.15688
Serai,34.93602,73.05018
Serai,34.93975,72.36609
Serai,35.33835,72.65707
Serai,34.85219,73.04418
Serai,34.88336,72.57914
Serai,35.16554,72.91352
Serai,34.73933,72.33566
Serai,34.54894,72.65992
Serai,34.58947,72.01626
Serai,35.06528,72.51389
Serai,34.88333,72.76667
Serai,34.96049,71.64158
Serai,34.98818,73.17887
Serai,34.72142,73.0957
Serai,35.07766,72.32653
Serai,34.59378,72.96761
Serai,34.24067,72.60326
Serai,35.34749,72.05953
Serai,35.06074,72.95697
Serai,34.4565,72.01044
Serai,34.4035,72.07529
Serai,35.43827,72.21603
Serai,34.54052,71.43364
Serai,34.0413,72.76557
Serai,34.6726,72.70538
Serai,34.28256,72.11354
Serai,34.91977,72.27077
Serai,34.99293,72.2404
Serai,34.92308,72.95038
Serai,34.70491,71.21556
Serai,34.78974,72.01104
Serai,34.4453,71.54469
Serai,34.79971,72.70724
Serai,35.12532,71.9532
Serai,34.19078,71.92378
Serai,35.16071,71.92064
Serai,34.8437,72.99181
Serai,34.96968,72.48955
Serai Baba Saib,35.19368,71.88079
Serai Banda,34.29848,72.29592
Serai Banda,34.57681,72.91908
Serai Dheri,34.05013,72.39541
Serai Kalle,34.13509,72.28724
Serai Kalle,32.8971,69.72068
Serai Koruna,34.06097,71.89218
Serak,33.9031,70.28241
Seran Saparai,34.22409,71.34418
Serar,35.47436,72.83425
Serdur,35.80521,72.06832
Sergarhi,35.41525,72.94186
Seri,34.7437,73.585
Seri,34.37893,72.937
Seri,34.53527,72.88888
Seri,34.1182,73.35966
Seri,34.39296,72.9528
Seri,34.36723,72.91951
Seri,34.48521,72.92105
Seri,34.93983,73.75508
Seri,34.02538,72.82592
Seri,34.81292,73.50808
Seri,34.62822,73.48721
Seri,34.00063,72.73248
Seri,34.23771,72.7003
Seri,34.4826,72.97192
Seri,34.85405,72.08854
Seri,34.44926,73.06438
Seri,34.78744,72.92773
Seri,34.27272,72.95813
Seri,34.58995,73.00991
Seri,34.98969,72.89567
Seri,34.35847,73.06609
Seri,34.04844,73.18737
Seri,33.91112,73.28206
Seri,34.10718,73.29489
Seri Abasia,34.41039,73.29635
Seri Batangi,34.92463,73.06005
Seri Gali,34.06151,73.36178
Seri Gharia,34.42775,72.97286
Seri Goria,34.43631,73.01463
Seri Kamshi,34.60342,73.24886
Seri Khairabad,34.35589,73.33217
Seri Lar,34.88143,73.59647
Seri Maira,34.41327,73.24424
Seri Maira Gul,34.41816,72.96704
Seri Mela,33.59383,71.0117
Seri Mena,34.22168,71.26277
Seri Nar,34.98055,73.91793
Seri Rug,34.43822,72.86392
Seri Sapain,34.39567,73.3051
Seri Sar Banda,34.69608,71.69094
Seri Sher Shah,34.19136,72.99917
Serian,34.39955,72.98423
Serian,33.96612,73.07051
Serian,34.57404,73.4013
Serian,34.10012,73.06375
Serigai,35.36059,71.67762
Seriwal,33.67502,71.60595
Serkui,34.15946,72.73543
Sero,35.08097,72.74719
Sero Bada Khel,32.95627,70.65474
Sero Bada Khel,32.95548,70.66002
Serr Kalle,32.87879,69.62235
Serto,35.57286,72.85256
Serto Bhek,35.50188,72.98117
Seru Banda,35.08559,72.75129
Seruni,33.61828,70.79674
Servant Colonly Danin,35.86425,71.79544
Serwek,32.50458,69.74611
Serwekai,32.27338,69.8741
Serwigh Ghari,36.11585,71.39788
Sesai,34.77103,71.44529
Set,33.28272,70.52144
Seta,34.61713,72.95329
Sethi Town,34.02346,71.61449
Seti,34.96588,73.9202
Sewai,34.81772,71.41464
Sewai Kot,33.85743,71.19815
Sha,33.84101,70.37819
Sha Chal,36.34808,72.33484
Shaai,33.05803,71.33503
Shab Khel,33.92685,71.50195
Shabak,33.42356,70.36895
Shabar Khel,32.93681,70.48774
Shabara,34.12855,71.73253
Shabawara,34.76267,72.77264
Shabbar Khel,32.9238,70.51282
Shabeka,34.92218,72.296
Shabib Khan,32.91528,70.63528
Shabir Mari Ghari,36.35081,72.30374
Shabnagi Muhabbat Khel,33.13246,71.25104
Shabqadar,34.21599,71.5548
Shabronz,36.17417,71.99408
Shabshah Dop,35.01017,71.73753
Shachu,36.13477,72.48982
Shadad Kalle,34.11285,72.27207
Shadak,32.94049,70.49641
Shadal,33.60708,70.78898
Shadan,34.62666,73.07579
Shadbad Colony,34.00187,71.58014
Shaddal,34.6808,73.33132
Shaddal,33.79855,70.99645
Shaddal Gali,34.6583,73.32809
Shadhand Banda,34.83981,72.23934
Shadi,33.83395,72.85588
Shadi Behram,32.98127,70.7905
Shadi Khan,32.76102,70.7632
Shadi Khan Kalle,33.30491,70.47333
Shadi Khel,32.59148,70.38281
Shadi Khel,32.44106,71.14773
Shadi Khel,33.03385,71.10025
Shadi Khel,32.35999,70.66222
Shadi Khel,33.18365,70.37059
Shadi Khel,33.43814,71.5294
Shadi Khel,33.04365,70.71256
Shadial,34.1342,73.1125
Shadil Awas,35.45938,72.41536
Shadil Garhi,33.96383,71.57489
Shadipur,33.65884,71.97665
Shadman Colony,34.18235,72.03653
Shadman Colony,34.03138,71.53324
Shadmeer Kalle,32.21529,69.29431
Shado,34.95777,72.58201
Shado,34.58737,72.67763
Shadogan,34.87832,72.11893
Shaek,35.92564,71.52742
Shaetil,36.86483,73.39822
Shafique Banda,35.27701,71.70164
Shaftalu,34.538,72.6688
Shaftalu Banda,34.54386,72.86805
Shaga,32.48889,69.57
Shaga,32.80464,69.50759
Shaga,34.96534,72.16464
Shaga,35.16318,71.94023
Shaga,34.97552,72.17001
Shaga,32.67635,69.99731
Shaga,34.67728,72.75916
Shagai,34.82639,72.52639
Shagai,35.01901,71.78484
Shagai,34.57103,71.35405
Shagai,34.80801,71.56437
Shagai,34.13941,72.45897
Shagai,34.44345,71.5548
Shagai,32.61498,70.03095
Shagai,34.85648,73.10553
Shagai,34.67968,72.80082
Shagai,34.6101,71.55205
Shagai,33.93251,71.28558
Shagai,34.60529,73.0015
Shagai,35.03702,71.81024
Shagai,33.78772,72.05463
Shagai,33.55413,70.54859
Shagai,35.00691,71.93245
Shagai,34.60635,71.81468
Shagai,33.78172,70.77834
Shagai,34.88555,72.60986
Shagai,34.76447,71.61053
Shagai,35.1059,71.92288
Shagai,34.95801,71.57697
Shagai,33.67541,70.45967
Shagai Bala,34.14892,71.56155
Shagai Banda,34.82228,72.17981
Shagai Barai,34.69539,72.65313
Shagai Hindkian,34.03288,71.53926
Shagai Kalle,34.27249,71.79972
Shagai Kalle,34.30664,72.00446
Shagai Kalle,32.67174,70.74067
Shagai Kote,34.25972,72.12997
Shagai Para Ziarat,34.52419,73.19485
Shagai Payan,34.146,71.56907
Shagal,33.66402,71.54005
Shagal Ziarat,33.64466,71.46922
Shagar Qala,34.16607,71.56513
Shagawati,34.19918,71.71186
Shaggi Lawaghar,33.06775,71.15892
Shaghai Bala,34.16125,71.49759
Shaghai Payan,34.16298,71.48805
Shaghal,34.58174,72.62038
Shaghar Kham,36.2185,72.14736
Shaghichi Shotar,36.7154,72.6272
Shagho,36.01537,71.76305
Shaghosh Ghari,36.42251,72.33065
Shaghur Ghari,36.01383,71.68903
Shagi Michan Khel,32.92504,70.72931
Shagin,34.6542,73.45314
Shagin,34.66177,73.4456
Shago,34.82706,71.62256
Shago Banda,34.77486,71.99347
Shagol,35.47896,73.39721
Shagopatai,35.35833,72.60833
Shagram,36.01851,71.58211
Shagram,36.45462,72.41963
Shagrome,36.34458,72.13311
Shagur Ghari,36.03081,71.33952
Shah,34.79619,71.8391
Shah,36.06668,71.82783
Shah,34.4119,72.65778
Shah Adam,34.8059,72.08909
Shah Alam,31.66269,70.33276
Shah Alam Baba,34.72971,72.08192
Shah Alam Kalle,34.35037,71.76296
Shah Alam Kalle,34.10728,71.573
Shah Alam Serai,34.27779,72.35012
Shah Alam Tsili,34.21282,71.45788
Shah Almasabad,33.61009,71.24186
Shah Bado,33.66051,70.55155
Shah Baig Qila,34.1875,71.49009
Shah Banda,34.54395,72.20324
Shah Bandai,34.9154,71.84124
Shah Baqi Killi,32.84521,70.68519
Shah Barah,33.9624,71.81577
Shah Barg,34.90847,73.64681
Shah Barri,32.90282,70.6356
Shah Basti,32.03198,71.00331
Shah Beg,34.44107,71.32931
Shah Beg,34.22059,71.94253
Shah Char,36.10883,72.05926
Shah Colony,34.00677,71.47165
Shah Dand,34.15161,71.86616
Shah Dev,32.92978,70.60321
Shah Dhana,34.06947,72.54893
Shah Dhand,34.00509,71.5919
Shah Dhand,34.38531,71.98548
Shah Dhand Baba Kalle,34.21143,72.06672
Shah Dhera,34.61309,71.90618
Shah Dheri,34.89018,72.23798
Shah Dok,35.85566,71.79857
Shah Ghari,36.76463,72.77995
Shah Hassan Khel,32.33906,71.02776
Shah Hassan Khel,32.43147,70.96573
Shah Husain,32.56964,70.72148
Shah Hussain Kalla,32.95031,70.93014
Shah Ismail Shahid,34.55708,73.35069
Shah Jahan,32.96687,70.57385
Shah Jahan Banda,32.75754,70.97051
Shah Jahan Kalle,32.96093,70.57298
Shah Jahan Shah,32.96547,70.64907
Shah Jinali,36.73733,72.71692
Shah Kabul,33.81117,73.01935
Shah Kalle,34.16498,71.97731
Shah Kalle,34.2619,71.89024
Shah Kas,33.97702,71.39474
Shah Katol,34.4,71.21667
Shah Khanabad,34.30906,72.53461
Shah Khel,34.72437,73.11853
Shah Khel,33.19139,71.17241
Shah Koruna,34.86556,71.54667
Shah Kot,34.22636,73.17483
Shah Kot Bala,33.85891,71.87216
Shah Kot Payan,33.86359,71.8589
Shah Kuz,34.79117,72.13679
Shah Maluk Banda,35.28083,72.69241
Shah Mansur,34.06939,72.44884
Shah Maqsud,33.98523,73.04005
Shah Mian Kili,34.26797,71.88048
Shah Mir,33.18017,70.38077
Shah Mir Baz Kalle,33.85978,71.48233
Shah Miran Deh Singhur,35.89352,71.79473
Shah Muhammad,33.99161,72.9596
Shah Muhammad Qilla,33.89846,71.57099
Shah Muhammad Tekhadar,32.24314,70.37361
Shah Munir,34.26069,71.89736
Shah Murad,34.76721,72.97246
Shah Murad Kalle,34.24656,72.12566
Shah Murad Kili,34.56068,71.07505
Shah Murada,34.85584,73.25686
Shah Narai,34.76617,71.57321
Shah Nawaz Kalla,32.9228,70.76025
Shah Nawaz Kalle,32.27876,69.56017
Shah Nawaz Town,34.03181,71.56123
Shah Nigar,35.58168,71.80907
Shah Nur Lari,34.23275,72.79486
Shah Nur Pul,34.26708,71.91185
Shah Nur Talao,33.98365,72.14498
Shah Pur,34.94861,72.74867
Shah Qaisar Banda,33.00866,71.05474
Shah Said Koruna,34.32865,71.77858
Shah Salim,32.72028,70.74778
Shah Salim,36.08932,71.32575
Shah Salim Banda,32.86939,71.03189
Shah Salim Kalla,32.96762,70.88916
Shah Sar,33.59546,70.83235
Shah Sarai,34.87933,71.50231
Shah Tora,32.81514,70.70103
Shah Tori,34.38435,72.28699
Shah Tut,34.89695,72.64943
Shah Wali Khan,34.62262,73.04007
Shah Zaman Garhi,33.72226,70.76128
Shah Zaman Qala,34.36482,71.89941
Shah Zamani,32.958,70.58591
Shah Zamani,32.98679,70.56709
Shah di Dher,34.12624,73.14794
Shahab Khel Khurpa,33.79295,70.82882
Shahabad,34.51669,73.03199
Shahabud Din Mela,33.68293,71.51971
Shahara,34.56976,73.01106
Shahbai,34.75681,72.00635
Shahban,34.75598,72.08475
Shahbat Talao,33.96321,71.81193
Shahbaz,34.13142,71.85646
Shahbaz Azmat Khel,32.95711,70.67464
Shahbaz Dera,33.96485,72.2641
Shahbaz Kakki,32.85488,70.69916
Shahbaz Khan Kalle,34.23186,71.54102
Shahbaz Khan Kot,32.11242,70.17772
Shahbaz Khel,32.93106,70.26097
Shahbaz Khel,32.40859,70.74605
Shahbaz Kili,33.61372,70.31501
Shahbaz Sale,32.81792,69.73307
Shahbaz Sam,33.74105,70.50773
Shahbaz Talao,33.82127,71.51986
Shahbaz Town,33.99849,71.58218
Shahbazai,34.91186,72.07598
Shahbazgarh,33.256,71.27821
Shahbazgarhi,34.22896,72.15954
Shahbek,34.61847,72.57897
Shahbekai,35.02425,71.78866
Shahbozai,32.65081,69.94145
Shahbozai,32.55967,69.93835
Shahbra,34.10351,71.72186
Shahdad Kili,34.38278,71.66444
Shahdad Mena,34.52952,71.57341
Shahdag,34.68445,72.80284
Shahdam,34.37265,72.68303
Shahdau,32.0617,71.00222
Shahdauwali Kiri,32.0768,70.99813
Shahdhand Muslimabad,34.00892,71.59032
Shahdra,34.7856,72.366
Shaheda Kili,33.82366,71.2991
Shaheed Abad,33.54106,70.87089
Shaheen Nawasi,33.76752,70.62947
Shaheenabad,33.81057,72.13865
Shahelia,34.30774,73.15464
Shahgai,34.70607,72.96963
Shahgai,34.64933,71.14968
Shahgai,34.10831,71.41244
Shahgai,34.95627,71.83795
Shahgai,34.98008,71.83809
Shahgiabad,33.99448,71.58295
Shahgo,34.82729,71.41647
Shahgo Mian,34.73677,71.5088
Shahgram,35.14417,72.52974
Shahi,35.1597,71.68234
Shahi,34.20484,71.6717
Shahi,35.09757,71.80441
Shahi,35.02171,71.60392
Shahi Bagh Banda,35.569,72.34045
Shahi Bala,34.07781,71.452
Shahi Banal,35.52797,72.6652
Shahi Banda,33.43152,71.21499
Shahi Banda,35.06278,71.84667
Shahi Banda,35.24569,72.51073
Shahi Derai,34.46826,72.59964
Shahi Gismat,35.51608,72.01912
Shahi Khel,33.63301,71.67365
Shahi Koto,34.87194,71.85075
Shahi Nur,35.60743,71.86893
Shahi Payan,34.08517,71.45639
Shahi Tangai,34.85659,71.44184
Shahia Baba Ali,32.88896,70.61763
Shahia Banda,34.1512,72.00017
Shahiabad,34.42778,71.94314
Shahid,34.96734,71.73482
Shahid,34.59291,73.00966
Shahid Abai,34.64874,71.60964
Shahid Amir Kalle,33.30834,70.96756
Shahid Baba,35.43349,72.43474
Shahid Baba,34.00932,72.70353
Shahid Baba,34.27401,72.0077
Shahid Baba,34.04861,72.65594
Shahid Baba,34.64439,71.60438
Shahid Baihk,34.7578,73.17145
Shahid Banda,34.31204,71.5349
Shahid Banda,33.31278,70.91029
Shahid Bela,35.17162,72.40613
Shahid Bela,35.75395,72.0136
Shahid Colony,34.30427,71.79431
Shahid Colony,34.31769,71.78098
Shahid Garhi,33.965,71.58878
Shahid Kale,35.31627,72.04286
Shahid Kandao,34.78431,73.0489
Shahid Khpa,34.9845,72.26059
Shahid Maira,34.61573,73.04402
Shahid Maire,34.61403,73.02066
Shahid Mena,34.1622,71.29109
Shahid Pani,34.65147,73.29817
Shahid Pattai,34.74063,73.12787
Shahid Raghzai Kili,32.9578,69.77966
Shahid Sar,35.07988,72.50728
Shahid Takai,35.20756,72.46305
Shahida,34.4486,72.29486
Shahida,34.17974,72.30682
Shahida Banda,33.29512,71.1354
Shahida Sar,33.62983,71.79438
Shahida Tala,33.6754,71.5444
Shahidabad,33.98025,71.67409
Shahidabad,34.43304,72.0662
Shahidabad,34.00171,71.60486
Shahidabad,34.27753,71.76874
Shahidabad,34.22219,73.093
Shahidabad,33.96934,71.51757
Shahidabad,33.78405,71.50473
Shahidabad Colony,33.88376,70.11206
Shahidan,34.2147,71.81067
Shahidan,35.526,72.08132
Shahidan,33.20333,71.25838
Shahidan,32.94169,71.06857
Shahidan Banda,32.94544,71.0487
Shahidan Dargah,33.21287,70.81123
Shahidan Kalle,33.01082,70.91905
Shahidano,34.32555,72.29514
Shahidano Bela,35.02245,73.42743
Shahidano Dand,33.50983,70.28942
Shahidano Dheri,34.12757,72.33189
Shahidano Kas,34.88684,71.94996
Shahikot,35.06857,71.6653
Shahin Colony,34.00373,71.52108
Shahin Muslim Town,34.00449,71.60071
Shahin Town,34.00044,71.49319
Shahin Town,34.00862,71.59634
Shahinabad,31.98581,70.835
Shahinabad,34.00802,71.57682
Shahinda,34.11099,71.52763
Shahinwar Kishmar,35.95756,71.58975
Shahio Canal,33.86324,72.88132
Shahjahan Banda,34.90364,72.19795
Shahjahan Kalle,34.48992,71.26712
Shahjahan Town,31.83831,70.91349
Shahji Khel Kallle,33.92645,70.13572
Shahkahai,34.9778,71.97896
Shahkhan Tangai,34.62826,71.1735
Shahkhel Garhi,34.35118,73.27213
Shahkor,34.87053,71.43113
Shahkot,34.29689,72.90227
Shahkot,34.3035,73.0532
Shahkot,32.01733,70.96103
Shahkot,34.52769,73.01517
Shahkot Banda,34.53811,72.03021
Shahla,35.17741,73.32102
Shahlizar,34.98685,72.64108
Shahlum,34.63166,72.83198
Shahmadu Dau Khel,32.82028,70.81194
Shahmail,34.58465,71.36251
Shahmansur Town,34.08183,72.44302
Shahmiri Kili,32.71936,70.01079
Shahnawaz,31.94234,71.02601
Shahnazar,32.95048,70.48576
Shahotar,34.52147,73.35738
Shahpar,34.04613,71.70242
Shahpasand Kalle,34.09699,71.81809
Shahphind,35.46367,73.43537
Shahrat,36.12047,71.6363
Shahro,34.97233,72.30464
Shahruz,32.74849,69.52211
Shahtez,35.08388,71.64881
Shahtu Baihk,35.17315,73.81907
Shahtut,34.64246,72.63857
Shahtut,34.59483,73.01044
Shahtut,34.82058,71.96838
Shahtut,34.55751,72.96968
Shahtut,34.93538,72.80384
Shahtut,34.92711,72.80947
Shahtut Banda,34.74771,72.79825
Shahu,34.57162,73.10909
Shahu,35.50241,72.60553
Shahu Khel,33.58777,71.12265
Shahu Wam,33.56876,71.1028
Shahwai,34.38644,72.71167
Shahwali,32.69752,69.94874
Shahwali Banda,33.33518,71.54857
Shahwali Talao,33.85673,71.69854
Shahwali di Basti,34.98404,73.94035
Shahwula,32.28111,69.5825
Shahzada,34.25256,73.31928
Shahzada,34.87038,71.86625
Shahzada,32.13755,70.73003
Shahzada Kalle,34.25767,71.97413
Shahzadi Banda,33.31257,71.42977
Shahzan,32.39667,69.88333
Shahzor,35.74395,72.14637
Shai,34.5691,72.72189
Shai,35.13333,72.57838
Shaibak,33.80045,70.91157
Shaidal Banda,34.14466,72.82279
Shaidas,36.21352,72.49393
Shaidu,33.97692,72.18173
Shaihk Ahmad,34.06056,71.86642
Shaik Meno,34.7194,71.48381
Shaikai,34.03573,71.5372
Shaikano Dogai,34.82188,71.85163
Shaikh Abbas,32.88478,71.13593
Shaikh Abdul Khel,33.20644,70.61527
Shaikh Banda,34.7852,71.81282
Shaikh Bazro Khel,32.12342,69.66945
Shaikh Budin,33.12044,70.83592
Shaikh Budin,32.29784,70.80544
Shaikh Dera,34.77667,72.07662
Shaikh Dheri,34.03644,72.39645
Shaikh Haidar,31.83167,70.12167
Shaikh Hasan,33.95353,70.29492
Shaikh Ismail,34.60037,71.36994
Shaikh Ismail,33.47047,71.21636
Shaikh Jana,34.22176,72.34857
Shaikh Kalla Bakhsh,32.75975,70.82634
Shaikh Kalle,34.70653,71.43378
Shaikh Kalle,34.11586,71.68693
Shaikh Kalle,34.09621,71.50289
Shaikh Karoz Ziarat,32.95751,70.22468
Shaikh Landidak,32.82289,70.66606
Shaikh Malli,31.75864,70.92048
Shaikh Manhab Kalle,34.25489,71.76076
Shaikh Mansir Kili,32.71734,69.85698
Shaikh Mansur Banda,32.8,71.01667
Shaikh Mansur Wanda,32.79721,70.97972
Shaikh Mela,31.60787,70.1531
Shaikh Muhammad Ziarat,32.80152,70.14571
Shaikh Niazi,32.77434,70.60995
Shaikh Pasanni,32.77,70.57472
Shaikh Payao Kalla,32.91598,70.93226
Shaikh Uttar,32.11862,70.29283
Shaikh Yousaf,34.21294,71.94694
Shaikh Yusuf,31.86173,70.89589
Shaikhabad,34.21832,71.85273
Shaikhabad,34.34489,73.13976
Shaikhabad,34.25928,71.61681
Shaikhabad,34.15995,72.09826
Shaikhabad,34.87671,71.6486
Shaikhabad,34.15806,72.56891
Shaikhai,33.74201,70.27719
Shaikhan,34.83372,71.78655
Shaikhan,32.95031,70.60472
Shaikhan,34.48325,71.16437
Shaikhan,33.34558,71.16683
Shaikhan,33.90121,71.81367
Shaikhan,34.17742,71.74258
Shaikhan,33.58825,71.48432
Shaikhan,32.99069,70.57138
Shaikhan Banda,32.99504,70.92262
Shaikhan Banda,33.55534,71.10331
Shaikhan Dur,36.3891,72.35374
Shaikhan Kalle,33.79707,71.62781
Shaikhan Kalle,34.12973,71.91387
Shaikhan Karahai,31.58491,70.01106
Shaikhan Talao,33.82303,71.52905
Shaikhan di Basti,32.14146,71.00236
Shaikhana,33.74211,70.54637
Shaikhana Kalle,34.3779,71.90379
Shaikhandeh,35.6844,71.6398
Shaikhandeh,35.57882,71.71243
Shaikhandeh,35.79827,71.65296
Shaikhano Kalle,34.27292,72.04257
Shaikhano Kalle,34.27559,71.87984
Shaikhano Kalle,34.27389,71.85247
Shaikhano Kalle,34.2766,71.94191
Shaikhano Nao,34.24387,71.74323
Shaikhpatai,35.00299,71.55482
Shaikhul Bandi,34.1517,73.23606
Shaikhullah,32.42288,71.01527
Shaikhwal,34.29941,72.98818
Shailian Khum,36.46262,72.43734
Shaingare,34.40957,71.88312
Shaint,35.16193,72.95773
Shaitan Gara,35.3127,72.49626
Shaizani Kasa,32.48951,70.04364
Shajahabad,34.4286,71.95925
Shajjak,32.96211,70.49666
Shaka Kalle,34.1756,72.33069
Shakai,32.58627,70.06106
Shakai,35.535,72.91948
Shakaithn Goshti,36.12177,71.3208
Shakar,34.70561,73.18997
Shakar Dhand,34.18146,71.81995
Shakar Dhand,34.25208,72.07292
Shakar Maira,34.09918,73.24224
Shakar Morey,34.24241,72.02137
Shakar Pura,34.09632,71.63163
Shakar Tangai,33.57541,71.02803
Shakar Tangai,34.33389,72.104
Shakara,33.7544,70.79107
Shakara Garki,33.88703,70.34377
Shakardara,33.2254,71.50306
Shakardarra,34.87132,72.41059
Shakardarra,33.7921,70.31747
Shakartangai,34.89267,71.84741
Shakarwara,32.82701,69.6147
Shakh Abad,34.27591,71.97993
Shakh Kalle,32.63675,70.60531
Shakh Kalle,33.8255,70.08146
Shakh Kalle,33.83194,70.13393
Shakh Number Six,34.28346,71.81197
Shakha,33.1279,70.1479
Shakhah,32.59329,69.88888
Shakhal Khel,32.815,70.82139
Shakhala,32.57166,69.64598
Shakhalai,33.06289,69.56535
Shakhar Khel,32.86299,69.51345
Shakharan,34.73271,73.64036
Shakharan,34.66768,73.50657
Shakharian,34.70593,73.46751
Shakhel Banda,34.33241,71.86367
Shakhi Kili,32.32438,70.28001
Shakhi Mela,32.29822,70.27854
Shakhi Mela,32.29353,70.27084
Shakhi Sultan,32.11807,70.27009
Shakhimar,32.70257,69.89159
Shakhot,32.8894,70.11603
Shakhwadi,33.07345,70.21136
Shakhwadi Raghzai,32.7409,69.85705
Shakhzada,33.01503,70.53329
Shakil Gum Banda,35.06632,72.82864
Shakir Kalle,33.81439,70.15055
Shakiwar,34.88131,72.61316
Shakkar Khel,33.35024,71.11148
Shakkar Pain,34.51036,73.1404
Shakli Khel,33.74391,70.76903
Shako,34.80827,72.69803
Shakoh,34.93537,71.86157
Shakoh Ghari,36.1052,72.17719
Shakot,34.28856,73.19906
Shakotai,34.46237,72.86442
Shakotai,34.67584,72.6155
Shakra Gudar,34.77653,73.00516
Shakra Maqrab Khan Kalle,34.14575,71.88007
Shakrai,34.09459,72.61361
Shakrantek,35.99077,71.5695
Shakrullah,32.96732,70.6263
Shakrullah Janbaz,32.89871,70.65378
Shaksham,33.63616,70.69761
Shaktu Tabai,32.69042,70.00722
Shakuki,34.27474,72.96833
Shakur Kalle,34.38735,71.739
Shakura,34.5815,73.16847
Shakurabad,33.50504,71.57008
Shakuri Banda,33.52769,71.49361
Shal,35.33693,71.59625
Shal,36.545,72.43615
Shal,35.26169,73.36519
Shal,35.28374,73.22751
Shal Ban,35.07361,72.06616
Shal Bandai,34.50075,72.52161
Shal Banr,35.35246,72.12122
Shal Khawa,33.77043,70.46959
Shal Khel Kalle,33.02065,70.557
Shal Kili,34.19114,71.43508
Shal Munda Loe,33.86691,70.87177
Shal Munda Wara,33.86424,70.87308
Shala Sharif,31.68959,70.80688
Shalai,34.68544,73.57615
Shalaidar Kandao,35.30083,72.46908
Shalak Kili,33.83072,70.12373
Shalam Algad Kili,32.35878,70.21816
Shalando,33.82511,71.0628
Shaldar,34.43019,72.91645
Shale Das,35.52345,73.60371
Shalek,35.72366,71.96543
Shalgah,35.08788,72.1233
Shalgah Barkhwar,35.09781,72.1313
Shalgazai,34.24123,71.99471
Shalgazian,33.49137,70.40495
Shalghash,35.60876,71.90571
Shalgunabad,35.11481,73.02007
Shalhand,34.89325,72.26457
Shali,35.93276,71.80873
Shali Arkari,36.14043,71.67117
Shalizar,34.50578,72.89242
Shalizar,34.43624,72.67923
Shalka Bani,36.34147,72.30917
Shalkandai,35.01448,71.5998
Shalkhai,34.8354,73.2296
Shalkhai,34.88097,73.11268
Shalkhai,34.51049,72.8918
Shalkhi Banda,34.98181,72.62975
Shalkho Banda,35.10801,72.85742
Shalkho Banda,35.23211,71.78578
Shalkho Banda,35.00297,72.68885
Shalkho Kas,35.05104,71.56542
Shalkho Sar,35.15102,72.38737
Shalkhosar,35.12083,72.425
Shalkhosar Banda,34.94194,72.27526
Shalki,34.30738,73.09757
Shalkun,35.51648,72.11783
Shalmani,34.40651,72.57268
Shalo Dok,35.81781,72.06211
Shalobar,33.82234,70.74217
Shalozan,33.93541,70.02068
Shalozan Colony,33.95719,71.56413
Shalozan Dam,33.97991,70.04071
Shalpalam,34.90036,72.41952
Shalpin,34.94868,72.53081
Shalplam,34.91497,71.99322
Shaltalu,35.05738,71.62295
Shaltalu,34.86027,72.55652
Shaltalu Banda,34.84587,72.80515
Shaltalu Banda,35.01976,71.86612
Shaltalwan,35.16929,72.18443
Shalun,34.94027,72.55828
Shalzara,33.76976,70.85515
Shalādar,35.23611,72.48611
Sham Baihk,35.17732,73.85835
Sham Kanre,33.83517,70.51842
Sham Khan,35.94684,72.06307
Sham Sar,35.09344,72.7143
Sham Serai,34.71254,72.94838
Shama,34.60242,71.47075
Shama Banda,35.4434,71.95146
Shama Dhana,33.56965,71.67096
Shama Khel,32.89564,70.65613
Shama Nisar,35.70461,71.7014
Shamai,35.15943,72.19934
Shamais,35.07109,73.74338
Shamaisgah,35.18864,73.58471
Shamal,35.1271,72.96163
Shamal,35.29461,73.17422
Shamal Khel,33.68011,71.63781
Shamal Masi,33.74859,70.80927
Shamalai,34.65136,72.0231
Shamalda,35.23701,73.08142
Shamalguli,35.16951,72.9622
Shamalguli,35.02426,72.9206
Shamanan Kalle,34.10724,72.10565
Shamar,33.75813,71.11515
Shamar Khwar,35.15832,72.20488
Shamasabad,34.67338,73.04436
Shamat Khel,34.29802,71.57793
Shamcha Lasht,36.48476,72.36005
Shamdara,35.01345,72.95469
Shamdhara,34.50749,73.04909
Shamel Dherai,35.16447,72.69227
Shamelai,34.78673,72.41186
Shamhun Kalle,34.37096,71.89727
Shami Derai,35.16253,72.67631
Shami Khel,32.83147,70.28343
Shami Khela,32.67591,69.8111
Shamial,35.02267,72.9962
Shamilat,34.15916,71.96899
Shamilat,34.2455,71.93172
Shamilat Kalle,34.21793,72.07687
Shamilat Zarif Kalle,34.37492,71.91482
Shamir,31.70335,70.64822
Shamir Khel,32.94391,70.87306
Shamirai,35.131,72.51435
Shamiri,33.19066,70.36799
Shamiri,33.11713,70.34415
Shamkai,32.41167,69.82111
Shamkhi,33.64176,70.51164
Shamkora,34.44489,71.54923
Shamla Kalle,32.69507,70.35665
Shamlo Dhand,34.14113,72.37561
Shamnimos,35.44944,73.62834
Shamori,34.38751,73.38829
Shamozai,34.38524,72.13618
Shamrud Khan Kalle,31.85123,70.75034
Shamsa Banda,34.6394,71.78912
Shamsabad,34.28865,71.72465
Shamshabad,33.79717,72.01183
Shamshahi Banda,35.50783,72.04364
Shamshai,33.80865,70.69389
Shamshai,34.50642,71.05657
Shamshak,34.71587,71.48604
Shamshaki,33.13349,71.40105
Shamshakkai,33.10649,71.36772
Shamshattu,33.83803,71.73232
Shamsher,34.88777,73.16381
Shamsher Kalle,34.23998,71.75669
Shamsher Kili,32.18611,70.29778
Shamshi Banda,34.37014,72.02101
Shamshi Khel,32.92291,70.74636
Shamshu,35.21588,73.09441
Shamshu Kalle,34.28395,71.73299
Shamshudin Mina,31.6129,69.95067
Shamsi Khan,34.73595,71.84426
Shamsuddin,33.54854,70.8054
Shamuni Khattak,32.84159,70.92249
Shamurgara,35.11014,71.93784
Shamuz Khan Kot,32.11626,70.18508
Shan Khel,32.29464,70.22737
Shan Khel Kili,33.92496,70.92651
Shana Khizai,32.8855,69.5491
Shana Khula,32.33611,69.32682
Shana Rag Banda,34.53219,72.19067
Shana Wuna,32.4924,69.32878
Shanai,34.51273,72.32704
Shanai,35.01965,72.38888
Shanai Bala,34.44204,73.11645
Shanai Bala,34.43978,73.26643
Shanai Pain,34.43727,73.11944
Shanaia,34.35101,72.90381
Shananaka,33.76055,70.94451
Shanar,34.48672,72.79712
Shanawah,32.89058,71.07499
Shand Gran,34.36765,72.83879
Shand Wune,33.68562,70.99695
Shanda Wunai,33.86003,70.30716
Shandai,34.72565,71.50126
Shandai,35.2018,71.79456
Shandal,34.99699,72.24326
Shandalba,35.22905,71.85511
Shandarrd,34.5396,71.0511
Shandas,34.92442,71.79163
Shande Inzar,34.92947,71.78225
Shandigul Kili,33.91856,69.96504
Shandradesh,35.70385,71.69681
Shanga,35.05639,72.54056
Shangal,34.60773,71.82661
Shangarai,34.99617,72.30716
Shangarai,33.84564,70.82684
Shangartan,35.07031,72.31794
Shangashgol,35.7645,71.78079
Shangeri Khula,33.96797,71.19832
Shanggir,34.94947,71.60002
Shangi,32.71458,69.77022
Shangil,35.33392,73.17054
Shangir,34.06708,71.32367
Shangla,34.88731,72.59911
Shangla Kandao,34.88109,72.59054
Shangoi,35.62168,73.10696
Shangora,34.47613,72.86475
Shangora Banda,34.96702,72.21297
Shangora Banda,34.97822,72.20467
Shangrai,34.58154,72.70653
Shangrai Kanduo,34.58286,72.70875
Shangrian,34.67343,73.46759
Shangwatai,34.93783,72.37364
Shani Khel,34.35018,71.35578
Shanial Sar Banda,34.93935,72.73342
Shanil,35.41217,72.60556
Shanili Banda,33.39039,70.91108
Shankai Dragai,32.56355,69.64509
Shankandai Mela,32.39057,69.79503
Shankar Das,34.23931,72.02516
Shankar Kili,34.2013,71.99326
Shankhai,34.61199,73.05021
Shankiari,34.59053,73.40755
Shanku,35.12557,72.59358
Shanna Khel,34.53581,71.06352
Shanob,36.60917,72.96297
Shanpur,33.0879,70.88922
Shanpur,33.56747,71.42236
Shanrai Manrai,34.78477,72.01181
Shanu Jur Sair,36.04762,71.7453
Shao,35.14401,72.06495
Shao Kach,33.64938,71.82041
Shao Talak,33.96824,70.27625
Shao Tangi,34.53431,72.34871
Shaona,35.13697,72.60753
Shapalkai,33.0812,71.36488
Shapalkiwal,33.66653,71.55795
Shapano Kalle,34.12726,71.96603
Shapano Kalle,34.12648,71.89539
Shapoabad,33.97671,69.99567
Shapot Banda,34.84165,72.80749
Shappano Garhi,33.95068,71.70693
Shapta,34.3586,72.46254
Shapura,34.64117,73.03717
Shaqai Kalle,34.11156,72.14026
Shar,35.3846,72.26667
Shar,35.20116,72.59155
Shar,34.69736,72.97853
Shar,35.15699,72.67197
Shar,35.55301,72.85963
Shar Banda,35.31179,72.27376
Shar Kashola,33.12501,70.6671
Shar Khel,33.72596,71.69406
Shar Panah,34.7584,71.55054
Sharab Khan Kor,34.49829,71.2914
Sharaf Din Kalle,33.01076,70.97069
Sharaf Mela Khel,33.0168,70.65916
Sharafatabad,32.96524,70.89165
Sharahdata Banda,34.60974,71.99871
Sharai,34.62795,73.01913
Sharai Pata,35.36756,71.78531
Sharait,35.03886,73.22175
Sharakot,35.1462,73.13538
Sharan,34.70392,73.43728
Sharan,34.69038,73.43858
Sharan Danna,34.7134,73.43673
Sharara,34.74393,72.37631
Sharara,34.74347,72.29239
Sharasten,36.4989,72.51901
Sharban,35.24123,72.406
Sharbani,35.00621,71.65656
Sharbanr,34.9061,72.29322
Sharbat Banda,32.32176,70.71734
Sharbat Banda,32.95,71.01667
Sharbat Kalle,32.35064,70.48679
Sharbatai,34.66447,71.74674
Sharbi Khel,32.41916,70.81987
Shari Baihk,35.21592,73.50417
Shari Kalle,33.00548,70.58677
Sharid,35.01033,73.29677
Sharif,34.26361,71.96778
Sharif,32.84333,70.71583
Sharif Banda,35.02122,72.37463
Sharif Kalle,33.97201,71.66968
Sharif Khan Garhi,34.06184,71.46883
Sharif Koruna,34.36408,71.85379
Sharif Serai,34.40353,72.63303
Sharif Shah,32.97967,70.63912
Sharifabad,34.46134,71.85182
Sharifabad,34.10434,72.16134
Sharifabad,32.12819,70.99438
Sharifabad,34.16768,72.03286
Sharifabad,34.20754,72.01966
Sharifabad,34.76529,72.25904
Sharifai Banda,34.82228,72.21789
Sharife,34.36064,72.71026
Sharifkhanan,34.7581,71.37177
Sharifwala,33.07561,70.88733
Sharigratn,36.50614,72.55548
Shariiab,33.96012,72.07091
Sharikabad,34.17666,72.04202
Sharkai,32.57324,69.7693
Sharkai,32.53232,69.67885
Sharkai,32.59682,69.78065
Sharkai,32.67445,69.97959
Sharkai,32.72106,69.75843
Sharkai Kili,32.8271,69.84712
Sharki,33.29425,70.98787
Sharki,32.89028,69.6055
Sharki Ali Khel,33.0901,71.29367
Sharki Banda,33.35732,70.76666
Sharki Kanda Khel,33.08156,71.28944
Sharki Khel,32.9139,69.7396
Sharkul,34.62806,73.11397
Sharkulai,34.62382,73.10915
Sharma Khel Kili,33.90857,69.95094
Sharmai,35.19475,71.95031
Sharna,34.77413,72.44393
Sharo Derai,34.9684,71.90461
Sharo Dugai,33.6943,71.03617
Sharona,34.81415,72.6223
Sharorai,34.90419,72.57792
Sharoshera Dhar,35.90774,71.51662
Sharotadar Baihk,35.16625,73.89593
Sharq Khel,32.843,70.31941
Sharqi,33.26212,71.70457
Sharrona,34.84641,72.62338
Sharshai,34.98026,72.2527
Sharsham,35.07361,71.85806
Sharsham,34.85377,72.64767
Sharstak,32.12496,69.59731
Sharwangai,32.70787,70.01789
Sharwas Wam,31.82226,69.97618
Shashak,32.54614,69.81985
Shashek,36.61415,72.55537
Shashkar,34.93462,72.10642
Shashogai,33.08405,70.62983
Shashpali,32.88969,69.53222
Shashu,33.65761,70.32052
Shashu Kalle,33.65134,70.31939
Shat,35.82875,71.77984
Shat Bala,35.33792,71.93945
Shat Bar,36.47178,72.42959
Shat Kas,35.34396,71.96823
Shat Payan,35.34435,71.95685
Shatai,34.83309,71.80287
Shatai,34.42522,73.27067
Shatakh Ghari,35.95778,71.58536
Shatar Bhek,35.43229,72.87622
Shati Khel,34.3764,71.36248
Shatial,35.52602,73.54928
Shato,34.51371,72.96741
Shato Khel,34.58119,71.3556
Shatrik,35.64139,71.94389
Shatut,34.70769,72.6907
Shatut,34.53825,72.664
Shaudat,33.16237,70.18862
Shaudinkot,32.66535,70.04729
Shaukatabad,34.29671,71.80808
Shaur,35.26729,72.03019
Shautalai,32.6193,70.01034
Shavah,32.92076,71.07955
Shavek Sar,35.18472,73.42481
Shavzai,32.56092,70.01062
Shavzai,32.70532,70.08909
Shawa,33.2129,71.07534
Shawa,33.24278,70.4838
Shawa,33.28651,70.55622
Shawa,34.59913,71.26216
Shawa Pila Khel,33.74761,70.62574
Shawagara,32.88289,69.5519
Shawai,34.40346,72.60827
Shawai,34.79209,72.73706
Shawal Dab,34.10517,71.41482
Shawangai,33.79346,72.11978
Shawani Khel,32.8798,70.66234
Shawar,34.77886,72.68793
Shawitakh,36.86035,73.43619
She Dandi,33.83757,73.21947
She Pate,34.02046,72.76836
Shedi,35.65515,71.76778
Shegai,34.2942,72.61795
Shegal,35.1137,72.50308
Shego Gharrai,34.60126,71.39421
Shehbat,35.21874,71.78785
Shehtoot,34.68993,72.99132
Sheikabad,34.02466,71.45988
Sheikh Allah Din,33.35494,71.16975
Sheikh Baba,34.74469,71.52159
Sheikh Baba Darra,34.71164,71.16812
Sheikh Banda,35.44806,72.40419
Sheikh Dada,32.38782,70.07303
Sheikh Ibrahim Ziarat,31.90665,69.89283
Sheikh Kalle,34.2645,71.71052
Sheikh Mal Khel,34.11304,71.18685
Sheikh Maltun Town,34.14864,72.03584
Sheikh Muhammadi,33.93163,71.51896
Sheikh Nalla,33.78155,71.6065
Sheikh Umar Baba,34.04361,71.47677
Sheikh Wali Kalle,34.30359,71.68317
Sheikh Wali Koroona,33.33654,70.68435
Sheikha,34.15261,71.85211
Sheikha,32.05781,69.40292
Sheikhabad,34.00647,71.58661
Sheikhabad Colony,34.01074,71.58687
Sheikhai Banda,33.91988,71.9015
Sheikhan,33.90256,71.47545
Sheikhan,33.93365,70.85832
Sheikhan,34.59397,71.51028
Sheikhan,35.05618,72.39788
Sheikhan,34.6354,71.49183
Sheikhan Durmai,33.88614,71.32113
Sheikhan Kalle,32.45781,70.34319
Sheikhan da Banda,33.98604,73.14821
Sheikhar,33.59383,71.72172
Sheikhi,33.885,71.91508
Shejakhi Banda,34.96303,73.07631
Shekai,32.57805,70.26455
Shekbir,35.21816,73.16357
Shekh Chuhr,33.97119,72.55549
Shekhdar,35.15066,72.9231
Shekhi Bahadur Koruna,34.16288,71.85114
Shekhn Yok,36.30799,71.99224
Shekhorai,34.81452,72.46824
Shekhu Banda,34.9814,72.8568
Shekhupura,32.28257,71.20782
Shekhuwal,34.07931,71.17562
Shekhānwāla,32.025,71.025
Shelang Shal,35.87067,71.88339
Sheli Nakka,34.60766,73.43612
Shelkho,35.15954,72.70619
Shelkiar Dherai,35.14727,72.59204
Shell Bela,34.92847,73.83031
Shengli Inla,35.3093,73.17074
Sheni Kalle,33.67213,71.54313
Shenila,35.3336,72.05852
Shenkhor,35.02517,73.45113
Sher Ahmad,32.84667,70.58537
Sher Ahmad Kalle,32.98159,70.62376
Sher Ahmad Khan Kalle,32.47022,70.35365
Sher Alam Kili,34.7415,71.31264
Sher Ali,34.26151,71.86636
Sher Ali,32.31044,70.61751
Sher Ali Banda,33.45432,71.35756
Sher Ali Banda,34.48019,72.71023
Sher Ali Khan,32.06211,69.32925
Sher Ali Kor,34.12837,71.46716
Sher Ali Kote,34.20041,72.43592
Sher Andur,36.31567,72.22618
Sher Atraf,34.68374,72.38637
Sher Bahadur Kalle,34.11526,71.8515
Sher Banda,35.04548,72.81599
Sher Banda,34.30239,72.98465
Sher Baz Khan,32.74068,70.58866
Sher Burj,34.12919,71.39707
Sher Dag,33.1391,70.74331
Sher Darra,33.77406,70.77915
Sher Di Kalle,34.26695,71.74725
Sher Dil,33.75687,71.65004
Sher Din Banda,34.07606,72.51507
Sher Garh,34.39337,71.89825
Sher Ghain,32.90278,70.50917
Sher Goshi,35.34172,71.69621
Sher Jan Kalle,33.76687,70.2403
Sher Jan Koruna,34.26371,71.82774
Sher Joveli,36.43503,72.40975
Sher Juti,36.4338,72.40771
Sher Kalle,33.69266,70.31065
Sher Kalle,33.82977,70.04655
Sher Khan,32.82694,70.75417
Sher Khan Banda,34.4593,72.02567
Sher Khan Koruna,33.16099,71.28972
Sher Khan Kotey,34.05572,72.11473
Sher Khan Mughal Khel,32.81327,70.75917
Sher Khan Pakha,33.80418,70.50575
Sher Khan Wando,32.15689,70.80909
Sher Khana,34.52917,72.09044
Sher Khanabad,34.54484,72.43756
Sher Khane,34.65796,72.34963
Sher Khani,32.76219,70.3854
Sher Khanwala,32.06303,71.01725
Sher Khel,33.79202,70.78003
Sher Khel,33.91726,70.9201
Sher Khel,33.90734,71.049
Sher Khān,31.8875,70.50556
Sher Khān,32.9775,70.61806
Sher Kili,34.14927,71.47126
Sher Kot,35.44648,73.2801
Sher Maddi Kili,34.05865,71.24311
Sher Man Khel,32.41713,71.12988
Sher Zaman,32.68836,70.59248
Shera,34.57778,72.70278
Shera,34.87072,71.80555
Shera,34.35263,72.54174
Shera Ghund,34.23074,72.31401
Shera Ghund,34.23294,72.31516
Shera Khel,33.73105,71.69788
Shera Kot,35.03987,73.03689
Sherabad,33.88943,71.86441
Sherabad,34.40522,72.286
Sherabad,34.24916,72.12078
Sherabad,34.02224,72.30153
Sherai,34.94757,72.58287
Sherai Kalla,32.9427,70.935
Sherai Khula,33.64135,70.61361
Sherali Kalle,34.1602,72.39968
Sherama Danawat,32.28433,69.93728
Sheran,32.21444,70.52695
Sherana,32.25611,69.57045
Sheranni,32.89253,69.64132
Sherash Pal,32.43071,69.96193
Sherati,35.65282,71.87346
Sherawal,34.05083,72.73582
Sherawunai,32.68912,70.00127
Sherbadal,35.41863,73.5904
Sherbai,34.23486,73.11722
Sherbai Khurd,34.23413,73.12462
Sherbeg Shakh,35.95868,72.14762
Sherbilanddanna,34.54071,73.116
Sherdad Garhi,34.15444,71.44973
Sherdandi,34.34103,72.89426
Sherdarra,34.32459,72.38876
Sherdil,34.74479,73.31533
Sherdil,34.27523,71.86784
Sherdil Khan,32.86093,70.63314
Sherdil Khan,32.85333,70.58944
Sherdil Khan Koruna,34.21388,71.925
Sherdil Khan Qila,34.1545,71.42685
Sherdil Kili,34.12426,71.47273
Sherdilabad,34.19029,72.40306
Sherdili Kalle,32.97484,70.59647
Sherdili Kili,32.96667,70.59028
Shergah,34.33156,72.78468
Shergah,35.45575,72.06705
Shergah,34.34194,72.79948
Shergarh,34.39107,72.67422
Shergarh,34.4566,72.98942
Shergarh,34.16793,71.87726
Shergato,34.66873,71.35718
Shergha Khel,33.76872,70.85001
Sherhli,35.72717,71.78557
Sheri Ghasha,32.3498,70.74899
Sheri Khel,32.4731,70.65792
Sheri Khel,32.95996,70.92681
Sheri Kot,32.50183,69.32151
Sheri Sham,35.9536,71.81341
Sheriano,34.46052,72.77245
Sherin,34.10538,72.01153
Sherin Darra,33.77669,70.93449
Sherin Khan Koruna,34.30836,71.73164
Sheringal,35.27771,72.00546
Sheringal Cham,35.26056,72.0023
Sherja Kale,32.66707,69.66607
Sherkan,33.9302,71.38543
Sherkhanai,34.90566,71.82379
Sherkot,33.59979,71.28306
Sherol,34.17299,72.7671
Sherpao,34.26284,71.69746
Sherpao Bazar,34.26998,71.70213
Sherpur,34.13733,72.0017
Sherpur,33.89192,73.25402
Sherpur,34.43046,73.1441
Sheru,34.34111,72.03188
Sheru Banda,32.30238,71.08093
Sheru Kuhna,31.80069,70.62256
Sheru Nau,31.78041,70.6505
Sherun Kalle,34.29731,71.76864
Sherwan,34.20385,73.06986
Sherwane,33.41718,70.36467
Sherzad,32.881,70.68196
Sherzad Khan,32.94779,70.61378
Sherzad Khel,32.98806,70.63197
Shesh Ghari,36.07148,71.51507
Sheshtiabad,34.262,71.7415
Sheshunkai,32.53687,69.71843
Shetak,35.36556,72.03394
Shewa,34.24821,72.34891
Shewa,34.71751,72.05623
Shewa Adda,34.21549,72.32211
Shewa Banda,34.37632,72.06375
Shewa Banda,34.29518,72.20616
Shewa Chowk,34.21382,72.31249
Shewa Din,32.96213,70.88839
Shewa Hindu Kush,33.21695,71.38904
Shezhavavkot,32.73889,69.89694
Shhah,33.92673,73.29321
Shiagotek,35.8342,71.78159
Shiakh Ghari,36.04167,72.17875
Shian Mela,33.96787,70.1738
Shianat Banda,35.53921,72.37793
Shich,36.50373,72.75797
Shidak Gali,35.28137,73.60813
Shidatai,35.27416,71.92706
Shidhi,32.07086,71.04238
Shidiyal,34.93367,72.08145
Shigadar,34.69532,72.24647
Shigai,32.66695,69.54166
Shigo,35.45606,73.44144
Shigo Kas,34.76459,71.79816
Shikai Dheri,34.03333,72.27222
Shikar Tangi,32.60764,70.46773
Shikari Baihk,35.17345,73.8301
Shikaulai,34.86946,72.06399
Shikauli,34.35156,72.41946
Shikolai,34.79039,71.81778
Shikrai Baba,34.33304,72.0805
Shilaian,34.32959,73.01435
Shilar,35.0323,72.6385
Shildar,34.30286,72.7935
Shildar Bala,34.30937,72.79375
Shilke,35.13449,72.89675
Shilmanai,34.65058,72.75694
Shilmanai,34.85789,72.61063
Shilmanai,34.80588,72.78742
Shilmanai Banda,34.67197,72.78623
Shiltalan,34.67028,72.73967
Shimbal Bandi,34.29783,72.88448
Shimlai,34.17276,73.20228
Shin,35.02296,72.47405
Shin Banda,34.90395,72.78649
Shin Dand,33.57628,71.84444
Shin Dandhok,33.57066,71.84028
Shin Darra,34.87273,72.09768
Shin Darrang,33.85902,71.52513
Shin Dhand,33.55798,71.62869
Shin Jalai,32.88345,69.62033
Shin Kach,31.92278,69.90614
Shin Kamar,33.8704,71.24209
Shin Kamar,34.61906,71.472
Shin Kamar,34.6242,71.46528
Shin Kamar,33.60648,70.59316
Shin Kashola,33.14674,70.66071
Shin Kat,34.92974,71.93164
Shin Khad,34.86353,72.54411
Shin Khal,34.3425,72.19777
Shin Koparai,34.7372,72.622
Shin Korn,32.56249,69.95975
Shin Kot,34.76003,71.4776
Shin Manzai,31.90249,69.89106
Shin Panrai,33.65917,70.49746
Shin Warsak,32.27513,69.5119
Shina,34.92923,71.68368
Shina Karrappa,33.7976,71.27693
Shina Kaza,31.53361,70.04864
Shina Kili,34.0774,71.46151
Shina Mela,33.78827,71.27737
Shina Morgai,34.696,71.17071
Shina Naqa,33.57198,70.82749
Shina Narai,32.38299,69.99866
Shinagar,35.12587,71.69354
Shinai,34.64509,71.49457
Shinai,34.19328,72.71423
Shinai,34.05189,72.75323
Shinai,34.39487,72.39694
Shinai Kalle,34.6702,71.8428
Shinai Kandao,34.82917,72.02603
Shinak Kili,33.60944,70.31581
Shinal,35.31075,72.61502
Shinalai,32.41881,69.96389
Shinali,33.75754,70.56794
Shinastargai Mela,33.25371,71.60925
Shinawari,33.51874,70.80235
Shindai,32.43139,69.47222
Shindromina,35.1773,72.18563
Shindur Banal,35.63664,72.68428
Shine Ghundai,34.19408,71.46574
Shinesar,33.92857,70.18228
Shingak Bazar Kili,33.83776,69.99242
Shingaldar,34.7088,72.86293
Shingar,34.68335,71.32766
Shingara,34.94534,72.0909
Shingargul,35.15614,71.70371
Shingari,34.46468,72.97156
Shingas Banda,34.79145,71.60949
Shingergal,34.8678,71.48397
Shingharai Patai,34.43261,71.52493
Shingi,32.53967,69.59724
Shingli Bala,34.67872,72.98491
Shingli Payeen,34.68552,72.98094
Shingrai,34.79646,72.4682
Shingrai,34.68275,73.0884
Shingrai,34.31515,72.78332
Shingrai,34.68946,73.06736
Shingrai,34.60239,72.52475
Shingrai,34.24089,72.66659
Shingrai,34.39847,71.8866
Shingrai Banda,34.24324,72.68539
Shini,34.66934,71.53379
Shini Kot,33.7383,70.50638
Shiniye,32.74439,69.88884
Shinj,34.85576,71.66908
Shinkai,33.94289,71.31793
Shinkai,32.80985,69.57393
Shinkai,34.71604,71.56803
Shinkai,33.84609,70.38011
Shinkai,32.47389,69.88917
Shinkai,33.21738,71.36218
Shinkai Banda,33.31394,70.66593
Shinkai Khulla,33.16571,70.16702
Shinkai Malik Dinai,32.47361,69.86056
Shinkai Mela,32.48959,70.01208
Shinkandal,32.99688,70.54328
Shinkarai,34.93605,72.07114
Shinki,32.36258,71.23717
Shinki Kili,33.61214,71.03171
Shinkiari,34.74054,73.55319
Shinkiari,34.4711,73.27071
Shinko Banda,33.56051,71.0945
Shinkotal,34.82159,71.42569
Shinlun,34.25008,71.28377
Shinna Kharappai,33.5459,70.94363
Shino,34.66639,73.54068
Shino Banda,34.96168,71.59969
Shino Kalle,33.69138,70.40652
Shinolai,34.82559,71.75755
Shinpanr,33.10893,70.24472
Shinpokh,34.32959,71.17852
Shinsara,34.45947,71.4348
Shinteri,35.38725,71.70095
Shintop,35.5418,72.58568
Shinwane,33.59898,70.8098
Shinwara Colony,34.4102,71.7724
Shinwari Saraj,34.03166,71.60257
Shinyo Mela,33.82549,71.02415
Shipni Banda,34.96659,72.75787
Shir,34.67508,73.15861
Shir Qamar,33.85108,71.26637
Shira,34.49244,72.9102
Shirakatayno Banda,35.08324,71.92974
Shiran,34.593,72.87268
Shiranai,33.29408,70.5312
Shiranam,33.007,69.51901
Shiraniabad,31.82231,70.86206
Shiratkai,35.03228,71.91965
Shiraz Garhi,33.78077,71.09902
Shirgha Khel Kili,33.90442,69.95008
Shiri,34.83294,73.09516
Shiri,34.62458,73.26245
Shirin Baihk,35.36554,73.57051
Shirin Banda,34.43085,72.04243
Shirin Khan Koruna,34.26667,71.77067
Shirinabad,34.33554,72.29621
Shirma Khel Kili,33.92868,69.9448
Shisha,32.39273,71.2209
Shishai Baihk,35.43435,73.72603
Shishal,35.14668,73.039
Shishamwan,32.42889,70.04172
Shishan,34.96816,72.62546
Shishe,33.90742,70.60668
Shishi,35.59812,71.83581
Shishoi,35.41912,72.9429
Shitgal,35.08963,72.90394
Shiwa,34.39583,72.3875
Shiwakki,33.32337,71.36654
Shiwand,34.16982,72.38341
Shiwi,34.86839,72.91527
Shkai Ser,35.35119,71.71887
Shkari,32.82147,70.44426
Shkarjunun Goshti,36.10252,71.32675
Shkundo Kilai,33.86241,71.18304
Shna Khula,32.79432,69.51854
Shna Punga,32.37472,69.89
Shna Ranzara,34.87138,72.10112
Shnadai,35.0483,72.1423
Shnah Tigga,34.45988,71.55179
Shnai,34.8824,72.48055
Shnai Bānda,35.07222,72.53472
Shnai Zangal,34.41607,72.30653
Sho,33.01716,71.29566
Sho Chal,36.33338,72.35176
Sho Wesht Ghari,36.44808,72.30262
Shobadang,34.57195,72.3559
Shobla,34.39645,71.95332
Shoble Banda,33.15409,71.32013
Shoble Kalam,33.0657,70.93942
Shochan Dur,36.48421,72.45993
Shodanai,33.98269,71.27158
Shodarra,34.63869,72.53282
Shodat Khel,33.06063,70.38678
Shodi,32.8925,70.88556
Shodiakai Punga,32.67073,69.95606
Shodikai Kot,32.98829,70.03784
Shoe Shal,36.35747,72.29924
Shogai,32.97536,71.18451
Shoggai,34.73998,72.34453
Shogi Pila Khel,32.79655,70.15289
Shogra,36.17547,72.1178
Shogran,34.63974,73.46201
Shogri,35.98644,71.56531
Shohal,33.80081,72.92079
Shohal Mazullah,34.48129,73.36089
Shohal Najaf Khan,34.48345,73.35277
Shoharan Bala,34.68183,73.63268
Shokand,35.03176,72.1741
Sholam,32.46062,69.69478
Sholam,32.36278,69.47861
Sholawai,34.56397,71.85179
Sholgara,35.20858,72.40632
Sholgara,35.00879,72.88632
Sholgarai Garai,34.69801,72.60032
Sholo Patai,34.44655,72.58974
Sholum,35.64297,71.89679
Shoman,35.02424,73.29613
Shomi Khel,33.20919,70.6824
Shong,35.98705,71.7394
Shong-o-Lasht,36.38286,72.04278
Shonga,34.62345,73.46537
Shonga,35.33298,72.08665
Shonga,34.62714,73.45324
Shongali,34.48277,72.92023
Shonial,35.0402,72.74823
Shonkan Mohaian,34.27274,73.1587
Shonnai,34.66253,73.07001
Shonrial,35.13982,72.65189
Shontala,34.94489,71.64324
Shor Kanj,36.47847,72.45566
Shora Kas,32.69259,69.82258
Shorag,33.97938,73.0997
Shorai,31.70232,70.05873
Shorchar,35.27173,73.67018
Shorchar Gah,35.28578,73.63994
Shorgar,34.95585,72.88241
Shorkat,35.14472,72.55998
Shorkot,31.91023,70.87757
Shoro Banal,35.57346,72.17842
Shoshanka,35.34364,71.69681
Shoshni,34.47389,72.94703
Shost,36.7598,72.94054
Shot,36.33573,72.25153
Shotar,36.43684,72.35345
Shotar,34.7997,72.93298
Shotar,35.70725,71.7009
Shotialkot,35.5082,73.53442
Shotkhar,36.466,72.4356
Showar Pasha,33.1821,71.62662
Showarshur,36.83904,73.53411
Shpalai,33.89787,70.37527
Shpalai,31.83417,70.0175
Shpanah Lita,32.79662,69.51576
Shpankai,35.01496,71.88233
Shpano Kasai,34.95797,71.64783
Shpedar,35.55122,72.86598
Shpela,32.56899,70.2224
Shpeshtin,32.54303,69.81912
Shpirokhnan Kham,36.5773,72.50722
Shpu,34.42372,72.42631
Shrab Khue,34.68759,72.09043
Shramkand,35.10352,72.02317
Shrank,34.96167,73.76171
Shrawuna Punga,32.477,69.86729
Shrshain,35.04114,72.94255
Shrshal,34.80931,72.9752
Shu Khan Kalle,34.32473,71.77464
Shublan,33.82402,70.17209
Shubli Banda,32.88676,71.00784
Shuch,36.35773,72.15945
Shuck Sar,35.03813,73.20079
Shudag,34.28423,71.72452
Shudakai Abezai,33.02007,70.53065
Shudam,34.78219,72.40675
Shudaur,34.50644,73.0697
Shudo Mela,33.80059,70.35336
Shugan Ghari,36.4359,72.15916
Shujahabad,34.05528,72.10326
Shukal,35.46358,72.32434
Shukar,34.50098,72.69921
Shukhdarra,34.96301,72.36919
Shukonak,35.48698,71.7035
Shukrata,34.79604,71.6584
Shukrata,34.89649,71.65076
Shul,36.15371,71.67357
Shulah,34.51512,72.65385
Shulam Talao,33.94537,71.73898
Shulkuch,36.58441,72.86725
Shumai,35.16482,72.18046
Shumai,35.10105,72.31012
Shuman,35.03849,72.64317
Shumbar,34.82241,72.7528
Shumlai,34.70428,73.11593
Shungai,34.35137,72.78214
Shungai,32.89281,69.65265
Shungarek,35.47494,71.84009
Shungial,35.08161,72.8963
Shungush,36.15378,71.98363
Shunjran,36.22398,72.12944
Shunkai,33.65404,70.69703
Shunu,36.29504,72.18794
Shupin,34.97792,72.27707
Shur Darra,35.2721,72.39439
Shurai,34.57312,71.46195
Shurku,33.61233,70.20024
Shurman,34.27734,71.95949
Shushai Baihk,35.18195,73.67325
Shushai Baihk,35.0635,73.65389
Shushto Ghari,36.13949,72.14249
Shut,36.41431,72.46161
Shutar Shal,35.89967,72.10682
Shutirai,33.0016,69.68716
Shutro Kach,36.80016,73.06732
Shwai Kaskai,33.04113,69.56314
Shwano Kalle,33.66631,70.35763
Shwawan Mela,32.58027,69.84076
Shāhzada Kot,32.98333,70.05
Shāi,35.27222,72.65972
Shān Khel,32.3,70.225
Shār Bānda,35.37222,72.57778
Shārat,34.81389,72.61667
Sia Jabba,35.13213,72.03747
Sia Mena,34.53686,71.58665
Siab,33.46905,71.6044
Siah,34.80003,72.03683
Siah,34.68264,71.74975
Siah Arkari,36.1999,71.67002
Siah Gaonai,34.86576,72.04998
Siah Kalle,35.21712,72.02602
Siah Kater,35.37578,71.97169
Siah Roghano Kalle,35.38172,71.95557
Siakas Banda,35.09472,72.26548
Siakh,33.26093,73.6723
Sial,34.37496,73.35336
Sial,34.24004,73.13559
Sial Gul Kili,33.01176,70.52474
Sial Khan Kalle,33.86818,71.50643
Sialkot,34.82734,71.97222
Sialogo,34.33282,71.44238
Sialogo Banda,34.33372,71.3932
Siani Banda,32.48611,71.30972
Siasan,35.38321,72.0909
Siawi,33.81014,72.15995
Sichbiar,34.82513,73.01019
Sichkun,35.35662,72.14874
Sidalusi,35.38299,71.69926
Siddiqabad,31.79753,70.88534
Siddiqueabad,33.43462,70.82916
Sidra Jor,34.45907,71.84676
Sidre Jadid,34.13609,72.32812
Sidre Qadim,34.1514,72.31459
Sifat Banda,33.53193,71.1119
Siga,32.57158,69.81927
Sigel Kan,35.11498,73.05593
Sighain,35.93787,71.52981
Sigi,32.13639,70.66333
Sigimos,35.48865,73.71275
Sigimus,35.52639,73.60161
Siglo,35.25637,72.8485
Siglo,35.17731,73.40274
Sigram,34.86691,72.3584
Sijbanr,34.96973,72.35608
Sikandal Kalle,32.88603,70.64989
Sikandar,34.63988,72.54007
Sikandar Banda,33.01402,70.65483
Sikandar Janubi,31.55426,70.62309
Sikandar Khan,32.83878,70.64221
Sikandar Khan,32.8225,70.77333
Sikandar Khel,33.01315,70.65863
Sikandar Shamali,31.89328,70.62668
Sikandarabad,34.01734,71.59528
Sikandarabad,34.27276,72.38996
Sikandare Dheri,34.13469,72.35183
Sikandare Kalle,34.13233,72.37453
Sikandari Bānda,32.20278,70.78778
Sikandarpur,34.00524,72.94481
Sikander Khel,33.14807,70.59634
Sikandra,34.42023,73.12341
Sikandra,31.64455,70.54901
Sikh Dheri,33.76746,71.57749
Sikh Kot,33.89268,70.73841
Sikhar,34.24846,73.34539
Sikka Banda,34.92118,72.2464
Sikkar Jeraf,36.84801,73.43991
Sil,34.88923,73.2614
Sil Paiza,34.5076,72.84818
Silai Patti,34.53855,71.67934
Silimi Mela,33.94669,70.76066
Sillai,34.61707,71.1177
Silo,34.14207,71.20542
Silona,34.55286,73.14401
Sim Tij,36.41506,72.2715
Sim Tij Gol,36.40072,72.27026
Simak,34.69749,73.13385
Siman,32.95615,70.18626
Simat Shah,35.18099,71.79226
Simlot,33.95738,73.42078
Sin,35.92625,71.81392
Sin,34.77182,71.8946
Sin Kulum,35.76001,71.78374
Sind,32.68539,70.17784
Sindhu,34.66711,73.53765
Sindno,34.44229,71.8521
Sindu Garhi,34.02694,71.55536
Sinduna,33.21444,70.51163
Singal,34.89568,73.60635
Singal Kot,34.56774,73.1296
Singal Kot,34.08084,73.43178
Singapur,34.36617,71.73053
Singar,32.9851,70.1744
Singhar,31.89795,70.92033
Singhran,34.05641,72.97445
Singur,35.89891,71.79862
Sinjali,34.64895,73.52384
Sinjalianda Banda,34.14885,73.19394
Sinjiala,33.88737,73.02066
Sinjāllai,34.24028,72.83333
Sinpora,34.94906,72.38198
Sinrai Banda,35.20014,72.77802
Sinyala,33.79234,70.66895
Sior Banda,34.97253,72.7683
Sipal Nakka,34.21138,73.44173
Sipar Ser,34.82233,72.5191
Sipgai Banda,33.44557,71.65456
Sipho,34.7,72.25389
Siprai,33.79248,70.86685
Sipri,33.14605,71.39119
Sir,35.4546,73.09537
Sir,33.96718,73.34347
Sir Bata,34.40649,72.38538
Sir Darra,33.84598,70.77055
Sir Gah,34.13322,73.29
Sir Kamar,33.1693,70.20514
Sir Kella,34.45795,72.70855
Sir Kot,32.93111,70.11704
Sir Rogh,32.6196,69.83861
Sir Sind,33.05113,70.5048
Sira Kalle,34.32936,71.72665
Sira Tigga,34.33273,71.22592
Sirai Kalle Dag,35.11173,72.99615
Sirak Banda,32.92261,71.02824
Siral,34.71684,73.05972
Siratai,35.16965,71.92338
Sirbani,34.64353,73.25411
Sirgandeh,36.26832,72.33758
Sirhi,32.97542,70.49519
Sirhi,34.2485,72.78604
Siri,35.54422,73.15063
Siri,34.42911,71.92394
Siri Bahio,34.25585,71.95053
Siri Khawah,33.25214,71.20477
Siri Kili,33.55976,70.79455
Siri da Bara,34.33264,72.91655
Siria,33.93633,72.88979
Sirik,32.98417,70.8125
Sirikot,34.04277,72.77393
Sirin,32.64942,70.42719
Siritu,35.46914,73.22824
Sirket,32.88457,69.62069
Sirkh Miane,34.32755,72.14869
Sirki,34.1784,71.70052
Sirki Khel,32.25633,69.53438
Sirki Khel,33.61684,70.86125
Sirki Khel,32.89138,70.89858
Sirki Khel,32.92056,70.90528
Sirki Piala,33.4445,71.06522
Sirkian,32.29629,71.1539
Sirkian Banda,32.4128,71.24146
Sirori,34.416,73.13953
Sirri,34.40385,72.98869
Sirsanai,34.82032,72.27968
Siruna,33.74794,70.85605
Sisanewar,32.25784,70.15029
Siss,35.4854,73.53719
Sita Karun,33.95233,73.32232
Sitahna,34.41124,72.63448
Sitar Kalle,33.63035,71.79121
Sitramai,34.64837,72.97302
Siwak,31.7384,70.65795
Siwan Kalle,34.38365,71.74641
Siwarth,36.03045,71.77046
Skai Kile,34.32189,71.38571
Skare,33.16245,70.57475
Skha Dand,34.92024,71.70251
Skha Dand,34.42139,71.6475
Skha Darra,33.55456,70.75459
Skha Kuhai,34.78085,71.50633
Skhadhand,33.78899,71.61157
Skuch,36.6202,72.56463
Slaimanai,34.43603,72.73488
Slamir Banda,32.86722,70.98333
Slandoke Kalle,33.76251,70.54979
Slatanr,35.14503,72.31145
Smaisar Banda,35.00108,71.96612
Smal Banda,33.56036,71.08532
Smar Kota,33.67302,70.51695
Smaste,34.96945,72.86247
Smasto Obo,34.79331,73.01735
Smats,35.05861,72.71028
Smats,35.18198,72.56372
Smatzkai,34.80359,72.61858
Sndakai Jaba,34.79694,72.92532
Soar Dhand,33.72926,70.15936
Soba,34.77831,71.41837
Soban Gali,34.16852,73.14994
Sobedar Kalle,34.18448,71.99885
Sobrian,34.52305,73.36626
Sodai,34.98653,71.71445
Sodal,33.35949,71.44263
Sodam Khel,32.70028,70.08278
Soder Khel,32.27481,69.52132
Sodher,34.14403,72.28425
Soghalai,34.75715,71.86802
Soghar,33.90211,70.25789
Sogit,35.46928,72.25613
Soha,34.13511,72.96893
Sohabian,33.86648,73.1873
Sohail Abad,31.8839,70.90198
Sohaila,33.33276,73.68339
Sohailabad,33.99069,71.58687
Sohbatabad,34.25247,71.85917
Sohlan Bala,34.21146,73.12966
Sohlan Tarli,34.212,73.14894
Sohlan Zarin,34.20645,73.14123
Sohni,34.93755,73.72986
Sohoch Danna,34.95667,73.72457
Sohoch Zamlan,34.94423,73.71671
Sohowa,33.76605,72.9222
Sohta,34.10349,72.20115
Soi Darra,33.6653,70.56204
Soi Khel,33.03271,71.029
Soi Pungai,32.61813,69.99795
Soigharhi,34.311,71.56524
Soink,35.04762,73.30675
Sok Banda,35.6524,72.18117
Soka,34.39399,73.25465
Sokai Kalle,34.35475,71.67346
Sokai Kund,34.91167,73.16128
Sokanai,33.90649,70.86626
Sokar,34.46292,73.18575
Sokar,33.85126,73.06847
Sokar,34.67171,72.68623
Sokar,35.00957,72.71966
Sokarkata,35.06848,72.51792
Sokh,33.84171,70.92577
Sokhri,33.7291,71.50386
Sokhta Jadid,34.08659,72.22225
Sokni,34.40982,71.54783
Soko Banda,34.91192,72.74397
Sokra,33.98317,72.67149
Solai,34.5172,72.46734
Solan,34.10499,73.13208
Soldam,35.25662,72.00915
Soldhar,34.58955,73.16896
Solnan,34.148,73.0682
Som Nath,32.87611,70.61528
Somana,33.87846,70.25405
Somar Gul Kalle,33.6195,71.77362
Sombar Gam,35.02468,71.81569
Somiakonr,32.81921,70.07406
Sond,35.16857,72.16463
Song Khula,32.51218,69.76842
Sonia,34.40748,72.76906
Sor,36.44336,72.35151
Sor Kats,33.88311,70.68504
Sor Laspur,36.04784,72.46796
Sor Mor,34.63155,71.78065
Sor Tangi,34.41528,71.64694
Sora Darra,34.14401,73.06823
Sora Garhi,33.66628,70.63047
Sora Lasht,35.94619,71.70497
Sorab Banda,32.64263,70.92513
Soragh,36.3226,72.28741
Sorai,35.23074,72.61556
Sorai,35.21905,72.52078
Sorai,34.59638,71.56465
Sorai,34.76179,72.26091
Sorai,34.62339,71.57303
Sorai Dabira,34.82612,71.98256
Sorai Kas,35.01349,72.64401
Sorai Mela,33.61806,70.23056
Sorai Mela,33.94997,70.23125
Sorain Baihk,35.19502,73.65584
Soraizai Bala,33.94586,71.58941
Soraizai Miana,33.94978,71.59621
Soraizai Payan,33.96182,71.60733
Sorak,33.67742,71.62579
Sorana,34.50582,71.96368
Sorana Khan,32.80749,70.69993
Sore,35.13595,72.63289
Sore,34.84572,72.68555
Sore Dab,34.74297,72.56283
Sorey Dheri,34.16615,72.01666
Sorich,36.6326,72.5621
Sorkhi,33.37483,73.62793
Sorkhi,33.38581,73.61918
Sortai,34.73587,73.04167
Sortop,33.55941,70.92917
Sorum,35.33238,71.68997
Sorwil,36.42163,72.38068
Sosak,35.29091,73.28106
Sosal,34.84274,73.14701
Sosal Serai,34.9424,73.07797
Soujan Khel,32.4355,71.17552
Sowantar,35.38594,72.57811
Sowarian,34.14905,72.10349
Sowarmapur,35.96083,71.74056
Soya,35.06272,72.86113
Sozorum Ghari,36.03936,72.07595
Spa Kili,35.2401,71.80999
Spale Pani,32.49028,69.60472
Spale Panra,32.07227,69.60438
Spalga,32.93122,70.13371
Spalmai,34.22739,71.68869
Spalmai Banda,34.85904,72.32031
Spalno Dheri,34.40605,71.9396
Spankharo,34.79325,71.84676
Spanon Khel,32.72751,69.86237
Spar Banda,34.68869,72.73555
Spargai,34.7863,72.59583
Spargai,34.78815,72.56905
Spe Tangai,34.47101,72.69801
Spedar,35.00182,71.88631
Spedar,33.71993,70.58851
Spedar,33.7373,70.63748
Spedar Banda,34.7341,72.55634
Spedara,33.72686,71.33897
Spedorai,32.57404,69.95365
Spelano Kalle,34.50337,71.25357
Sper Kot,33.56035,70.69617
Spera,34.90847,71.77816
Spera,33.98041,71.34962
Spera Wunai,33.06193,69.69222
Sperah Wanai,33.06382,69.61892
Sperah Wonai,32.52555,69.70028
Sperai,34.99936,72.26554
Sperai Banda,34.75391,72.5928
Sperawune,33.12268,69.7978
Spere Kili,33.02917,70.60667
Spergai,35.10865,72.54737
Sperk,34.63828,72.23411
Sperkai,34.98638,72.51107
Sperkai,33.00176,70.74983
Sperkai Banda,34.93644,72.19492
Sperkai Narai,32.80635,69.5114
Sperki Wala,32.26,69.53889
Spidur Khula,32.76315,69.52469
Spilmai Wam,31.56494,70.17244
Spin,31.47089,70.18115
Spin Ali Banda,33.41303,71.1732
Spin Banda,35.43272,72.45583
Spin Dhand,33.92706,71.38823
Spin Dhand,33.90991,71.47858
Spin Gul Banda,33.18646,70.9321
Spin Kana,33.92525,72.0315
Spin Kani,34.22916,72.3715
Spin Kanrai,34.13513,71.94758
Spin Kanre,33.08262,69.64213
Spin Karai Kalan,33.90876,71.89046
Spin Kas,35.03091,72.64799
Spin Khak,33.86543,71.76736
Spin Kharai,32.53548,69.90596
Spin Khorai,33.52109,71.05996
Spin Kili,33.96831,71.18443
Spin Killa,32.11283,69.67783
Spin Kot,32.59938,69.79279
Spin Kot,34.31181,71.72826
Spin Mian Kalle,34.31163,71.7472
Spin Pair,31.84127,70.13286
Spin Qamar,33.88573,71.38708
Spin Qamar,32.41924,71.18168
Spin Talao,33.92243,71.93011
Spin da Rah,34.22369,71.50459
Spina,33.27477,71.49297
Spina Khaura,34.42167,71.64361
Spina Mela,33.77438,71.295
Spina Mela,32.53752,69.87904
Spina Mela,32.67285,69.9095
Spina Takai,34.37069,72.58273
Spina Warai,34.17674,71.72396
Spinagatta,34.98804,72.36995
Spinah Banda,33.2153,71.26896
Spinawarai,33.60239,71.28651
Spine Obo,34.83782,72.56807
Spinghare,32.46055,70.25546
Spinkai,33.9327,70.68346
Spinkai,34.26481,71.58233
Spinkai,34.35228,72.17176
Spinkai,32.36773,70.08839
Spinkai,32.3588,69.84466
Spinkai Dagarai,32.56084,70.255
Spinkai Dheri,33.88675,71.62356
Spinkai Kalle,33.25098,71.55827
Spinkai Kalle,34.3553,71.63395
Spinkai Raghzai,32.74302,69.51938
Spinkai Salay,33.01248,69.7036
Spinkai Tigga,33.79137,71.41995
Spinkay,34.46556,71.14278
Spinkharo,34.45087,71.70192
Spinkhawa Banda,33.27622,71.58043
Spinkoto Banda,34.93461,72.58267
Spinmazak,32.43778,69.94917
Spino Dheri,33.86338,71.61975
Spino Wori,34.26112,71.78982
Spinwam,33.18078,70.38956
Spira Talao,33.90973,71.73145
Splitoi,32.3825,69.95889
Spo Banda,34.50397,71.57232
Sponi Kalle,32.97284,70.59464
Spu Banda,34.58694,71.7672
Spur Number Four,32.35824,71.26415
Sra Darga,32.91276,70.03211
Sra Dherai,34.97967,71.65179
Sra Kanda,32.41905,69.30803
Sra Laman,35.33912,72.0839
Sra Manza,33.02403,69.59738
Sra Mela,33.6609,70.89052
Sra Qabruna,34.35351,72.30123
Sra Shah,34.93455,71.60699
Sra Toka,32.86877,69.61767
Sracha Pari,33.53409,70.79834
Sraghara,32.31528,69.4
Sraghurgai,33.50748,70.41301
Srakata,33.18967,70.44401
Srakhpa,34.96635,72.67337
Sramkha,34.27224,71.66541
Srikh Banda,34.3024,72.07572
Sro,34.42415,71.35535
Sro Jabai,34.65562,72.40043
Sro Kote,34.61975,72.03635
Sru Koruna,34.5404,71.25463
Staghai,32.45806,69.3025
Stalkot,34.22433,73.37332
Stanadar Ghakhai,34.77284,71.74198
Star Kalle,33.69657,70.7803
Star Karbogha,33.60506,70.98695
Star Kili,33.64194,70.70865
Star Kili,33.71482,70.6967
Star Lalma,33.62559,71.77775
Star Pakha,33.72715,70.51766
Star Patai,33.85441,70.49292
Star Ping,33.07648,70.71814
Stara,35.01204,71.78015
Stara Gharlamai,32.59204,69.95982
Stara Kazha Kalle,32.98466,69.63456
Stara Mela,33.66764,70.8723
Stara Mela,32.395,69.88972
Stara Pakha,33.7247,70.92536
Stara Parsha,32.87168,69.61509
Stara Strum,32.86672,69.61781
Starna Sar,33.56526,70.89159
State Bank Colony,34.00648,71.56249
Station Kalle,34.30484,71.63171
Stor Daini,36.25672,72.51475
Sub Khel,33.16956,70.67935
Suba Derai,34.72658,72.96097
Subahdar Kalle,34.09352,72.21718
Subhan Kalle,34.20738,71.54334
Subhanabad,34.02222,71.51298
Subidar Ilyas Mandark Kalle,32.97219,69.5776
Subidar Nawababad Kalle,33.64317,70.22956
Subra City Colony,34.03631,72.67953
Subra Colony,34.05391,72.69236
Sucha Mela,33.99716,70.048
Suchchi,34.78616,72.94371
Sudai,32.88115,69.60794
Sudaj,33.61398,70.64058
Sudam,34.53175,72.86805
Sudher,34.69474,72.49253
Sufaida,34.46181,73.03152
Sufi Landan,33.30589,70.90241
Sufian,34.63868,73.0038
Sughdar,34.42127,73.38714
Sugiar,34.63196,71.84033
Suhbat Kalle,34.10571,72.07247
Suhbat Kalle,34.069,72.03217
Suhbat Khan Kalle,33.65863,70.19334
Suhbat Khan Kalle,33.30076,70.4143
Suhbat Khan Kalle,34.29969,71.70507
Sui Mela,33.23232,71.70534
Suj Gurtan,35.78148,71.68316
Suji Khan Kili,33.97765,70.92996
Sukaban,34.69767,73.60842
Sukai,32.53914,69.66665
Sukai,34.95977,71.57078
Sukai,35.10839,71.74326
Sukaili,34.22119,72.66873
Sukal,34.30466,72.89654
Sukanai,35.0336,72.09659
Sukar,34.19803,71.65572
Sukar Banda,34.99478,72.73533
Sukarberu,34.19863,71.66102
Sukhichir,34.67088,73.22876
Sukhichir,34.57401,73.23249
Sukhta,34.23359,71.60125
Suki Kinari,34.80017,73.51061
Sukki,34.64081,73.33136
Sukkian,34.68948,73.27801
Sukkian,34.62611,73.29395
Sul Danna,34.63526,73.54999
Sulai,34.66624,71.71573
Sulai,34.60701,71.65806
Sulaiman Banda,34.81185,72.72351
Sulaiman Kalle,33.00411,70.98323
Sulaiman Khel,33.68597,71.01736
Sulaiman Khel,33.92171,71.51064
Sulaiman Khel,32.43272,69.26278
Sulaiman Khel,32.65725,70.53813
Sulaiman Sha,32.52794,69.92138
Sulaiman Takht Ziarat,31.60413,69.98229
Sulaimanabad,34.14194,72.65356
Sulaman Qahwa,32.36472,70.25556
Sulamani,32.80742,69.89342
Suleman Khela,34.7136,71.20857
Sulgi,32.03489,71.05345
Sulial,34.01781,73.49382
Sulo Goshti,36.04201,71.29704
Sultan,33.73103,71.52375
Sultan,33.79314,70.18941
Sultan,34.6119,71.96223
Sultan Garhi,34.05467,72.00606
Sultan Khel,34.36811,71.31789
Sultan Khel,32.66338,71.00962
Sultan Khel,34.08023,71.19434
Sultan Khel,33.62997,71.69794
Sultan Khel,33.58989,71.69873
Sultan Khel Landai,33.78497,70.8161
Sultan Khel Lundi,33.79756,70.81896
Sultan Khelo Banda,35.26326,71.95307
Sultan Koruna,34.1311,71.91899
Sultan Mahmud,32.78991,70.76268
Sultan Mian Garhi,33.7412,71.57461
Sultan Pur,34.04881,73.1334
Sultan Qila,34.02526,71.5453
Sultan Sapar Banda,35.66512,72.19855
Sultana,32.57993,69.82187
Sultanabad,32.83141,70.76354
Sultanabad,32.54079,70.66046
Sultanadad,32.90828,71.03783
Sultanay,34.66874,72.9871
Sultani,32.41611,69.28861
Sultani Adda,33.76327,70.43461
Sultani Kili,34.22833,71.81833
Sultanpur,33.79246,72.84438
Sultanwali,31.40099,70.80917
Sultanwas,34.57115,72.45425
Sultanzai,33.77401,71.1
Sum,34.44044,73.37809
Sum,34.33587,73.01908
Sum Bela,34.58434,73.4615
Sum Sar,35.18141,73.43155
Sumai Jabba,35.58666,72.41867
Sumai Kilile,34.9328,72.2256
Sumanu Kas,34.90195,72.65861
Sumari Bala,33.46335,71.17433
Sumari Payan,33.45485,71.28973
Sumbal,33.97282,73.27299
Sumbaliati,34.01286,73.36006
Sumbul,34.60585,73.17376
Sumega,34.52043,73.2521
Sumi,35.63903,72.92581
Summan,33.8467,73.27063
Summer Bagh,34.95432,71.68644
Sumnohi,33.93273,73.33355
Sun,34.53867,73.25024
Suna,35.33029,71.95154
Sunai,35.07579,71.5952
Sunai Banda,35.10476,71.58431
Sunari,34.26823,73.13244
Sunaru Goshti,36.08736,71.29701
Sund Derai,34.80095,72.39822
Sunda Maira,33.98481,73.00686
Sundal,35.04794,72.11247
Sundar,35.03818,72.11547
Sundar Ban,34.07919,73.40901
Sundara,34.46075,71.41218
Sundi,34.63642,73.26471
Sundi Gali,34.63785,73.26259
Sundia,34.74634,72.74258
Sundimar,34.97649,72.48576
Sundrai,35.40523,72.07209
Sundraul,35.12392,71.82367
Sungai Khel,33.82315,70.66301
Suni Kalle,34.18852,71.81838
Sunitz,36.0629,71.76429
Sunj,34.503,72.93615
Sunsala,34.26069,72.94313
Sunuk,34.10327,72.83488
Supal Banda,34.69779,72.35826
Supalmai Kanda,34.22869,71.49678
Super Spar,34.12617,71.44344
Supergai,35.09586,72.17867
Supruna,34.09164,72.25823
Sur,35.35045,73.11562
Sur,33.33705,70.56411
Sur Baghal,33.65306,70.95665
Sur Chakhai,33.66393,71.02603
Sur Dand,33.86283,71.23329
Sur Derai,34.86347,72.5568
Sur Dhand,33.90919,71.32171
Sur Jungle,33.86575,70.32931
Sur Kach,31.83675,70.04081
Sur Kamar,34.69859,72.80087
Sur Kamar,34.00316,71.32959
Sur Kamar,34.46279,72.69786
Sur Kamar,34.3905,71.77407
Sur Kand,35.0898,72.31885
Sur Kankhai,33.67881,70.71594
Sur Kanrai,33.68141,70.73537
Sur Kas,33.91992,71.38977
Sur Khatki,34.15138,71.82082
Sur Khaurai,33.90056,70.3131
Sur Kili,33.84253,70.76677
Sur Lakka,33.59706,70.84296
Sur Lung,33.64825,70.96605
Sur Momai,32.86604,69.62255
Sur Oamar,33.27944,70.8333
Sur Pul,34.33521,72.12154
Sur Talao,33.83257,71.50714
Sur Tangai,34.55086,71.47104
Sur Tapun,33.76911,70.52607
Sur Toi,33.05027,69.65334
Sur Top,33.57985,70.93255
Sura,34.38791,72.54847
Sura Khel,32.53762,69.67157
Surabai,34.506,72.85462
Surai Tangai,34.8056,72.56107
Suraidand,34.54671,72.61364
Surain,35.53116,71.85085
Suraj Gali,33.8298,72.9092
Surak,33.673,71.62197
Suran Khel,33.91193,70.87598
Surani,34.9499,71.66654
Surani Khel,33.01883,70.63748
Surapo Manzai,35.02244,71.74539
Surara Azam Khan,34.14526,71.84522
Surat Khan Kalle,32.5804,70.39023
Suratai,33.7654,70.70835
Surban,34.74165,73.42141
Surban,34.64623,73.25467
Surbanai Banda,34.78348,72.73665
Surbani,34.76068,72.48717
Surbat,35.22458,72.56712
Surbat,34.72938,71.56924
Surbat,34.91851,72.3409
Surbat Bala,35.13064,71.8411
Surbat Payan,35.13889,71.84907
Surdag,34.65387,71.21839
Surdag,34.38005,71.31582
Surdag,34.58542,71.44414
Surdag,34.59,71.37558
Surdag,33.10936,70.92686
Surdag,34.41223,71.25912
Surdage,34.64509,71.26164
Surdagi Banda,32.94045,71.04386
Surdam,35.08498,71.88068
Surgah,34.59312,72.7786
Surgai,34.75074,71.26323
Surgai,34.77215,73.02293
Surgai,35.06396,72.25881
Surgaliai,34.75965,72.21945
Surgul,33.51005,71.38425
Suri Dheri,34.70051,73.44911
Suri Malandr,34.39943,72.34432
Suria Khel,34.00178,72.08361
Suria Khel,33.90359,72.00012
Surian,34.67067,73.56483
Surkamand,32.87583,70.74139
Surkamand,32.88861,70.63944
Surkamar,35.02345,72.48862
Surkamar Dher,34.05369,72.03234
Surkas,33.88834,70.73076
Surkawai Banda,34.62143,71.7353
Surke Bano,34.50575,71.71326
Surkh Dheri,34.13946,72.02309
Surkh Dheri,34.29504,72.24225
Surkh Palhur,34.68872,72.32103
Surkhabai,34.3442,72.34689
Surkhawi,33.77008,71.691
Surkzai,31.83596,70.04617
Surlandai,34.77252,71.64958
Surmai,34.35472,72.31667
Surmai,34.62455,73.56103
Surmai,33.58706,70.61691
Surmaian,34.85007,73.60939
Surmal,34.36003,72.32033
Surmal,33.97525,73.43382
Surmalo Kandao,33.55083,70.82387
Surmul,34.55106,72.83613
Surmul,34.5686,72.82242
Surni,34.27871,72.89415
Suro Kalle,35.09469,71.62174
Suro Khel,32.16909,71.00709
Sursara,33.73888,70.56219
Sursurang Kili,33.9412,69.88861
Surti Kalle,33.05693,70.99545
Surwahrth,36.4229,72.3563
Surwai,34.45297,73.38045
Sus Subai,34.34231,71.86731
Susal,34.85391,73.58615
Susal,34.41981,73.10512
Suslem Banda,32.86667,71.03333
Susum,36.09501,71.83748
Sutakhandah,35.75525,71.79692
Sutann,35.10812,72.53074
Sutanr,35.10505,72.52328
Sutian Kalle,32.10255,69.38552
Sutmara,34.8055,71.56211
Sutmara,34.14063,71.82388
Suwai,34.53923,72.83917
Suwansar Kall,35.04763,71.65297
Suwar Satil,35.163,73.01881
Suyal,35.42889,73.18865
Swabi,34.12018,72.46982
Swakai,32.53798,69.82666
Swara Ghundai,34.92408,71.7236
Swarai Chorpunari,34.9278,72.22127
Swari Dag,33.04224,70.69502
Swarogal,35.01809,71.76996
Swat,35.37925,72.17562
Swata,35.20097,72.18857
Swatai,35.06076,72.26234
Swati,35.19733,72.18886
Swati,33.98066,71.53057
Swati Gate,33.98389,71.53132
Swato,34.21156,71.89678
Swato,34.20977,71.87985
Swato Banda,34.64115,71.99741
Swato Kalle,34.36046,71.7801
Sweri Banda,33.28251,71.41426
Sweri Kili,33.64603,70.6116
Sweri Mela,33.63723,71.0736
Swir,35.51639,71.74198
Swir Lasht,35.50652,71.73501
Syed Khalil Baba,33.79203,71.05475
Syedabad,35.6963,71.7695
Syedabad,34.19451,72.41479
Syedan Kili,33.8082,71.08881
Sāsīdu Dheri,34.17361,72.29167
T & T Colony,34.02398,71.56671
T & T Colony,34.01225,71.56691
T and T Colony,34.02671,71.53653
TRO Colony,34.0121,72.67259
Tabai,33.82865,70.75072
Tabai,33.62602,70.73578
Tabai,33.98908,70.98324
Tabai,33.83865,70.46476
Tabai,34.80737,71.59744
Tabai,34.89727,71.81511
Tabai Tangai,33.90203,70.31953
Tabai Tol Khel,33.06262,70.06536
Tabar Lasto,35.21219,71.76311
Tabbarwala,33.20051,71.58456
Tabbi Murad,32.45665,70.72615
Tabere Banda,34.35154,72.35944
Tabi,33.55716,70.86507
Tabi Galeshi,32.61935,69.93781
Tabogai,34.54146,71.53485
Taboi,35.10898,73.0337
Tabībāno Dheri,34.19444,72.28333
Tagha,33.06337,69.61278
Tagha,34.93037,72.98126
Tagha Banda,34.69722,72.99132
Tagha Mela,33.72603,70.99307
Tagha Sam,33.73648,70.86319
Taghan,34.81638,72.49453
Taghane,33.74033,70.76323
Tagheli,36.07588,71.96892
Taghikai,33.08883,69.61535
Taghikai Kili,32.70319,69.98624
Taghma,34.89398,72.27922
Taghuai,33.82201,70.50114
Taghuna,33.81638,70.49425
Tahangar,34.62448,73.4033
Tahir Qala,34.15667,71.55733
Tahkal Bala,34.01147,71.5073
Tahkal Payan,34.01235,71.52195
Tahli,34.12645,72.82078
Tahli,34.13594,72.99067
Tahli,33.80219,72.97871
Tahsil,33.11759,71.10423
Tahsil,32.30195,69.5779
Tahsil,34.5049,72.4655
Tahsil,34.00972,71.9825
Taib Khel,33.61543,71.6016
Taibana Kalle,34.22845,71.80387
Taida,33.8091,70.09517
Taikan,31.82261,70.81787
Taiker,35.66277,73.15633
Taikonra,33.1627,70.89144
Taikri Patai,33.58337,70.44168
Taila Band,33.85892,71.63815
Taila Band,33.87267,71.64614
Taimal Tarash,34.77528,71.5169
Taimar Pura,34.03978,71.6841
Tain,33.93554,73.3582
Tair,34.09575,73.01202
Tairahi,34.61284,71.15384
Tairai Bala,34.05361,71.53286
Tairo,34.87475,72.9118
Taitara,34.24194,71.81333
Taj,31.76249,70.63542
Taj Muhammad Garhi,34.08522,71.47889
Taj Muhammad Khan,32.81011,70.71541
Taj Muhammad Khan Koruna,34.30667,71.70361
Taja,34.29402,72.30398
Tajabad,33.81338,72.1519
Tajabad,33.99109,71.46701
Tajak Colony,33.91202,70.12505
Tajak Koruna,34.10237,71.84715
Tajakka,33.72318,70.73648
Tajal,34.41759,73.17739
Tajao Musamat Khanu,33.56401,71.57443
Tajar Bela,34.94059,72.35352
Tajazai,32.62692,70.76587
Tajazai Banda,32.66944,70.79278
Tajbi Khel,32.68596,70.48789
Taji Kalle,34.27403,71.86485
Taji Kalle,32.91412,70.68556
Taji Kalle Ghaza,32.91875,70.69326
Tajko,34.37068,72.28124
Tajkru,35.72924,71.97102
Tajo,33.85673,70.53035
Tajori,32.62621,70.58218
Tajori,32.311,70.49697
Tajri,31.73118,70.03817
Tajwal,34.014,73.34748
Tajwal Utli,34.01207,73.35429
Tak,35.20264,71.80675
Tak Banda,35.17102,72.28444
Taka,34.31891,73.40013
Takai,35.09582,72.63043
Takai,32.61689,70.01978
Takai,32.65691,70.06413
Takai,35.57162,72.52137
Takai,33.91969,70.15028
Takai,34.95809,72.8274
Takai Banda,35.09571,72.58562
Takai Bhek,35.54261,72.8819
Takail,34.19702,72.65387
Takal,32.80791,69.50759
Takanr,35.1866,72.51887
Takar,34.40093,71.96633
Takar,34.6308,73.25698
Takaran,34.75157,73.25248
Takari,34.6668,73.32255
Takaro,34.59877,71.51115
Takatak,34.91534,71.80667
Takh,35.12617,72.72591
Takhargai,32.60936,69.98957
Takhat-e-Nusrati,33.00489,71.08383
Takhmidabad,34.13869,71.93811
Takht,33.33097,71.35363
Takht,34.69304,71.56731
Takht,35.02652,72.86208
Takht Bai,34.28194,71.92833
Takht Kandao,34.67523,71.57919
Takhta,34.8061,72.92986
Takhta Band,34.23197,72.29
Takhtabad,34.11635,71.5573
Takhtabad Payan,34.10846,71.54771
Takhtaband,34.77883,72.31682
Takhtaband,34.47664,72.50842
Takhtaband,35.18344,72.56598
Takhtabanj Banda,35.01619,71.90376
Takhtai,33.7165,70.58596
Takhtak,33.83824,70.4497
Takhtak,33.78799,70.5176
Takhtak,33.75789,71.03919
Takhtao,35.21372,72.87714
Takhte,33.82879,70.47522
Takhto,34.59483,71.12821
Takhto Banda,35.21714,72.86313
Takhto Banda,33.29744,70.86957
Takhto Bela,35.23484,72.41909
Takhto Kalri,34.23374,71.81305
Takhto Manzai,34.91889,71.54528
Takhtobil,35.09217,72.27891
Takhtu,34.36968,72.44749
Takhtuk,33.66196,70.90224
Taki,35.53836,73.05078
Taki Banda,35.39639,73.09472
Takia,34.36555,73.08592
Takia,34.43955,73.19851
Takia,34.48313,72.92546
Takia,34.57397,73.08078
Takia Shaikhan,34.05569,73.22833
Takia Sheikhan,34.16875,73.2215
Takiasar,34.93527,72.97444
Takikki Banda,34.91394,73.12222
Takkai Banda,35.52686,72.36526
Takkar,34.28832,71.89735
Takki,34.77363,73.667
Takkia,34.68636,72.80681
Tako Banda,35.27534,71.93228
Takot,34.77937,72.92848
Takran,34.73013,73.31761
Takredi Gali,34.18562,73.35492
Takur,34.87103,71.74205
Takura,34.82885,71.63314
Takwara,32.14381,70.62737
Takya,33.98657,71.59884
Tal,34.91334,72.21671
Tal,34.95206,71.76806
Tal,32.93764,70.10514
Tala,34.54632,72.64717
Tala Khanwala,32.37918,71.19415
Talab,35.09593,72.51231
Talab Ali Khel,32.76064,70.4262
Talab Band,32.31667,71.16667
Talab Shah,32.98371,70.64114
Talab Yousuf Khan Kalle,34.10115,71.88843
Talagai Kalagay,35.15133,72.53799
Talai,34.81219,71.55079
Talai,33.72006,70.80251
Talai,33.71078,70.55475
Talai,33.88028,70.34847
Talai,33.71107,70.70861
Talai Budhe Shah Gharbi,31.50555,70.55016
Talakai,32.71458,69.78082
Talang,34.60992,72.15009
Talao,35.06847,72.13213
Talao,34.43698,71.55442
Talao Banda,35.28089,71.73528
Talao Kalle,34.09509,72.14804
Talao Kas,35.38247,71.94286
Talar,35.53342,72.09424
Talar Kas,32.38028,69.72417
Talash,34.74092,71.87838
Talaum,33.11769,70.56478
Talaum,33.12262,70.57343
Talba,35.20619,72.54609
Talborai,34.61149,72.63112
Tale,33.94123,70.26771
Talgi,32.28,70.91462
Talhad,34.11198,73.05298
Talhatta,34.44641,73.36148
Tali,34.22092,72.67819
Tali,34.24657,73.11844
Tali Gare,33.64158,71.09781
Tali bat,34.13958,73.28627
Taliala,34.12842,72.99183
Talian,34.45291,73.00307
Talian,34.44045,72.98616
Talian,34.14825,73.0929
Taliari,34.38638,73.04264
Talib Kalle,34.20332,71.90723
Talib Khel,34.10856,71.18209
Talib Khel Mela,33.18373,71.70543
Talkandi,34.26985,73.38772
Talkar,34.97,72.26547
Tallah Kadah,33.4668,71.88954
Talni Gali,34.07039,73.31262
Talo,35.09647,71.93101
Talo Ware,32.85058,70.04694
Talokar,33.98521,72.9415
Taloshai,35.18472,72.51528
Talpaka,33.71173,70.52907
Talpaka,33.6876,70.52472
Talpanai,34.39851,72.65503
Taltai Dotani,32.18283,69.601
Talun,34.79162,72.8653
Talunoroai,35.1981,73.47256
Talwari,34.58104,73.00592
Tamai,34.67592,73.0484
Tamaku,34.60612,72.58712
Tamas Khan Koruna,34.32386,71.93316
Tamas Kili,34.22846,71.24166
Tambagat,34.80673,72.55645
Tambah,34.49447,73.27362
Tambal Shah,34.58111,71.93123
Tambar Khhola,34.37848,73.16246
Tambe,33.73301,70.91407
Tambol,34.63274,73.27805
Tambol,34.68301,73.27438
Tambolak,34.25079,71.87109
Tambolak Kalle,34.24828,72.08778
Tambolak Kalle,34.16967,72.02067
Tamborari,34.65503,73.40755
Tambu,33.79726,70.59268
Tami,34.60053,73.31632
Tami,34.51003,73.30873
Tamis Banda,33.51956,71.01693
Tamman Khatar,33.84595,73.19438
Tamnala,34.30524,73.02828
Tamnala Pain,34.29744,73.01413
Tamra,34.34948,72.91351
Tamre Oba,32.83267,69.93935
Tamtai,34.98857,71.63703
Tamunaik,35.75126,71.78199
Tamuza Khula,32.86433,69.61793
Tanai,32.20816,69.67742
Tanai,34.77298,71.43906
Tanai,35.11005,71.84613
Tanak Kalle,33.07796,70.78417
Tanaki Banda,33.32261,71.32523
Tanakki,34.09334,73.18733
Tanarah Manzai Banda,34.66709,71.56884
Tanarak,33.88456,70.29981
Tanazgah,35.38015,72.60493
Tand,34.59679,71.64863
Tand,34.54755,71.53511
Tand,34.6202,71.71947
Tand Khula,33.85143,70.78659
Tanda,33.9923,73.34934
Tanda,33.78468,70.8057
Tanda,33.78264,71.00496
Tanda,34.48407,73.25804
Tandai,33.6881,70.51235
Tandai,33.8105,71.49035
Tandai,33.24785,70.48525
Tandai,33.85774,71.36717
Tandai,34.84376,71.59842
Tandai,33.82874,70.99444
Tandai,33.67831,70.60468
Tandao,33.76785,70.51499
Tandara Kalan,34.19307,73.04594
Tandarano Kalle,34.32782,71.7316
Tandarkon,35.399,72.05509
Tandaro,35.24022,72.35521
Tande Obo,33.15477,70.12408
Tandi Bash Khel,33.64936,71.52243
Tandi Kalle and Ferozi Mela,33.6815,71.53818
Tandial,34.56822,73.0223
Tandiwal,33.6079,71.71997
Tandki,34.4694,72.96638
Tando Kalle,33.6946,70.31531
Tandobai,32.40917,69.26639
Tandoka,34.92657,71.50398
Tandoka,34.90518,71.55221
Tandol,34.88374,73.00178
Tandora,33.36852,70.53959
Tandu,34.52719,72.94691
Tandula,34.10795,72.83791
Tandur Gandao,33.91992,70.23763
Tang,36.55701,72.4787
Tang,33.67209,70.9019
Tang,33.65435,70.6846
Tang,32.93293,69.75482
Tang Darra,34.03185,72.77377
Tang Kalle,33.71277,70.81008
Tang Khata,34.72326,71.45691
Tang Walwast,31.47295,70.02079
Tanga,34.59361,71.19126
Tanga,35.13387,72.51678
Tanga,33.97019,71.3295
Tanga,33.96794,71.17272
Tanga Banda,34.85866,72.89849
Tanga Darra,32.63463,69.79694
Tanga Khulla,33.67281,71.83477
Tanga Mela,33.78916,71.26443
Tanga Piran,33.73436,71.9602
Tangai,33.92124,70.86365
Tangai,34.81985,71.90975
Tangai,33.90568,70.12143
Tangai,34.74018,71.72531
Tangai,34.82006,71.88108
Tangai,35.071,72.11196
Tangai,34.6038,72.98823
Tangai,34.82487,71.73512
Tangai,34.8067,72.64609
Tangai,34.57844,73.03371
Tangai,34.56288,71.25159
Tangai,34.76986,71.37103
Tangai,35.11982,73.08604
Tangai,33.59847,70.30711
Tangai,34.57612,72.31226
Tangai,34.9348,71.72389
Tangai,34.64511,72.63907
Tangai,33.1611,70.5768
Tangai,34.6067,71.52197
Tangai,32.61542,69.95845
Tangai,34.79605,71.68436
Tangai,34.87256,72.56077
Tangai,35.00008,72.09601
Tangai,33.77998,70.81842
Tangai,34.6232,73.38466
Tangai Bala,34.65404,71.92427
Tangai Banda,35.14608,72.64787
Tangai Banda,34.6392,71.57091
Tangai Banda,35.02062,72.52164
Tangai Banda,34.89194,72.21378
Tangai Baro Khel,34.43613,71.35899
Tangai Dechgan,34.6071,71.11081
Tangai Imar Khel,32.62468,69.92302
Tangai Kandao,35.01329,72.52797
Tangai Loe Kalle,34.79109,71.50549
Tangai Maidan,34.61745,72.97619
Tangai Patonai,32.6531,69.89035
Tangai Sanni Khel,33.14211,70.60474
Tangai Sar,34.66936,72.63166
Tangal,34.93996,72.65281
Tangal,35.70176,71.94053
Tangal Banda,34.65858,72.60535
Tangal Gora Rezh,35.71497,71.9008
Tanganun,35.16762,72.52058
Tangar,34.94635,71.7776
Tangar,35.02488,71.81578
Tangar,35.13824,72.55037
Tangar,35.06184,72.32586
Tangarai,33.02057,69.51651
Tangarai,32.52449,69.73589
Tangarai,32.55315,69.82515
Tangarai,33.03333,69.66667
Tangarai,32.72416,69.76285
Tangarian,34.39384,73.28919
Tangaru,33.91845,72.13206
Tangazai Banda,33.05476,70.97418
Tangbanr,34.908,72.38089
Tange,34.53108,72.47264
Tange,33.0647,70.15838
Tange Bala,34.99646,71.70809
Tanger,33.88421,73.27045
Tangho,34.38537,72.417
Tangi,33.9469,72.00517
Tangi,33.95681,71.2934
Tangi,34.3009,71.65238
Tangi,34.56822,71.74113
Tangi Banda,33.51797,70.88426
Tangi Banda,33.52017,71.43351
Tangi Banda,33.31008,71.69138
Tangi Banda,34.77878,71.9499
Tangi Banda,34.31444,71.61806
Tangi Barangola,34.66046,71.92386
Tangi Dak,33.21772,70.89642
Tangi Kohna,31.57243,70.19202
Tangi Kuhna,31.55833,70.18333
Tangi Qureshan,32.37778,69.7725
Tangi Sar,31.80941,69.99061
Tangi Tal,33.73589,70.79628
Tangi Tsat Khel,32.38667,69.75167
Tangi-Bagre,34.61897,72.95651
Tangial Banda,34.69532,72.77743
Tangiwala Koruna,34.26069,71.64962
Tanglai,34.49217,73.15894
Tango,34.96131,72.57394
Tango,34.70508,72.41287
Tango,34.98044,72.64162
Tango Banda,34.60881,72.59843
Tango Darra,33.86058,70.8594
Tango Kandao,34.87448,72.08676
Tango Kile,34.28047,71.34935
Tango Manz Banda,34.71545,72.60883
Tangole,34.20616,73.29347
Tangor,34.66943,72.69362
Tangora,34.58561,72.64383
Tangorai,34.59668,71.6261
Tangorai,34.29014,72.64062
Tangri,34.53205,73.38451
Tangrre,32.98039,69.67283
Tangsan,34.65758,73.46479
Tangu,33.88419,70.81154
Tangu,35.08998,71.65402
Tangu,34.87066,71.59768
Tangu Banda,34.9241,72.17111
Tangu Dherai,34.95799,71.84735
Tangulagh,34.81457,72.00164
Tangwal,32.22775,71.11404
Tangwan,34.85413,73.02531
Tanibagat,35.06648,72.26411
Tank,32.21707,70.38315
Tankai Koruna,34.05051,71.84492
Tanna,33.49964,70.57037
Tanna,34.27615,73.22234
Tano,33.99618,72.32299
Tano Dheri,33.97542,72.31563
Tanoha Khanan,34.4237,73.00032
Tanotudgai,34.09291,71.93605
Tanrrai Bibi Star,32.96679,69.57692
Tanrrai Kalle,32.96195,69.57788
Tanta Banda,34.6479,72.47245
Tanur,34.38953,72.42252
Taogshot Banda,34.98265,72.75712
Taoso,34.94918,71.75975
Taozai Banda,33.4885,70.93443
Taozai Banda,33.49889,70.94171
Tap,34.74827,72.52467
Tap Takhti Khel,32.80457,70.64782
Tapa,34.12983,73.39685
Tapa Khhan Khurd,34.09379,73.4675
Tapa Khhan Kolan,34.09962,73.43383
Tapakai,33.16197,70.19771
Tapakki,33.74826,70.28402
Tapanai,33.76782,70.69052
Tapande,35.35332,72.09254
Tapar Banda,34.8516,72.89727
Tapar Punga,32.3821,69.907
Tapi Kanda,33.08789,71.08352
Tapla,34.92141,72.62306
Tapparghai,32.52823,69.81344
Tappi,33.11371,71.08165
Tappi,32.94741,70.14781
Tappi,32.6009,69.78826
Tappi Bagizai,33.53907,71.4642
Tapra,34.00243,73.33201
Tapra,34.91903,72.37053
Tapri Bazar,33.98211,71.07721
Tapu,33.83059,70.39024
Tapu,34.06005,71.59229
Tapu Kalle,33.83102,70.12734
Tapu Kalle,33.6894,70.79272
Tapu Kili,33.77947,71.38134
Tapu Koruna,34.16132,71.45638
Tapu Nakka,33.60649,70.87724
Tapu Sardar,34.18214,71.48199
Tapugan,33.78056,70.68936
Tapur,34.96579,71.91414
Taqai,34.69194,72.31916
Taqipur,33.10988,73.6711
Tar,34.58206,71.61729
Tar Kamar,35.00838,72.63363
Tar Khan,31.46472,70.48361
Tar Khawah,33.20388,71.17618
Tar Khel,33.88165,72.09381
Tar Khol,33.85375,72.10674
Tar Nao,33.88768,70.37226
Tara,34.13066,73.24593
Tara Kadah,33.79345,71.27149
Tara Kili,33.91591,70.84619
Tarag,34.25003,72.54723
Taragat,34.69546,72.3841
Tarai,33.59732,71.08828
Tarai,32.8831,70.01345
Tarai,33.85731,71.20198
Tarai,34.78211,71.78995
Tarai,34.64151,72.00595
Tarai Kili,33.61828,71.76888
Tarai Payan,34.04664,71.53564
Tarakai,34.18802,72.32528
Tarakai,34.38117,71.60335
Tarakai,32.49,69.83361
Tarakai Ghakhai,34.33051,71.57911
Tarakai Mela,32.93019,70.03414
Tarakai Raghzai,33.2127,70.70673
Tarakai Tangai,34.52789,71.24512
Taraki Kalle,33.6213,71.76146
Tarala,33.88808,73.11036
Tarala,33.84946,73.23292
Tarala,34.8331,71.57245
Taralai,33.73721,70.3999
Taralai,34.50352,72.71524
Taralla Banda,35.11142,72.91953
Taran,32.27028,69.57722
Taran,34.93145,71.54092
Tarana,34.23179,73.23905
Tarana Gali,34.23844,73.24666
Tarangar,34.939,73.65493
Taranghat,34.95783,73.66533
Tarangi,33.7102,70.9288
Tarangri Bala,34.44296,73.16315
Tarangri Pain,34.43674,73.16034
Tarano,34.92177,72.27684
Taraorai,34.5233,72.99892
Taraorai,34.98918,72.08032
Tarap,32.50846,70.17686
Tarapi,34.29775,73.06789
Tarapoi,34.17222,72.35
Tarari,34.04571,73.49312
Tarari,34.34725,72.91104
Taras,34.56681,71.49963
Tarazzam,32.8475,70.5806
Tarbatta,33.55311,70.72905
Tarbela,34.1262,72.81018
Tarbela Dam,34.08972,72.69833
Tarbori,34.32398,72.97595
Tarbui,34.83274,73.20842
Tare Kili,33.81517,71.08712
Tareda,34.3845,73.35553
Tarehri,34.32353,73.01744
Tarel,35.26824,72.59675
Tareri,34.26298,73.32996
Tareri,34.42005,73.33657
Tareri,34.49556,73.38043
Tareri,34.56436,73.05308
Tareri,34.3558,73.11363
Targ Kili,33.54486,70.90864
Targadai,32.4925,69.86972
Targhai Banda,33.21302,70.94262
Targho,33.72926,70.71772
Tarha Bala,34.42001,73.16277
Tarha Pain,34.41621,73.15774
Tarhadda,34.1874,73.12804
Tarhaki,34.34023,73.06668
Tarhana,34.23519,73.26174
Tarhat,34.20882,73.38074
Tarhat,33.90192,73.32548
Tarhatti,34.18044,73.44245
Tarher Sahoch,34.95176,73.74056
Tari,33.728,70.79169
Tari Banda,33.39863,70.88809
Tari Khel,32.595,70.59697
Tari Tang,33.78297,70.53542
Tarich,34.23137,73.47611
Tarikai,32.48529,70.28186
Tarila,34.25723,73.11275
Tariman,33.94872,73.2564
Tarimbar,34.34622,72.90819
Tarimkan,33.85668,73.0362
Tarin,31.50219,70.42488
Tarinabad,34.0784,71.89018
Tarinabad,34.17125,72.28706
Tarinan,34.34578,72.66659
Tariqa,34.57719,72.75056
Tariqabad,34.1686,71.766
Tariqabad,34.29827,72.19727
Tariqabad,31.81671,70.89385
Tariza Mela,32.52889,70.19889
Tarja,35.18114,72.45763
Tarka,32.94954,69.90331
Tarkai,33.95144,71.9044
Tarkai Ghundai,34.52534,71.29183
Tarkan,35.52641,73.1705
Tarkan,35.33455,72.90308
Tarkan,32.73093,70.59909
Tarkan Banda,35.59797,73.17299
Tarkana,35.09571,72.74451
Tarkana,34.82023,73.22798
Tarkana,35.30022,72.73083
Tarkana,35.55364,72.09931
Tarkana,34.60141,72.87282
Tarkana Banda,35.30753,72.55455
Tarkana Banda,35.2918,72.71199
Tarkana Banda,35.27887,72.55288
Tarkana Darra,35.23095,72.33782
Tarkanal,34.51376,73.25796
Tarkani,34.89341,72.31285
Tarkanna,34.7704,73.62971
Tarkanna,34.7999,73.64391
Tarkanna,34.66356,73.35467
Tarkha,33.58574,70.73757
Tarkha,34.18646,71.70487
Tarkha,34.04657,71.74151
Tarkha,34.15982,71.62311
Tarkha Bazi Khel,32.79667,70.70794
Tarkha China,35.03294,71.68892
Tarkha Kalle,32.59428,70.4573
Tarkha Khui,33.158,71.18933
Tarkha Khui,33.13568,71.21232
Tarkhan Banda,34.45288,72.95271
Tarkhanan,32.82158,70.5345
Tarkhandi Ban,34.02046,72.99182
Tarkhe,33.16008,71.39514
Tarkhe Oba,33.1291,70.7007
Tarkhiwala,32.9199,70.72057
Tarkhiwala Fazl Shah,32.91722,70.72917
Tarkho Kas,33.90976,70.85081
Tarkho Sam,33.78745,71.09024
Tarkhobai,32.48971,70.25548
Tarkhobai,33.26833,70.49951
Tarkhobi,33.58884,71.82917
Tarkhosam,33.74255,70.4284
Tarki Khel,33.81994,70.6683
Tarkibal,33.17742,71.6208
Tarkoplo,35.04374,71.95897
Tarkwali,35.78149,71.65062
Tarla Banda,34.56643,73.3364
Tarla Chapper,34.55518,73.10997
Tarla Khetar,34.25929,73.45288
Tarla Khhan,34.56312,73.16103
Tarla Kore Nakka,34.61825,73.58202
Tarla Mair,34.11604,73.16085
Tarla Mana,34.60321,73.45807
Tarla Sangra,34.02004,73.21413
Tarlai,34.76079,72.88274
Tarlajar,35.0093,73.95195
Tarli Anni Shungi,34.60892,73.5731
Tarli Burj,34.61265,73.55125
Tarli Dali,34.68536,73.47519
Tarli Dhok,34.25806,73.35547
Tarli Seri,34.97178,73.92838
Tarli Seri,34.74008,73.63468
Tarlian Parkhaian,34.34718,73.08701
Tarmahang,34.32609,72.97998
Tarmakki,33.75994,72.92485
Tarmand,32.30028,70.04965
Tarmang,34.38013,72.89041
Tarmathian,34.03084,73.48468
Tarmi,34.45286,73.13757
Tarmira,33.83456,70.47201
Tarmura,32.90116,69.62153
Tarnab,34.00391,71.69922
Tarnab,34.22002,71.68116
Tarnab,34.25569,71.60146
Tarnab,33.51195,70.69658
Tarnai Khwar,33.76031,71.73356
Tarnao,34.72054,72.94087
Tarnao,34.60518,73.06035
Tarnao,33.09604,70.55407
Tarnao Naya,34.76435,72.09351
Tarnao Viran,34.77003,72.09596
Tarnaosar,34.9567,71.73184
Tarnaugo,35.04491,71.94657
Tarnawa,33.78841,72.89957
Tarnawai,34.35756,73.33734
Tarnawai,34.27088,73.29695
Tarnin,34.40307,73.23284
Taro Kili,34.22251,71.23245
Taro Kili,33.74648,71.03967
Taro Pattai,33.80894,70.3305
Tarogai,34.92759,72.55171
Taroi,33.9414,73.32208
Taronna,34.49833,73.35546
Taror,33.93476,73.32123
Tarorghare,35.35469,72.26703
Tarpakhi,34.10272,72.77044
Tarpatar,35.15934,72.09501
Tarpaya Gali,34.28286,73.45416
Tarpuncha,33.72361,70.7665
Tarra,33.92508,70.96108
Tarra,34.47074,71.26605
Tarrai,34.43644,73.22765
Tarrkha Kalle,34.10118,72.23949
Tars,34.66756,71.28316
Tarserai,34.70433,72.68756
Tarsul,34.05717,73.32163
Tartoru,34.2415,72.09713
Taru,34.01282,71.72556
Taru Jabba,34.01059,71.72373
Taru Khel,32.68599,70.82164
Taru Talao,33.89531,71.59616
Tarunai,33.74549,71.72501
Tarunj,34.75545,72.91218
Taruri,33.95083,73.17531
Tarut Baihk,35.08578,73.77737
Tarwa Bera,33.32881,71.58192
Tarwai,34.54497,73.0015
Tarwam Sar Kalle,32.58883,70.43373
Tasa Khel,33.65962,70.77533
Tash Qand,34.15816,72.55954
Tashaand,34.3429,72.28566
Tashkar,36.05448,71.82185
Taslur Mukhai,33.79653,70.90199
Taspanrai,35.17915,72.5869
Tasparah,33.62929,71.68926
Tat,35.22214,72.5709
Tatai,34.8235,71.58059
Tatai,32.58094,69.82855
Tatai Palosa,32.52979,70.29586
Tatang,33.68776,70.46914
Tatang Darra,33.70215,70.49243
Tatar,34.96732,71.70165
Tatar Bala,34.46299,73.09556
Tatar Khanai,34.45206,73.11292
Tatar Khel,32.93908,70.73074
Tatar Saiyidan,34.4546,73.11281
Tatarin,34.46143,71.5366
Tatholi,34.28999,72.91199
Tatogram,34.9594,72.05
Tatogram Serai,34.96925,72.0729
Tatoli,34.54114,73.01216
Tator,32.23787,70.32471
Tatra Colony,34.01879,71.49421
Tatrlla,34.04081,73.33496
Tatryar,35.08817,73.06861
Tatta Pani,34.187,73.45832
Tatta Wanda Bashi Khel,32.49463,70.78723
Tattai Wah Banda,32.49823,71.19721
Tatti Palosa,32.59184,70.34841
Tauda,34.33265,72.19618
Tauda China,34.64736,71.80723
Tauda China,33.00472,69.65552
Tauda China,33.56491,70.41537
Tauda China,34.53581,72.42978
Tauda China,33.49355,70.36636
Tauda China,32.79131,70.33418
Tauda China Khula,32.61494,69.84369
Taudar Oho,35.06944,72.50278
Tauhid Colony,33.99938,71.60275
Tauhidabad,34.7266,71.67496
Tauhidabad,34.02587,73.37961
Tauhidabad,34.72686,71.48984
Tauhidabad,34.15633,72.33169
Tauhidubad,34.13791,72.52198
Taulandai,34.28412,71.61754
Taunde Gare,33.7003,71.11597
Tawa,34.79581,72.67995
Tawab Shah Koroona,34.13795,71.7973
Tawanai,34.16836,71.661
Tawao,35.54776,72.89459
Tawaun,34.86023,72.51854
Tawi,34.18093,72.83603
Taya Jadid,34.61517,73.04775
Tazagram,34.45523,72.05817
Tazagram,34.73213,72.06897
Tazi,34.54331,71.62934
Tazi Khel,33.7745,71.13238
Tazian Lasht,36.45313,72.40593
Teen Chkarai,32.56796,70.34577
Tegram,34.48987,72.87626
Tehlan,34.64643,73.36301
Tehra,34.52596,72.69018
Teigan,33.95761,73.35445
Tej Khan,33.20195,70.51321
Tel Banda,34.11673,72.30419
Telbend,35.12768,73.73812
Television Colony,33.97978,71.53436
Teli,31.82925,70.58564
Teli Kalla,32.97299,70.91708
Telian,34.43928,72.75922
Telkas,35.47272,73.58164
Telus,34.84534,73.03435
Tembu Kili,34.33701,71.94466
Tenawalo Dhera,34.39081,72.56963
Teno Dag,34.73071,72.28449
Tep Banda,35.28486,72.6754
Ter Rogha,32.9387,69.76748
Tera Lita,32.99223,69.52482
Terai,33.64792,70.78669
Terai,33.56764,70.65971
Teran Banda,32.8645,71.04121
Terawata,33.48386,70.95837
Tere Chand,33.09837,70.69701
Tereshan Ghari,35.97203,71.61227
Teri,33.29452,71.10214
Teri,33.95504,69.88868
Teri,32.42088,70.69283
Teria,33.66829,70.73343
Terkani,34.69797,73.38811
Tesu,34.73732,71.98727
Tetai,34.39815,72.79025
Tetara,34.03139,71.7311
Tetrai,35.1064,72.31702
Tetri,34.18592,73.12079
Tezana Ziarat Kalle,33.88016,70.17422
Thabla,34.0868,72.8452
Thagano Kalle,33.97063,71.33709
Thaigre,34.24455,72.46492
Thaikadarano Kalle,34.30525,71.72295
Thaing,36.43435,72.322
Thaiwarr,36.05709,71.70502
Thakar Maira,34.37311,73.07382
Thakot,34.75,72.91667
Thakra,34.35599,73.2014
Thakra Bala,34.39629,72.98353
Thakra Charial,34.40174,72.97704
Thakro Pain,34.40102,72.98348
Thakur Binal,35.4741,72.65317
Thal,34.14708,73.2882
Thal,35.47836,72.24383
Thal,33.36454,70.551
Thal Pono Bhek,35.54706,72.973
Thala,33.922,72.96048
Thala,34.35533,72.91816
Thala,33.41249,73.59388
Thaliar,34.21689,73.13635
Thalikot,33.93869,72.65816
Thalla Bajuli,33.39055,73.5759
Thallian,31.58441,70.46783
Thallo,34.17916,73.48367
Thaman Wali,34.5314,73.234
Than,34.60283,73.44047
Thana,34.63828,72.0734
Thana Banda,34.10865,72.26214
Thanari,34.34615,72.75337
Thand Koi,34.06973,72.51731
Thanda Bela,34.66764,73.24916
Thanda Choa,34.16437,73.2464
Thanda Choha,33.99474,73.05661
Thandanar Baihk,35.1021,74.0182
Thandapani,34.08916,73.13089
Thandarai,34.34201,72.75558
Thandi Behni,34.32549,73.05885
Thandi Khui,34.18868,73.11431
Thandi Mohri,34.22184,73.24268
Thandi Mori,34.78934,73.29013
Thandiani,34.23183,73.35197
Thangar,34.33751,73.01545
Thanna,34.4085,73.309
Thanpal,33.3047,73.68501
Thanwan,34.62239,73.42962
Thapan,35.03926,72.86306
Thapla,33.10422,73.69646
Thapla,34.09455,72.86882
Thapra,33.94244,73.10818
Thapran Banda,35.22639,72.78487
Thareda,34.18015,73.12111
Tharia Nakka,34.19963,73.40619
Thath,33.88305,73.25256
Thath Kalle,35.18559,72.54621
Thath Solarh,31.61288,70.82917
Thatha,31.99732,70.93778
Thatha Paya,34.59426,73.44789
Thathal,31.9676,70.98195
Thathi,34.20967,73.12237
Thathi,34.18497,72.99251
Thathi Ahmed Khan,34.2473,73.04557
Thathiwal,32.63245,70.83256
Thaus Kalle,34.23474,72.08679
Thawa,33.3992,73.66657
Theh,33.87699,73.02349
Thekaidar Banda,34.43276,72.03421
Theri Malik,32.18238,70.50784
Thesi,33.97604,73.23587
Thhah,34.03769,73.2853
Thhaiwarr,36.03643,71.72078
Thhana,34.16151,73.1558
Thhapla,34.81206,73.64063
Thhariati,34.14815,73.36778
Thhathi Khurd,34.38772,73.05412
Thhthi Kalan,34.40725,73.08211
Thikedat Sairi,34.42424,71.92764
Thil,34.73681,73.6188
Thil Banda,35.02585,72.94513
Thilar,34.67931,73.11003
Thillan,34.64456,73.37135
Thippar,33.93135,72.97598
Thippar,34.72958,72.92108
Thippar,34.6932,73.18722
Thith,34.06198,73.25198
Thithar,34.25757,73.18834
Thoa,33.76822,72.18937
Thoa Fazal,31.85707,70.91862
Thoa Sial,31.84039,70.92171
Thob,34.24653,73.15039
Thoba,33.94932,73.29481
Thoda,34.08497,71.61198
Thoghat,35.42087,71.69999
Thonandeh,35.72708,71.77065
Thongiotik,35.97834,71.57183
Thor,35.47954,73.69193
Thor,35.4562,73.11648
Thoregah,35.14553,73.72948
Thoro,36.37813,72.39687
Thota Kalan,34.20717,73.08295
Thota Khurd,34.2045,73.08316
Thothal,33.24702,73.73815
Thowa,34.49786,73.03215
Thrai Dheri,34.12639,72.38889
Thraip,36.43722,72.77723
Thua Mori,34.96843,72.8482
Thula Hawai,33.96725,72.10461
Thund,34.28727,72.7827
Thunda,34.00172,73.34198
Thung Shal,35.97873,72.141
Thunianwala Pathar,34.62526,73.60961
Thunik,35.96352,71.5524
Thunne Mar,34.35527,73.0456
Thur,34.68881,73.13172
Thuruan,34.75238,73.58605
Thuthunas,35.9417,72.05294
Tia,34.98964,71.65463
Tial,35.2764,73.23256
Tial Banda,35.27651,73.02333
Tialan,33.89483,73.13389
Tiarza,32.47087,69.7296
Tiarza Post,32.38524,69.67359
Tibba,32.30801,71.20669
Tibbat,34.83086,73.19319
Tibi Kili,33.58534,70.82903
Tidiala,34.13047,73.00541
Tighak Banda,34.83999,72.21901
Tika Khuh,32.2875,71.14583
Tikai,35.26167,72.50472
Tikai,35.10748,72.70942
Tikai,35.11397,72.65437
Tikai,35.35694,72.70139
Tikarai,35.52803,71.96309
Tikarkot,35.10507,71.78805
Tikdarai,34.9459,72.46518
Tikka ka Banda,35.43934,72.32246
Tikkai,35.41604,72.92214
Tikkai Banda,35.39598,72.27932
Tikki Banda,35.09819,72.85104
Tikki Banda,35.14968,72.95472
Tikki Banda,35.1965,72.94659
Tikri,34.62116,73.01935
Tikri Maira,34.62074,73.0121
Tila,32.48472,69.88139
Tilai,35.04552,72.46685
Tilai Budhe Shah Sharqi,31.50514,70.57878
Tilgram,34.82437,72.49664
Tiliala,34.33327,73.05112
Tilkan,33.49188,71.79059
Tilla,34.59244,73.3158
Tilli,34.48164,72.87287
Tilokar,32.36667,71.2
Timal,35.43138,72.28155
Timar Khanda,33.84988,70.48161
Timargara,34.82659,71.84423
Timbar,34.32905,73.03145
Timbar Khhola,34.37447,73.14884
Timbarkatha,34.42726,73.08935
Timbor,34.12679,72.98726
Timri,34.53095,73.28507
Timur Qila,34.83861,71.84585
Tinabad,31.80298,70.89713
Tindai Kili,33.97014,71.1793
Tindarjai,34.87532,72.65428
Tindatol,34.93111,71.48529
Tindi,33.88278,70.65298
Tindo Dag,34.7119,72.04966
Tindore Kalle,33.68247,70.42219
Tindwah,33.69499,70.40338
Tingal,35.64686,71.89733
Tingar,34.10917,73.21333
Tingerai,34.93467,72.13327
Tingi Sar,35.34453,72.07075
Tingri,35.42542,72.92481
Tingshen,35.85158,71.77971
Tingur,34.04907,73.14741
Tinka,35.34826,72.60361
Tipar,34.85907,72.93761
Tippar,34.53843,73.24851
Tipu Sultan Colony,34.06882,72.63935
Tir Bandagai,34.91292,71.43258
Tir Garhi,34.82839,71.83064
Tir Kate,32.94141,70.13098
Tir Mira Ghari,36.09456,71.38954
Tiraghzai,32.82426,70.03843
Tirah,34.74516,71.60681
Tirak Kalle,33.69868,70.32477
Tirang,34.68161,72.13843
Tirat,35.11838,72.50663
Tirbat,35.08012,71.87232
Tirbat,34.36317,72.8276
Tirel,34.67841,73.37346
Tirgarh,32.20085,71.09346
Tirkhai,34.50965,72.75399
Tirla Khan,34.59305,73.18628
Tirla Thatta,34.59176,73.1587
Tiruna,34.64097,71.85668
Tit Baware,34.60964,72.41963
Tit Kamar,33.13612,70.66872
Tita Wela,33.80974,70.40952
Titabai,34.94091,72.46433
Titai,32.67714,70.06378
Titai,33.04945,69.5978
Titai,35.10887,72.71651
Titaiwala,34.85509,72.45753
Titar Khel,32.98801,70.9424
Titar Khel,32.93942,70.47928
Titaro Dherai,34.97263,71.91467
Titobai,34.63021,71.62446
Titter Khel,32.50064,70.73463
Titwalan,34.61763,72.72366
Titwalan,34.61414,72.66441
Tiwana Fort,32.62278,70.90917
Tiwish,35.71613,71.70405
To Dheri,34.30633,71.81776
Toak,35.2802,73.14973
Tob,34.70806,73.29055
Toba,34.90325,73.05522
Toba,34.79707,72.70531
Tobai,34.95371,72.54683
Tochi,32.95199,70.50936
Toda Channa,33.80781,71.33554
Toda China,33.90648,71.26382
Toda Mela,33.99276,71.23101
Todah China,33.81071,71.31964
Todu,33.95069,72.85576
Tofan Khan Banda,32.64322,70.96497
Tofkian,33.77452,72.83828
Togah Payan,33.54793,71.49617
Togh Bala,33.55517,71.50118
Togh Sarai,33.44415,70.97554
Togha Narai,32.71018,69.82458
Togha Raghzai,33.12141,70.05436
Tohidaba,35.07793,72.96866
Tohidabad,31.82322,70.87166
Tohidabad,34.09369,71.94502
Toi Banda,33.40711,71.80192
Toi Khulla,32.06448,69.51334
Toi Mela,34.01636,69.96039
Toi Mela,33.68309,71.27813
Toji Khel,32.26336,69.56284
Toji Khel,32.168,69.60009
Toji Khel,32.34361,69.47611
Toka,34.8309,72.98011
Toka Banda,34.81425,72.89837
Tokhtabanjabanj,35.01431,71.91347
Toki,35.22118,73.27529
Toki Bara,35.58904,72.90768
Tokkol,34.6619,73.44594
Tokrai,34.90992,71.94359
Tokran,32.98698,69.52509
Tol Khel,32.96952,70.09047
Tol Khel,33.07468,70.14498
Tola,34.6245,73.45033
Tolai,33.5978,70.85793
Tolia Banda,34.84622,73.01368
Tolo Khwar,34.12594,71.37833
Tombulak,34.24761,71.85337
Tonga,34.61245,73.38208
Tongai,33.8226,70.49033
Tongen,36.39002,72.36957
Tonka,33.02171,70.60863
Too,36.28899,72.52203
Top,34.68188,71.49837
Topai,34.6475,72.67892
Topai,35.06011,71.77276
Topak Kas,33.01435,70.51289
Topal Bera,33.04854,71.38417
Topan Kalla,32.91637,70.8952
Topan Ram,32.85028,70.71083
Topan Shah,34.87472,71.53064
Topan Singh Banda,32.63328,70.93896
Topasindh,35.00792,71.7755
Topdarra,34.57019,72.51442
Topi,34.07034,72.62147
Topi Banda,32.98978,71.00601
Topi Kalle,32.5978,70.64362
Topisai,32.83354,70.39764
Topiāla,34.35556,72.575
Topla,34.9038,72.61562
Topsin,34.89423,72.57334
Topsin,34.72605,72.40422
Toq,35.96274,71.71911
Tor,35.6385,71.88565
Tor Algad,33.84257,70.80895
Tor Banda,34.65092,72.77247
Tor Chappar,33.89959,70.60805
Tor Dand,34.30105,71.22498
Tor Darra,33.89466,70.79104
Tor Dhand,33.45083,71.48368
Tor Dhand,33.09342,71.054
Tor Dher,34.31677,71.83745
Tor Dheri Baba,34.00639,71.91222
Tor Gat,34.31478,72.35526
Tor Gat Sunigram,34.48712,72.48309
Tor Ghundi,32.99339,70.04169
Tor Kakki,32.85368,70.68394
Tor Kalle,32.9392,70.5917
Tor Kalle,34.39767,71.83737
Tor Kamar,32.60007,69.76842
Tor Kana,33.85068,71.53693
Tor Kane,33.5972,70.84001
Tor Kane,31.54625,70.04619
Tor Karmai,31.45272,70.09121
Tor Karni,31.82375,69.98463
Tor Khan Wali Wala,32.75871,70.75141
Tor Khat,34.38886,71.67815
Tor Khel,34.49559,71.07563
Tor Khel,34.39025,71.41719
Tor Khel,33.6263,71.79061
Tor Kili,33.00938,70.55321
Tor Kor,34.48825,71.28055
Tor Kot,33.67132,70.83701
Tor Laung Khel,32.59418,70.73539
Tor Mandu,32.20445,70.05203
Tor Mazdak,32.53822,70.21637
Tor Murch,33.16324,71.27166
Tor Pam Garhi,33.5973,71.41665
Tor Patai,34.49141,72.78345
Tor Raghza,32.70548,70.20808
Tor Raghzai,32.59353,70.38072
Tor Satmat,33.65799,70.94734
Tor Stani,33.68982,71.89646
Tor Tamai Kotal,34.78806,72.03383
Tor Tande,33.61517,71.75427
Tor Topai,34.61345,71.68685
Tor Tūt,34.83611,72.55556
Tor Wazar Post,32.39351,70.24195
Tor Zhawar,32.32611,69.9025
Tora Banda,34.70645,71.88912
Tora Banda,34.33779,72.19593
Tora Garga,33.92466,70.76207
Tora Garhi,33.72785,70.81537
Tora Ghari,34.47684,71.38414
Tora Ghundai,34.50315,71.43684
Tora Ghundi,33.47984,70.71973
Tora Gula,32.29275,69.37486
Tora Mela,33.78881,71.26064
Tora Pakha,33.54783,70.95112
Tora Panra,34.18283,71.7185
Tora Tabbai,34.68467,71.82442
Tora Taka,32.47356,69.91906
Tora Tezha,31.95337,69.94961
Tora Tiga,34.81095,71.83971
Tora Tigga,34.571,71.07663
Tora Tizha,32.61696,69.80292
Torai Kalle,33.63009,71.78807
Torai Patai,34.84133,72.06477
Torak Khel,32.85647,70.49441
Torakhwa,34.49802,71.15511
Toram,34.55735,72.88757
Toran,34.96711,71.57085
Toranaw,32.99143,70.03663
Toratigga,34.37142,71.30118
Torawarai,33.4847,70.70386
Torawarai Kachai,33.62172,71.19387
Tordeo,32.06827,69.62623
Tordher,33.99047,72.2863
Tordup,35.02047,72.62443
Tore Kanai,33.73995,71.18903
Tore Tandi,33.60525,71.68896
Torgai,33.57937,70.45648
Tori,34.29525,73.44983
Tori Babu Machan Khel,32.87128,70.75616
Tori Gram,36.49431,72.42372
Tori Kalle,32.94578,70.58253
Tori Khel,32.95114,69.8999
Tori Monur,35.95401,71.5578
Tori Sanek,35.97574,71.54378
Torigi Wazir,32.85548,70.96032
Torjal,36.2394,72.5023
Torkamar,34.69114,72.40189
Torkamar,34.54654,72.75227
Torki Kalle,33.50087,70.97321
Torkot,33.34974,70.57072
Torlandi,34.2085,72.32207
Torlandi,34.01704,72.09468
Tormung,34.9112,72.01544
Torota,33.32807,73.66207
Torpano Banda,35.03712,71.89124
Tortalle Manjiwala,32.71117,70.83775
Tortam,34.62568,72.92184
Tortam,34.46423,71.57894
Tortam,34.54348,72.89501
Tortam Kalle,34.3085,71.7206
Tortam Ziam,34.30933,71.70938
Toru,34.55862,71.34108
Toru,34.14447,72.09477
Toru Dhok,34.00257,73.13182
Torunai,34.83201,71.98631
Torusatta Banda,34.96408,72.19902
Torwa Mela,33.1151,71.65055
Torwal,35.23724,72.56719
Torwam Shabi Khel,32.42028,69.68528
Torwani,32.27917,69.62667
Tosal,35.49372,72.48452
Tosan,36.3255,72.2671
Tot Khel,32.97539,70.25629
Totai,35.4712,73.1554
Totai Banda,34.54751,71.81321
Totai Banda,34.94736,71.59363
Totak Banda,34.93511,72.7414
Totak Kili,33.83385,69.99362
Totakai,34.25864,71.67119
Totakai,34.87709,72.4761
Totakan,34.61776,71.82545
Totaki Banda,33.22166,71.10037
Totalai,34.19177,72.49886
Totalai Banda,34.13392,72.49699
Totanai,33.68715,70.6745
Toti Bagh,33.78225,71.01808
Totiabad,32.86677,70.55915
Totiraz Noku,36.51723,72.06246
Touda Mela,33.6211,70.85832
Tour Dheri,34.13059,71.97871
Tousa,35.13769,71.85916
Town Ship,33.01922,70.69614
Tozai Banda,35.01573,72.12489
Tra,33.56464,70.50506
Tra Konr,32.55477,69.70176
Trai,32.721,69.77084
Trai,33.04458,69.63547
Trai Maresai,32.43694,69.89139
Trai Paridai,32.43355,69.88365
Trai Paridai,32.44167,69.85917
Trakai,34.6982,71.38883
Traki Banda,33.18959,71.35957
Trand Qala,34.62698,72.98524
Trang,34.73239,73.22753
Trashak,35.57695,71.65863
Tre Khula Kili,33.88801,70.80828
Treda,34.46055,73.14321
Trekanna,34.77374,73.46159
Tri,33.7746,70.75749
Tridda Colony,34.13379,72.8487
Trigau,35.28993,71.70447
Trikh Konr,32.52264,69.76731
Trikh Konr,32.69882,69.93865
Trikhsam,33.31176,70.89392
Trikhtalai,32.7122,70.11661
Triman,33.99729,72.71252
Trimman,33.94682,73.24768
Tro,33.72062,70.5796
Tror,35.26213,71.6254
Trorai,34.62368,72.70419
Trunthan,34.02236,73.48744
Trupia,33.63668,70.81413
Trushtwel Ghari,35.98354,71.66567
Tsappar,32.26694,69.56583
Tsappar,33.70061,70.88419
Tsappar,33.63033,70.70717
Tsappara,32.83331,70.174
Tsappara,32.37417,69.80389
Tsappara,32.52564,70.02992
Tsappara Raghzai,32.362,70.00079
Tsapparago Banda,35.19126,71.9257
Tsapparai,33.93549,70.74387
Tsapparai,34.36667,72.61667
Tsapparai,32.51543,70.10459
Tsapparai,32.64634,70.23026
Tsapparai,35.04993,71.74006
Tsapparai,34.55045,71.1838
Tsapparai Banda,34.67251,71.9657
Tsapparai Banda,34.83099,72.77178
Tserai,33.88367,70.91988
Tseri,33.89199,70.75243
Tseri,34.96431,72.05815
Tsero Kandao,34.86083,72.07487
Tsinor,33.73284,70.72295
Tslerai Mamit,32.48194,69.81225
Tslo,33.57614,70.99211
Tslor Khel Kili,33.72901,70.98626
Tsode,31.6782,70.07314
Tsukai,35.33194,72.57361
Tsukri,33.72276,70.72471
Tua Banda,34.84705,72.90928
Tughikai,32.82167,69.51454
Tughlash Khan,35.61376,71.89929
Tughri,32.94857,70.08897
Tuidai Kalle,33.29404,70.54386
Tukrai,34.97558,72.132
Tukrai,34.96247,72.12032
Tukran,32.99432,69.52078
Tula,34.64538,72.93113
Tulang Gandialai,33.52777,71.62708
Tulang Nawa,33.55665,71.72994
Tulang Zur,33.54768,71.72222
Tuli,35.48335,73.21765
Tundi,34.5959,73.35293
Tundi Dheri,34.10657,73.24867
Tundri,34.64164,73.24359
Tung,34.68427,73.22049
Tungawala Mora,34.72209,72.40515
Tungli,34.62754,73.33181
Tungli,34.39623,73.26379
Tunkchilli Baihk,35.76267,73.04681
Tuno,35.18097,73.87221
Tupehan,33.86742,70.47272
Tur Banr,34.82579,73.22979
Tur Nazun,33.69419,70.57548
Tura,34.67828,71.11038
Tura,34.63318,72.64375
Tura Ghundai,34.64436,71.20335
Turab Garhi,33.74729,70.80149
Turan Khan,32.28333,71.14167
Turan Nawan,32.20994,70.54305
Turan Purana,32.2345,70.53679
Turangzai,34.21489,71.74661
Turdeh Chamarkun,35.80157,71.78769
Turen Kuju,35.9431,71.90074
Turen More,36.00003,71.97986
Turgram,36.33678,72.24008
Turi Gajal,35.99448,71.58017
Turi Gram,36.27188,72.40946
Turi Kalle,33.84758,70.3849
Turi Kand,36.76299,72.97675
Turi Khuz,36.39087,72.61096
Turi Parwak,36.27881,72.41882
Turi Rogh Dal,35.97054,72.1412
Turkai,34.83719,73.28399
Turkai,34.16368,71.50751
Turkani Banda,33.46554,70.92672
Turkha Shah,34.398,71.46518
Turki Khel,33.12127,71.3218
Turkil Ismail Khel,33.58138,71.63066
Turlandai,34.08454,71.81888
Turlandi,34.28204,71.6253
Turo Banda,34.9769,73.09327
Turobai,33.89865,70.91822
Tursak,34.51474,72.36277
Tursbai,34.4062,72.88079
Turtum,34.30351,71.72221
Turyai,35.4144,73.63653
Tut Banrin,34.83293,72.31918
Tut Dhand,33.94114,71.35612
Tut Kalle,34.19968,71.83924
Tut Kalle,34.32342,71.67219
Tut Kasko Khula,32.7096,69.65772
Tut Sar,34.36572,72.69651
Tut Shah,34.74718,71.48881
Tut Talab,33.85821,71.50891
Tuta Mela,33.58731,71.05164
Tutake,33.76082,71.86832
Tutan,35.0933,72.5221
Tutan,34.66835,73.55217
Tutan Banda,34.84616,72.22578
Tutan Gali,34.35335,73.13046
Tuth Kalle,34.24127,72.117
Tutial,34.06131,73.33855
Tutkai,33.89806,70.37556
Tutkai,34.92281,72.41461
Tutkai,35.06171,72.42313
Tutkai,33.92841,70.13919
Tutkas,33.40333,70.49337
Tutki,34.46333,71.62028
Tutki Mela,33.95847,70.01353
Tutni,34.15755,73.1588
Tutpatai,34.9625,71.89381
Tutpule,34.35284,72.56247
Tutsar,34.34404,72.70334
Tuwa,34.37304,72.70446
Tuwa,34.86083,72.52431
Tāngo,35.02083,72.48472
Tīr,35.01361,72.6325
Uachhar,33.48775,73.70474
Ubakhar Shahid,34.67694,71.94321
Ubari,34.58051,73.39292
Ubhecharwāli Jhok,31.66778,70.86694
Ublan,33.66949,71.35833
Ublan Andruni,32.19252,70.96201
Ublan Bairuni,32.18322,70.92911
Uch,35.63417,71.88365
Uch Banda,35.08657,71.86028
Uch Bazar Banda,33.56591,71.06532
Uch Khattak,33.90028,71.88759
Uch Kili,35.14054,71.88362
Uch Nao,33.86217,70.55085
Uch Pal,33.81238,71.12841
Uch Shal,35.71356,71.81073
Uch Wala,34.19116,71.58484
Ucha,35.87632,72.00756
Ucha Darra,34.66169,72.61669
Ucha Malmalal,34.22666,71.67824
Uchadara,33.91179,70.22696
Uchar,34.85232,73.13617
Ucharn Lasht,35.96803,71.56314
Uchat,35.35887,73.31016
Uchat Kalle,33.36701,70.48523
Uchat Kili,33.47287,70.40497
Uchh,35.661,71.76507
Uchhar,34.12146,73.18981
Uchhlar,33.83605,72.92505
Uchhtar,36.06909,71.69276
Ucho Gol,35.99578,71.6372
Uchoe Baihk,35.2014,73.45773
Uchrai,34.9698,72.33812
Uchsar Banda,35.06135,71.91098
Uchu,36.00661,71.62488
Uchuh,36.56333,72.81109
Uchun Banal,35.65387,72.67997
Uchurai,34.89539,71.63872
Uchusht,35.83836,71.77172
Uda Khel Pungai,33.02403,71.38053
Udarian,34.6023,73.36099
Uddal,33.78931,70.66614
Udegram,34.87209,71.87635
Udhiar,34.58205,73.39774
Udigram,34.95733,71.76259
Udigram,34.75323,72.29861
Udo Garhi,33.60502,70.92874
Udredukai,33.88542,70.86269
Uga Paiza,35.04399,72.65839
Ugda,34.26386,71.22888
Ugda Khpa,34.63284,72.54264
Ugda Pakha,33.57325,70.88357
Ugda Zarimena,34.2593,71.22537
Ugdai,34.77292,72.31314
Ughaz Banda,34.69237,72.97729
Ughuti,36.00459,71.46356
Ugra,34.30033,73.17075
Uguztal,34.6258,72.3732
Ugzano Kili,33.89094,70.86257
Ujari,34.36968,73.24759
Ujarian,34.37325,73.27252
Ujdahar,35.51543,72.9876
Ujjar Baffa,34.46668,72.90992
Uju,36.47529,72.55344
Ukra Gali,34.60047,73.41502
Ukund,35.53648,72.2215
Ulargat,34.70211,73.06303
Ulas,34.56715,71.3615
Ulegandao,34.84723,72.12596
Umar Adda,32.44881,70.75229
Umar Ali Kalle,34.39514,71.86633
Umar Banda,34.52903,72.81298
Umar Buba,31.68785,70.70015
Umar Colony,33.55791,71.45091
Umar Dher,34.32073,72.31852
Umar Ghundai,34.32248,72.29444
Umar Hayat di Baihk,35.08278,73.85572
Umar Kalle,34.32705,71.71467
Umar Kalle,32.2616,70.34781
Umar Kaskai,32.2559,70.15586
Umar Khan Garhi,34.08225,71.46114
Umar Khan Kalle,33.37,71.06398
Umar Khan Wanda,32.1086,70.86187
Umar Khel,32.41235,71.27646
Umar Khel,32.64956,69.71874
Umar Khel,32.88361,69.66583
Umar Khel Kalle,32.46127,70.49085
Umar Khel Zara Mela,32.54889,70.21589
Umar Kor,34.43775,71.38237
Umar Kot,34.78367,71.82972
Umar Panju Khel,32.76472,70.78917
Umar Shah Kili,34.06879,71.22443
Umar Talab,33.93053,71.70186
Umar Tittar Khel,32.44469,70.76346
Umar Town,31.81715,70.87038
Umar Waro,32.72796,69.85516
Umarabad,34.33573,72.31162
Umarabad,34.33272,71.95389
Umarabad,32.68411,70.72557
Umarabad,35.10119,72.31987
Umarabad,32.59485,70.51471
Umarabad,34.12833,72.34297
Umarai Killi,33.94468,72.0991
Umarali,35.01542,71.99691
Umardin Kalla,32.93812,70.96873
Umari Mela,33.11709,71.67388
Umarki Kalle,32.93825,70.26788
Umarlai Bala,35.02164,71.98889
Umaro Kalle,32.95316,70.61692
Umarzai,34.23719,71.724
Umarzai,32.98144,69.96269
Umarzai Zhawar,32.6686,69.9718
Umer Khana,34.02889,72.69911
Umer Kor,34.18651,71.39503
Umi Khan,33.00895,70.58192
Umi Kile,34.35084,71.46069
Umidabad,33.97872,71.52747
Ummar Khan Kirri,32.27811,70.29708
Umra Khan,32.47524,70.06399
Umrai,34.76677,71.43687
Umrai,34.81426,73.04183
Umrai Ghundai,34.76457,71.32012
Umrai Kalle,34.20317,71.89044
Umralai,35.01662,72.00167
Umrale,35.15369,72.08182
Umri Qala,34.33161,71.70405
Una,34.71522,73.27591
Una,34.62334,72.93774
Unah,33.33048,73.73683
Unan,34.50197,73.09113
Unawich,36.66212,72.90406
Unch,36.45512,72.36544
Undak,34.90762,71.79924
Unich,36.45681,72.36285
University Town,33.9957,71.505
University Town,33.99408,71.4957
Unkar,35.14368,71.92062
Unra,34.70057,72.82742
Unrai,33.76264,70.80556
Unya,34.4702,71.61126
Unzak,36.50021,72.51868
Uoshiyak,36.01452,71.442
Upa Zai,34.11024,71.50308
Upal,34.86205,72.80772
Upal Kandao,34.82969,72.80361
Upper Akroi,35.33893,71.63951
Upper Dir,35.2074,71.8768
Upper Momand,34.47403,71.15536
Upper Mulia,34.1374,73.47118
Ur Ghar,32.31501,70.74044
Urai Banda,34.64064,71.53257
Urana Qila,34.15693,71.44185
Urbali,34.88583,71.57388
Urbishi,33.2847,70.79008
Urdam,34.9031,72.56715
Urgal Khel,32.83215,70.24377
Urghuch,35.78806,71.76173
Urghuch Lasht,35.79776,71.77481
Uri,34.64293,73.49405
Uria,34.39008,72.37136
Uria,34.40191,72.37658
Uria Khel,33.74296,70.81039
Uribar,33.63591,70.78008
Urkan,36.5284,72.78625
Urlagh,36.07304,71.8299
Urmal,34.38906,72.5957
Urmal Dheri,34.1384,72.31094
Urmalpatai,34.57454,72.75928
Urmar,33.32798,70.99864
Urmar Bala,33.95497,71.68189
Urmar Koruna,32.25499,70.35912
Urmar Miana,33.96135,71.70991
Urmar Payan,33.96098,71.72955
Urmur,32.97812,69.95616
Urnian-da-Nakka,34.73922,73.66634
Urri,34.93519,73.01349
Ursun,35.49335,71.69978
Ururraist,36.06614,71.57163
Urwana Katlai,34.78947,72.22323
Urwar Kili,32.33035,70.13092
Urya,34.27039,72.30821
Usai,33.68786,71.2947
Ushadil Kalle,32.59502,70.34877
Ushan,35.73646,71.73279
Usharai,35.00596,72.00837
Usharan,35.50348,72.58468
Ushdaruh,36.8536,73.37
Ushirai,35.16801,72.13157
Ushu,35.53071,72.64339
Ushu Sar,35.70968,72.65604
Uskai,34.71133,71.97656
Usman Abad,34.25559,71.84465
Usman Ghani Banda,32.65278,70.65
Usman Khel,33.13634,70.44474
Usman Kili,33.81858,70.62558
Usman Manri,34.07639,72.78987
Usmanabad,33.81857,72.16136
Usmanabad,32.59394,70.91012
Usmanabad,34.08874,72.17062
Usol,35.17818,72.90081
Usorai,35.05205,72.04386
Usta Khan,34.32677,71.70705
Ustadrikshman,35.91683,71.51864
Ustarzai Bala,33.60231,71.22936
Ustarzai Payan,33.60438,71.24768
Ustoaj Shal,35.66728,71.61961
Ustra Kalle,33.59904,70.82106
Ustrum,35.62755,71.87507
Ustur,35.95109,72.06306
Ut,33.68149,70.63966
Ut Malik Ibrahim Kalle,33.63998,70.45472
Ut Mela,33.57321,70.92365
Ut Mela,33.71815,70.82209
Ut Mela,33.67386,70.55897
Utal Shal,35.60639,71.95417
Utala,34.7166,71.78356
Utala,35.03428,71.79902
Utala,34.70764,71.78733
Utala,35.36054,71.71779
Utala Kalle,34.80165,72.16429
Utalai,34.7289,71.90447
Utali Khoi,35.4738,73.40225
Uthak,36.31364,72.05845
Uthul,36.30442,72.18117
Uthul Ghari,36.30912,72.16897
Uti,33.67404,71.29355
Utla,34.26857,72.6917
Utla Banda,34.56941,73.31839
Utla Bar,34.60525,72.84398
Utla Jor,34.99909,73.97347
Utla Katha,34.62616,73.6325
Utla Khan,34.59891,73.17025
Utla Kuz,34.59841,72.85211
Utla Mana,34.59159,73.47166
Utla Paya,34.6219,73.49189
Utla Thatta,34.58864,73.1591
Utlai,34.95133,72.8314
Utlair Banda,34.60544,72.80745
Utli Burl,34.59501,73.55621
Utli Dali,34.69244,73.47909
Utli Dotal,34.25128,73.18823
Utli Seri,34.74708,73.63422
Utli Seri,35.00096,73.93726
Utlian Parkhaian,34.35274,73.0874
Utlo,34.97557,72.91748
Utman Khel,32.14523,69.68767
Utman Khel,33.78657,70.99764
Utman Khel,33.23219,70.2417
Utmanabad,33.89463,72.92027
Utmanzai,34.18775,71.76274
Utmanzai,33.94057,71.5456
Utmanzai,34.3727,71.75905
Utor,35.59424,73.27002
Utrai,36.01598,71.58072
Utrar,35.49105,72.47053
Utrar Shahin,35.4959,72.45018
Utrdhwala,32.19273,71.13945
Utrerai,34.90295,72.99596
Utreri,34.49675,73.37904
Utropi,36.33127,72.29243
Uts,36.4422,72.3181
Utsiak,35.55,71.77094
Uttal Khel Banda,32.25123,70.66725
Utter,36.37654,72.3573
Uttla Chappar,34.55086,73.10423
Uzda,32.96306,70.72333
Uzghor,35.91405,72.00462
Uzhnu,36.54541,72.46876
Vaidin Kot,36.82314,73.27607
Vala,32.81981,69.83268
Vanda Dost,32.37418,71.20931
Varoke Kalle,33.0471,70.0537
Vera Shaple,31.63343,70.1332
Viranz,36.75093,72.9467
Vititai,34.88458,72.04764
Vushdarun,36.85796,73.40213
WAPDA Colony,34.02491,71.56159
Wacha Jawara,34.39041,71.33498
Wacha Zangari,33.17869,70.56627
Wachh Darra,33.77484,71.0765
Wachobi,32.56624,69.89116
Wachpakha,33.93102,70.56949
Wadan Mandao,34.81004,72.44227
Wadat,34.9952,71.78727
Wadigram,34.62102,72.65661
Wados,35.72515,71.70845
Wadpagga,34.03699,71.64596
Wadudabad,34.4059,71.89962
Wagai Banda,32.96667,71.06667
Wagdalai,32.56271,69.43933
Wahab Khel,34.36068,71.39906
Wahab Khel Kotkai,34.88002,72.6281
Wahabian,33.64912,71.46881
Wahasi Banda,32.85197,71.02071
Wahat,35.98468,71.51767
Wahdat Khel,33.91037,70.14111
Wahi Hawai,35.29228,72.61293
Wahid Kalle,34.08232,71.62154
Wahidabad,33.9986,71.56749
Waiai,31.50248,69.95586
Waigal,35.21385,71.95399
Wainai,34.9871,72.34419
Waitari,35.15443,73.76827
Waja Din,32.96871,70.60567
Wajhi Khan Garhi,33.60907,70.85903
Wajidabad,33.99706,71.47674
Wajtar,34.95223,73.91262
Wajtar,34.94663,73.89538
Wakilabad,34.96957,72.43864
Waladin,32.70087,69.99027
Walagai Kalle,33.0538,70.78058
Walai,34.79871,71.78745
Walai,34.7498,71.67359
Walai,34.71233,71.57319
Walai,33.42604,71.13553
Walai,33.99711,71.1078
Walai,33.95616,72.06002
Walai,33.19331,70.62082
Walai,34.91424,71.78976
Walai China,33.63922,70.21382
Walai Kili,34.74534,71.94892
Walai Shah,34.55611,71.49438
Wale,35.01911,72.77609
Wale Adda,33.91228,71.1111
Wale Banda,35.27518,71.9401
Wale Mena,34.04491,71.33085
"Waleed Abad, Butyal",34.92083,72.87532
Waleoba,34.90621,71.71322
Walewal Banda,32.43887,71.04105
Walgai,32.91111,70.05563
Walge,33.00901,69.73058
Walhe Kala,32.74853,69.51824
Wali,32.72591,70.49545
Wali Bagh,34.24135,71.86003
Wali Jan Kalle,34.3428,71.71132
Wali Khan,32.97656,70.83247
Wali Khan Kalle,34.25298,71.88997
Wali Khel,34.07526,71.21716
Wali Khel,33.20384,71.04406
Wali Koruna,34.50788,71.26105
Wali Masai,33.74224,70.63833
Wali Tangai,34.8786,72.10339
Walia Baihk,35.16642,73.80141
Waliabad,34.88681,72.44062
Walibat Kili,33.02296,70.53017
Walidad,34.62821,71.14473
Walikhai,32.7281,69.51273
Walkhai,32.7525,69.51889
Wallai,33.24317,70.66849
Wallge Dheri,34.18805,72.41481
Walma,32.49861,69.91833
Walma Faridai,32.44696,69.85008
Walma Langar Khel,32.50356,69.91149
Walokas,34.56972,72.20028
Walu Danka,33.5849,70.89716
Wam,33.73789,70.48752
Wam,32.51044,69.75798
Wam Kili,33.6429,70.67086
Wam Panrah,33.64137,71.1155
Wam Qazi Khel,33.07193,70.55111
Wamu Dok,36.4412,72.77281
Wana,32.29889,69.5725
Wana Kach,36.34737,71.65171
Wana Khel,34.23966,71.96996
Wand,32.2499,70.64871
Wanda,32.34965,70.33123
Wanda,34.83416,71.58675
Wanda Bahawal Khel,32.21264,70.67771
Wanda Baran,31.81095,70.72884
Wanda Budh,32.26327,70.95921
Wanda Dhawa,31.85154,70.85405
Wanda Diwana,32.51002,71.03945
Wanda Dost Muhammad,32.15415,71.00096
Wanda Firoz Khan,32.2841,70.96205
Wanda Ganuri,32.04755,70.73171
Wanda Ghafar,33.03091,70.6094
Wanda Gulbad Shah,32.61744,70.82498
Wanda Guldast,32.60923,71.05097
Wanda Jandar,32.1995,70.69702
Wanda Jogi,32.3209,70.70489
Wanda Karim Khan,32.37932,70.73498
Wanda Khajjiwala,32.02229,70.7809
Wanda Manghi,32.01945,70.84149
Wanda Mochianwala,31.81115,70.88851
Wanda Musa,31.84277,70.82229
Wanda Mush Masti Khani,32.81938,70.96154
Wanda Nadir Shah,32.08547,70.92795
Wanda Naurang Khel,32.5394,71.11433
Wanda Pehl,32.00345,70.73613
Wanda Shahbazi,32.32895,70.98987
Wanda Shanwah,32.56832,71.14016
Wanda Sharbat Khan,32.23662,70.82296
Wanda Shirdil Khan,32.82131,70.86521
Wanda Shuja,32.61661,70.99874
Wanda Sohlan,32.04816,70.71859
Wanda Surat Khan,32.52431,71.11911
Wanda Yusaf Jan,32.52894,71.1304
Wanda Zaid Gul,32.84415,70.8791
Wandah Khokhar,31.98939,70.70503
Wandanil-I,36.84856,73.59571
Wandanil-II,36.85741,73.61458
Wandi Bochra,32.05792,70.98659
Wani,32.81803,70.03252
Wanki,33.02893,71.28571
Wanki Saraj Khel,33.01711,71.10165
War Dap,35.57506,71.79733
War Patai,34.91278,72.29037
Wara,33.48381,73.66533
Wara,32.40167,69.68167
Wara Kalle,34.44939,72.48784
Wara Seri,34.53332,72.88506
Wara Shahi Banda,35.00559,71.73506
Warai,35.00069,72.04221
Warai,34.58397,73.05537
Warai,35.15105,72.08438
Warai Pain,34.98545,72.03772
Warana,33.28053,70.53544
Warasta,33.67821,70.40017
Warasta,33.50944,71.02062
Warazo Shal,35.8819,72.11382
Wardaga,34.19015,71.84756
Ware,34.79722,72.68333
Waredano Kach,32.64336,70.38317
Wargah Banda,33.1539,71.40998
Wargala,35.40317,72.08955
Wargaro,32.58034,70.4154
Wargat,33.89538,70.72273
Wargha Banda,33.17567,71.09363
Warghar,34.46566,72.69312
Warghar,32.80582,70.35388
Warghar,35.01603,72.38719
Wargharo,32.39694,69.79083
Wargoro Kas,32.27944,69.91694
Wari Goshi,36.04571,71.2983
Wariamina,32.58578,70.14132
Warijun Bala,36.30651,72.21952
Warijun Payan,36.29437,72.20645
Wariki,32.82833,70.3041
Wariki Jani Khel,32.84343,70.36359
Wariki Spin Tanga,32.84823,70.3324
Warikot,32.89597,69.65529
Warimun,36.36704,72.17034
Waris Khan Koruna,34.19757,72.08316
Warizarno,36.43675,72.33948
Warjnghine,32.72147,69.94204
Warkup,36.35327,72.36632
Warmandai Gorey,33.88203,71.29898
Warmandkai,32.80296,70.16999
Warmando Mela,34.02291,71.3353
Warnar,33.73355,70.90717
Warogh Tangi,32.63793,69.81853
Warona,32.668,70.24526
Warra Mian Khel,32.91672,69.72701
Warrukai Surdag,34.50061,71.40985
Warrukai Surdag,34.5937,71.33723
Warsak,33.80907,70.91596
Warsak,34.71077,72.01539
Warsak,34.16352,71.40707
Warsak,33.9915,71.03466
Warsak Kalle,33.6599,70.31846
Warsak Line,34.01841,71.54329
Warsak Mor,33.70647,71.49247
Warsakai,34.98532,71.83974
Warshand,33.35483,71.49634
Wartair,34.5181,71.95259
Warukai Der,34.86906,73.29426
Warukai Ghakhai,34.54787,71.72819
Warukai Jakh,34.89663,73.31386
Warukai Namai,34.99437,72.33476
Warukai Sar Banda,34.68711,72.68291
Warukai Una,34.82903,72.84733
Waruki Kalle,32.46735,70.19828
Warurai,36.15947,71.63526
Warust,36.15077,71.51536
Warust,36.16877,71.61596
Warusta Bazina,32.71173,69.96061
Warza,32.70214,69.9111
Warza,32.40972,69.68139
Warzapkai,32.75466,69.52659
Warzha,32.54302,69.90063
Warzho Ghari,35.92095,71.60304
Warzi Naraikai,32.40095,69.63719
Warzike,32.70122,70.09836
Warzikiye,32.62671,69.941
Warzke,33.04379,69.64024
Warzo Shal,35.75461,71.96563
Warzu Dur,36.29385,72.18086
Wasalabad,34.22263,72.06702
Washal,36.1082,71.62914
Wasi Khel Kalle,32.46255,70.4555
Waskati,34.58894,73.3927
Wasm,36.5862,72.88492
Wasta Korum,31.42676,70.0497
Wat,35.05701,73.35023
Watagh Mela,33.97443,70.02391
Watan Khan,32.91402,70.75798
Watanai,33.21004,70.70051
Water and Power Development Authority Colony,34.03625,71.74836
Water and Power Development Authority Colony,31.90148,70.91066
Water and Power Development Authority Colony,32.28513,71.18271
Water and Power Development Authority Colony,33.36754,71.32613
Watershed Colony,35.0526,72.48666
Wati Kalle,33.16708,70.86063
Watiabad,34.59669,72.99349
Wattrai,34.00513,72.07117
Wau,32.97583,69.69698
Wazarka,32.54699,71.12445
Wazh Kalla,32.85417,70.75664
Wazhai Kalle,32.58376,70.43111
Wazhe Gat Mela,31.98367,69.94344
Wazir Bagh,33.99643,71.57446
Wazir Baihk,35.81103,73.06215
Wazir Colony,34.03381,71.59219
Wazir Garhi,33.98481,71.76256
Wazir Garhi,33.66079,71.31462
Wazir Gul,33.66535,71.83674
Wazir Hasan Khel,32.97549,70.64921
Wazir Kalla,32.93958,70.9034
Wazir Kalle,34.03966,72.08051
Wazir Kalle,34.33455,71.71218
Wazir Kalle,32.19228,70.23444
Wazir Kalle,32.06202,70.20161
Wazir Khan,32.84875,70.65357
Wazir Khan Kalle,32.40881,70.72726
Wazir Kili,34.16718,71.47688
Wazir Kor,34.23274,71.25587
Wazir Mullah Kot,32.93952,70.30129
Wazir Shah Banda,32.88333,71.01667
Wazir Wanda,32.65222,70.79119
Wazira,34.06311,73.13186
Wazirabad,34.38988,72.28795
Wazirabad,33.83229,70.01822
Wazirabad,31.92695,70.85807
Wazirabad,34.17325,72.07506
Wazirabad,35.08491,72.49539
Wazirabad,32.99278,70.27139
Wazirabad,34.49859,71.87488
Wazirabad,34.50768,72.33835
Wazirabad Banda,34.03084,72.45244
Waziri Khula,32.12003,70.29811
Wazmich,36.56724,72.40171
Wazīr Kot,31.77778,70.06778
Wedan Kalla,32.93721,70.85812
Wedon,32.65919,69.83208
Wekhborai,34.65105,72.92382
Wela,35.01548,72.71494
Wemzard,36.4194,72.35976
Weno Kalle,34.20276,71.705
Weran Gariala,34.27402,72.23502
Wes,34.73098,71.69688
Weshtonai,32.623,70.04542
Wichkaran Doga,34.40423,72.95903
Wichkari Seri,34.80811,73.49292
Wichkarjipoli,34.31257,73.00613
Wichkarla Bara,34.33085,72.91257
Wilayatabad,34.12174,71.6795
Willack Lines East,34.00212,72.02959
Willar Gedar,35.20246,72.79587
Willock Lines West,33.99792,72.01987
Winzai Khak,33.98756,70.9998
Wissanwala,32.31625,71.21492
Wizo Sam,33.33591,71.59893
Wole,34.44039,71.06335
Wori Banda,32.25608,70.70192
Wospas Kalle,32.355,69.78778
Wrusta Mela,33.71487,70.55738
Wuch,34.73082,72.01968
Wuch,35.13472,72.45278
Wuch Khwar,34.08325,72.25329
Wuch Khwarai,34.76256,71.73556
Wuch Oba,32.38944,69.4775
Wuch Wom,32.67382,69.72777
Wucha Darra,33.71065,70.94231
Wucha Garhi,33.89347,71.29957
Wucha Gugra,33.96606,71.34352
Wucha Jawar,34.42474,71.22341
Wucha Kasa,32.26917,69.51472
Wucha Khwar,32.48732,69.95852
Wucha Mela,33.8351,70.42391
Wucha Pakai,32.41881,69.85151
Wucha Sesta,31.60298,70.25086
Wucha Spinkai,32.35162,69.84721
Wucha Walai,34.0105,71.11431
Wucha Wana,33.88714,70.7056
Wuchai,33.10196,69.98891
Wuchak,34.64316,71.17504
Wucham Basti Khel,32.97617,69.5399
Wucham Tanrri,32.97338,69.54837
Wuchbela,34.10547,72.90288
Wuche Faqiran Kili,32.80706,69.88656
Wuche Gare,33.70865,71.1218
Wuchgarai Banda,33.10706,70.8969
Wuchko,34.64305,71.17201
Wuchoba,32.61987,69.82654
Wuchoba,32.2925,69.38348
Wuchobai,32.27252,69.36485
Wudi Banda,34.96466,71.66531
Wul Belo,35.00494,73.31018
Wula,34.48321,72.78754
Wulo Mela,34.03144,71.34117
Wum,32.54528,69.74449
Wunboyi,32.42873,69.55633
Wuria,33.69297,70.6546
Wurmegi,33.5489,70.6333
Wutuna,34.83359,71.96781
Wuz,36.29482,72.14985
Wuzhgai,33.02004,69.77529
Wuzi,32.96138,70.23401
Wyeze Kar Kani,31.72766,69.97235
Yachhai,35.42991,73.09976
Yagai,33.25295,70.49207
Yaghi Band,34.19686,71.62381
Yaghi Band Bala,34.20249,71.62189
Yaghi Mir Adam Kalla,32.9657,70.97825
Yaghi Moskan,32.96992,70.98571
Yahya Khan Banda,34.25646,72.06772
Yahya Khan Kalle,33.0334,70.91341
Yaka Khel,34.13851,71.46199
Yakh,35.18039,73.33308
Yakh,34.87253,72.5027
Yakh Banda,35.54579,72.37246
Yakh Dhand,34.51221,71.33184
Yakh Kamar,33.78621,70.61968
Yakh Kandao Banda,35.12601,72.71774
Yakh Khhoie,34.19755,71.9571
Yakh Kohi,34.32448,71.86098
Yakh Tangai,34.8491,72.61089
Yakha China,35.40088,71.98608
Yakha China Banda,35.25679,71.97755
Yakhdarra,34.50944,72.59613
Yakndiz,36.4857,72.4806
Yallow Baihk,35.42524,73.63005
Yamin Turbandona,32.11185,69.3079
Yamoj,36.22334,72.11559
Yao Lasma,34.84254,72.03595
Yaqub Abad,34.05357,73.3692
Yaqub Khan Koruna,34.17036,71.84634
Yaqub Khan Mela,33.50178,71.59564
Yaqub Kili,32.92229,71.00553
Yaqubi,34.15719,72.26789
Yaqubi,33.74563,70.26963
Yar Ahmad Michan Khel,32.70962,71.00705
Yar Ghalji,34.11656,71.48951
Yar Gul Khel,32.12869,69.6733
Yar Gul Khelo Hatari,33.92765,71.32962
Yar Hussain,34.1728,72.27276
Yar Jan Kalle,34.3845,71.76681
Yar Khan Banda,34.79472,71.87516
Yar Khan Koruna,34.345,71.74333
Yar Khan Kot,32.29226,69.58348
Yar Khun Lasht,36.7933,73.02563
Yar Muhammad Kalle,34.29488,71.6679
Yar Muhammad Kalle,33.08013,70.76118
Yar Muhammad Kalle,34.28568,71.69952
Yar Muhammad Kili,34.29082,71.68458
Yar Muhammad Koruna,34.21667,71.9075
Yara,34.44642,72.46178
Yara Khel,34.54673,71.19562
Yara Manjhi Khel,31.96065,70.63713
Yarda,33.86974,70.15304
Yardo Kalle,33.82497,70.10417
Yare Sam,33.02394,70.08995
Yargah Khel,32.52855,69.72035
Yarghanjai Kili,34.12214,71.48865
Yargul Atarai,33.86356,71.43896
Yari Khel Landar,33.82931,70.74095
Yarik,32.10434,70.78915
Yarik Banda,32.39456,71.15996
Yarikwal,32.39082,71.24328
Yashot,35.2093,73.20863
Yasin,34.36293,72.60328
Yasin Kor,34.46011,71.34137
Yasin Manjiwala,32.74816,70.85837
Yasin Manjiwalo,32.75609,70.84189
Yasta,33.57763,70.63727
Yazai,35.18774,72.9756
Yazha,32.51211,69.2797
Yesgal,35.4725,73.12793
Yesigal,35.45843,73.05504
Yigo Pate,33.59923,70.7106
Yirk Yupak,36.83499,73.47233
Yogo Mela,33.84994,70.5585
Yok Shukut,36.78948,73.03988
Yousaf Kalle,34.11372,72.14324
Yousaf Khan Qala,34.13452,71.54328
Yousafabad,34.7733,72.369
Yousafi,34.02958,72.53314
Yuguni,36.48277,72.72852
Yujilat,35.19532,73.55519
Yukh,35.09108,73.04893
Yum Thurt,36.632,72.9097
Yunash,35.22141,73.54005
Yurghurr Ghari,36.10567,71.39403
Yurjuhun,36.51955,72.77464
Yurwakht,36.53504,72.42734
Yusaf Khel,34.3875,71.34927
Yusaf Khel,34.42196,71.33374
Yusaf Khel,33.12932,71.16317
Yusaf Khel,33.80266,71.59536
Yusaf Khel,33.0164,71.0105
Yusaf Kili,33.92764,69.96171
Yusafabad,34.051,71.51741
Yushkist,36.742,72.92826
Yusuf Kalle,33.88358,70.17142
Yusuf Khel,33.12557,71.24006
Yusuf Khel,33.04084,70.11572
Yusuf Khel Kalle,33.91817,70.13519
Yusuf Khel Kili,33.98541,71.07275
Yusuf Minarai,34.83386,71.79526
Yusuf Shah Kalle,33.02783,70.82349
Yusufabad,34.02618,71.59368
Yuyu Kalle,34.21557,71.87163
Yuzodok,36.57265,72.72098
Yāqūb Khān Korūna,34.17333,71.85389
Zab Baihk,35.16426,73.78846
Zabta Khan,32.87894,70.58887
Zabta Khan,32.90255,70.68577
Zada Doga,34.31214,72.9618
Zadrana,32.65132,69.92717
Zafar Khel,32.98562,69.5312
Zafar Khel Kalle,32.42121,70.4376
Zafar Khel Manrai,32.38089,70.27864
Zafar Kile,34.34728,71.36464
Zafar Mama Khel,32.77082,70.79017
Zafarabad,31.84641,70.86375
Zaga Dherai,34.72447,71.36346
Zaga Dheri,34.82155,71.40497
Zagai,34.84276,71.3857
Zagh Darra,33.73318,71.35653
Zaghzai Kalle,33.22115,70.50415
Zahawar,32.48528,69.96083
Zahidabad,34.31138,72.20751
Zahidabad,34.23193,71.88183
Zahir Garhi,34.07094,71.45775
Zahirabad,33.97116,71.68779
Zahirabad,34.02361,71.57694
Zahri Dera,35.23185,73.14449
Zai,33.04494,69.61315
Zaibai,32.79523,69.74111
Zaibo China,33.07563,69.59474
Zaibogai,33.07752,69.59747
Zaida,34.30439,72.77009
Zaida,34.0595,72.4669
Zaidgul Talao,33.90001,71.6275
Zaidi Gul,34.36205,71.8614
Zaidullah Koruna,34.28805,71.76031
Zaigur,33.02617,69.58728
Zailo Bando,35.21861,72.42288
Zaim Kalle,34.0609,71.56846
Zaim Kalle,34.29901,71.72776
Zain Gul Garhi,33.73166,71.58998
Zaini,36.3053,72.19673
Zair Jano,32.49353,70.89933
Zairai,32.99894,69.51893
Zait,36.17779,72.12526
Zaiwar Din Kalle,33.03209,70.80907
Zakam Khel Banda,32.84448,70.96426
Zakat Colony,33.98878,71.45709
Zakhtan,33.7306,70.80145
Zakhto Kili,33.35397,70.77684
Zaki Khel,32.94639,70.94167
Zakir Khel,32.8586,70.22342
Zakir Khel Bara,32.96206,70.32389
Zakir Khel Chhota,32.95011,70.32762
Zako,34.95433,72.07018
Zako Ghakhai,33.72987,71.19063
Zakoriwali,31.82704,70.89323
Zakria Dherai,34.02479,72.37765
Zakria Dhok,33.44233,71.58756
Zalal Khel,33.25552,70.48566
Zalim,33.26065,70.49808
Zalim Dallu Khel,32.92857,70.62614
Zalli Khel,32.30087,69.52438
Zalpir Kili,32.32688,70.13039
Zalu,35.29725,73.27307
Zam Chan,32.52453,69.43241
Zaman Khan,32.90028,70.71972
Zaman Kili,33.01595,70.54161
Zaman Kor,34.49383,71.42807
Zaman Shah,32.82583,70.62722
Zaman Tilokar,31.67104,70.62436
Zamao Zia Banda,35.19293,72.95542
Zambak,35.08851,72.25681
Zambil,35.4851,73.02371
Zambila,32.92208,70.6704
Zamdo Mela,33.80641,70.33945
Zamidara,35.01238,71.79072
Zamidari,34.51684,72.88472
Zamin Kalle,34.08702,71.92412
Zamir Gul Banda,33.64603,71.87107
Zamirabad,31.80836,70.87744
Zamiri,34.46321,73.36026
Zamka Baro,34.12609,71.3411
Zamzola,32.69308,70.08662
Zanawar China,34.40475,71.27307
Zand Kalle,34.12361,71.89955
Zanda Haibi,32.93095,70.53132
Zande Kalle,34.12588,71.90706
Zando Banda,34.07161,72.0413
Zando Dheri,34.22449,72.11909
Zang Lasht,36.50381,72.44031
Zanga Khel,33.75279,70.80436
Zanga Khel,33.76438,70.8251
Zangai,33.66863,70.46454
Zangai,33.79215,70.71239
Zangai,33.83169,70.59063
Zangai,32.61543,70.3741
Zangai,34.85297,72.49253
Zangai Killi,32.83314,69.85423
Zangal,34.68567,71.86751
Zangal Kalle,34.08872,71.70433
Zangal Khel,32.98729,70.2094
Zangal Koruna,34.07262,71.6498
Zangal Shah,34.68386,71.20025
Zangalka,33.19086,71.3668
Zangi,33.72193,70.51792
Zangi Banda,34.85745,72.51116
Zangi Khel,32.63067,70.58371
Zangi Khel,33.81588,70.1595
Zangi Khel,32.4912,70.85806
Zangia,34.67065,72.85479
Zangian,35.00148,71.61771
Zangozai,35.14424,71.68483
Zangun,34.88935,72.41501
Zangutai,33.02381,69.81628
Zanina Khel,33.75771,70.92734
Zanka,33.28052,71.27369
Zankada,33.63875,70.93893
Zankai,32.62359,69.99648
Zankai,34.25779,71.36105
Zankai Banda,33.53402,71.10221
Zanrai,35.01123,71.7688
Zanrkai Kalle,32.02689,69.4043
Zao,33.7641,71.45085
Zao,34.59026,71.38968
Zao Banda,33.9071,71.85558
Zao Kalle,33.61796,71.58953
Zaodin Barai,34.9463,72.01418
Zaokai,33.59553,70.4622
Zar Badshah Kili,34.07349,71.39198
Zar Bagh,34.01031,71.81001
Zar Gul Kalle,33.04144,70.91101
Zar Khan Shah Banda,32.44664,71.05737
Zar Shahr,31.7046,70.11027
Zar Talab,33.56387,70.81087
Zara,34.82139,71.85222
Zara Bakai,34.43153,72.75414
Zara Derai,34.40293,72.67352
Zara Gandai,33.03766,70.97983
Zara Ghara,34.22358,71.39843
Zara Kili,33.54361,70.90463
Zara Mela,33.59381,70.67978
Zara Mena,34.16516,71.44023
Zara Mera,33.48858,71.44144
Zara Miana,35.29626,71.85644
Zara Miana,34.02151,72.07833
Zara Pakha,33.80074,70.83006
Zara Shah,34.70914,71.52535
Zarabad,34.42152,71.90348
Zarabin,33.16304,70.66779
Zaragh,36.53752,72.46376
Zaraguna Kalle,33.05596,70.95145
Zarai,34.75558,72.69541
Zarai,34.81828,71.35816
Zarai,34.86771,72.70599
Zarana Payan,33.77845,71.33315
Zarand Bala,33.77726,71.34271
Zaranei,34.34409,72.69744
Zarba Din,32.93674,70.4951
Zarba Khel,33.9135,71.03203
Zarbana,33.22116,70.29542
Zarbaz,33.63968,71.88895
Zardad Colony,34.29118,73.21679
Zardad Koruna,34.35804,71.78147
Zardali Banda,34.9063,71.61149
Zardalo,35.09708,71.63267
Zardara Bhek,35.34637,72.84771
Zardast Khan,32.84706,70.60821
Zare Kalle,32.16154,69.71094
Zaregai,34.90556,72.625
Zargar,33.15892,70.18183
Zargar Khel,32.78871,69.88784
Zargar Mama Khel,32.90717,70.60587
Zargarabad,34,71.58032
Zargarai,34.68763,71.2987
Zargarai,33.89853,70.30752
Zargari,33.22274,70.2837
Zargari,33.51723,70.80894
Zargho,35.8506,71.7925
Zarghun Kili,31.53329,69.9243
Zarghun Shah,32.82807,70.49772
Zarghun Shah Kalle,34.26879,71.89162
Zarghuna,33.85936,70.40586
Zargiran Kalle,33.92288,70.12409
Zargrano Kalle,34.37472,71.91039
Zargul Kili,31.95548,69.4803
Zari Kot,33.78615,70.88625
Zarian,34.94643,72.82075
Zarif,34.43632,72.74777
Zarif,32.69861,70.78333
Zarif Khan,32.81623,70.61801
Zarif Khan Banda,34.38736,72.06097
Zarif Khan Kili,34.0139,71.04373
Zarif Khan Kot,33.64021,70.44384
Zarif Kor,34.18635,71.45795
Zarif Kor Bala,34.19665,71.44583
Zarif Koruna,34.28938,71.80175
Zarifi,34.36037,71.91019
Zarifo Baba,34.436,71.8149
Zarik Mela,33.29542,70.28952
Zarin Banda,35.49343,71.84373
Zarin Banda,32.8827,70.9963
Zarin Kalle,33.04904,70.99103
Zarina Abad,34.32138,71.86825
Zarinabad,34.05265,71.54639
Zarinabad,34.14287,71.81685
Zarinai Kili,32.68663,70.0744
Zarinal,35.34992,72.61067
Zarinano,35.33261,71.65314
Zarinbagh,35.35379,71.73276
Zarinbagh,35.36064,71.71329
Zarka Zai,33.788,70.6335
Zarkai Nusrati,32.98495,71.08816
Zarkanai,33.81015,70.72755
Zarkani,31.83108,70.2615
Zarkhan Banda,33.01298,70.99766
Zarmahin,32.42389,69.46944
Zarmanzai Khel,33.88983,70.82378
Zarmir Khel,32.96616,71.04922
Zarnao Mela,33.96051,70.19069
Zarni Khel,31.93021,70.45256
Zarnkun,35.42953,72.22091
Zaro Dherai,34.91038,71.8605
Zaro Shah,34.92356,71.80253
Zarr Kalle,32.8783,69.61004
Zarra Bagh,34.71751,71.66324
Zarra Kalle,34.50957,71.35503
Zarra Khela,34.68175,72.12973
Zarrah Mela,32.58678,70.3455
Zarram Asar,32.96987,69.67511
Zarspin,32.42211,69.46405
Zartangi Banda,33.28333,71.53333
Zarubai,34.03261,72.56525
Zarwam,33.16378,70.55269
Zarwar,32.38429,71.2103
Zaryab Colony,34.02428,71.58375
Zaryab Garhi,34.26631,71.78711
Zashtalli,35.94648,71.70739
Zat Maira,34.33749,73.03695
Zatirai,32.45463,69.81555
Zatkhara,35.24367,73.17834
Zaukai,32.60228,69.75561
Zaukai,32.68593,69.76441
Zauki Kalan,33.1701,70.8381
Zaurabad,34.36231,72.21754
Zavor,32.32654,71.17048
Zawa,33.62169,70.61834
Zawah Banda,33.22743,71.07682
Zawala,34.90218,72.5145
Zawan,33.7636,70.88846
Zawana,32.82361,70.62917
Zawani Mena,34.58337,71.49926
Zawanik,36.51219,72.53093
Zawar Din Kot,32.47675,69.64419
Zawar Karkanr Mela,31.79764,70.00229
Zayah,33.66627,70.6144
Zazhe Oba,32.47028,69.92694
Zebe Baihk,35.15874,73.68844
Zebi Chanri Khel,33.1065,71.34598
Zega Shah,34.65683,71.13472
Zem Koruna,34.1259,71.43465
Zemi,36.35111,72.39134
Zemi,36.34513,72.42925
Zer Gul Talao,33.96684,71.97515
Zer Gulak,33.81602,70.87732
Zer Kohi Banda,33.21132,71.63743
Zer Largai,34.35234,72.79606
Zer Mala Khel,32.43809,70.75984
Zer Tangai,33.84926,70.38033
Zera,33.74946,71.18762
Zera,33.60413,70.75355
Zera Ghwazha,32.23126,69.47803
Zeraj Leta,32.25689,69.45419
Zerakki,32.96974,70.23131
Zeran Dam,33.93985,70.15012
Zeri Dar,33.77359,71.02738
Zeri Khel,32.99152,70.98343
Zeri Nur,32.3105,69.51485
Zeriwam,32.45186,70.04449
Zertainj,36.77836,72.98143
Zetban Banda,34.55604,72.14478
Zezar,34.74636,72.82275
Zghari Wara,32.7366,69.84626
Zhang Kham,36.58583,72.50099
Zharzhe,32.94953,70.04034
Zhawar,32.65169,70.05835
Zhawar,32.57861,69.90322
Zhawar,32.57433,69.78672
Zhawar Draman Khel,32.56307,69.66505
Zhawar Kale,32.61966,69.63317
Zhawar Kalle,32.48889,69.9675
Zhawar Shabi Khel,32.58603,69.90279
Zhawarai,32.78842,69.51542
Zhawari,32.71481,69.58666
Zhghre,32.79041,69.74516
Zhira,32.96104,71.08288
Zhopu,36.59109,72.89457
Zhukurru Goshti,36.08949,71.28686
Zhung Bokht,36.60444,72.53893
Zia Ullah Kili,34.46308,71.93308
Ziabai,32.42379,69.53311
Ziam,34.81771,71.92768
Ziandai Oba,33.08862,70.63684
Ziar,34.94834,72.90523
Ziaranai,35.04492,71.70837
Ziarat,33.94961,73.3185
Ziarat,35.38072,71.78133
Ziarat,32.61249,69.98556
Ziarat,34.65075,71.67191
Ziarat,35.67389,71.92208
Ziarat,34.31773,73.15126
Ziarat,33.05808,70.6256
Ziarat,34.66896,71.68292
Ziarat Bela,34.29009,72.76215
Ziarat Chanian Khuran,33.9382,73.28369
Ziarat Faizulla,33.76527,70.86774
Ziarat Ghaibi Baba,33.96481,71.19787
Ziarat Ghakhi,34.4701,71.10483
Ziarat Haji Marmar,33.92147,71.21855
Ziarat Hanif Shah,33.93357,73.26102
Ziarat Jawar Gul Faqir,32.50877,70.52006
Ziarat Jonan Baba,33.57837,71.42398
Ziarat Kaka Sahib,33.92511,72.0357
Ziarat Kale,34.59139,71.2387
Ziarat Kalle,34.4261,71.6455
Ziarat Kalle,34.31054,71.6137
Ziarat Khpa,34.97837,72.32567
Ziarat Khushal Khan Khattol,33.94889,72.14467
Ziarat Koruna,34.26254,71.96298
Ziarat Mahsum Shah,33.9853,73.34058
Ziarat Mela,33.72244,70.85597
Ziarat Mian Baba,33.90592,72.78508
Ziarat Mian Nur Shah,32.07889,70.26556
Ziarat Mira Shahid,32.51651,71.09212
Ziarat Palinu,32.56238,71.02608
Ziarat Panipit,34.17539,73.38397
Ziarat Pir Mela,33.78735,72.06185
Ziarat Shah,34.84236,71.91826
Ziarat Shaikh Allahdad,33.63895,71.87725
Ziarat Tori Shar,34.17354,73.2748
Ziarati Mela,33.58386,71.50879
Ziardai Sind,33.03867,70.5022
Ziarti Sereh,33.88496,70.66398
Ziba Kili,33.09817,71.33074
Zidrat,33.98988,73.0424
Zigani,33.63607,71.80083
Zikria,35.06269,72.14184
Zil,36.84722,73.54174
Zimdarra,35.05509,72.41557
Zimun Ghari,36.08021,71.38533
Zinda,32.58849,69.98117
Zinda Kas,33.05037,69.63432
Zinda Punga,32.7154,69.77275
Zindani,31.81366,70.67678
Zindarga,32.73235,69.92872
Zindi Akbar Khan,32.79906,70.54482
Zindi Falak Sher,32.80112,70.5584
Zindi Kharam,36.82836,73.48743
Zindi Passani,32.79444,70.57666
Zindiowari,36.36775,72.37013
Zindoli,36.3062,72.26841
Zindwala,34.83833,72.4736
Zinkharai,34.98208,72.49513
Zir,34.01434,71.09111
Zir Kalle,33.68702,70.31226
Zira Kalle,33.79793,70.11647
Zira Khel,33.23417,70.25994
Zirch,36.8131,73.08213
Ziwar Uts,36.57911,72.42061
Zizd Ghari,36.33587,72.32401
Zizdi,36.32575,72.33853
Zizu Ghan Shal,36.34293,72.32783
Ziārat,35.04722,72.48333
Zodai Raghzai,32.66258,70.05421
Zoe Mandai,32.7321,69.5149
Zoghan Tak,36.42303,72.75197
Zohail,36.827,73.54591
Zokeshan,36.70857,72.92165
Zokhai,34.06568,71.72421
Zokhnai Kalai,35.26902,71.78423
Zomalogocho Ghari,35.97339,71.6084
Zonda,33.56549,70.93802
Zor Baranial,35.1898,72.5328
Zor Butial,34.92148,72.87426
Zor Chel,35.13932,72.5888
Zor Garhi,34.10688,71.51604
Zor Ghudai Tangi,34.39448,71.2621
Zor Gonda,34.21777,71.61002
Zor Kalle,33.66656,71.52807
Zor Kalle,33.69505,70.7979
Zor Kalle,35.19636,72.5392
Zor Kalle,33.91744,70.12239
Zor Kandar,34.82312,71.82785
Zor Mandai,34.70513,71.4631
Zor Mandi,34.41915,71.80933
Zor Mazrin,33.35811,70.65254
Zor Mianlawar,34.82208,72.15737
Zor Shalpin,34.95147,72.56437
Zor Shankai,34.89021,72.86195
Zora Banda,34.32758,72.69867
Zore Sar,31.70187,70.12589
Zorkot,32.34649,70.1313
Zormandai,35.10234,71.80965
Zormandai,34.52129,72.0852
Zormandai Kili,34.17996,71.46164
Zormandi,34.10048,71.61457
Zormi Khel,32.82322,70.13012
Zortanai,34.75909,71.43383
Zorwati Banda,33.48016,70.96218
Zota Khan Banda,35.3818,71.88919
Zubair Dherai,34.3033,72.14545
Zukhane,33.72555,70.90296
Zulaikha,35.05314,71.64743
Zulfiqar Garhi,33.90099,71.44872
Zullam,34.7712,71.78875
Zullam Kot,34.68884,71.50272
Zulmkot,34.58198,72.03015
Zulqadir,32.96569,70.60983
Zulumkot,35.215,71.74917
Zum Chalai,32.37082,70.10387
Zumbatai,34.59335,72.65583
Zund,33.25095,70.48696
Zundrangram,36.39485,72.22854
Zungle Khel,33.60294,71.56488
Zurakhwar,33.71941,71.47819
Zuram,33.07171,69.62248
Zuri Lasht,36.651,72.90965
Zuze Kalle,34.14302,72.26674
Zwarak Kili,31.41277,70.06621
Zāra Churrai,35.12778,72.52778
isa Khan Garhi,33.93691,71.76492
isa Khel,33.6199,71.15901
Āghuz,35.18889,72.49583
Īsa Khan Banda,32.95,71.03333
